Parcel_Name,Hemisphere,Label_Key,audio_normalized_blockdiag_nohrf_delay5_bin1,audio_normalized_blockdiag_nohrf_delay5_bin10,audio_normalized_blockdiag_nohrf_delay5_bin2,audio_normalized_blockdiag_nohrf_delay5_bin5,audio_normalized_blockdiag_nohrf_delay6_bin1,audio_normalized_blockdiag_nohrf_delay6_bin10,audio_normalized_blockdiag_nohrf_delay6_bin2,audio_normalized_blockdiag_nohrf_delay6_bin5,audio_normalized_global_nohrf_delay5_bin1,audio_normalized_global_nohrf_delay5_bin10,audio_normalized_global_nohrf_delay5_bin2,audio_normalized_global_nohrf_delay5_bin5,audio_normalized_global_nohrf_delay6_bin1,audio_normalized_global_nohrf_delay6_bin10,audio_normalized_global_nohrf_delay6_bin2,audio_normalized_global_nohrf_delay6_bin5,audio_notnormalized_blockdiag_nohrf_delay4_bin10,audio_notnormalized_blockdiag_nohrf_delay5_bin1,audio_notnormalized_blockdiag_nohrf_delay5_bin10,audio_notnormalized_blockdiag_nohrf_delay5_bin2,audio_notnormalized_blockdiag_nohrf_delay5_bin5,audio_notnormalized_blockdiag_nohrf_delay6_bin1,audio_notnormalized_blockdiag_nohrf_delay6_bin10,audio_notnormalized_blockdiag_nohrf_delay6_bin2,audio_notnormalized_blockdiag_nohrf_delay6_bin5,audio_notnormalized_global_nohrf_delay4_bin10,audio_notnormalized_global_nohrf_delay5_bin1,audio_notnormalized_global_nohrf_delay5_bin10,audio_notnormalized_global_nohrf_delay5_bin2,audio_notnormalized_global_nohrf_delay5_bin5,audio_notnormalized_global_nohrf_delay6_bin10,audio_notnormalized_global_nohrf_delay6_bin5,joint_normalized_blockdiag_nohrf_delay5_bin1,joint_normalized_blockdiag_nohrf_delay5_bin10,joint_normalized_blockdiag_nohrf_delay5_bin2,joint_normalized_blockdiag_nohrf_delay5_bin5,joint_normalized_blockdiag_nohrf_delay6_bin1,joint_normalized_blockdiag_nohrf_delay6_bin10,joint_normalized_blockdiag_nohrf_delay6_bin2,joint_normalized_blockdiag_nohrf_delay6_bin5,joint_normalized_global_nohrf_delay5_bin1,joint_normalized_global_nohrf_delay5_bin10,joint_normalized_global_nohrf_delay5_bin2,joint_normalized_global_nohrf_delay5_bin5,joint_normalized_global_nohrf_delay6_bin1,joint_normalized_global_nohrf_delay6_bin10,joint_normalized_global_nohrf_delay6_bin2,joint_normalized_global_nohrf_delay6_bin5,joint_notnormalized_blockdiag_nohrf_delay4_bin10,joint_notnormalized_blockdiag_nohrf_delay5_bin1,joint_notnormalized_blockdiag_nohrf_delay5_bin10,joint_notnormalized_blockdiag_nohrf_delay5_bin2,joint_notnormalized_blockdiag_nohrf_delay5_bin5,joint_notnormalized_blockdiag_nohrf_delay6_bin1,joint_notnormalized_blockdiag_nohrf_delay6_bin10,joint_notnormalized_blockdiag_nohrf_delay6_bin2,joint_notnormalized_blockdiag_nohrf_delay6_bin5,joint_notnormalized_global_nohrf_delay4_bin10,joint_notnormalized_global_nohrf_delay5_bin1,joint_notnormalized_global_nohrf_delay5_bin10,joint_notnormalized_global_nohrf_delay5_bin2,joint_notnormalized_global_nohrf_delay5_bin5,joint_notnormalized_global_nohrf_delay6_bin10,joint_notnormalized_global_nohrf_delay6_bin5,video_normalized_blockdiag_nohrf_delay5_bin1,video_normalized_blockdiag_nohrf_delay5_bin10,video_normalized_blockdiag_nohrf_delay5_bin2,video_normalized_blockdiag_nohrf_delay5_bin5,video_normalized_blockdiag_nohrf_delay6_bin1,video_normalized_blockdiag_nohrf_delay6_bin10,video_normalized_blockdiag_nohrf_delay6_bin2,video_normalized_blockdiag_nohrf_delay6_bin5,video_normalized_global_nohrf_delay5_bin1,video_normalized_global_nohrf_delay5_bin10,video_normalized_global_nohrf_delay5_bin2,video_normalized_global_nohrf_delay5_bin5,video_normalized_global_nohrf_delay6_bin1,video_normalized_global_nohrf_delay6_bin10,video_normalized_global_nohrf_delay6_bin2,video_normalized_global_nohrf_delay6_bin5,video_notnormalized_blockdiag_nohrf_delay4_bin10,video_notnormalized_blockdiag_nohrf_delay5_bin1,video_notnormalized_blockdiag_nohrf_delay5_bin10,video_notnormalized_blockdiag_nohrf_delay5_bin2,video_notnormalized_blockdiag_nohrf_delay5_bin5,video_notnormalized_blockdiag_nohrf_delay6_bin1,video_notnormalized_blockdiag_nohrf_delay6_bin10,video_notnormalized_blockdiag_nohrf_delay6_bin2,video_notnormalized_blockdiag_nohrf_delay6_bin5,video_notnormalized_global_nohrf_delay4_bin10,video_notnormalized_global_nohrf_delay5_bin1,video_notnormalized_global_nohrf_delay5_bin10,video_notnormalized_global_nohrf_delay5_bin2,video_notnormalized_global_nohrf_delay5_bin5,video_notnormalized_global_nohrf_delay6_bin10,video_notnormalized_global_nohrf_delay6_bin5
L_10d_ROI,Left,252,0.13593303,0.17021538,0.16421372,0.184165,0.13755806,0.17220327,0.16118588,0.18964721,0.026392672,0.060689203,0.0350199,0.048831936,0.027665017,0.061457727,0.036118988,0.053250045,0.15286243,0.10646211,0.1525947,0.13348618,0.1651688,0.106212065,0.14846623,0.13060987,0.17034936,0.046728257,0.018203495,0.04971808,0.033669084,0.045807716,0.04949182,0.049163993,0.17884767,0.17566036,0.20443287,0.21097814,0.17968701,0.17430174,0.20206247,0.21536563,0.048042096,0.058538314,0.056609828,0.062306758,0.046982996,0.058274593,0.05491277,0.063628785,0.14070249,0.12810528,0.14283553,0.14654322,0.16004266,0.12770648,0.13994814,0.14468528,0.16387951,0.033791915,0.014519608,0.03526714,0.015007817,0.035383463,0.03426649,0.037102576,0.16391218,0.14940242,0.17702562,0.16973044,0.16068883,0.14678082,0.17333233,0.17253375,0.051577214,0.051656157,0.055111915,0.056755178,0.048597265,0.050025217,0.05156105,0.055383034,0.10338635,0.11217884,0.10613571,0.12262889,0.115456216,0.111149296,0.10509376,0.120833375,0.11829336,0.032339774,0.03763941,0.032621708,0.041108027,0.03975728,0.030787732,0.03943416
L_10pp_ROI,Left,270,0.088960536,0.1415237,0.11817074,0.14327724,0.0951414,0.1505381,0.12755828,0.15308827,0.01521,0.045495585,0.022365348,0.033866964,0.016057504,0.047328833,0.02484467,0.034267243,0.14242615,0.086497426,0.15027107,0.118859224,0.14773381,0.08910029,0.15377343,0.11977543,0.15329273,0.037238415,0.008751108,0.03862942,0.019749297,0.032936122,0.03867628,0.03217694,0.117043674,0.14582022,0.14825547,0.16403505,0.12164864,0.15027821,0.15448536,0.16996443,0.026413623,0.04634788,0.036363255,0.043841135,0.026264273,0.045979895,0.037273277,0.044947598,0.13062857,0.09976389,0.13491534,0.1275112,0.14184146,0.100640625,0.13593438,0.127218,0.14404902,0.032282744,0.011362505,0.03267068,0.013979092,0.024102775,0.031204801,0.023867583,0.118006125,0.14439806,0.14222692,0.15578018,0.1166613,0.14495817,0.14378631,0.15670574,0.027778711,0.036483236,0.03465219,0.04044774,0.02668907,0.035161063,0.034484472,0.040708937,0.11031253,0.0889566,0.11338968,0.108042195,0.11259827,0.08814962,0.11311756,0.10863134,0.113228105,0.035472862,0.026816579,0.035782702,0.034451615,0.037508406,0.033910275,0.03679396
L_10r_ROI,Left,245,0.108996734,0.16205631,0.1366078,0.16091475,0.1098679,0.16069691,0.13660951,0.16169813,0.026046544,0.063314654,0.036811553,0.047817443,0.025026971,0.061983604,0.035538845,0.04831227,0.14080046,0.09314441,0.1399734,0.12057935,0.14207906,0.08934879,0.13248602,0.11726596,0.14299753,0.059621293,0.022369057,0.06331106,0.036667366,0.047281563,0.06172494,0.049010135,0.1539985,0.17067899,0.18418644,0.19615734,0.15153328,0.16465293,0.17886867,0.19163817,0.045508817,0.07423601,0.059362415,0.0684789,0.04296818,0.07167418,0.056834057,0.0672005,0.12601775,0.10719418,0.12950273,0.12896657,0.14286308,0.102607064,0.12132528,0.12533402,0.13838284,0.053684708,0.020586742,0.05492689,0.026467644,0.04444442,0.052023556,0.044373684,0.1451117,0.15030244,0.1655653,0.16762796,0.14332986,0.1406055,0.15949693,0.16242443,0.04370454,0.062709935,0.052663326,0.061745126,0.041377325,0.06182267,0.04988731,0.058905073,0.09060175,0.093114324,0.0921334,0.10705639,0.10695279,0.09038031,0.08612413,0.103289165,0.098075636,0.036453005,0.02626541,0.036160536,0.03472492,0.03920248,0.033424724,0.034144536
L_10v_ROI,Left,268,0.12999794,0.18981111,0.16873373,0.1801407,0.13065565,0.19939552,0.16812289,0.19152126,0.02615645,0.055850767,0.03341868,0.038258314,0.027564544,0.056825582,0.034442212,0.042600602,0.13647681,0.1129406,0.14522137,0.14742416,0.16352572,0.11248399,0.15019673,0.146201,0.17322029,0.039401427,0.021144254,0.04268188,0.03726687,0.044593975,0.044555843,0.04721932,0.15472257,0.20063211,0.18563008,0.19602312,0.15533815,0.20735829,0.18504085,0.20488378,0.03676139,0.051530544,0.04527926,0.04822868,0.03695768,0.049023964,0.044951484,0.050376575,0.13644353,0.11096514,0.14284162,0.13622643,0.15017264,0.1114874,0.1448841,0.13551039,0.15400483,0.03448873,0.016453812,0.035767376,0.02165808,0.029381556,0.03534538,0.030831818,0.13423727,0.17920782,0.15545619,0.17076166,0.13458091,0.18056941,0.1539171,0.17406215,0.03153375,0.045028538,0.036096577,0.04067045,0.030558307,0.04249123,0.035416976,0.041298673,0.096587285,0.08625419,0.09975535,0.102215245,0.10801249,0.08709265,0.10188277,0.10103249,0.10765047,0.022738148,0.017989915,0.022524908,0.022591393,0.025520938,0.02250966,0.024908198
L_11l_ROI,Left,271,0.10025745,0.10986384,0.11615598,0.1245362,0.09821741,0.11122681,0.11562864,0.12568925,0.012591797,0.017938737,0.017924737,0.021823274,0.011959197,0.017850222,0.01739287,0.02116291,0.11516057,0.09711523,0.11093436,0.11173522,0.11834032,0.093352094,0.108695425,0.108178385,0.11636616,0.024189848,0.012007578,0.022796169,0.0143165,0.013891259,0.020419255,0.014265879,0.13962875,0.12050068,0.15350561,0.14774026,0.13611789,0.12112879,0.15081704,0.14889312,0.030336265,0.03288691,0.039647758,0.0412634,0.028657448,0.03201577,0.03751117,0.039844543,0.09377701,0.1188396,0.094554074,0.13154115,0.122532204,0.11222373,0.09438686,0.1272285,0.12030967,0.044795524,0.026372876,0.041326936,0.033987015,0.033347763,0.036586996,0.032940652,0.13943636,0.124369,0.151106,0.14575066,0.13723661,0.12727201,0.15004863,0.15245888,0.029247677,0.03313317,0.033528835,0.03518736,0.027578635,0.0307104,0.03174646,0.03413382,0.05559165,0.09363742,0.058184803,0.099117436,0.08909804,0.08956634,0.060988426,0.09746271,0.08790673,0.032333974,0.02044119,0.029149448,0.025346518,0.029383283,0.02563511,0.026483836
L_13l_ROI,Left,272,0.08496021,0.12877145,0.10802533,0.13180615,0.08838333,0.12944613,0.11465444,0.14273831,0.0152929695,0.031099636,0.019533018,0.027595598,0.015558017,0.031780664,0.01992931,0.027810967,0.11431576,0.083146535,0.11256709,0.10381023,0.11874286,0.082767375,0.10621381,0.103069186,0.12334643,0.05158542,0.020660345,0.053685263,0.02892977,0.039265245,0.053296607,0.040121075,0.1091018,0.14698713,0.13321258,0.14985767,0.11178874,0.14482546,0.13964489,0.15895383,0.029779518,0.04247032,0.03889193,0.04620453,0.029502202,0.04168396,0.038531523,0.04480224,0.10442258,0.09881402,0.10949931,0.11954188,0.12510584,0.09813267,0.107677184,0.117855996,0.1294196,0.056822732,0.034706526,0.058309264,0.045169044,0.05576922,0.05829699,0.055704553,0.101746224,0.13652728,0.12294312,0.13776277,0.101820596,0.13345087,0.12370597,0.14279243,0.026877824,0.04806944,0.0337819,0.042489424,0.026171114,0.04788248,0.03258466,0.043593526,0.06210835,0.074169785,0.0668689,0.08434541,0.08598458,0.07342314,0.06909162,0.08268646,0.08978809,0.03794729,0.02386929,0.03908483,0.030843336,0.040337343,0.03992927,0.04012685
L_1_ROI,Left,231,0.079406425,0.10225543,0.091460936,0.091799855,0.07531305,0.10244003,0.08450401,0.09125238,0.013143092,0.016427772,0.015733447,0.017351836,0.011496798,0.01709555,0.012503898,0.015377911,0.10642862,0.0710832,0.10340944,0.08304305,0.09096004,0.06733698,0.09756868,0.076478556,0.09357668,0.016686786,0.008769295,0.017550673,0.013366073,0.020250767,0.017140854,0.020143175,0.14498593,0.1383964,0.16045547,0.1473274,0.1296947,0.13366474,0.14383186,0.14356901,0.031204788,0.030850438,0.034697544,0.03455318,0.023946686,0.027305922,0.027387736,0.029065391,0.14380263,0.1367737,0.13869122,0.15035461,0.14511989,0.12490257,0.1313639,0.13714135,0.1424626,0.027772103,0.01973583,0.026719961,0.020764006,0.029103758,0.022400169,0.024934307,0.15267527,0.12290503,0.1671305,0.14640236,0.13428046,0.11682514,0.1476668,0.14195122,0.030066187,0.026922612,0.03255094,0.031796955,0.022979932,0.024123637,0.024626525,0.026332371,0.124125995,0.13465106,0.11639797,0.14833748,0.13480024,0.11997618,0.11312936,0.13196233,0.13029134,0.02657598,0.018086886,0.024008336,0.022286253,0.02745553,0.022454415,0.023658514
L_23c_ROI,Left,218,0.16293517,0.19633539,0.18831873,0.20832632,0.15163496,0.19154732,0.17866424,0.20287201,0.0455143,0.06520808,0.056944553,0.06877119,0.037723117,0.0633682,0.049951185,0.06294839,0.14731811,0.1300652,0.1457711,0.14580788,0.16234551,0.120527536,0.13701323,0.13478088,0.15448286,0.050777968,0.03563699,0.05253804,0.04448378,0.054084394,0.05098253,0.048729282,0.23247713,0.24559599,0.2571838,0.27016997,0.20837712,0.23247838,0.23425849,0.25237343,0.08309544,0.08196101,0.09810924,0.10464168,0.06703284,0.078322686,0.08285668,0.0931706,0.18541108,0.17798884,0.1772396,0.19307175,0.20337084,0.15980037,0.16426253,0.1741484,0.18637039,0.05747551,0.05326079,0.055144563,0.05906915,0.06576115,0.051550265,0.057009928,0.21396583,0.23541778,0.23394482,0.24728711,0.1907176,0.21885514,0.2105046,0.22861761,0.07118445,0.075140305,0.080183856,0.08612571,0.058227185,0.07617823,0.06727721,0.07867705,0.17341843,0.14976886,0.16336145,0.1638463,0.17577592,0.13424526,0.1513408,0.14730963,0.15857014,0.04951328,0.04008567,0.04927767,0.047474347,0.052308183,0.048955657,0.046829205
L_23d_ROI,Left,212,0.098648004,0.13087475,0.1250148,0.15062416,0.10277689,0.12927231,0.12901488,0.15161298,0.017513707,0.04455131,0.02757707,0.040511664,0.018981867,0.046203792,0.02792616,0.040651117,0.12491596,0.07360103,0.12108714,0.09267344,0.1228518,0.07749845,0.11496333,0.09670108,0.12793826,0.03015041,0.007972993,0.033916082,0.016058221,0.021207528,0.03548472,0.020878138,0.13920239,0.13674198,0.16566536,0.17128052,0.13748744,0.13184714,0.1634941,0.17412685,0.03627695,0.045218,0.04650897,0.051170267,0.035876762,0.04568858,0.04569095,0.051728956,0.11140507,0.106777735,0.107380934,0.12241059,0.1311251,0.10632615,0.10411657,0.12170189,0.1346748,0.021140901,0.010998311,0.023472426,0.013256953,0.021993238,0.023255592,0.021478193,0.12748945,0.12754937,0.14604549,0.14860843,0.12566185,0.12243969,0.14176334,0.15212347,0.039417777,0.037181467,0.043376744,0.04646742,0.038589653,0.037318308,0.042818397,0.046225835,0.09004242,0.1026393,0.08961755,0.116907224,0.113504395,0.102440104,0.08954329,0.11484038,0.11827808,0.021996962,0.03634375,0.024227215,0.040654488,0.035892304,0.024261354,0.03451911
L_24dd_ROI,Left,220,0.061000098,0.06766849,0.07267313,0.077285536,0.05889536,0.07125307,0.06595729,0.07716021,0.019626968,0.031761352,0.022072162,0.026389392,0.01803933,0.031046782,0.019426923,0.023495605,0.055910766,0.06217491,0.05649902,0.07099707,0.07658487,0.056892216,0.05360907,0.062189214,0.07126797,0.02647949,0.020631807,0.02462324,0.025327826,0.027400542,0.023033218,0.022823086,0.121692464,0.114478536,0.1351461,0.13551185,0.105753094,0.11486717,0.116200365,0.12671044,0.046234127,0.051784977,0.0540966,0.054692693,0.03500012,0.047989927,0.041687667,0.04949575,0.090323,0.09966407,0.090061925,0.10598423,0.11444149,0.08592136,0.08838424,0.08832348,0.1017416,0.039847,0.03550777,0.03529313,0.038246233,0.041380186,0.030728152,0.03536022,0.14311013,0.152267,0.15849574,0.16354708,0.11925996,0.15007211,0.13469288,0.15190282,0.051037144,0.064472504,0.058579333,0.059637703,0.03794311,0.06201218,0.04499447,0.057096943,0.10851837,0.09583404,0.10494336,0.10511016,0.11496332,0.08031895,0.106793664,0.08646215,0.1029119,0.03922826,0.028331367,0.03582993,0.033111542,0.035693582,0.032696757,0.03250498
L_24dv_ROI,Left,221,0.03528863,0.08796083,0.052882824,0.07951212,0.036406457,0.08232465,0.057866212,0.07329031,0.0063715987,0.02427937,0.0105051985,0.017042404,0.0058936407,0.022717712,0.010453605,0.016703561,0.08116159,0.034761164,0.08686669,0.05398046,0.08310729,0.037459068,0.082069665,0.05864917,0.08328256,0.014152963,0.0068959766,0.012997741,0.010504939,0.0126055945,0.0110467225,0.014644154,0.06119335,0.10635238,0.08959223,0.11803903,0.056740794,0.1056661,0.084853284,0.10826452,0.015116712,0.040641874,0.024134284,0.035018716,0.011767394,0.03874045,0.020102268,0.030814478,0.11100723,0.06130313,0.10699136,0.09001684,0.11700736,0.057641305,0.10956663,0.08583285,0.11280179,0.03131687,0.013436398,0.029498395,0.020518107,0.026458291,0.027205806,0.025634931,0.06631987,0.122824214,0.095009804,0.11719546,0.057904076,0.10655307,0.08342759,0.11038454,0.015868453,0.03635861,0.023982361,0.031544767,0.012081467,0.034111843,0.017938167,0.028258605,0.11754642,0.05693399,0.109682195,0.08362823,0.103147104,0.051468607,0.102462,0.07492011,0.09859836,0.020799993,0.0090133995,0.018268926,0.015137737,0.021051211,0.015220466,0.019424181
L_25_ROI,Left,344,0.045183998,0.13238531,0.07516607,0.12425364,0.042882346,0.13164838,0.06832122,0.119993016,0.010814189,0.055771068,0.021207914,0.03916613,0.009509387,0.055489086,0.01800592,0.037212852,0.1129302,0.040778,0.106494896,0.07105559,0.115704864,0.04028239,0.103042446,0.0636483,0.10981328,0.03440061,0.011486254,0.038809337,0.024442581,0.035196684,0.042752054,0.036815632,0.064849064,0.17230979,0.09904096,0.14720687,0.06069104,0.16504543,0.09074224,0.14065646,0.020840285,0.058215145,0.033121277,0.047926474,0.018537866,0.058405735,0.030049877,0.048319805,0.12659064,0.052639294,0.12103236,0.08341088,0.120026015,0.049260378,0.11419758,0.07642061,0.118315905,0.036793005,0.014830393,0.03960536,0.024109561,0.03788085,0.042470504,0.038460743,0.06544934,0.15285268,0.09273946,0.12842827,0.060776524,0.14161348,0.08608933,0.120641716,0.0217505,0.044375475,0.03020546,0.041384947,0.01933931,0.04196805,0.02845021,0.040297233,0.09611602,0.044669546,0.09164284,0.065440945,0.088030994,0.042050548,0.08664667,0.060577873,0.08599536,0.02210606,0.01324086,0.022578694,0.018645238,0.023164516,0.023032954,0.024111653
L_2_ROI,Left,232,0.09150022,0.1193201,0.10000683,0.11222417,0.08764797,0.12252046,0.09728468,0.11461831,0.018759144,0.027271274,0.020933375,0.024858436,0.016650284,0.029160338,0.019649014,0.022343637,0.10445399,0.08451342,0.10984116,0.09550864,0.11335386,0.076535694,0.108584344,0.08822442,0.108718805,0.017549261,0.01795359,0.020079078,0.024062488,0.029340884,0.02169408,0.024915062,0.17183481,0.18088534,0.18371576,0.1870321,0.15579444,0.18180127,0.16876268,0.17664887,0.049582448,0.06170282,0.054709844,0.057432447,0.037129484,0.060123798,0.043811366,0.048629977,0.15385963,0.15186344,0.15897186,0.1599687,0.1689564,0.13546401,0.15744802,0.14388376,0.1562065,0.043336816,0.03500517,0.044874303,0.035471965,0.04674682,0.04234523,0.0384867,0.19488837,0.18822029,0.20751011,0.20094849,0.17241275,0.1821028,0.18535323,0.1872262,0.05188808,0.061327457,0.05636921,0.05825598,0.03920587,0.05918492,0.04384419,0.05164799,0.15319692,0.1480032,0.15112095,0.15919054,0.15753877,0.13002937,0.14523767,0.14144184,0.14687906,0.03374973,0.0291618,0.03722028,0.032382395,0.034992848,0.035841335,0.029209217
L_31a_ROI,Left,342,0.13040954,0.21087025,0.16354162,0.19645199,0.12755837,0.20957981,0.16260727,0.19335903,0.032362983,0.08010168,0.04454037,0.06281933,0.031150818,0.07873886,0.044354916,0.06352087,0.15661047,0.108470626,0.15950257,0.13270986,0.15408486,0.10602009,0.15917313,0.13054948,0.15189326,0.05224505,0.0278136,0.058108024,0.04328617,0.055090837,0.05926392,0.054984096,0.16228044,0.20476891,0.19209303,0.20994543,0.15659112,0.2008238,0.1882441,0.20399894,0.044963244,0.07580275,0.059252866,0.07209142,0.04320508,0.07541073,0.058256797,0.07197004,0.14004491,0.12246234,0.14344639,0.14616878,0.15360475,0.117016606,0.14263268,0.14006673,0.14936389,0.05299705,0.029190747,0.056929827,0.038167324,0.051945206,0.056659136,0.051742367,0.1471758,0.16140644,0.16400145,0.17116997,0.13989429,0.15654856,0.15769398,0.16460194,0.03861432,0.060101114,0.046025775,0.057917245,0.035859745,0.060326166,0.0437294,0.056537844,0.09281692,0.09904912,0.097209185,0.110644355,0.1097148,0.09434843,0.09784007,0.10656411,0.10699498,0.029205246,0.020565154,0.033019025,0.024633141,0.030141294,0.03509966,0.029840978
L_31pd_ROI,Left,341,0.12596323,0.1424677,0.15004313,0.16104068,0.11705632,0.13995144,0.14126027,0.15846132,0.031319767,0.036092255,0.03857061,0.043197747,0.025716517,0.037839975,0.032707896,0.041220266,0.16200529,0.11605678,0.16045357,0.14800908,0.17350328,0.108658366,0.16083518,0.13664296,0.16828325,0.06127601,0.035556477,0.064629786,0.055663172,0.06932861,0.06878532,0.067142434,0.16349319,0.14603652,0.18519658,0.18899956,0.15270054,0.13999799,0.17523623,0.18518937,0.047782596,0.054134957,0.058735713,0.06422737,0.04023525,0.054596614,0.049012233,0.06174023,0.15569237,0.14107059,0.14949349,0.16290013,0.18263525,0.13139333,0.14578173,0.15234263,0.17380151,0.043697868,0.025661517,0.04367348,0.032064524,0.049462214,0.043816715,0.046139542,0.1402192,0.12988842,0.15317486,0.14988203,0.13338788,0.12116791,0.14698601,0.14675786,0.042104222,0.042316977,0.048638515,0.050479393,0.036610395,0.042576507,0.040523857,0.048693087,0.13885319,0.11236703,0.12837888,0.12606049,0.13352533,0.10622384,0.12058938,0.11980067,0.12631203,0.036147248,0.027080737,0.035930578,0.033880655,0.04067979,0.036426753,0.03659519
L_31pv_ROI,Left,215,0.100975275,0.1337404,0.13364589,0.15054344,0.098389976,0.13214694,0.13061862,0.15360977,0.020759623,0.050328195,0.035131805,0.045907665,0.02081352,0.05313322,0.03589762,0.04864465,0.11270797,0.089363486,0.11620796,0.11179294,0.12735876,0.08674134,0.11568938,0.11043604,0.13037618,0.035774764,0.023458721,0.041887403,0.036174834,0.041924875,0.048109174,0.044578023,0.1589745,0.15111811,0.18159531,0.17407268,0.15318352,0.14337838,0.17599365,0.1772712,0.051946137,0.064403586,0.061545696,0.06388618,0.048294414,0.06455808,0.059029955,0.06469475,0.11788716,0.12646161,0.118843816,0.14278348,0.13342495,0.1187334,0.11298432,0.13608943,0.13762604,0.049932055,0.04314784,0.055396765,0.049977638,0.05428325,0.05760138,0.054357838,0.16293326,0.14783245,0.17456427,0.16506894,0.15482457,0.1369568,0.16715203,0.16711585,0.058456305,0.053983636,0.06038792,0.062058445,0.0547825,0.051974833,0.056727257,0.059833273,0.10828335,0.11675824,0.10693036,0.12476041,0.1162888,0.111057386,0.099894285,0.1204139,0.11984077,0.03940072,0.044356845,0.04403244,0.04764412,0.049302105,0.046225164,0.047190662
L_33pr_ROI,Left,238,0.078051895,0.1284943,0.108000085,0.13922843,0.07418961,0.12812899,0.10013579,0.13506268,0.018346027,0.0406588,0.025584463,0.038954698,0.014748706,0.04052994,0.02195717,0.036337372,0.10435696,0.073163934,0.10555186,0.098724216,0.1227535,0.06940965,0.0993982,0.09275024,0.12144241,0.028563667,0.017831217,0.03090337,0.020932915,0.026519446,0.031139974,0.024288379,0.1143627,0.15726459,0.14322467,0.17370501,0.105374426,0.14862071,0.13369317,0.15833156,0.029058134,0.040966775,0.040726557,0.048561502,0.022793105,0.039207973,0.03326992,0.042377748,0.12426822,0.08959579,0.12208558,0.11346892,0.1350867,0.08206669,0.116800874,0.10502947,0.1209647,0.029898893,0.021436965,0.028792525,0.027359262,0.026814695,0.026069969,0.022872692,0.118120864,0.16244623,0.14174171,0.16240239,0.107994914,0.1524246,0.1338789,0.14816487,0.024971819,0.033761874,0.031952485,0.033828814,0.019832136,0.033184975,0.024973853,0.03112335,0.10755154,0.073869914,0.107497595,0.09126518,0.10430689,0.06706271,0.106183015,0.08637556,0.093401454,0.012157684,0.007699768,0.011144945,0.0119115915,0.012066584,0.009647153,0.010042416
L_3a_ROI,Left,233,0.11451327,0.1375526,0.13454394,0.1487403,0.09469879,0.1302173,0.11415463,0.13820061,0.042189304,0.052480042,0.049986303,0.056869946,0.02995585,0.04900184,0.036936473,0.04853925,0.1016727,0.10847198,0.10132707,0.12819885,0.13666369,0.09444663,0.09600865,0.11387922,0.12842688,0.034188066,0.035554994,0.033915438,0.046009906,0.04358053,0.03179008,0.03886553,0.14144084,0.13706411,0.16017318,0.15992759,0.11874889,0.12519611,0.1375405,0.14785407,0.049150255,0.04774895,0.05846454,0.06289468,0.034542862,0.043117292,0.042885687,0.05243692,0.09152959,0.121386394,0.088205524,0.13617854,0.12840444,0.10491233,0.08330812,0.120012954,0.119856484,0.02087243,0.02785033,0.018875511,0.035053667,0.02923694,0.015964435,0.02450708,0.11854618,0.0921691,0.13098566,0.11855541,0.10271342,0.08248984,0.11752784,0.11023224,0.029676631,0.032674365,0.035289776,0.040612698,0.023412269,0.03019422,0.02788469,0.035544958,0.048346397,0.08767014,0.03650484,0.09575946,0.077173725,0.07418293,0.034334898,0.083978415,0.071899526,0.0050928504,0.015751077,-0.0011014631,0.019639594,0.013729393,-0.0020932294,0.01255508
L_3b_ROI,Left,189,0.08833807,0.085827924,0.101086125,0.09834779,0.08273398,0.08835929,0.094322175,0.096551314,0.020015923,0.027850736,0.024990465,0.02888387,0.017332165,0.026767863,0.021915555,0.027597563,0.07332211,0.09383201,0.071980834,0.10472136,0.09769809,0.088911004,0.06761992,0.099369235,0.09622102,0.015521266,0.022211354,0.017227562,0.020716235,0.01240258,0.017276945,0.012030595,0.13965511,0.10457842,0.14483915,0.12537366,0.12479877,0.101828404,0.13110314,0.11757078,0.043256786,0.042455252,0.04886612,0.04718288,0.035256248,0.037499104,0.041094426,0.043205168,0.09624756,0.12745711,0.096718244,0.1352986,0.11795577,0.11507004,0.08852666,0.12306518,0.1059642,0.03330496,0.03814916,0.03430457,0.046676524,0.030606585,0.030699734,0.027304832,0.14079429,0.103172705,0.1458674,0.12578182,0.12560977,0.099985786,0.13163604,0.11923142,0.042976405,0.045911416,0.046161633,0.048161533,0.035678197,0.042708006,0.039297104,0.045930985,0.07194758,0.094769254,0.070446186,0.102396175,0.08724052,0.08391326,0.062728584,0.09021424,0.07528656,0.023706513,0.015650762,0.023572443,0.022378998,0.02310217,0.022340702,0.021818416
L_43_ROI,Left,279,0.15065561,0.17370585,0.18151413,0.20047234,0.119878516,0.16867897,0.14141652,0.17575729,0.05055983,0.04482859,0.05772167,0.057446133,0.035667587,0.041319754,0.040007863,0.046852812,0.18776892,0.1352216,0.18516685,0.17111024,0.20537478,0.11085683,0.17328805,0.13588993,0.17977099,0.051466104,0.04061289,0.05059108,0.06002825,0.06986959,0.04818625,0.055312026,0.16087419,0.16165698,0.19065545,0.19838454,0.13247333,0.15196677,0.15700294,0.17288725,0.04458739,0.03489657,0.05321524,0.05584616,0.031713884,0.03172212,0.038483366,0.0462274,0.15028013,0.13442151,0.14799935,0.15845872,0.1793213,0.11219024,0.14018787,0.13306238,0.16024905,0.016302587,0.014585033,0.01633446,0.01590913,0.029563239,0.014680895,0.02306859,0.10685105,0.09950534,0.11830978,0.114355825,0.094917715,0.08984887,0.10722851,0.102378316,0.016975036,0.018994542,0.019330101,0.021664774,0.012264673,0.01863798,0.014533733,0.017319903,0.07205302,0.081980586,0.070108354,0.08931767,0.08756617,0.073089935,0.06690386,0.08125332,0.07880958,0.0023120746,0.007741353,0.0015642975,0.009257076,0.00740336,0.001216768,0.005069844
L_44_ROI,Left,254,0.2518718,0.27598238,0.29242897,0.31101325,0.22337195,0.27232414,0.2583495,0.29399487,0.1303819,0.13191347,0.14211729,0.15067005,0.10713243,0.12466424,0.11920295,0.1390524,0.29393396,0.23691592,0.2896476,0.29322293,0.3331801,0.20380168,0.28057286,0.25046396,0.31109998,0.160375,0.13746725,0.1555226,0.17255248,0.19040152,0.14574204,0.17604075,0.24886231,0.24544789,0.2842085,0.29420927,0.2269305,0.24043213,0.25824094,0.28146383,0.10484786,0.09033596,0.118886895,0.12011292,0.08746928,0.08477071,0.10150385,0.11270018,0.22732565,0.20362747,0.22201444,0.23900601,0.26300976,0.17893124,0.2141961,0.20899253,0.24810374,0.08729084,0.08718967,0.08487416,0.09681892,0.117218606,0.078096196,0.10969996,0.15622519,0.15553997,0.16439499,0.16409038,0.14757858,0.1533463,0.15595405,0.16000794,0.041341495,0.047112767,0.0433225,0.04929954,0.034930866,0.04274878,0.037569568,0.0445098,0.1298305,0.11475135,0.12172526,0.12175678,0.12681922,0.10679131,0.1139997,0.11398333,0.11935622,0.039703142,0.035156682,0.03738677,0.03860146,0.04478008,0.032476906,0.040190015
L_45_ROI,Left,255,0.20661259,0.23959349,0.23928505,0.2562751,0.18144764,0.23530532,0.20896977,0.23671196,0.1012721,0.12418768,0.11657644,0.1255157,0.081660874,0.12018072,0.09640503,0.1139587,0.28082183,0.22480026,0.28263742,0.2787244,0.31668195,0.19793846,0.27148366,0.24698475,0.2957263,0.15601335,0.12562479,0.15373264,0.15876369,0.17929031,0.14447224,0.16492037,0.2095102,0.23089649,0.23880856,0.2502997,0.1906127,0.2235643,0.21570756,0.2340131,0.08215644,0.09411394,0.0935109,0.09621405,0.067408726,0.089118235,0.07745779,0.08733253,0.22311498,0.19762269,0.22111584,0.22884105,0.24784611,0.17629156,0.21271665,0.20767666,0.23372914,0.09294756,0.089172885,0.09165354,0.100832425,0.118683584,0.08552517,0.10885969,0.14714922,0.16722217,0.15585922,0.1639259,0.13685676,0.16253921,0.14708476,0.15848032,0.03334695,0.046597682,0.03512633,0.04350338,0.028351206,0.04309373,0.030987758,0.03863598,0.120208055,0.11148215,0.119002685,0.11658597,0.11662449,0.10413981,0.114425145,0.11201287,0.112208165,0.037971664,0.031362712,0.03558714,0.034017835,0.041825317,0.031794105,0.036060154
L_46_ROI,Left,264,0.11818492,0.1277757,0.13356328,0.14798832,0.11435911,0.13087474,0.13075888,0.15270926,0.019407984,0.036930192,0.024902612,0.03271881,0.01815483,0.03543563,0.022168035,0.03064743,0.13541494,0.110149115,0.13919267,0.1231186,0.14683568,0.105492026,0.13862227,0.11831485,0.14757824,0.033694085,0.017605955,0.03367406,0.021464657,0.028204793,0.032006286,0.02714822,0.18468407,0.18732646,0.20063719,0.21255064,0.1755042,0.18761311,0.19288015,0.21268703,0.041152827,0.056318324,0.05008152,0.058418926,0.038212772,0.05530703,0.0465099,0.055267178,0.17722145,0.16471,0.17932536,0.17735025,0.19497515,0.15649639,0.17609954,0.16922426,0.19087362,0.029004754,0.023996009,0.029413376,0.02854832,0.0324043,0.028800974,0.030907543,0.18615995,0.20306031,0.19975843,0.21324137,0.17755218,0.19708255,0.19166075,0.21224113,0.039424233,0.046850145,0.044009794,0.05045084,0.03687911,0.045857627,0.041849952,0.05104269,0.18223064,0.15297124,0.17973144,0.16613935,0.18036744,0.14658925,0.1728954,0.15905568,0.17550817,0.03183108,0.02375728,0.031619556,0.027240954,0.032907132,0.0311209,0.033503402
L_47l_ROI,Left,256,0.16057329,0.22116372,0.20156135,0.22201116,0.1480497,0.21475728,0.18481256,0.21437043,0.05453593,0.08685593,0.068653755,0.0810123,0.044525973,0.0816895,0.057348784,0.075628266,0.20021965,0.15950061,0.20740558,0.20210774,0.2267482,0.14784302,0.20813438,0.18743001,0.22647454,0.08414669,0.05935621,0.0846672,0.084698565,0.09755279,0.083285056,0.09662814,0.17853764,0.21491319,0.21262424,0.22011513,0.16731146,0.20447515,0.19863442,0.21171883,0.057626184,0.07976251,0.071841344,0.07973116,0.047779564,0.07246595,0.06158674,0.074253455,0.16020751,0.14486639,0.16489087,0.17218956,0.18227354,0.13450168,0.16348389,0.16321465,0.18067431,0.059880182,0.037000764,0.059853658,0.04743112,0.062891595,0.055937108,0.061108723,0.13263643,0.14237656,0.14417951,0.14602241,0.12694035,0.13648416,0.13842037,0.14235784,0.03772941,0.05294878,0.04181325,0.04898871,0.033039458,0.047244206,0.037703652,0.04659221,0.07980685,0.088389106,0.07677432,0.09495994,0.089516975,0.08458873,0.07594107,0.09371899,0.088701494,0.031894203,0.023373168,0.026834903,0.028334653,0.03041962,0.02267703,0.028066983
L_47m_ROI,Left,246,0.12949765,0.18062086,0.17105548,0.21135974,0.12379468,0.18108386,0.17110349,0.21446905,0.04628071,0.087449044,0.06306744,0.08625538,0.04137291,0.08585548,0.05952102,0.08416394,0.15736234,0.11478562,0.1559347,0.1494016,0.1863978,0.10753766,0.15218182,0.14637013,0.1842191,0.07683489,0.041024473,0.08145243,0.059267234,0.08172958,0.08480179,0.07884914,0.18616115,0.1919581,0.21676858,0.2370404,0.16565678,0.17967224,0.20212229,0.2307845,0.08249581,0.098176785,0.10197121,0.10823821,0.06814567,0.09069828,0.08854645,0.10208209,0.14282858,0.14127576,0.13315694,0.1608655,0.1701023,0.123489976,0.12637968,0.1483022,0.16264758,0.08848354,0.05952952,0.08978981,0.07177735,0.08657557,0.08692566,0.081878215,0.1749916,0.15536398,0.18779735,0.18360107,0.14873086,0.14386989,0.16425456,0.17177233,0.07849744,0.072164595,0.08447084,0.08496799,0.062965386,0.06635203,0.06950402,0.074981935,0.07662694,0.11239185,0.065916955,0.11665127,0.10336855,0.09739764,0.062076062,0.102562524,0.09698917,0.044522185,0.04718467,0.043625534,0.05237939,0.054176573,0.042350993,0.048169475
L_47s_ROI,Left,274,0.11029877,0.21489568,0.15215556,0.19610742,0.10845301,0.22133866,0.15123561,0.19688195,0.02656755,0.061827607,0.03723128,0.053656425,0.024228225,0.061536018,0.036416642,0.052838825,0.16507004,0.098001264,0.17142107,0.13178168,0.16903572,0.09511269,0.1768361,0.1289848,0.16573796,0.037620213,0.017848223,0.042057145,0.031095086,0.039558783,0.043715585,0.038390264,0.13189518,0.2034673,0.16675636,0.19392535,0.12666883,0.21164368,0.16317202,0.19344278,0.03550535,0.06324365,0.048912562,0.059531983,0.0314627,0.061715867,0.04481846,0.057370957,0.11927074,0.09323589,0.12194971,0.11524846,0.13091312,0.08785775,0.12914075,0.11075584,0.12797473,0.034362916,0.013294761,0.03768365,0.02026935,0.027425343,0.03871876,0.027522566,0.10785401,0.16201141,0.12739788,0.14559619,0.10165573,0.16558455,0.12460886,0.1418082,0.028295571,0.046592705,0.03530306,0.04294755,0.024864756,0.04312468,0.0323999,0.03984508,0.060349572,0.063517585,0.05611207,0.0736676,0.07304393,0.05875714,0.06098796,0.07078805,0.06932055,0.02049557,0.011920686,0.019264407,0.01766463,0.017149847,0.015931144,0.014751332
L_4_ROI,Left,188,0.14993905,0.165187,0.16823944,0.1862365,0.121042244,0.16208176,0.13470402,0.1648057,0.055883832,0.05103842,0.05867582,0.058213007,0.038678475,0.047898404,0.041844074,0.048593078,0.16469362,0.15613258,0.16073976,0.17712592,0.1998395,0.12314359,0.15269484,0.13770029,0.17062187,0.06451076,0.06509746,0.059944626,0.075792566,0.07553221,0.0531171,0.06178504,0.17416595,0.1655646,0.19439851,0.19385089,0.14054105,0.1588364,0.15627488,0.1732458,0.060508892,0.049929224,0.06930279,0.06895466,0.04086471,0.042588953,0.049279906,0.056630377,0.1403097,0.16377199,0.13661505,0.18109629,0.18428062,0.13124098,0.1328516,0.1444689,0.1613482,0.0406656,0.052931312,0.036528617,0.058712065,0.05619901,0.031400952,0.045868225,0.13902304,0.111996256,0.1484351,0.12896979,0.115849055,0.10592028,0.124711625,0.12114683,0.03212101,0.031178284,0.036254257,0.03596098,0.022292264,0.02611589,0.025532242,0.029689338,0.080470614,0.10751634,0.075279355,0.111717194,0.09759256,0.09090812,0.07440794,0.096260935,0.08953599,0.016781362,0.022173662,0.0110403,0.024946425,0.022886362,0.008670354,0.019374494
L_52_ROI,Left,283,0.16543692,0.23299268,0.20966099,0.25407138,0.14037055,0.22685507,0.18173768,0.23107539,0.08273984,0.09686479,0.0950669,0.1071691,0.06485724,0.09412339,0.07687221,0.09253155,0.24634777,0.17029284,0.23296997,0.21088076,0.24544658,0.13838941,0.21948431,0.17172445,0.21182992,0.10719019,0.071163096,0.099986225,0.10551895,0.13168818,0.092578284,0.11325158,0.16112816,0.23957624,0.20994696,0.25450245,0.14467289,0.23098543,0.18804666,0.23464574,0.06839615,0.092092246,0.08756208,0.10762872,0.053577658,0.085442066,0.07184461,0.09450503,0.17522825,0.11518737,0.16519241,0.14236574,0.17429651,0.09556181,0.15518028,0.12044484,0.15091811,0.036097508,0.019929804,0.03362381,0.020551963,0.05202829,0.030547198,0.045403197,0.10600738,0.17394672,0.13048214,0.15173103,0.10092479,0.1672449,0.12590943,0.14740144,0.024940379,0.057566915,0.031956237,0.047407262,0.020384418,0.052164022,0.027318481,0.04212639,0.022338811,0.040636357,0.013059138,0.04497784,0.033259902,0.033334944,0.007548128,0.036436036,0.022938238,-0.0068738763,-0.0022790078,-0.0098791765,-0.00087606825,-0.0035316406,-0.013701194,-0.0059550405
L_55b_ROI,Left,192,0.16094033,0.17687997,0.17469801,0.19094731,0.13891418,0.17084588,0.1533934,0.17570518,0.057503168,0.08233114,0.0663976,0.07929641,0.041631997,0.07547366,0.05049986,0.06602309,0.2135533,0.18630873,0.21277726,0.21448089,0.24590442,0.15598857,0.20198882,0.18110892,0.22196199,0.109658055,0.07985706,0.10628129,0.101216614,0.117416605,0.098541096,0.1028804,0.17528734,0.15757926,0.19079828,0.19457628,0.15184563,0.147166,0.16624717,0.17765379,0.06414839,0.065519534,0.07503492,0.08152228,0.04941082,0.060689516,0.05917791,0.06950227,0.17169777,0.17735726,0.1693218,0.19743098,0.20992826,0.15055282,0.15905504,0.16727649,0.18863247,0.06795361,0.06542697,0.06648042,0.07296726,0.09169267,0.062219325,0.08071541,0.13154936,0.118402176,0.138121,0.13279146,0.11614763,0.1079514,0.12228285,0.12503685,0.036423743,0.046263073,0.04351512,0.051290907,0.030747872,0.043969188,0.036150966,0.046134796,0.10451478,0.10641824,0.10642219,0.11128343,0.110482335,0.09607328,0.10060559,0.101082504,0.10383664,0.03008704,0.03029828,0.032262985,0.035474878,0.04093602,0.031857505,0.037691873
L_5L_ROI,Left,219,0.056205977,0.06877409,0.0664133,0.072536126,0.05741964,0.07065838,0.067183055,0.06713257,0.017790211,0.028624287,0.02080989,0.027856579,0.016984265,0.029551648,0.019355658,0.023086715,0.05999488,0.06936098,0.06770481,0.08241373,0.082360685,0.069270395,0.06949463,0.081680164,0.07523823,0.0146203805,0.026718643,0.013148742,0.033950415,0.029348927,0.012161747,0.024307713,0.120726146,0.09394035,0.12794037,0.1256007,0.10972718,0.0957243,0.11672915,0.11404871,0.038953573,0.05075239,0.044822894,0.049589463,0.03337389,0.05047568,0.038990345,0.044514883,0.09565292,0.11792233,0.101998694,0.12481369,0.13248613,0.10875881,0.10525174,0.11720895,0.121444665,0.03148699,0.035049353,0.031895667,0.036291476,0.03721076,0.02812281,0.03474512,0.13805202,0.12030863,0.14906918,0.15327896,0.122646675,0.12338758,0.13491073,0.14459407,0.037546605,0.051714025,0.043967895,0.049133595,0.031432036,0.051677953,0.037680235,0.048246276,0.094316825,0.10816686,0.09947909,0.11582054,0.12716486,0.0979026,0.10493287,0.107494235,0.117503926,0.011858232,0.019753594,0.012195356,0.021996574,0.019679341,0.009404607,0.01752028
L_5m_ROI,Left,216,0.038289513,0.06035145,0.055989984,0.06286765,0.04005393,0.06293916,0.049908187,0.0630743,0.0042966683,0.018343981,0.006031985,0.013455645,0.004159738,0.01745084,0.0065819346,0.01110431,0.034966193,0.034487154,0.034921266,0.047023896,0.04307824,0.036598627,0.039867647,0.045351207,0.05090398,0.0009894737,0.003338015,0.001816346,0.0031924362,0.002864543,-0.00017822,0.004277908,0.05522873,0.06490137,0.07528507,0.08743262,0.054722074,0.06754805,0.069163814,0.0820695,0.009775466,0.021957617,0.01563211,0.023201127,0.0078056236,0.019798664,0.012911289,0.020716462,0.034144614,0.04906524,0.034035146,0.065223515,0.07043309,0.0496614,0.042252816,0.061733883,0.07389844,0.002985269,0.0059894207,0.0056313155,0.008344904,0.008016303,0.005629246,0.008162858,0.055823687,0.06531125,0.073442586,0.087627225,0.05325022,0.06892424,0.068025045,0.08319176,0.011286428,0.026239345,0.017044384,0.026795747,0.009495177,0.024250757,0.013962115,0.024727505,0.025105087,0.04398369,0.020570932,0.05778819,0.06570829,0.044254724,0.030879883,0.05685461,0.06800342,0.00048459406,0.005998082,-0.0019193074,0.009181523,0.008371012,-0.0026392336,0.008702947
L_5mv_ROI,Left,217,0.081379265,0.09143195,0.09376923,0.09973241,0.079064414,0.09416696,0.09120052,0.09930825,0.020659126,0.039040864,0.024928274,0.031304147,0.018924668,0.04131898,0.023981841,0.02827081,0.080659024,0.08668181,0.084612854,0.09839755,0.10375797,0.08179366,0.07863295,0.093395755,0.09932309,0.034907904,0.026757352,0.03650404,0.029996013,0.029908475,0.036943235,0.026217248,0.15053935,0.14022446,0.1649991,0.17018889,0.13345517,0.13861403,0.14871141,0.15815452,0.052554715,0.064540684,0.060705125,0.065149516,0.041646644,0.06150362,0.050700095,0.058176346,0.1192022,0.13777998,0.12392522,0.14684936,0.15727077,0.12047311,0.12021277,0.13003346,0.14256322,0.05181721,0.045279328,0.049985137,0.047911085,0.05469946,0.04756197,0.048086826,0.16470037,0.172361,0.18103789,0.1914452,0.14418176,0.1655115,0.15922405,0.17622286,0.058173478,0.07442038,0.068213046,0.07360576,0.04761874,0.072206154,0.056803912,0.06985733,0.12890236,0.12870207,0.12783664,0.14001265,0.15020299,0.1118143,0.12291779,0.123503104,0.13603798,0.04719815,0.038208187,0.046361834,0.04457662,0.048662484,0.044791732,0.044401437
L_6a_ROI,Left,276,0.12963697,0.14196059,0.14324,0.15126313,0.12087909,0.14092505,0.13271452,0.14598845,0.02338633,0.04686775,0.028777748,0.035097532,0.020147545,0.048186306,0.02657758,0.03549428,0.1410967,0.11303026,0.1508728,0.124963805,0.14520825,0.10560826,0.1492399,0.11525102,0.14038463,0.02935773,0.021228343,0.038091123,0.026120482,0.03033202,0.040900793,0.028735824,0.18192627,0.16651522,0.19012968,0.18629716,0.16321659,0.1562611,0.1729802,0.17302607,0.05235424,0.057400927,0.05676901,0.059501223,0.04252046,0.05440354,0.04872855,0.05533139,0.15950379,0.16059366,0.15799071,0.1677462,0.1706035,0.1432365,0.14838494,0.15164974,0.15822186,0.037893865,0.03814328,0.04141456,0.04066399,0.042210225,0.037967894,0.037878405,0.17168619,0.16248286,0.17419086,0.16783771,0.15294622,0.14817071,0.15868565,0.15446521,0.05412692,0.04834697,0.05597244,0.054939408,0.044515256,0.043816708,0.046208203,0.051023908,0.14397226,0.13603209,0.13719259,0.13898884,0.13763082,0.11928554,0.12590192,0.124190524,0.12536812,0.024793789,0.031178843,0.027481714,0.032896433,0.032455735,0.024771454,0.028875383
L_6d_ROI,Left,234,0.06806387,0.104490094,0.07569297,0.09795158,0.066028096,0.107622206,0.07619661,0.09391046,0.012716374,0.018658802,0.013389615,0.017882824,0.010066427,0.023690253,0.012537142,0.013884834,0.11110457,0.060719974,0.106652424,0.0706579,0.10013367,0.054869775,0.10346125,0.06439328,0.086334206,0.015148504,0.010321424,0.016307756,0.018197112,0.025509972,0.016907109,0.019044286,0.13998541,0.1647561,0.15407096,0.16560154,0.12472485,0.16143632,0.14030388,0.15045106,0.036368124,0.047584955,0.04106206,0.047658794,0.027091643,0.045849677,0.033161703,0.038351785,0.14578928,0.11993737,0.14361273,0.13101947,0.14445764,0.10350747,0.13941859,0.11480535,0.12587416,0.035712067,0.025708152,0.034887444,0.02471714,0.036241923,0.030574275,0.027311329,0.16054495,0.17423223,0.1769829,0.1755812,0.13969623,0.1670693,0.15691555,0.16212799,0.038815614,0.046501573,0.04366797,0.047386415,0.029699279,0.045051362,0.034159396,0.040419307,0.13540272,0.11822538,0.13112639,0.13291818,0.13300873,0.10040973,0.12893917,0.114204355,0.12117743,0.031273168,0.019948754,0.032272883,0.02368247,0.027017968,0.029235533,0.021861818
L_6ma_ROI,Left,224,0.12446509,0.12673713,0.14313532,0.16062796,0.11300822,0.12782668,0.13012779,0.15504217,0.012866757,0.016481355,0.015432551,0.017422644,0.010490193,0.016173137,0.011571773,0.0149451345,0.1259646,0.10981953,0.12478078,0.1202967,0.13976191,0.100253984,0.12448215,0.10948552,0.13663733,0.015080517,0.01128223,0.01686856,0.012883679,0.014749927,0.016815007,0.013897435,0.16835882,0.16372551,0.18393253,0.19102968,0.15034321,0.1594996,0.16590379,0.1774138,0.029825838,0.03064539,0.03615806,0.036598362,0.024557298,0.029924067,0.030215653,0.031995226,0.13910939,0.13804545,0.13538788,0.14850411,0.15705203,0.12400046,0.1336317,0.13531256,0.14427403,0.011757015,0.017493796,0.010273097,0.019464506,0.015580708,0.009000569,0.013555704,0.15061629,0.15609232,0.159314,0.16387029,0.13618529,0.1514045,0.14787582,0.15099691,0.029516038,0.029064368,0.032828677,0.033860173,0.02416117,0.028702894,0.026963266,0.030528238,0.12787627,0.11440409,0.12765789,0.11968493,0.12712191,0.10369042,0.12740241,0.111081585,0.1126727,0.013052992,0.016832327,0.012419335,0.018574998,0.01803951,0.012686582,0.016503798
L_6mp_ROI,Left,235,0.057441596,0.063004896,0.07041322,0.07849047,0.05628214,0.064698346,0.06661032,0.0790799,0.012064842,0.020498024,0.014864897,0.017445952,0.010137317,0.024493484,0.012167991,0.015186847,0.065248966,0.055706423,0.06829185,0.06720398,0.07258654,0.052750092,0.06242873,0.060521483,0.06816209,0.0022143743,0.013387652,0.0016141759,0.018601393,0.009262778,0.0009924005,0.0060801446,0.11575732,0.107865535,0.13271607,0.13727507,0.10337244,0.10924588,0.11876062,0.12619202,0.030085083,0.043903414,0.03713349,0.04271257,0.023897203,0.044212535,0.030294022,0.036815215,0.10629133,0.10702964,0.1074059,0.12205744,0.123517044,0.093849264,0.10530237,0.10465896,0.11035167,0.025675168,0.024782766,0.024401456,0.027685823,0.029198518,0.019816697,0.02320673,0.13227464,0.129341,0.15218043,0.15512116,0.11721094,0.13189416,0.13447198,0.14224336,0.032309126,0.047226924,0.03882468,0.044116013,0.025000561,0.046074767,0.031255465,0.040331405,0.10676011,0.10107883,0.110600986,0.11582566,0.11924727,0.08888709,0.11336414,0.10048214,0.10662268,0.018261721,0.015280828,0.01651703,0.018049905,0.019613743,0.011421294,0.016073793
L_6r_ROI,Left,258,0.14895329,0.17196353,0.17867278,0.19424811,0.13959037,0.17161958,0.16541997,0.1985767,0.034128543,0.0350005,0.040995244,0.042912778,0.029817821,0.03598264,0.035379916,0.04256421,0.15359695,0.13633907,0.15329482,0.16116318,0.17637421,0.12691116,0.14921181,0.14928898,0.17906098,0.023896458,0.03208965,0.026044069,0.036003,0.033677664,0.027137963,0.032007985,0.20539275,0.19868849,0.22354363,0.2269581,0.18238156,0.19668555,0.20036961,0.21961711,0.0598337,0.05346399,0.0723803,0.07118165,0.04995941,0.05319554,0.06157196,0.06572004,0.147217,0.16690204,0.14658858,0.17825225,0.17404366,0.14627455,0.1443696,0.15807913,0.16443275,0.030520918,0.044298116,0.02795171,0.0498339,0.044715207,0.026814364,0.039543767,0.19137527,0.18885475,0.19629286,0.19054438,0.16838506,0.18821734,0.17717099,0.17872022,0.048794385,0.05266201,0.052306935,0.054789945,0.03958279,0.051690124,0.04383733,0.050222322,0.112553805,0.12945035,0.11646127,0.13216473,0.121071376,0.11127232,0.115363955,0.11610392,0.109127514,0.022554431,0.023832947,0.020352047,0.026179083,0.025627704,0.019046308,0.02378503
L_6v_ROI,Left,236,0.14351402,0.15186475,0.17133215,0.18893827,0.11991352,0.15970337,0.14354362,0.17847146,0.03811796,0.028298382,0.04284721,0.040204458,0.027969223,0.02991124,0.03234929,0.0373438,0.13219368,0.11822674,0.1312571,0.1402671,0.17023295,0.09817141,0.13754833,0.11860238,0.16018625,0.030182574,0.030345444,0.030888662,0.03960761,0.04380213,0.030110503,0.04042906,0.18690288,0.18785699,0.20938332,0.21877219,0.15840967,0.18393305,0.1800269,0.19965576,0.056886792,0.055646397,0.06742186,0.07216351,0.041047126,0.056034587,0.052295793,0.06551314,0.13970649,0.14777999,0.135211,0.15971543,0.16630723,0.1246927,0.13595888,0.13628078,0.15007806,0.041438077,0.033259604,0.039685555,0.03572795,0.04839123,0.037182324,0.04318014,0.16239756,0.17205243,0.17004895,0.16581619,0.14232317,0.15834883,0.15340543,0.15764683,0.039951116,0.05239447,0.04507771,0.054990117,0.029504437,0.05333146,0.03521337,0.052532032,0.11773638,0.1203643,0.11136842,0.1269363,0.10959565,0.103800505,0.105572544,0.11082541,0.105438806,0.030889284,0.027199833,0.03056706,0.031202776,0.03349307,0.02986754,0.03128645
L_7AL_ROI,Left,222,0.0851581,0.105033144,0.09871135,0.11492927,0.08152162,0.10520536,0.095683865,0.10697901,0.024787322,0.044680063,0.029982978,0.041726626,0.022739438,0.046188477,0.028849447,0.03686001,0.0919426,0.09998351,0.096126236,0.116887726,0.12721145,0.09466413,0.094332196,0.11266742,0.124947116,0.030394556,0.030341517,0.02993909,0.033771448,0.03897493,0.031076038,0.035141025,0.17535396,0.17505753,0.18288185,0.1944908,0.15906963,0.17110734,0.16899756,0.1764513,0.06746637,0.07376419,0.07464632,0.07644999,0.05812157,0.07218965,0.06628769,0.068469755,0.14122418,0.16122581,0.14186282,0.1695715,0.17458148,0.14491208,0.1349796,0.15496258,0.16218936,0.042957895,0.054700926,0.040180005,0.05988516,0.05864949,0.037490334,0.053529967,0.2003685,0.22036047,0.20751302,0.21869805,0.17920172,0.21439016,0.18754825,0.19672188,0.0719465,0.07505769,0.075842924,0.07774325,0.060959123,0.073537104,0.06575681,0.07146972,0.14017533,0.14724822,0.1383572,0.15334846,0.15216461,0.1311611,0.13190106,0.1384747,0.14188574,0.02969352,0.03669015,0.029049963,0.04010308,0.038612034,0.02733456,0.03681639
L_7Am_ROI,Left,225,0.13169493,0.13369048,0.14409183,0.14953944,0.12880221,0.13826467,0.13729776,0.1435633,0.01657438,0.02809429,0.021971423,0.02417213,0.0153931575,0.030082403,0.020973772,0.023067476,0.11980426,0.12520422,0.11959362,0.13835123,0.15176377,0.12278808,0.12026668,0.13239762,0.14972924,0.021886481,0.018139737,0.023333477,0.023043917,0.026937412,0.024340179,0.027025094,0.19657947,0.16708113,0.20538242,0.19276783,0.1833254,0.16293618,0.19131991,0.17947723,0.04952472,0.04289656,0.05512133,0.050062355,0.043719552,0.043012496,0.05001885,0.04680989,0.13064602,0.16999945,0.12628159,0.18023755,0.16461812,0.15775609,0.12266933,0.16666307,0.1558294,0.033448644,0.040099952,0.031394668,0.04553545,0.039510302,0.030875089,0.03787228,0.18471123,0.15460679,0.19238354,0.18164,0.16831908,0.14815079,0.17819211,0.1691513,0.055049483,0.045590103,0.0591206,0.054735158,0.04781898,0.04291069,0.052760664,0.05067843,0.10445925,0.1389886,0.10223222,0.14430736,0.13004492,0.12564489,0.09943556,0.13235404,0.12227455,0.020998854,0.031815536,0.01905289,0.034624103,0.029696496,0.018355366,0.029113064
L_7PC_ROI,Left,227,0.08943821,0.11035567,0.10728977,0.11940143,0.085042655,0.11483136,0.10487491,0.11895617,0.024090664,0.05106065,0.03135755,0.04597607,0.022572549,0.054020885,0.031874895,0.042591665,0.10351075,0.10890786,0.10658632,0.12609366,0.13853283,0.104680456,0.10882842,0.12502967,0.1435143,0.035139617,0.0320301,0.03756367,0.034441356,0.041190114,0.039600167,0.04078808,0.15343665,0.13460587,0.16361119,0.15540272,0.1368584,0.13555507,0.14922224,0.14577833,0.056047745,0.06172041,0.06262264,0.06300533,0.04774887,0.059450377,0.056048244,0.0570953,0.13289297,0.15355037,0.13145614,0.16203341,0.1529354,0.13464023,0.13157205,0.1465825,0.14977539,0.05202204,0.05439525,0.052160878,0.059162118,0.057979695,0.052431647,0.052295204,0.16766022,0.16183458,0.17241417,0.1640352,0.14470147,0.15836552,0.15112425,0.15000558,0.05789834,0.05589115,0.060471747,0.060961284,0.047867384,0.051054817,0.051623993,0.056256123,0.11294877,0.12703441,0.10531719,0.13227014,0.11948096,0.1062165,0.100841746,0.113313995,0.113149256,0.0313089,0.031495687,0.030979073,0.03466427,0.034084555,0.03035987,0.032342948
L_7PL_ROI,Left,226,0.09867908,0.07680577,0.09935016,0.09347372,0.09704601,0.084339365,0.09445559,0.08929973,0.010995677,0.011146279,0.012334348,0.0083795795,0.009256958,0.01527539,0.009923815,0.00898803,0.06413757,0.07610053,0.064309776,0.07515008,0.08831422,0.07538969,0.06774652,0.06997299,0.085439496,0.010865526,0.0029465125,0.0146084875,-0.00024955903,0.0037992478,0.014889407,0.0030480807,0.1486535,0.110989936,0.1494535,0.13919543,0.13794713,0.11413968,0.13812031,0.12787364,0.030727973,0.019899521,0.033187114,0.030997459,0.024808405,0.018874686,0.026611444,0.028438786,0.07760024,0.12506782,0.07297152,0.12124145,0.107903205,0.113293685,0.07416115,0.109240614,0.100539014,0.003083385,0.017302768,0.0018691098,0.017327432,0.0113430405,-0.00087686896,0.006956258,0.1390432,0.1154565,0.14464746,0.13726875,0.12675071,0.11791973,0.1322989,0.1289611,0.034794986,0.027926138,0.037919372,0.035265233,0.027939888,0.026270065,0.02972462,0.031739585,0.07546252,0.110086165,0.07117082,0.112804875,0.10199569,0.097392544,0.07162664,0.10012805,0.09594265,0.01261134,0.020952981,0.011391236,0.023435375,0.021684494,0.008575141,0.020377992
L_7Pm_ROI,Left,209,0.12612799,0.116086,0.14454885,0.15036009,0.122469395,0.11488089,0.13943267,0.14672653,0.032924972,0.053957574,0.037001558,0.04933963,0.033819895,0.052522458,0.03793048,0.046313256,0.12895866,0.118518904,0.13061225,0.13349704,0.15118255,0.115715444,0.12597658,0.12901798,0.14809585,0.043459784,0.028342905,0.044184648,0.034089796,0.043022998,0.042215217,0.039764214,0.17995563,0.1668166,0.19295949,0.19206385,0.1730423,0.1609589,0.18653117,0.18892929,0.057248995,0.064802535,0.06389899,0.067152195,0.055374492,0.062185593,0.06257487,0.064665854,0.16148852,0.16144778,0.1655296,0.17500688,0.17804156,0.1562054,0.16106246,0.16958342,0.17338122,0.045312624,0.037227236,0.044983383,0.040440187,0.04435789,0.04090244,0.0432145,0.17349873,0.17705204,0.18382725,0.181678,0.16580519,0.16666688,0.17687611,0.1785284,0.056623496,0.056115624,0.060979195,0.06086403,0.052459165,0.0545799,0.058167405,0.05962546,0.15630338,0.14370894,0.15625688,0.1550283,0.15463975,0.13973086,0.1488668,0.1504908,0.14952728,0.045307163,0.048310474,0.04456963,0.05269236,0.04990857,0.040868018,0.048652146
L_7m_ROI,Left,210,0.11251206,0.122621015,0.13532747,0.15109505,0.11950458,0.12386048,0.14133574,0.16203673,0.023513641,0.037453208,0.029126005,0.036497418,0.023093404,0.036859494,0.028632281,0.03627956,0.13854021,0.10265948,0.14153534,0.1240508,0.15280272,0.10597466,0.13682865,0.12692927,0.16016553,0.043449022,0.023055015,0.04569997,0.03444482,0.04222807,0.045455575,0.043039855,0.15414149,0.13978587,0.17231882,0.18271792,0.15942599,0.14042892,0.17769653,0.1908179,0.038165852,0.050972704,0.046232164,0.05590496,0.03625661,0.04976382,0.044923775,0.05488142,0.14868371,0.1359427,0.15031636,0.15086497,0.17162202,0.13819821,0.14382587,0.15315406,0.17408493,0.03760192,0.023002075,0.037809152,0.026014702,0.035990093,0.035472166,0.035148393,0.14732872,0.13045742,0.15912467,0.15609539,0.14758812,0.13427736,0.16000952,0.16060948,0.040160414,0.04758844,0.04596266,0.053802904,0.037011568,0.050235692,0.043208715,0.05423569,0.1385739,0.12597257,0.14047508,0.13731228,0.14193322,0.12621765,0.13780099,0.13850786,0.14360021,0.042183872,0.038507223,0.04431936,0.042393133,0.04678813,0.044267442,0.046343293
L_8Ad_ROI,Left,248,0.1493331,0.18050115,0.17253883,0.18811558,0.1449754,0.17839098,0.17033473,0.19263944,0.034352962,0.0484186,0.037072446,0.04128047,0.030195983,0.045971315,0.03376865,0.04168012,0.14026773,0.12395037,0.14116023,0.14661899,0.15915516,0.11782742,0.140218,0.14135452,0.16187945,0.0409664,0.027103301,0.040857133,0.039559774,0.047325972,0.03997582,0.04717539,0.17300096,0.19007851,0.19493154,0.20079368,0.16660216,0.18494406,0.1892855,0.20107263,0.04113651,0.053688828,0.047333144,0.052384194,0.03538024,0.051429745,0.04200471,0.050515708,0.1341326,0.122450314,0.1370237,0.14089203,0.14563331,0.11683011,0.13396074,0.13601395,0.1460841,0.03167889,0.01264532,0.03263026,0.013861959,0.025980897,0.032052994,0.025770284,0.14577863,0.1662862,0.15779385,0.16300014,0.13741373,0.16146229,0.1495739,0.15953277,0.032736957,0.043782193,0.035899706,0.04102732,0.02779266,0.042228695,0.030444615,0.040096637,0.09707307,0.08898736,0.10148886,0.09946232,0.101727575,0.083029024,0.10098814,0.09352271,0.096723065,0.014999662,0.014700412,0.015121464,0.017983584,0.01607706,0.015125231,0.014903347
L_8Av_ROI,Left,247,0.1598182,0.20561631,0.19414286,0.21693659,0.15347011,0.20356804,0.18373883,0.21878026,0.04290898,0.06643338,0.051148113,0.061179675,0.039091416,0.06425298,0.04697448,0.061110914,0.17110434,0.15508904,0.17678404,0.19181006,0.21071717,0.14700243,0.17863698,0.178398,0.20910583,0.06220448,0.05050319,0.065585084,0.06610542,0.07642238,0.06625239,0.07543312,0.18503927,0.19699208,0.21365799,0.21701172,0.17960808,0.19200663,0.2059226,0.21678154,0.050408877,0.06314804,0.063756466,0.06840009,0.045555845,0.061744276,0.056999054,0.06767437,0.13724422,0.14417781,0.14143097,0.16924588,0.17622958,0.13842273,0.14104426,0.16133632,0.17338708,0.046287335,0.039858427,0.050303396,0.048857752,0.05714698,0.05155876,0.055489026,0.1489564,0.14584973,0.15982567,0.15786675,0.145682,0.14081669,0.15742306,0.15987988,0.042272344,0.055608377,0.0452107,0.05174364,0.03840274,0.053964585,0.04087657,0.04953875,0.067123905,0.09201599,0.0713075,0.09934851,0.09728887,0.09036817,0.071080804,0.09832108,0.09292791,0.03276673,0.024175677,0.03355709,0.02699603,0.03440997,0.034021724,0.031835943
L_8BL_ROI,Left,250,0.1384608,0.2151192,0.17187679,0.19426367,0.13708074,0.20928752,0.1670449,0.19701207,0.03326844,0.0741567,0.046276245,0.059460722,0.030380309,0.07091682,0.04346536,0.0607301,0.18034449,0.13083822,0.1826956,0.16490567,0.18683606,0.12609552,0.17729536,0.15811518,0.18667708,0.06207119,0.039902844,0.06588194,0.05314905,0.059720714,0.06455481,0.059549697,0.16066937,0.1894099,0.1886831,0.19039407,0.15805472,0.18331349,0.18526842,0.19258039,0.046337,0.061962962,0.06042195,0.06344694,0.042136382,0.0584618,0.055027425,0.06266944,0.13270888,0.123950854,0.13228288,0.14952938,0.14715755,0.11834633,0.12861614,0.14325702,0.14586326,0.050619397,0.038011223,0.055140615,0.049578637,0.04935065,0.054629054,0.04833075,0.13048604,0.12210219,0.14082791,0.1343823,0.12792906,0.11959997,0.14118978,0.1372701,0.035810344,0.043908227,0.039565403,0.042725477,0.032085843,0.0401051,0.035067823,0.041109927,0.05681711,0.07914529,0.055119988,0.08687717,0.07839781,0.07567703,0.054094452,0.0847698,0.07616866,0.02689362,0.0178577,0.027036289,0.021635864,0.024181515,0.024587406,0.021287905
L_8BM_ROI,Left,243,0.15592371,0.20432527,0.19157195,0.20307024,0.15579014,0.20545126,0.18872935,0.21467535,0.039807227,0.06281688,0.049852766,0.05938578,0.036790553,0.058513433,0.046699338,0.059633635,0.16190974,0.12926684,0.16109978,0.16157414,0.17623463,0.12607801,0.15609835,0.15697075,0.18324411,0.056995284,0.03056922,0.05594133,0.04433805,0.05522785,0.051307205,0.05504446,0.1743981,0.18762803,0.20221198,0.20712091,0.16995671,0.18297666,0.19638783,0.21281499,0.054740973,0.062770724,0.068191074,0.07095062,0.05075087,0.059594087,0.06327174,0.07232655,0.13809422,0.13691887,0.13531601,0.15786442,0.1601876,0.1318852,0.12926488,0.15165062,0.16266157,0.056377936,0.03617623,0.055605583,0.042836722,0.054672837,0.051025975,0.055027336,0.14345448,0.1380204,0.15232481,0.15080497,0.13759637,0.12995091,0.14573514,0.15144104,0.04522349,0.05955367,0.04976288,0.058131486,0.041846387,0.05706136,0.045334842,0.056875985,0.08639818,0.102756314,0.0840667,0.108877644,0.103230774,0.09969295,0.07961266,0.10532739,0.10397843,0.047168244,0.03706599,0.0468936,0.04083412,0.04544788,0.04462772,0.04315659
L_8C_ROI,Left,253,0.13495159,0.18942451,0.16468957,0.18862446,0.13166575,0.18263859,0.15783457,0.18657346,0.040008027,0.06737316,0.04905104,0.061764535,0.036445238,0.065993726,0.04629645,0.062587395,0.12009491,0.11393242,0.12669913,0.13981651,0.15365623,0.11251949,0.12650633,0.13493715,0.1514237,0.06362881,0.03715374,0.064370506,0.050130505,0.063314624,0.064008586,0.063082695,0.17118213,0.17807291,0.19278423,0.19964433,0.16316095,0.17149092,0.18420537,0.19176753,0.04863627,0.061592955,0.061007384,0.06513548,0.044140793,0.06061397,0.05588829,0.063921265,0.09428088,0.12150415,0.09844923,0.13581498,0.13885975,0.117457114,0.09803374,0.13129258,0.12957847,0.046648595,0.027949097,0.04906317,0.033252366,0.045394424,0.04980797,0.044591688,0.16208711,0.15806407,0.17130235,0.16986457,0.15369628,0.15009041,0.16460659,0.16472574,0.037090313,0.054725546,0.041558094,0.047877826,0.032175522,0.051498763,0.03541801,0.044658158,0.054315846,0.09148268,0.05883187,0.09600625,0.09499579,0.08823836,0.061160617,0.09456126,0.086005226,0.028686952,0.012564003,0.030023338,0.016918724,0.025534429,0.030413333,0.023801964
L_9-46d_ROI,Left,266,0.12710743,0.1401484,0.15026456,0.17081358,0.12068601,0.143041,0.14502351,0.16919161,0.013057256,0.017828988,0.015434874,0.021528607,0.013573671,0.018718371,0.015607173,0.020719174,0.14729746,0.11369857,0.1500039,0.13003562,0.15133493,0.108176455,0.15138687,0.1251311,0.15158306,0.008135525,0.009347828,0.009051794,0.008097252,0.008311109,0.009962386,0.008516228,0.16556185,0.15265192,0.1841528,0.18635964,0.15652777,0.15181625,0.17567243,0.18338987,0.032594685,0.033152133,0.03649688,0.036088403,0.03159467,0.03228228,0.035459362,0.036023945,0.15520215,0.14808473,0.15499263,0.16445035,0.17276469,0.13914907,0.15550758,0.1560626,0.17007919,0.015102522,0.019551396,0.014100089,0.02322659,0.017575746,0.012157337,0.016057072,0.15111016,0.14412281,0.16190839,0.16108298,0.14584056,0.14230646,0.15616016,0.1592629,0.03528423,0.031752653,0.03872266,0.036626898,0.033619925,0.031574182,0.03663636,0.037595384,0.1247356,0.122450866,0.12667678,0.13222328,0.13417742,0.11845875,0.12787318,0.12826167,0.13430643,0.02976325,0.02190436,0.029337455,0.024889559,0.028128713,0.028989285,0.028189095
L_9a_ROI,Left,267,0.17165072,0.21571024,0.19920734,0.22126533,0.16822562,0.20955585,0.19758882,0.22258805,0.05098303,0.06882328,0.053961862,0.063303046,0.046572175,0.06530631,0.05144883,0.062499408,0.20127045,0.14938478,0.201583,0.19145837,0.22207765,0.14589077,0.19884862,0.18594563,0.2246793,0.070038386,0.04371527,0.06885137,0.06553446,0.08246428,0.06691593,0.08442746,0.18619144,0.19598898,0.20989586,0.21888721,0.18155333,0.18655923,0.20875964,0.21953714,0.050717838,0.058670588,0.056433152,0.061864097,0.046537697,0.054796416,0.053783335,0.06116559,0.14564976,0.12755,0.14673287,0.15289764,0.16903277,0.12337044,0.14504972,0.15032789,0.16838244,0.039939124,0.016950222,0.040619895,0.02147363,0.03970199,0.03896796,0.039819565,0.13653876,0.13670637,0.14347945,0.14564195,0.13092153,0.1304443,0.14140381,0.14692676,0.032040253,0.04007189,0.032261427,0.034081053,0.02891454,0.03779719,0.029832745,0.03383934,0.079042375,0.086623356,0.07969337,0.09664677,0.09528378,0.08261161,0.07941182,0.09411198,0.09375005,0.012175961,0.016658628,0.012130692,0.01914963,0.014249831,0.010713101,0.0129362475
L_9m_ROI,Left,249,0.20006225,0.21826948,0.23276329,0.25960127,0.19164647,0.2184703,0.22240008,0.25777924,0.057537965,0.06605063,0.062094178,0.069977656,0.04967543,0.064841785,0.0565921,0.0702768,0.21878362,0.16677913,0.21872398,0.20797,0.2525024,0.1590678,0.21596457,0.19796273,0.25151742,0.08778328,0.054854725,0.087779574,0.07754833,0.09686251,0.08550769,0.098543376,0.2224219,0.2207177,0.24982436,0.26354071,0.21234538,0.21465787,0.2377144,0.26262328,0.06348861,0.063562945,0.0694479,0.071721345,0.054562893,0.059458647,0.060714595,0.07077654,0.2005049,0.1682058,0.1973071,0.19338056,0.22620997,0.1588379,0.19126399,0.1839005,0.2254146,0.055655368,0.03635937,0.054996964,0.038887195,0.06265987,0.051318713,0.062677175,0.16038784,0.1676369,0.16901101,0.17596503,0.15297194,0.15891713,0.16136773,0.17492665,0.04433205,0.044452902,0.045483712,0.04472163,0.037869126,0.040873412,0.03808235,0.04210879,0.1573438,0.13057534,0.15467812,0.14308257,0.15121976,0.1241654,0.14805709,0.13639304,0.15079972,0.032161508,0.04555209,0.031656854,0.048620068,0.041065693,0.029745733,0.039748468
L_9p_ROI,Left,251,0.15422976,0.20015468,0.18297352,0.20241201,0.14665131,0.19211411,0.17478965,0.20065245,0.042122684,0.050719496,0.04359579,0.049814764,0.03631633,0.04773517,0.039293595,0.050174203,0.15748392,0.1323442,0.15718655,0.1710694,0.19362378,0.12621783,0.15655716,0.16059698,0.19796933,0.050240282,0.035996865,0.048907313,0.052171644,0.062965445,0.046317704,0.06405724,0.15817027,0.16803469,0.1841117,0.18929265,0.15147606,0.162619,0.17621875,0.186262,0.04571184,0.051985417,0.0527103,0.056630213,0.039379425,0.04933601,0.046680395,0.055432703,0.086538844,0.100876935,0.08917362,0.123004496,0.12642053,0.09513396,0.092821434,0.11669623,0.12768342,0.027381953,0.011404811,0.031314615,0.015880257,0.03199965,0.031305123,0.031479985,0.11236432,0.11246602,0.121853,0.12512596,0.1084178,0.1091503,0.118266635,0.12316538,0.029282777,0.041744318,0.031607952,0.03533672,0.025195654,0.038747575,0.027730767,0.0336872,0.032028355,0.061811656,0.032667458,0.07025189,0.05900174,0.058162604,0.034205176,0.066415966,0.057670496,0.00810997,0.011424156,0.0073432024,0.014662953,0.009381599,0.0066721286,0.0066249142
L_A1_ROI,Left,204,0.09209587,0.08884207,0.10971618,0.11661367,0.07781046,0.07456117,0.08587811,0.096148066,0.037394386,0.055495124,0.044620126,0.054619733,0.028419316,0.049102154,0.03335423,0.047921203,0.101533584,0.11166864,0.09537082,0.12945151,0.13057841,0.0923205,0.081624255,0.10070331,0.11236212,0.052712653,0.051832248,0.052521493,0.06158467,0.068018794,0.045611303,0.060152903,0.088932134,0.07693733,0.10655081,0.1076581,0.0765026,0.06383817,0.08596074,0.08851651,0.031270962,0.0500195,0.038672555,0.05019742,0.025229484,0.04311891,0.030225819,0.044115435,0.049927823,0.08367861,0.04932779,0.099161826,0.09466808,0.07087194,0.0442973,0.08071083,0.07922987,0.043692816,0.028682439,0.039725147,0.032428112,0.04657663,0.03170196,0.040525965,0.05688569,0.05749542,0.06468695,0.066964254,0.05028481,0.0467818,0.054918233,0.05969414,0.008892817,0.021558616,0.011210653,0.01660308,0.007892357,0.017619012,0.009542903,0.015159476,-0.009961262,0.035363846,-0.0075606783,0.03717834,0.018911587,0.031370778,-0.010148055,0.03097244,0.012987272,0.0047065653,0.0031166703,0.0022368883,0.0037848179,0.0035956027,-0.0010532786,0.0030537045
L_A4_ROI,Left,355,0.2216811,0.22232266,0.24537225,0.25528926,0.2011657,0.21012937,0.22125293,0.23953202,0.1020353,0.12543786,0.11483061,0.12850894,0.093353346,0.12074816,0.10245178,0.12331377,0.30712628,0.31418648,0.3038447,0.35663635,0.3660162,0.2633851,0.29276893,0.29631472,0.33254856,0.18609437,0.1986593,0.17570795,0.22305028,0.22506206,0.16781816,0.20189159,0.21131425,0.20738372,0.2301727,0.22936012,0.18893959,0.18919896,0.20580561,0.20956177,0.09211236,0.104004785,0.10784381,0.11831855,0.083097994,0.099220045,0.09660171,0.11054652,0.23037502,0.22887753,0.22625916,0.2558336,0.2659309,0.19336554,0.21451026,0.21656945,0.24119687,0.110568054,0.14115907,0.10751541,0.14792848,0.1523601,0.1018989,0.14122775,0.13624933,0.14209808,0.1414577,0.13920449,0.122492194,0.13234277,0.12882993,0.12920383,0.039807547,0.058335666,0.04610219,0.058672607,0.035702195,0.057410054,0.04106777,0.05517751,0.09294476,0.08914727,0.08692882,0.09187012,0.09570521,0.08177582,0.08417904,0.08509354,0.08748228,0.04010997,0.030554408,0.039204318,0.034110468,0.043797914,0.036316335,0.039404698
L_A5_ROI,Left,305,0.13088031,0.15667625,0.14827727,0.16607809,0.118307725,0.1533433,0.13753639,0.16486283,0.030442148,0.07618367,0.03721157,0.05145973,0.025669295,0.07383922,0.032091107,0.0501574,0.2520624,0.24977219,0.2530332,0.2896411,0.30704913,0.22111621,0.25360683,0.25576535,0.2966161,0.13150755,0.12684083,0.1300661,0.15173386,0.15715529,0.12624764,0.14799641,0.16063996,0.16391252,0.17981437,0.1837865,0.14693524,0.15579472,0.16668805,0.17553139,0.049398754,0.07708079,0.05846164,0.071178555,0.044770557,0.07501361,0.053501435,0.06922379,0.2029613,0.21676412,0.20139481,0.24617739,0.25218102,0.1922335,0.19718052,0.21936539,0.24176429,0.07569654,0.08613516,0.07862906,0.09527853,0.11299794,0.077749886,0.10963023,0.13331933,0.12894163,0.14143796,0.13999571,0.12219956,0.11818593,0.13214137,0.13024187,0.040531565,0.058127332,0.04755616,0.058281098,0.0380673,0.05594447,0.044720624,0.056830876,0.09863519,0.103691764,0.09894271,0.10670001,0.104547486,0.09418395,0.09001182,0.098379366,0.10242086,0.029411765,0.027495207,0.032876786,0.031348202,0.036030512,0.03211635,0.036607224
L_AAIC_ROI,Left,292,0.048007023,0.11362672,0.07774065,0.102463834,0.05243479,0.122458845,0.07632287,0.10686504,0.004129858,0.024001572,0.008855633,0.019094393,0.004069255,0.023121446,0.008111951,0.019455606,0.116979934,0.04958627,0.11174162,0.0732689,0.10157989,0.0500532,0.111267306,0.070839986,0.108104706,0.014198095,0.0039044195,0.014720452,0.0049266503,-0.0001928948,0.014521716,0.0035100705,0.06706406,0.097383395,0.09340758,0.11042516,0.06505641,0.10676058,0.087724544,0.11065569,0.014066908,0.03698916,0.022095667,0.03188844,0.012383023,0.03218328,0.019851053,0.030044124,0.08662488,0.058176693,0.0835752,0.078561895,0.09247256,0.053243957,0.08527506,0.07362759,0.09376727,0.027028209,0.009384647,0.024832755,0.015104057,0.009021246,0.021669848,0.009426873,0.063688174,0.08831518,0.08105744,0.10107559,0.060139436,0.09043896,0.077119716,0.0969596,0.01790348,0.03003655,0.023731653,0.031779736,0.01580154,0.02688761,0.020842327,0.02749928,0.06392271,0.050972145,0.060319588,0.0662836,0.07804364,0.045639284,0.059005618,0.06305865,0.07232374,0.02410106,0.020520018,0.020975206,0.028281886,0.027732551,0.019668892,0.02571771
L_AIP_ROI,Left,297,0.11952388,0.116834156,0.12906727,0.12193567,0.10729279,0.1150112,0.11585164,0.119733274,0.022310259,0.041834656,0.025572313,0.03464374,0.02156945,0.041181806,0.026174175,0.034306042,0.10290254,0.10009288,0.10594583,0.11016599,0.11649764,0.09145849,0.10246813,0.102200866,0.114284664,0.02552004,0.0187004,0.030267593,0.026900187,0.035078973,0.0335938,0.03479953,0.15941627,0.15290596,0.16395558,0.1554528,0.14403309,0.15290143,0.15016063,0.1497841,0.04158701,0.042328417,0.04325921,0.04572034,0.036785524,0.040904015,0.039686214,0.04178142,0.11087214,0.14055201,0.11355708,0.1419208,0.13859658,0.12610286,0.1105889,0.13060854,0.12851618,0.019389445,0.032014575,0.0220273,0.032871217,0.030648524,0.022965271,0.028243456,0.14993916,0.14484943,0.15101868,0.13944934,0.1388509,0.14462712,0.14132836,0.13568738,0.041930135,0.04248105,0.043142885,0.043734733,0.03697412,0.04151968,0.03797522,0.041105714,0.10859786,0.12735425,0.11024898,0.128475,0.12020224,0.117179744,0.10995942,0.12018775,0.112464346,0.021698374,0.03552397,0.023985606,0.036009274,0.032198694,0.024860743,0.029744022
L_AVI_ROI,Left,291,0.091530815,0.1502101,0.12209816,0.15118496,0.08824731,0.14599635,0.11514077,0.15017264,0.00953339,0.045288358,0.018715112,0.031165522,0.009710137,0.04245127,0.018918961,0.031391118,0.106474884,0.07556715,0.10330562,0.09858173,0.11407651,0.07437324,0.09784481,0.09324624,0.11250515,0.026869748,0.008983698,0.028769648,0.013490214,0.015920432,0.027315075,0.01696073,0.12877527,0.13011883,0.15038222,0.15944888,0.122549675,0.12578262,0.14376676,0.15938427,0.02873357,0.044080164,0.03663969,0.03894764,0.026198357,0.043183107,0.033565946,0.038886555,0.08466251,0.092353396,0.07654542,0.107356265,0.10865075,0.08816025,0.07178316,0.10398948,0.1083981,0.031099832,0.017053658,0.03243328,0.02118476,0.020310877,0.030829612,0.022511031,0.12989636,0.11407699,0.14212137,0.14066838,0.12301662,0.10701497,0.13685003,0.14021516,0.03276584,0.042152774,0.036975894,0.040705796,0.028849386,0.038455915,0.033242047,0.040667698,0.04415165,0.07218039,0.04183371,0.07999332,0.07111875,0.06833952,0.03994578,0.07843994,0.07428536,0.020267686,0.010878326,0.02063357,0.014350074,0.016144639,0.019137155,0.018634027
L_DVT_ROI,Left,322,0.11202598,0.10361947,0.12582475,0.12245406,0.105603814,0.10145474,0.11659426,0.11589976,0.014033169,0.026853705,0.017088128,0.01800926,0.01297041,0.027486518,0.0149434805,0.01715653,0.10939359,0.11032571,0.11137946,0.11914158,0.12641127,0.10327421,0.112400584,0.109803855,0.11818414,0.023556024,0.015774302,0.027420493,0.01471824,0.019118123,0.029302942,0.01708397,0.18580674,0.148116,0.1952484,0.17128731,0.16261613,0.13701534,0.16955934,0.15320495,0.046901517,0.04769447,0.052079387,0.048815135,0.037968572,0.04668983,0.042290807,0.04541678,0.14867674,0.17005001,0.14620283,0.17847076,0.16264535,0.14713253,0.13974597,0.15327169,0.14872633,0.04710175,0.041726194,0.048870202,0.04726133,0.045489453,0.048040606,0.041665997,0.18908927,0.157717,0.19775663,0.1762829,0.15975796,0.14450209,0.16515125,0.15730427,0.05460915,0.05431477,0.061540484,0.056568448,0.042271137,0.053807292,0.04797813,0.052445855,0.1498903,0.15327883,0.14593606,0.16213994,0.15221979,0.12760271,0.13892335,0.13342057,0.13627338,0.048274778,0.037512034,0.05049946,0.044851277,0.048134632,0.050118595,0.043357335
L_EC_ROI,Left,298,0.061963283,0.13786915,0.10287528,0.13753808,0.06079577,0.13783784,0.0968805,0.13381852,0.017874401,0.053520706,0.033167835,0.04996821,0.018013543,0.04669243,0.028794516,0.04435841,0.12569332,0.065469466,0.13147439,0.10277687,0.1253221,0.063564986,0.12899216,0.09405604,0.11959523,0.035196718,0.017121578,0.036282703,0.026305068,0.035330825,0.03295379,0.030493207,0.08371462,0.14296757,0.12592687,0.15828837,0.078837104,0.14695284,0.11779118,0.15252176,0.032164898,0.05908378,0.050573062,0.0691374,0.028681908,0.056212697,0.044825442,0.06458796,0.13234249,0.07441292,0.1370096,0.11276884,0.14020076,0.0702506,0.13756318,0.10508263,0.1331285,0.033807546,0.021665368,0.03373402,0.03536116,0.045650613,0.032143146,0.040701564,0.08402861,0.14318256,0.11531761,0.14066432,0.0747989,0.14973398,0.105057895,0.13748641,0.027950652,0.044051882,0.03977127,0.051740192,0.024088366,0.04398494,0.033653017,0.05022601,0.118989065,0.06304978,0.12838231,0.08975379,0.11463685,0.05691492,0.13569948,0.0833521,0.1131041,0.030417595,0.008522052,0.030274766,0.01581164,0.03155581,0.030208735,0.02813594
L_FEF_ROI,Left,190,0.15455139,0.17429602,0.17905097,0.1883887,0.13602133,0.16354771,0.15562482,0.1756011,0.05820662,0.065383695,0.07019736,0.07772184,0.044402935,0.05993896,0.05374497,0.0634479,0.14122134,0.12972365,0.13409914,0.14816223,0.1575072,0.112177484,0.12054425,0.1269543,0.14648962,0.05594822,0.05046258,0.05324036,0.056224562,0.057087842,0.047812853,0.0468385,0.19582783,0.17334625,0.21587397,0.21149537,0.16198145,0.15958035,0.17797051,0.18828827,0.08357197,0.073911555,0.099137135,0.10219906,0.060480453,0.06392955,0.07228651,0.08319823,0.14854562,0.1643759,0.14174427,0.17860736,0.17293726,0.13506687,0.13103642,0.14530097,0.15445036,0.06631296,0.06425172,0.06018529,0.071364895,0.070244834,0.050479345,0.05898533,0.16206776,0.13433781,0.17022967,0.16817404,0.1299689,0.12303971,0.13881274,0.14799775,0.059232265,0.062832244,0.06564235,0.06994059,0.04257277,0.058099754,0.048014726,0.061329935,0.11633595,0.12193388,0.11023731,0.12887359,0.12870948,0.09861249,0.10371284,0.104322076,0.1142803,0.04747648,0.03148991,0.044486757,0.038570914,0.04528565,0.039228767,0.040023442
L_FFC_ROI,Left,198,0.10901268,0.12149149,0.13163808,0.14644802,0.10587692,0.11959788,0.12642321,0.14203656,0.04260429,0.05567715,0.05251473,0.06404465,0.039273873,0.05991666,0.04855808,0.059944544,0.115101695,0.1075816,0.11982564,0.1268107,0.14048599,0.10294616,0.1167374,0.121472135,0.13889305,0.053671364,0.04010455,0.059719224,0.049920935,0.06107947,0.063245796,0.05810538,0.21419457,0.15975858,0.22401449,0.2054936,0.18381599,0.1527569,0.19756986,0.18898046,0.10073333,0.08400728,0.109384485,0.10248179,0.08062301,0.082066126,0.09077145,0.093338214,0.14446312,0.19490962,0.14507033,0.20111422,0.18142554,0.1663334,0.13949612,0.17512436,0.16642049,0.082044005,0.09094357,0.0842331,0.09472476,0.09090474,0.08268703,0.08208435,0.23806697,0.18009706,0.24039707,0.21125638,0.19493139,0.1686318,0.20350064,0.18989538,0.10443114,0.07767473,0.10278458,0.09380472,0.08082678,0.075197116,0.08238073,0.08258963,0.12471324,0.18642312,0.12084399,0.18652312,0.15499188,0.15280347,0.109846294,0.15749799,0.14234813,0.068969525,0.09091632,0.07197459,0.09240712,0.0805654,0.070490174,0.07395303
L_FOP1_ROI,Left,293,0.0810791,0.14576095,0.11009012,0.1330684,0.071218856,0.14633378,0.09505658,0.1229835,0.024774034,0.029212281,0.031343486,0.03293787,0.018023567,0.029056747,0.022639925,0.027340906,0.13628137,0.07519798,0.1402068,0.103949524,0.13370873,0.06749455,0.13506669,0.09008846,0.11989853,0.022173379,0.021976043,0.023098566,0.03266692,0.033563897,0.02342175,0.026983263,0.10775722,0.1420554,0.13612984,0.15250385,0.094032176,0.13760962,0.118888415,0.13724846,0.030686872,0.03684289,0.041553464,0.048819195,0.0231093,0.036015574,0.03217849,0.042883817,0.12744544,0.09173267,0.13244608,0.113045365,0.13360117,0.07993706,0.12920628,0.10039064,0.11794552,0.021064214,0.018442532,0.019040681,0.022393193,0.02912516,0.017571183,0.024540503,0.09664017,0.10870391,0.114363216,0.120270275,0.08658358,0.101837784,0.102554314,0.11171124,0.019630954,0.02360168,0.024071606,0.026806226,0.015695803,0.026478477,0.019252434,0.02768564,0.09419357,0.073987246,0.09559127,0.086499035,0.092053816,0.06598118,0.09384698,0.07908917,0.08286461,0.0134232305,0.010360918,0.013282177,0.012794573,0.01498923,0.014610275,0.01579024
L_FOP2_ROI,Left,295,0.067474715,0.11123813,0.09353077,0.11785372,0.06465071,0.11348606,0.08460916,0.11972805,0.013131087,0.02594054,0.01873572,0.022687618,0.011616497,0.027041623,0.016704235,0.022122536,0.10910522,0.06480147,0.113320716,0.094216816,0.11934114,0.06151788,0.11040334,0.085128024,0.117193185,0.007703587,0.009518346,0.007851235,0.013369725,0.016058493,0.0074640135,0.013987679,0.1136992,0.15240845,0.1433978,0.16276589,0.10153925,0.14983012,0.12641095,0.15768865,0.02863863,0.04954189,0.039311763,0.042690016,0.024505945,0.04688897,0.035065237,0.039362673,0.1152172,0.094701126,0.121702515,0.117188424,0.12505306,0.082165666,0.121368565,0.102549665,0.11832877,0.02900249,0.01926191,0.027325364,0.02399396,0.021904277,0.022394272,0.017166631,0.11883366,0.15306544,0.14750722,0.1539428,0.10575842,0.15085422,0.12572385,0.15287377,0.02632892,0.035406284,0.032968577,0.035468902,0.022033017,0.034396086,0.027444435,0.0335966,0.06256805,0.07631219,0.06225878,0.09334489,0.084465876,0.06398876,0.06824719,0.07743514,0.08237272,0.015200402,0.01196082,0.012983054,0.015625257,0.015317901,0.012597277,0.012162791
L_FOP3_ROI,Left,294,0.058239784,0.09733333,0.07618972,0.11229326,0.053680357,0.11418247,0.075840764,0.11580775,0.011427728,0.016257342,0.013848923,0.021757156,0.01053191,0.019925807,0.013982023,0.018346295,0.09745223,0.055205256,0.1005165,0.078182146,0.12282601,0.052783664,0.11399696,0.076355465,0.12766616,0.0062624877,0.009412805,0.006870397,0.01083032,0.010900776,0.011003228,0.011295192,0.10587439,0.13264528,0.1326744,0.16079262,0.096727476,0.14015552,0.12472036,0.15376289,0.026946463,0.033521026,0.034854084,0.040508565,0.022432473,0.035364386,0.030317996,0.0348062,0.105643146,0.08656348,0.10845522,0.10562719,0.13164933,0.07762025,0.12098089,0.09735233,0.1297125,0.015053873,0.017975854,0.014088882,0.022380456,0.022969302,0.014931253,0.019729892,0.111687705,0.13132977,0.13697937,0.14906561,0.10090941,0.12894332,0.12734044,0.14129958,0.026143864,0.02355325,0.031444125,0.03313772,0.021746676,0.0253826,0.026385996,0.030317036,0.09519395,0.07760059,0.09055085,0.09353065,0.09744018,0.07026472,0.09343153,0.08655597,0.0970845,0.019384386,0.019606667,0.01946871,0.023321856,0.023825353,0.021674298,0.021883981
L_FOP4_ROI,Left,288,0.13616085,0.18531416,0.17346622,0.20123006,0.12758541,0.1817282,0.16331457,0.20178382,0.031062922,0.050665278,0.039753176,0.047831,0.028177856,0.04714819,0.036631115,0.04389406,0.16741124,0.11501047,0.16855788,0.1533655,0.18305013,0.11048484,0.16299666,0.14332543,0.18434593,0.04140825,0.027318796,0.04100884,0.04312181,0.05025041,0.039550845,0.047850315,0.17189741,0.20997304,0.2047663,0.22553413,0.15959285,0.20163877,0.19445707,0.21832514,0.04514382,0.055404786,0.05457408,0.0601418,0.040693942,0.053227525,0.051434938,0.056688793,0.17004545,0.13094772,0.17064817,0.15659606,0.17545436,0.12301957,0.16441229,0.14869355,0.16974619,0.031589836,0.028715672,0.032638848,0.032533113,0.04156035,0.03302828,0.03965659,0.1569862,0.19296415,0.17263365,0.1852064,0.14613506,0.18645407,0.16567221,0.17739974,0.03548088,0.040793926,0.037339557,0.041714884,0.030916292,0.04060445,0.034444988,0.039668802,0.13054729,0.10815429,0.13080667,0.1199133,0.124733575,0.10208023,0.12764624,0.11557908,0.119244926,0.020474091,0.022429598,0.018318366,0.02521193,0.025796743,0.018196825,0.023845805
L_FOP5_ROI,Left,349,0.13307899,0.16239133,0.16671556,0.19079138,0.123563714,0.16093893,0.15593915,0.18290883,0.040565945,0.05362683,0.0506775,0.059423186,0.035448108,0.04844541,0.044691112,0.05418905,0.16017415,0.10518122,0.15883194,0.14468168,0.1734285,0.09893024,0.15619893,0.1339108,0.16571744,0.052981142,0.032159925,0.04896409,0.058276054,0.07681494,0.045005802,0.07137991,0.14862859,0.13972996,0.18089665,0.19247961,0.13639347,0.13713287,0.16745925,0.18236415,0.0488837,0.05558039,0.062392823,0.06817737,0.041409753,0.0508511,0.053155567,0.062230803,0.11351,0.109942384,0.10923289,0.13088198,0.14557695,0.099642806,0.107169494,0.11960287,0.13526754,0.036669422,0.020462662,0.035827514,0.024001013,0.046144895,0.03263259,0.042443737,0.11909811,0.099323064,0.13229093,0.12856574,0.106501624,0.09419698,0.12043452,0.12310445,0.03158393,0.041702155,0.036308948,0.04373056,0.026092399,0.037788425,0.029664455,0.039531313,0.056489695,0.08829385,0.050080188,0.09646892,0.0858256,0.078766435,0.047631916,0.08753148,0.08045535,0.019644706,0.025401697,0.01710402,0.029214734,0.028038543,0.015741624,0.025590006
L_FST_ROI,Left,337,0.121365674,0.15335774,0.13480452,0.14007103,0.11370348,0.15384792,0.12640837,0.13935876,0.013181543,0.050314214,0.018089537,0.030282687,0.012854895,0.049861625,0.017483281,0.029571716,0.09380829,0.092341036,0.091782466,0.09576466,0.09630713,0.087874435,0.08862428,0.09198875,0.0962047,0.041937765,0.009409043,0.043106142,0.007492213,0.019084735,0.044498272,0.016154777,0.20252764,0.17508988,0.21270034,0.20131628,0.17877686,0.16687977,0.19050272,0.1927819,0.053570766,0.05400158,0.05843327,0.060875714,0.04238721,0.05373996,0.048912622,0.056902345,0.11469444,0.15177907,0.105381235,0.15548098,0.13914558,0.13407636,0.09611028,0.14061725,0.12917767,0.053945776,0.047276445,0.054891568,0.048967954,0.05154509,0.05615563,0.045272082,0.1975829,0.13938355,0.20304802,0.18376127,0.17116846,0.12580289,0.17916717,0.16964972,0.06489419,0.053320937,0.068051755,0.06490364,0.051485766,0.049401272,0.056493264,0.059965823,0.07995002,0.13816226,0.0650614,0.14001653,0.121379845,0.118741885,0.055777762,0.12436283,0.10950997,0.052629754,0.057517882,0.051945865,0.063082635,0.058271285,0.05251878,0.054791432
L_H_ROI,Left,300,0.05699609,0.15054275,0.08873652,0.12428403,0.057731047,0.15039769,0.08690222,0.124649994,0.008681916,0.03922624,0.016173184,0.030375034,0.010169821,0.039714452,0.016841946,0.029059373,0.11944986,0.050413925,0.11438727,0.07845475,0.08733805,0.05097545,0.11678984,0.075583085,0.09384188,0.008206931,0.0032932912,0.009998651,0.004280432,-0.0064209765,0.014913116,-0.0016942485,0.08646261,0.17277169,0.12718204,0.16314134,0.08323651,0.1721711,0.12283873,0.1592469,0.023601392,0.056360964,0.03945818,0.056067336,0.022405464,0.053013902,0.036810867,0.052635863,0.12728289,0.0572775,0.12183901,0.09062623,0.11000714,0.05431889,0.120380074,0.08670468,0.10695044,0.017349552,8.3696046e-05,0.015269685,0.0073100384,0.0055483063,0.010591628,0.002532238,0.09224583,0.17492351,0.13316295,0.16604379,0.084258035,0.16753182,0.12401687,0.15834926,0.027068313,0.06238348,0.042426925,0.06044541,0.02446742,0.060371634,0.037866537,0.058264688,0.11663186,0.046096504,0.1155248,0.07498185,0.10327175,0.03943332,0.10675029,0.06582583,0.09436666,0.02316752,-0.00414259,0.020781606,0.0039420086,0.014962361,0.017696258,0.011081273
L_IFJa_ROI,Left,259,0.1964675,0.20832863,0.2326896,0.25676623,0.17271881,0.20129904,0.2064376,0.23668566,0.102930896,0.12653258,0.1231494,0.14249302,0.08148499,0.11117018,0.09944593,0.12231862,0.2195796,0.2078546,0.21824242,0.25096825,0.2750681,0.17535913,0.20726871,0.21392593,0.25724152,0.14679731,0.12089591,0.14238109,0.15102042,0.16918099,0.12588438,0.15122244,0.20904659,0.18311486,0.23624061,0.24543642,0.18291198,0.18119156,0.20835604,0.22823715,0.10274506,0.10449069,0.12360359,0.13242391,0.08146937,0.09179176,0.098566964,0.11618961,0.17073421,0.18518244,0.1715977,0.2105112,0.22150578,0.15850516,0.16699563,0.18071651,0.20687905,0.09476524,0.09642179,0.091792814,0.10864902,0.121731564,0.07974593,0.108925894,0.15290429,0.14182927,0.16169062,0.16696186,0.13389494,0.14239745,0.14420438,0.16124855,0.047056105,0.062341377,0.053904794,0.06288689,0.036446296,0.05601329,0.042305794,0.054931644,0.1091028,0.103935,0.109228484,0.11016571,0.11254461,0.09254112,0.10325336,0.09761573,0.10943621,0.037634026,0.022879364,0.036297705,0.028816132,0.040396962,0.032664955,0.036148492
L_IFJp_ROI,Left,260,0.11033238,0.13259788,0.12996703,0.14863148,0.10443648,0.13390373,0.11929821,0.14068544,0.016395437,0.023226807,0.017119007,0.01682448,0.013638685,0.025587507,0.013892554,0.01574392,0.13208869,0.10340934,0.1284902,0.12691231,0.14680806,0.097949766,0.11975944,0.117536865,0.1423909,0.030580476,0.016402321,0.032838922,0.02641221,0.03863433,0.033745915,0.035982553,0.14269446,0.12811099,0.16113578,0.1723709,0.12944981,0.12581159,0.14836285,0.16016385,0.031640377,0.027044013,0.036720168,0.037490074,0.023314545,0.02555558,0.027808566,0.031039633,0.10655329,0.1154166,0.09952152,0.12933438,0.13336702,0.10228405,0.092381135,0.114857465,0.12137321,0.02525732,0.020077044,0.023302417,0.02198811,0.030979719,0.019623691,0.025386479,0.12287612,0.098655865,0.13465618,0.13592732,0.10861344,0.096551225,0.12604882,0.13204663,0.028353661,0.03179508,0.032832436,0.03390969,0.020524448,0.028416181,0.024939343,0.027628265,0.06928776,0.09101979,0.062255077,0.09902505,0.09433314,0.07536703,0.0565263,0.08556477,0.0868179,0.019795569,0.016523192,0.016961023,0.020099308,0.018055985,0.013189063,0.013311302
L_IFSa_ROI,Left,262,0.15878491,0.18536398,0.1853523,0.20094997,0.14878094,0.18379688,0.17584579,0.2011306,0.0381431,0.044429276,0.04347888,0.049897525,0.032788802,0.04369258,0.03851705,0.047173295,0.14061713,0.13543192,0.14815764,0.15851271,0.16938742,0.12609054,0.14643012,0.14797369,0.16927476,0.04097548,0.035596445,0.043968886,0.041051976,0.045615133,0.04488749,0.04540101,0.195884,0.18445599,0.21319132,0.2157743,0.1791847,0.1787832,0.19992717,0.20804483,0.059197728,0.046651967,0.06987398,0.06979852,0.049568962,0.043560814,0.060616817,0.06333888,0.12634584,0.15306377,0.13244173,0.16547354,0.16122489,0.13955006,0.13219345,0.1546192,0.1549526,0.05116569,0.04242392,0.048996534,0.048921946,0.05294513,0.045583814,0.048479848,0.1685935,0.14937651,0.17496145,0.17212243,0.15350533,0.14242002,0.16205204,0.16319297,0.04884456,0.048707094,0.05151787,0.05518599,0.04042617,0.04472372,0.04400489,0.049574744,0.07806152,0.1100925,0.08655757,0.1129943,0.10332878,0.09922983,0.08695955,0.1049774,0.09863359,0.031953126,0.019007556,0.030171193,0.022441018,0.025792986,0.026760716,0.022286667
L_IFSp_ROI,Left,261,0.20147277,0.23493937,0.24524696,0.27888346,0.18531753,0.23152359,0.22685178,0.26173693,0.10504134,0.12806308,0.12801597,0.15332435,0.08814754,0.115277186,0.110365026,0.13910949,0.23512651,0.19367264,0.24073336,0.24248321,0.27326077,0.17382126,0.23270231,0.21687585,0.26167703,0.13293426,0.104568705,0.12995017,0.1350778,0.156512,0.11978343,0.14350083,0.2101535,0.2051257,0.24131098,0.25505474,0.1903421,0.20430191,0.22040404,0.23668364,0.105465055,0.09930205,0.12757856,0.13367377,0.08905156,0.08763699,0.11009659,0.12101966,0.18142451,0.17632508,0.18625481,0.20416115,0.21619363,0.15898551,0.18279535,0.18322897,0.20356216,0.0936451,0.09006512,0.09059251,0.103222124,0.11739158,0.08118732,0.10625069,0.15036117,0.14356649,0.15693963,0.16007681,0.13491619,0.13969146,0.14257397,0.15184413,0.052441467,0.055094827,0.055820502,0.06291908,0.04279475,0.0475378,0.046998028,0.05564343,0.10870753,0.10405757,0.110288344,0.10773922,0.105396815,0.09711127,0.10429108,0.10009838,0.10179351,0.04480213,0.032403976,0.0421059,0.036209557,0.04447205,0.036480583,0.04102154
L_IP0_ROI,Left,326,0.10043457,0.09953648,0.106777795,0.111359596,0.09719558,0.09455532,0.10002394,0.10519115,0.009409427,0.019597601,0.007921028,0.012396735,0.009397252,0.020505054,0.00883338,0.011390293,0.08194704,0.093986094,0.082109004,0.09443706,0.09690762,0.08928413,0.07352039,0.08749789,0.0878108,0.025160372,0.021965493,0.028210904,0.013807682,0.012712037,0.02944053,0.010874494,0.15564786,0.12316517,0.16106045,0.15384597,0.1371423,0.11207775,0.14120759,0.13659786,0.03228214,0.03229758,0.033784494,0.036533125,0.025803717,0.031063871,0.027429497,0.03192666,0.110842355,0.15002753,0.104039185,0.15278986,0.12799229,0.12416829,0.08916365,0.12668145,0.10825295,0.0403617,0.0446825,0.03966203,0.049070887,0.042142507,0.036248926,0.036655635,0.1551958,0.11070171,0.15921544,0.14965793,0.12991622,0.097938955,0.13428642,0.12865683,0.03680158,0.040161792,0.040101983,0.041495446,0.027246745,0.038517203,0.02953389,0.037010487,0.09783444,0.122200884,0.08879507,0.12438789,0.107930146,0.094453014,0.076239415,0.09720116,0.08960029,0.032901708,0.016973587,0.032311656,0.021806903,0.026805745,0.029664066,0.025189484
L_IP1_ROI,Left,325,0.12542583,0.1531823,0.15139093,0.16386306,0.12333707,0.15186408,0.14820626,0.16122174,0.029598227,0.03758755,0.035486005,0.045386173,0.029737253,0.0387145,0.03491699,0.045053925,0.1385231,0.12875368,0.14001632,0.14809914,0.15191099,0.12757553,0.13477339,0.14463118,0.1510477,0.022998936,0.030452168,0.024002967,0.032679673,0.026634416,0.026441412,0.024729053,0.17900297,0.16373551,0.19344546,0.18405572,0.1692119,0.15998995,0.18411335,0.1779841,0.04765778,0.048858315,0.055953212,0.054832134,0.04395157,0.04903406,0.051391065,0.05334498,0.1261865,0.14953268,0.12830172,0.16282406,0.14687233,0.14095855,0.1266401,0.15515172,0.14234951,0.03226358,0.033293065,0.0323792,0.041662447,0.03181812,0.03202134,0.029519787,0.18022951,0.15390076,0.18736881,0.16920006,0.16752413,0.15184517,0.17412221,0.16620149,0.041938633,0.03537413,0.045349248,0.04219085,0.037116937,0.03608923,0.03994441,0.041259434,0.080140896,0.11311213,0.08530588,0.11839409,0.103621244,0.104199685,0.089779496,0.11043964,0.10237629,0.009605429,0.0084553575,0.010531714,0.011762173,0.0070418636,0.011422293,0.007980101
L_IP2_ROI,Left,324,0.09609996,0.09543591,0.10963929,0.110008,0.093401514,0.10362326,0.105362095,0.11680783,0.011111749,0.025628109,0.013103534,0.015316171,0.011602596,0.027683022,0.013762278,0.017712131,0.105434455,0.09512055,0.11223026,0.11023769,0.12830374,0.09480767,0.11180855,0.10926539,0.13386779,0.012313443,0.011098236,0.01472962,0.011721906,0.005719535,0.015061322,0.008166178,0.14266302,0.115876816,0.1519981,0.14173076,0.13912559,0.11814785,0.14536548,0.14197895,0.024608348,0.03250867,0.029285002,0.029165162,0.02420766,0.032023847,0.028769286,0.029472837,0.0983571,0.122187875,0.10305999,0.12994981,0.1234896,0.119004935,0.10138733,0.12616529,0.12188606,0.021230787,0.015616983,0.021788418,0.01835292,0.010559843,0.01910198,0.012091909,0.1436261,0.104033574,0.15149303,0.12755284,0.13941139,0.10241087,0.14577313,0.12914433,0.026117068,0.022680786,0.028014041,0.025832063,0.02480331,0.02136168,0.026019098,0.025592284,0.06914795,0.10188115,0.071590915,0.107246324,0.087871015,0.09782035,0.070083916,0.10330855,0.085820206,0.012842011,0.015001865,0.010433881,0.017421614,0.012456951,0.00857667,0.011766204
L_IPS1_ROI,Left,197,0.111498475,0.14538099,0.12640508,0.13035886,0.099570915,0.14468035,0.1121968,0.11825832,0.0128242355,0.020291911,0.014068834,0.019805549,0.011836163,0.02337578,0.01378359,0.01663147,0.11082095,0.10349272,0.106051385,0.11366642,0.11289332,0.096506104,0.100224175,0.106417194,0.107871346,0.022500843,0.017707122,0.023381665,0.017306399,0.023775829,0.026320223,0.019340942,0.17468676,0.16378191,0.18424095,0.17290427,0.14916497,0.15795192,0.15732989,0.15280245,0.049765892,0.04666787,0.050493658,0.052319944,0.038980965,0.046209525,0.041264832,0.045701846,0.12004397,0.14396594,0.11132162,0.14971577,0.13542283,0.12195805,0.100950934,0.12701315,0.118302956,0.04109021,0.04325925,0.040799487,0.04385503,0.045408163,0.040898945,0.03848362,0.18007849,0.14981067,0.18346143,0.1738113,0.15270807,0.14183402,0.1560164,0.15650594,0.054215495,0.047800813,0.056459166,0.055031452,0.041559502,0.046174034,0.044052195,0.049058396,0.09440863,0.12621891,0.08297332,0.12751646,0.11687269,0.10408973,0.07289483,0.105729155,0.10042047,0.03298113,0.03312499,0.03233009,0.035763897,0.035235066,0.032593694,0.030109437
L_Ig_ROI,Left,348,0.051364,0.109144874,0.07748247,0.11666918,0.045886282,0.105078265,0.07502038,0.110395625,0.017228499,0.026267232,0.027356984,0.036936823,0.013816439,0.025413785,0.02455711,0.032207247,0.108702466,0.052988555,0.10153984,0.079806454,0.120619304,0.045227792,0.092386134,0.075692885,0.11395895,0.017815368,0.017423252,0.016742425,0.023705902,0.02682747,0.014417746,0.023692645,0.08359659,0.15288614,0.11949758,0.1530868,0.07324416,0.14480056,0.107425265,0.1393624,0.027891576,0.046262674,0.043312315,0.05371296,0.022170227,0.041933663,0.03666006,0.04675061,0.12726425,0.069185555,0.12305205,0.096405394,0.12383455,0.059783615,0.11436749,0.08749437,0.11523323,0.028758379,0.022793222,0.02381628,0.033682033,0.032838274,0.020181162,0.028676037,0.08461811,0.15031368,0.11949974,0.14381601,0.0738362,0.14171572,0.105169415,0.13767546,0.020102218,0.028757436,0.028413119,0.032811526,0.015618654,0.027809383,0.022618456,0.029335933,0.10571808,0.05506426,0.101535454,0.077903815,0.08996801,0.047672633,0.09127747,0.068306305,0.08921402,0.013036213,0.010801314,0.00901324,0.015242951,0.014811037,0.005927804,0.013210298
L_LBelt_ROI,Left,354,0.10981943,0.12060666,0.12732899,0.1518338,0.09012751,0.114522494,0.10340499,0.12821358,0.04772831,0.067424394,0.055556186,0.06639161,0.036138874,0.061923116,0.042440813,0.057392128,0.17755102,0.13597967,0.16544019,0.16377936,0.19571985,0.10734334,0.15115684,0.12707782,0.16436924,0.08476292,0.07219771,0.08131382,0.090494685,0.10596329,0.073999874,0.08975738,0.09936077,0.094276786,0.115239404,0.12994882,0.08319574,0.08752019,0.09609381,0.10480478,0.038651284,0.053425707,0.047228076,0.0589198,0.029759852,0.048424743,0.037064243,0.049284197,0.11835738,0.10551573,0.111798905,0.123388916,0.14319599,0.08583224,0.101839006,0.09920412,0.11434034,0.049376678,0.03909636,0.047481477,0.042798907,0.06259118,0.042834308,0.0542559,0.055490978,0.05432583,0.060048725,0.06240645,0.049040794,0.049073454,0.0551958,0.051520437,0.009422043,0.019181067,0.011621018,0.014985202,0.0073419674,0.017730119,0.009311564,0.013736965,0.03811984,0.046762813,0.04074926,0.048673715,0.043562382,0.042156193,0.036724515,0.045181833,0.033594597,0.0010463507,0.0070518963,0.0005170562,0.008035957,0.0054586,0.00021881005,0.0047281864
L_LIPd_ROI,Left,275,0.09515545,0.07830841,0.10113255,0.10365117,0.089680016,0.07848741,0.094715014,0.10156977,0.013481926,0.017946845,0.013217282,0.012104289,0.010265165,0.018539935,0.009339347,0.011467445,0.06224392,0.09114045,0.06651801,0.09525895,0.10660852,0.0855553,0.074841276,0.08902675,0.10440816,0.0015734825,0.01619233,0.0066658356,0.011177393,0.00825493,0.014075106,0.008222091,0.14655484,0.116183616,0.15398595,0.15031335,0.12941052,0.11016845,0.1372207,0.1390062,0.03706718,0.033623453,0.043472204,0.04275639,0.028585443,0.027754078,0.03436497,0.039164282,0.08498056,0.11714423,0.087165825,0.12522447,0.11709966,0.101098396,0.093265705,0.10869464,0.10745808,0.021183869,0.023664696,0.022212787,0.027974464,0.020120975,0.021817068,0.016818492,0.14115605,0.11782491,0.1521723,0.14266536,0.12308347,0.10912335,0.1327702,0.13079323,0.038773984,0.04318907,0.043355238,0.043570455,0.029690314,0.038551867,0.033688128,0.039697945,0.072697945,0.0892426,0.07619684,0.095469534,0.083088756,0.07317157,0.07796859,0.078864045,0.07550562,0.016716745,0.007324317,0.0163542,0.011918381,0.011676481,0.013814282,0.012748629
L_LIPv_ROI,Left,228,0.086013384,0.078840114,0.09363906,0.097808175,0.07522655,0.06959965,0.081495374,0.09009611,0.009939048,0.013904081,0.011862665,0.015083215,0.008130535,0.013452902,0.009331317,0.012374214,0.09969595,0.0807336,0.08917345,0.08847593,0.09706706,0.07102019,0.07986546,0.07946589,0.09444184,0.017202787,0.010196395,0.016951585,0.011190202,0.015780987,0.01654437,0.012691989,0.15166245,0.107525006,0.15670238,0.14607956,0.12428612,0.09605361,0.1309228,0.1274663,0.038200576,0.027296368,0.041166108,0.036871295,0.02720451,0.02471632,0.029646156,0.031393375,0.124081805,0.13319348,0.11198641,0.13697098,0.13186009,0.11023049,0.10218532,0.11563338,0.11870252,0.027308878,0.029352399,0.02603981,0.029977681,0.027506277,0.02385174,0.022659015,0.15476978,0.1151762,0.15706748,0.13862735,0.1256354,0.10427403,0.12845345,0.11996956,0.04113293,0.026096568,0.04327304,0.038345817,0.02829801,0.022518413,0.030790465,0.032459643,0.11942719,0.12428482,0.109191954,0.12663622,0.11300017,0.10180641,0.09756343,0.104595594,0.098213136,0.024056591,0.025858339,0.022069884,0.027863873,0.024981324,0.01994238,0.021376597
L_LO1_ROI,Left,200,0.09348776,0.12469521,0.10707015,0.1145738,0.08601187,0.12308456,0.099595256,0.11716656,0.019556267,0.056398436,0.023878075,0.035240024,0.017604042,0.0524631,0.021329636,0.033367112,0.12296392,0.07477471,0.12534177,0.08638884,0.107431374,0.06797236,0.11882175,0.07873021,0.104668066,0.049468614,0.017832236,0.05254915,0.024043936,0.038940553,0.0514376,0.03549501,0.18360169,0.16092077,0.19129524,0.17693575,0.15142483,0.1471961,0.16226101,0.16500644,0.06661566,0.071502216,0.07238654,0.07069999,0.04969393,0.06530687,0.056630887,0.06438297,0.15155663,0.16127336,0.14076905,0.16594067,0.15122397,0.13214579,0.1253582,0.13783847,0.13701053,0.06200429,0.059182324,0.065757066,0.06068611,0.06444564,0.060680795,0.05505024,0.1995063,0.15002646,0.20452781,0.18189618,0.1605764,0.13161054,0.16870466,0.15943968,0.081028245,0.06255533,0.08367225,0.07417801,0.06068181,0.055562284,0.065463565,0.06569884,0.13506693,0.17017405,0.12308871,0.17159763,0.1469913,0.13862137,0.104734816,0.14173333,0.13043392,0.0610405,0.079469964,0.06373352,0.08097728,0.0687895,0.056903724,0.06332903
L_LO2_ROI,Left,201,0.10287727,0.11533288,0.12021526,0.13281459,0.095244415,0.12107039,0.11024429,0.12457429,0.02460304,0.038245015,0.029814154,0.036579944,0.023477705,0.037141472,0.027211867,0.034280285,0.103740096,0.089764945,0.10630247,0.0994285,0.117855504,0.08383339,0.108788475,0.094036214,0.11720241,0.043454316,0.016517388,0.042318966,0.018060016,0.031959243,0.042845406,0.030351283,0.20357229,0.17123875,0.21284066,0.20278324,0.17053255,0.16965556,0.18318152,0.18128712,0.08431179,0.07681158,0.091687866,0.086822025,0.06625525,0.07464623,0.074569404,0.078831784,0.14078528,0.17355356,0.13721049,0.1782789,0.16279472,0.14791764,0.13223135,0.15606366,0.15276659,0.055787668,0.067033045,0.055316422,0.07061889,0.06395478,0.053412683,0.06021325,0.2199613,0.17641997,0.22298983,0.19649021,0.17846087,0.16794862,0.18709567,0.177317,0.09508897,0.085770875,0.09887223,0.09187364,0.07394764,0.08358444,0.07966583,0.083520405,0.13690874,0.17048465,0.13393487,0.170995,0.15157467,0.14281744,0.13066876,0.14824538,0.13775899,0.07105093,0.07741729,0.07047396,0.08210755,0.0779025,0.06680112,0.07275144
L_LO3_ROI,Left,339,0.09938295,0.1043724,0.113847956,0.11719225,0.09352577,0.107166335,0.10630867,0.113835454,0.03453107,0.0647481,0.041717794,0.058571767,0.030372964,0.061277498,0.036051765,0.05143524,0.10610902,0.08817845,0.11277115,0.098507285,0.111624055,0.082668334,0.114899054,0.09312519,0.11041399,0.059213404,0.028033864,0.06729473,0.034973312,0.04926329,0.06654357,0.045174833,0.21027069,0.15437539,0.21694954,0.19113116,0.17294781,0.14038263,0.183015,0.16935591,0.095307305,0.08987606,0.09944465,0.09904292,0.07295342,0.08265518,0.0791244,0.08519971,0.14368412,0.18887953,0.13637464,0.19067001,0.16678168,0.15665151,0.12821148,0.16234194,0.1524223,0.0771695,0.08073131,0.08292432,0.08072344,0.08244422,0.08091565,0.071019225,0.23796135,0.17594604,0.24125652,0.21371497,0.1883944,0.15365815,0.1954653,0.18396804,0.10450934,0.074169755,0.10234366,0.09073259,0.07860257,0.06692466,0.07967941,0.0778295,0.12841198,0.19261041,0.11845303,0.19198424,0.1649671,0.1557601,0.10717571,0.15780325,0.14492968,0.06807462,0.10017638,0.07569833,0.09923931,0.081559636,0.07238721,0.07234717
L_MBelt_ROI,Left,353,0.17604709,0.1710117,0.19421051,0.20195016,0.13906571,0.15574157,0.15376747,0.17053282,0.08298483,0.09664025,0.08669328,0.096830264,0.06155836,0.086215675,0.06618743,0.08298921,0.24950407,0.2093664,0.23891135,0.24251936,0.2638991,0.16072723,0.21169247,0.18631093,0.21633567,0.11560309,0.108943895,0.11160664,0.13081205,0.14579831,0.10166293,0.11919731,0.15926537,0.15627626,0.17922597,0.18324347,0.13295868,0.14187412,0.14976119,0.15289006,0.0679888,0.08148279,0.080435574,0.0924272,0.052524183,0.07234062,0.06335958,0.077805884,0.17309606,0.1562273,0.16625027,0.1774125,0.19518718,0.12493512,0.14740193,0.1436563,0.16034736,0.061006855,0.053271715,0.058189467,0.05744312,0.08286684,0.051766276,0.06808064,0.087278895,0.09555895,0.09501369,0.093785234,0.08134002,0.0873962,0.089454524,0.08107471,0.018480139,0.032022227,0.022253875,0.02849779,0.015020651,0.026960991,0.018756218,0.024957713,0.04733537,0.068328194,0.045670085,0.069549255,0.06371031,0.062006585,0.04041978,0.06685036,0.053741455,0.004493916,0.013990255,0.0022834335,0.015852813,0.013700141,0.00021927501,0.008047991
L_MIP_ROI,Left,230,0.089601874,0.06347912,0.0945273,0.089747444,0.077250846,0.06438271,0.08115895,0.082222156,0.0056629404,0.007938842,0.0055665774,0.006776821,0.004440734,0.009361716,0.0054573473,0.0061206887,0.060352948,0.093825236,0.06405352,0.09564148,0.084857605,0.08259345,0.06695795,0.08575595,0.078830466,0.0072514936,0.010708617,0.010707579,0.0069589065,0.004076332,0.013713099,0.00347244,0.13597128,0.10426903,0.13980186,0.14264762,0.117761396,0.10227248,0.12146668,0.12553401,0.022424953,0.013855339,0.023911728,0.024968581,0.018117074,0.012931158,0.0200374,0.021829132,0.08967601,0.12753895,0.08937067,0.12888338,0.11741194,0.107536435,0.08773559,0.11007203,0.10250804,0.010039324,0.026267448,0.010444192,0.028679227,0.019899918,0.0129286945,0.015647009,0.13440686,0.1064001,0.1369881,0.13526025,0.11854699,0.10307182,0.121869825,0.12237138,0.025181968,0.021967834,0.0267231,0.027560825,0.019364122,0.01918192,0.020843849,0.024242308,0.08074857,0.105823226,0.080620475,0.105905294,0.09263037,0.08973155,0.07467478,0.090877965,0.0827039,0.012128117,0.013427518,0.009917042,0.014766728,0.014377312,0.00867374,0.012821862
L_MI_ROI,Left,289,0.105871804,0.17288391,0.14183189,0.18105806,0.09723796,0.17269866,0.1347617,0.18182366,0.027384311,0.048681565,0.038872767,0.049561076,0.022622729,0.04911983,0.034139924,0.046758994,0.16071118,0.09748763,0.16252767,0.13178708,0.16568354,0.0908469,0.16281468,0.12646997,0.16932341,0.03196079,0.023531778,0.033258464,0.033476006,0.036883023,0.035171088,0.03611042,0.16053583,0.19519478,0.19537619,0.21462396,0.14854008,0.19205315,0.1870121,0.21096903,0.048791826,0.0561343,0.06511353,0.06836481,0.04168314,0.054434456,0.05755173,0.06482332,0.1635871,0.13349926,0.1671956,0.16004495,0.17488338,0.12333657,0.1662813,0.1523246,0.17103937,0.036085468,0.03609707,0.036385328,0.04511625,0.043557577,0.034987982,0.042367917,0.15565185,0.17229946,0.1777273,0.17827071,0.14531441,0.16742662,0.1706994,0.17464988,0.03963507,0.037421048,0.04544163,0.04864521,0.035326123,0.036225352,0.04056181,0.047090583,0.1346604,0.11375236,0.13885106,0.12992765,0.13214494,0.10686469,0.13844056,0.12543236,0.1274825,0.025391843,0.025918778,0.02578265,0.030313103,0.031653613,0.02456075,0.03069414
L_MST_ROI,Left,182,0.09844337,0.08711626,0.111501865,0.12368894,0.09402852,0.07857538,0.107053824,0.11339586,0.020784272,0.043376148,0.026189808,0.036988594,0.020593164,0.036770776,0.024953682,0.0333321,0.10826065,0.09370529,0.105636105,0.102900855,0.12279607,0.08924008,0.09728183,0.101030044,0.11642908,0.045504153,0.017501876,0.04498494,0.021740306,0.036401577,0.038916107,0.032854345,0.17135286,0.11492141,0.18066034,0.16077234,0.14248508,0.09342628,0.15468347,0.13678195,0.06165182,0.059780937,0.06919811,0.06425286,0.047832914,0.053590115,0.055585418,0.056846447,0.12825264,0.16159391,0.12280119,0.16886927,0.1521406,0.1366621,0.10880732,0.14638397,0.13461071,0.06327242,0.05219468,0.06478097,0.054037325,0.059041146,0.057570126,0.054028206,0.1754509,0.107729964,0.18158421,0.14423607,0.13756794,0.079862654,0.14445446,0.120335944,0.066509984,0.044491556,0.0693028,0.05850217,0.050215546,0.037174884,0.053481817,0.05006653,0.10122348,0.14833178,0.09437466,0.15435205,0.12511851,0.12045931,0.079072244,0.12653996,0.10471927,0.04783165,0.05537209,0.049654335,0.059923027,0.05444071,0.04507113,0.049440496
L_MT_ROI,Left,203,0.06402621,0.020227866,0.06695313,0.0562875,0.057187647,0.017011233,0.05948352,0.051979624,0.0056763184,0.011291652,0.005973796,0.008372872,0.0046789297,0.009319057,0.005124853,0.0067659607,0.016827112,0.054387577,0.016516097,0.049342114,0.041596238,0.051450785,0.01299216,0.046274867,0.038456216,0.020089343,-2.0940168e-05,0.020737521,-0.00302285,0.0015097598,0.020664798,-0.00085128966,0.12692143,0.056273453,0.13199979,0.10797434,0.10746484,0.049907856,0.111804485,0.09463603,0.036544174,0.036537297,0.038478054,0.03881072,0.02992463,0.036223732,0.032348234,0.033873294,0.06010771,0.12666792,0.0582773,0.12829942,0.10602633,0.10870977,0.049150795,0.11052114,0.09621938,0.041764177,0.041328005,0.039353177,0.040326007,0.03883865,0.035914734,0.03305304,0.14221412,0.0981982,0.15141894,0.13623688,0.1190626,0.095370874,0.12736048,0.12362321,0.038667228,0.029051315,0.040772676,0.036065705,0.030387256,0.02870253,0.03266394,0.031691816,0.07376385,0.12308268,0.07459268,0.12716196,0.112422,0.10284256,0.06847066,0.10725199,0.10168801,0.031726036,0.050304677,0.035393033,0.05049468,0.037054595,0.034808025,0.03525106
L_OFC_ROI,Left,273,0.061206136,0.1397076,0.09261109,0.1327367,0.059097104,0.13956808,0.090662606,0.13615583,0.009900211,0.041324895,0.016360266,0.027227882,0.009476455,0.0372963,0.014656112,0.02747959,0.12488805,0.039257523,0.12756762,0.06713071,0.10557956,0.03633148,0.121592775,0.063046515,0.108512335,0.038300287,0.0059261993,0.036806017,0.013491338,0.022531837,0.033905547,0.023298744,0.08698261,0.18113896,0.12600712,0.17223561,0.08623307,0.1840414,0.12558924,0.1779369,0.016391603,0.0466966,0.025477793,0.036344085,0.015283669,0.046252187,0.023879975,0.03698331,0.13598321,0.051997814,0.13836126,0.08081382,0.12837411,0.050006635,0.13810314,0.07938712,0.1281451,0.032989733,0.0056306007,0.03155412,0.007671532,0.021040006,0.030495819,0.02203889,0.08699249,0.17964354,0.12292474,0.1660809,0.0852911,0.18576884,0.12221127,0.16809045,0.017289953,0.043920614,0.025400894,0.037697762,0.016639527,0.043954007,0.024107505,0.038556665,0.15541911,0.06494976,0.1553215,0.099965215,0.14170323,0.062396165,0.16187239,0.09757663,0.1402678,0.037679303,0.017278759,0.034021974,0.027061354,0.035702676,0.034004003,0.03736792
L_OP1_ROI,Left,281,0.07966188,0.106649995,0.08853285,0.10491053,0.07199991,0.108287215,0.08320534,0.098268345,0.018830907,0.019468563,0.019630834,0.021994406,0.014069101,0.021304024,0.016090106,0.017281545,0.11343152,0.07482871,0.11453908,0.08806932,0.115230024,0.06371757,0.11003469,0.07646369,0.093867354,0.02389035,0.019115109,0.02243511,0.027107405,0.03511756,0.02150604,0.026401803,0.15020964,0.17468697,0.16760442,0.18022333,0.1347318,0.17260256,0.15387525,0.1666945,0.041529574,0.050395917,0.047356457,0.0522703,0.030589147,0.04866046,0.037007906,0.042957943,0.15633734,0.12800969,0.15891543,0.14086913,0.16014451,0.11186641,0.15335174,0.12407591,0.14112069,0.04030929,0.0276789,0.037867513,0.02873649,0.046133425,0.03419241,0.037201345,0.17074935,0.1914139,0.18900084,0.18905222,0.15322249,0.18741693,0.17343546,0.1809885,0.040360525,0.049902357,0.045679994,0.047841497,0.03155836,0.048843432,0.035808034,0.04236039,0.14926748,0.12412336,0.14990436,0.13658568,0.13631406,0.10931123,0.1423181,0.12205376,0.13009807,0.032077253,0.026546426,0.031986024,0.030376451,0.033745356,0.030215248,0.028889183
L_OP2-3_ROI,Left,282,0.06895646,0.13319536,0.09495259,0.118417144,0.05685717,0.122689754,0.08027344,0.10258878,0.027038816,0.054551326,0.036405854,0.04634443,0.021063788,0.050752614,0.02917138,0.042935133,0.12860511,0.060548168,0.12043887,0.08479733,0.119007096,0.050754458,0.10743915,0.07440717,0.10583264,0.04671964,0.019727346,0.043271348,0.02814463,0.036599733,0.03864964,0.03329829,0.07845741,0.1351485,0.108446665,0.13171864,0.068219826,0.12100241,0.09839802,0.11698686,0.02704922,0.045169022,0.038386736,0.046062652,0.020579696,0.041215383,0.029890135,0.04343838,0.121622995,0.06266571,0.11827768,0.08710553,0.11651646,0.05508162,0.10756789,0.0821052,0.105697796,0.03181174,0.013852777,0.03101477,0.020028893,0.02457561,0.025344925,0.020996038,0.0640043,0.088673964,0.08403671,0.09462698,0.05695677,0.07497967,0.07850387,0.08792777,0.014669918,0.026343908,0.02035846,0.022332441,0.011244448,0.024275076,0.015689583,0.020958554,0.060755398,0.044406544,0.05950401,0.058803815,0.064149864,0.039932955,0.055636574,0.056179617,0.059515055,0.0111691225,0.008183392,0.00912141,0.01348216,0.0085941,0.00578083,0.0060135955
L_OP4_ROI,Left,280,0.16687073,0.17675443,0.19465515,0.20858657,0.14065455,0.17869142,0.16860248,0.19397704,0.06363974,0.04728887,0.06921356,0.067175135,0.046541598,0.048441023,0.050564807,0.057815712,0.17354676,0.13315496,0.17248395,0.16466263,0.19400045,0.111613415,0.16539142,0.13858354,0.17477523,0.053580582,0.04213587,0.054006975,0.061214767,0.07309363,0.052273873,0.06250452,0.19375117,0.21265371,0.22424965,0.24067235,0.16746055,0.20763925,0.19940825,0.22183037,0.06488218,0.056164496,0.07741452,0.079223886,0.048651155,0.0554616,0.058940765,0.068843946,0.17682372,0.15391505,0.17505637,0.17519155,0.19630249,0.13193223,0.16476682,0.15277937,0.17531028,0.033140652,0.024882795,0.03214622,0.027151976,0.048481576,0.030489618,0.04020781,0.15084541,0.16747333,0.16699883,0.17414744,0.13821495,0.16274203,0.15666363,0.16551937,0.028408354,0.032084636,0.032921914,0.037668772,0.022408886,0.03329574,0.0256856,0.03196407,0.12361551,0.11821842,0.124204725,0.12914883,0.12761948,0.105622895,0.1166489,0.117277354,0.11863605,0.018088847,0.015123486,0.01846151,0.019125292,0.024508998,0.019441754,0.019854514
L_PBelt_ROI,Left,304,0.19988874,0.19032188,0.21918893,0.2274517,0.1681796,0.18179701,0.18128873,0.20050351,0.09154946,0.094347365,0.094594486,0.097283855,0.075091004,0.086230695,0.077844605,0.08548772,0.29404828,0.26872516,0.29477838,0.31109765,0.3289925,0.21812235,0.2765903,0.24972728,0.2910049,0.14322937,0.15728535,0.13660046,0.18447198,0.18769218,0.12582876,0.15996969,0.18275338,0.166602,0.20273101,0.20075656,0.15515853,0.15838332,0.17047046,0.17501573,0.07541944,0.07727004,0.08587812,0.09369057,0.06256542,0.07024675,0.071680605,0.08196149,0.1902758,0.18772294,0.19285332,0.21124063,0.22358203,0.15172249,0.17755222,0.17212267,0.1983273,0.07060267,0.07994141,0.06679604,0.083851025,0.10189786,0.061389167,0.09073421,0.103824265,0.0921724,0.10808147,0.10032693,0.089109294,0.08907985,0.095994994,0.090960935,0.021201031,0.034199603,0.024312662,0.032730874,0.016158598,0.029576752,0.019881515,0.028750954,0.03568373,0.069557674,0.03818203,0.070506215,0.05822947,0.06082395,0.032421105,0.06439393,0.051241275,0.010186839,0.01522103,0.0071560354,0.017517634,0.016277045,0.005260245,0.011711082
L_PCV_ROI,Left,207,0.18462637,0.20085679,0.22197893,0.22753644,0.1715751,0.20717612,0.20452185,0.21747445,0.08107989,0.08732912,0.08995838,0.09009677,0.0709675,0.08425744,0.07836678,0.08353562,0.18039334,0.14367177,0.18531263,0.17656493,0.20127288,0.13269714,0.1899649,0.15998253,0.18958592,0.08699681,0.06425154,0.08531184,0.0876113,0.09641005,0.083835825,0.09136872,0.22421098,0.22621424,0.25324115,0.26164144,0.2057881,0.22641543,0.23268172,0.2492142,0.096854836,0.109038584,0.11390052,0.11965667,0.083107926,0.103164054,0.09906369,0.11098606,0.19717324,0.17450759,0.19971755,0.19532678,0.21184528,0.15852368,0.1987665,0.17735459,0.19838203,0.08158857,0.059550423,0.08017414,0.06734323,0.08429288,0.07574617,0.07860357,0.18324755,0.19648682,0.19418092,0.19968726,0.16926216,0.18798433,0.1808709,0.19048381,0.05933044,0.072309025,0.0649485,0.067202635,0.050549023,0.06839205,0.055445474,0.061402775,0.16461743,0.14081633,0.16155955,0.14994988,0.15548323,0.12863813,0.15406035,0.13815261,0.14553016,0.057142235,0.041620973,0.056613922,0.047905177,0.051252373,0.052086346,0.046497643
L_PEF_ROI,Left,191,0.10900814,0.11782964,0.12544644,0.13356917,0.095479995,0.11077166,0.10986708,0.12677966,0.021821244,0.028321961,0.024747208,0.030766223,0.017030656,0.029928071,0.019151853,0.024179164,0.12798226,0.100527875,0.123007044,0.11668171,0.13217033,0.0881249,0.109045096,0.10239906,0.12745522,0.029392669,0.02534854,0.031204853,0.028814035,0.034913298,0.03319332,0.027051585,0.15512474,0.12407957,0.16849028,0.16087586,0.12829657,0.11039512,0.14030828,0.1443129,0.042466436,0.030929174,0.04825658,0.050627407,0.030499147,0.029185547,0.035384893,0.041887786,0.13090616,0.13457274,0.1206822,0.14117657,0.13458343,0.10944461,0.105201796,0.11761238,0.122476235,0.038397048,0.041123983,0.034617994,0.04444547,0.046041146,0.031078842,0.036842566,0.14303397,0.09779627,0.14754428,0.13510047,0.118364826,0.08396873,0.12287407,0.11704551,0.03544953,0.02935246,0.038135976,0.038882937,0.02537195,0.02779798,0.028414842,0.032017503,0.096733615,0.112142526,0.087249994,0.11410647,0.10165692,0.09071189,0.07443882,0.09360954,0.088298246,0.022563126,0.024120523,0.020283522,0.026674764,0.02751192,0.017978802,0.022031475
L_PF_ROI,Left,328,0.1562511,0.1807548,0.1750638,0.19169223,0.15272008,0.18126108,0.17113861,0.19243386,0.028043147,0.04968012,0.032563657,0.040616404,0.024486577,0.048431367,0.028897762,0.039981548,0.17165267,0.13563728,0.17063813,0.15506421,0.18519303,0.13265423,0.16910578,0.1491604,0.18346049,0.03816568,0.022963686,0.038923677,0.031697065,0.03907153,0.038900413,0.03873967,0.218649,0.21582247,0.23177245,0.23297647,0.20818308,0.21247366,0.22156586,0.22658278,0.05501735,0.062280916,0.06483171,0.0674726,0.047603782,0.059663966,0.05780751,0.06465734,0.17744838,0.17591393,0.17584382,0.18535075,0.1946548,0.16725776,0.1726525,0.17660937,0.1870592,0.034720752,0.03424764,0.034621306,0.03837704,0.040741835,0.033122182,0.038021218,0.20264746,0.19348738,0.20916237,0.20167902,0.19257666,0.1897345,0.20033039,0.19762956,0.051235445,0.059534974,0.05595963,0.05971659,0.044268254,0.057637498,0.048966076,0.056176975,0.13793346,0.14831555,0.1370583,0.15275432,0.14781447,0.14028697,0.13601647,0.1452458,0.14266255,0.035998907,0.034657422,0.034322087,0.03755938,0.037705276,0.032505963,0.034663
L_PFcm_ROI,Left,285,0.09742801,0.14934908,0.11731344,0.136145,0.0884985,0.14618368,0.106897645,0.13012342,0.023243709,0.04487001,0.029826492,0.041334663,0.017859586,0.039924543,0.025295181,0.036754433,0.102213725,0.08151129,0.110032074,0.09323878,0.11118068,0.07195564,0.109031454,0.081674755,0.10176344,0.024372365,0.017059715,0.024268566,0.020137696,0.026111733,0.02356633,0.021090971,0.14167623,0.17551398,0.161361,0.17581402,0.12616506,0.17122294,0.14294125,0.15921271,0.041244034,0.05489898,0.04915316,0.056410823,0.030886265,0.0476746,0.03849558,0.049175628,0.1315654,0.1204387,0.14092666,0.13143982,0.14873707,0.1053024,0.14336608,0.11568929,0.13130654,0.033527933,0.02724145,0.031950522,0.030373367,0.03546865,0.029305454,0.02854279,0.13706,0.16890796,0.14997305,0.15753591,0.12058395,0.16316132,0.13272089,0.14448407,0.03939881,0.062356163,0.046734635,0.056165285,0.0314619,0.057693087,0.036727767,0.050359223,0.10285674,0.10029806,0.10811115,0.10660512,0.111199215,0.089048676,0.1093564,0.095213115,0.09720207,0.029173702,0.022132782,0.02688229,0.025690395,0.029291542,0.024836438,0.023361031
L_PFm_ROI,Left,329,0.13552126,0.17323081,0.15872923,0.17974856,0.13967262,0.17263721,0.16159259,0.19255458,0.030855566,0.07190067,0.04130464,0.05686148,0.032929778,0.07009943,0.042578083,0.061381225,0.1564411,0.11316558,0.1550748,0.13525972,0.16060022,0.11569783,0.14860158,0.13627668,0.168298,0.05856381,0.025572304,0.0600692,0.036545,0.04969116,0.058937386,0.05236556,0.17695293,0.18214044,0.19447726,0.20348127,0.18107872,0.18265484,0.19921143,0.21524665,0.050551575,0.07067889,0.060873095,0.06963821,0.053253826,0.07036664,0.063218616,0.07345891,0.14792359,0.14320996,0.1482201,0.1577715,0.1679016,0.14626442,0.14400251,0.16032723,0.17391516,0.05036289,0.03259808,0.052281335,0.0364495,0.04889073,0.0525559,0.051743686,0.1674099,0.16095982,0.17532459,0.17000708,0.16900714,0.16293983,0.17874648,0.18049876,0.04995803,0.063186005,0.0547663,0.06355471,0.050198376,0.06340371,0.054787178,0.06451489,0.11302397,0.12583612,0.118852526,0.13335492,0.13006948,0.1283166,0.120502576,0.13687527,0.13578212,0.047124203,0.042141814,0.04895914,0.04585703,0.051761866,0.050779086,0.052522596
L_PFop_ROI,Left,327,0.12300047,0.15074505,0.15162282,0.16198608,0.11196777,0.1488555,0.13475186,0.15332472,0.018882293,0.03030892,0.024247546,0.029415676,0.0160161,0.028265206,0.019784601,0.025931146,0.13240881,0.11363928,0.13024037,0.14043565,0.15074493,0.10481817,0.13110942,0.12531316,0.14690487,0.015666263,0.018567892,0.016659811,0.024810608,0.02222971,0.017323945,0.022296825,0.1715709,0.19267604,0.19195132,0.20314069,0.15646636,0.1861733,0.17489192,0.19233885,0.03656862,0.036899455,0.046301074,0.047316436,0.030241279,0.033883747,0.03813839,0.043820832,0.14969815,0.14515807,0.15001304,0.16100313,0.16475855,0.13071056,0.15236238,0.14543143,0.15605104,0.025079658,0.02865874,0.023448316,0.03454355,0.030157,0.021214217,0.029023116,0.15960015,0.1778344,0.1710482,0.17295754,0.14516458,0.17536215,0.15640257,0.1704105,0.03213914,0.038793884,0.035688005,0.038769934,0.02621244,0.037234515,0.029438667,0.035453774,0.102174655,0.12159921,0.10787676,0.12971741,0.115631655,0.10868077,0.11329462,0.11596383,0.11394662,0.022129906,0.0261646,0.020318922,0.02883976,0.025486661,0.018690608,0.023280147
L_PFt_ROI,Left,296,0.11516663,0.11846388,0.13231395,0.12991332,0.10612321,0.11055733,0.12226077,0.13018118,0.022181587,0.0336211,0.026996674,0.03025343,0.019530326,0.032413516,0.023845017,0.028518785,0.11487495,0.113667026,0.119356655,0.1343924,0.14033481,0.105545044,0.11412526,0.1272142,0.1415794,0.029551683,0.023899015,0.032597013,0.03512743,0.04156432,0.032221425,0.03955576,0.14563772,0.14618511,0.15625164,0.15504292,0.1324427,0.13668002,0.1440686,0.15254962,0.039570842,0.04863126,0.044973582,0.046774954,0.03304786,0.04478034,0.03969958,0.042028315,0.12778568,0.13751563,0.12592803,0.14748374,0.15211974,0.12475803,0.12095977,0.13593319,0.14430417,0.030742189,0.035425276,0.030766794,0.03821826,0.037509073,0.02729925,0.03304916,0.13770284,0.1536858,0.14500146,0.1454284,0.12583734,0.15034749,0.13312207,0.14125465,0.038399067,0.04894319,0.041251693,0.045935236,0.0333853,0.046974562,0.036511958,0.0420498,0.115641706,0.12270496,0.11607799,0.12941737,0.12765314,0.11089694,0.115012005,0.11845382,0.119549915,0.035068218,0.0377509,0.0342232,0.040099867,0.040300183,0.030391773,0.038065318
L_PGi_ROI,Left,330,0.1407088,0.18248358,0.16955353,0.18362549,0.13869953,0.17414485,0.16554011,0.1851821,0.044860717,0.07921495,0.055417065,0.065712154,0.04242804,0.07480947,0.05247082,0.06618701,0.1466843,0.13098179,0.14719881,0.15409327,0.16111052,0.13109459,0.14206098,0.15309311,0.16428411,0.06421232,0.047126815,0.06381727,0.054582894,0.05361054,0.06126301,0.055964943,0.17114595,0.18927272,0.19345939,0.19837289,0.16895583,0.18119933,0.19200997,0.19699433,0.055566423,0.08422248,0.07036208,0.08418373,0.0515316,0.0798766,0.06647055,0.08241649,0.14333521,0.13393359,0.14223993,0.15262927,0.15705739,0.13316226,0.13820292,0.15250681,0.15517797,0.048008516,0.03972516,0.051032897,0.048607945,0.049396463,0.050745748,0.04830027,0.14837931,0.16261615,0.15610398,0.15577921,0.14750898,0.15607484,0.15748788,0.15612058,0.04248572,0.06833649,0.050566375,0.061324008,0.03797662,0.06337148,0.04623895,0.058607284,0.10374394,0.09389017,0.101115026,0.100579605,0.104648784,0.09294746,0.09815718,0.10114074,0.10205587,0.03406868,0.01607263,0.03376762,0.023113636,0.028640458,0.031133741,0.026957653
L_PGp_ROI,Left,323,0.11506877,0.1058793,0.11995949,0.109728225,0.11147396,0.10793126,0.117748596,0.1096021,0.013362252,0.029352922,0.015424864,0.01610376,0.0128769595,0.031201279,0.015239372,0.01876206,0.09054798,0.107306905,0.09685368,0.111700125,0.114093676,0.103003494,0.098439574,0.107018955,0.110942714,0.01915665,0.02272491,0.024402943,0.02052092,0.020899113,0.026633961,0.021950329,0.17802764,0.12989643,0.17986517,0.15190446,0.16062486,0.12603764,0.16440009,0.14284159,0.049181405,0.048013337,0.055419274,0.053555302,0.04225513,0.04510808,0.048189916,0.05223354,0.1026213,0.15645789,0.10248984,0.15989815,0.1277203,0.13572802,0.100750394,0.14126833,0.11963132,0.04513014,0.053068664,0.046342764,0.05788999,0.046017963,0.043279175,0.043492578,0.16885439,0.13925517,0.17230886,0.15783271,0.14637253,0.12909244,0.14995508,0.1451762,0.05732086,0.060428865,0.06338011,0.06173113,0.047940742,0.05464679,0.05337498,0.059238046,0.060994662,0.11441868,0.058912244,0.1144063,0.08636565,0.09256066,0.054004304,0.09345366,0.08283383,0.033787377,0.027166996,0.03506085,0.032552354,0.028821355,0.030840905,0.03008485
L_PGs_ROI,Left,331,0.15095545,0.17621899,0.17981206,0.19726214,0.15282616,0.17129065,0.17965804,0.19965614,0.041618172,0.06620849,0.049494587,0.06333158,0.041807923,0.06403905,0.049422566,0.064051084,0.15857859,0.1372768,0.15752883,0.15646265,0.16816568,0.13681103,0.15351853,0.15667258,0.17090976,0.054291673,0.03902733,0.0529745,0.045379397,0.045989804,0.051886942,0.046163686,0.20172682,0.1996017,0.21970047,0.22480384,0.1992308,0.18919635,0.21750243,0.22559427,0.060574703,0.074058644,0.06846112,0.079650156,0.058724426,0.071063586,0.06679653,0.07903158,0.18090037,0.1754124,0.17856883,0.18790269,0.19095458,0.17156674,0.17345048,0.18431944,0.18901968,0.043411225,0.038274847,0.04215074,0.04206639,0.045719918,0.040053103,0.044696216,0.19063494,0.18815103,0.19869508,0.19539142,0.18390107,0.17843312,0.1922326,0.19109271,0.054824468,0.051231198,0.056777116,0.059775893,0.051497195,0.05083207,0.05343753,0.05919296,0.16277416,0.14731967,0.16174702,0.1552318,0.15732157,0.14297886,0.15752696,0.15051037,0.15138243,0.03512058,0.0328377,0.035783768,0.035597086,0.03806096,0.035308767,0.037246022
L_PHA1_ROI,Left,306,0.08194418,0.1083673,0.10923985,0.11356677,0.074835666,0.11197091,0.09871525,0.10750176,0.021246279,0.025005706,0.02566398,0.025072785,0.016917584,0.026672686,0.022040637,0.024836175,0.10880038,0.094176225,0.10743623,0.1068945,0.10200011,0.08734349,0.09603098,0.09787795,0.09424054,0.037571575,0.03519327,0.037216656,0.03859733,0.03330898,0.03463119,0.03231493,0.10140743,0.11318728,0.12345098,0.12051404,0.087418854,0.11671863,0.10808155,0.1083234,0.029900007,0.03991601,0.03400156,0.03587192,0.023883,0.03891631,0.027605485,0.03366298,0.13506319,0.14058167,0.13408351,0.15171032,0.13609874,0.11822364,0.122690074,0.12911902,0.12161297,0.051395968,0.051331084,0.050104067,0.058201566,0.05630529,0.047988478,0.04990583,0.094265066,0.10186062,0.10825172,0.11132253,0.07944389,0.09867852,0.09248565,0.10006854,0.028210212,0.043898635,0.03306389,0.03733876,0.02276472,0.041531064,0.026799552,0.037034664,0.13467526,0.11991382,0.13283275,0.12814322,0.12357841,0.09556004,0.11962647,0.10320533,0.10993981,0.04034451,0.029193966,0.04088324,0.034428418,0.03758092,0.03957846,0.033357754
L_PHA2_ROI,Left,335,0.10409796,0.16465878,0.13340956,0.16324021,0.09979933,0.15443067,0.12826899,0.15253997,0.030227276,0.044924468,0.03733162,0.04049206,0.026269926,0.042885598,0.03152854,0.036697946,0.15075117,0.114419624,0.1491178,0.13441943,0.15067878,0.107553855,0.14708683,0.13035756,0.14440356,0.046406828,0.04222772,0.044536196,0.050021112,0.05102293,0.04322216,0.049868237,0.1343168,0.1844312,0.16313994,0.18056975,0.11846978,0.17173164,0.14615537,0.16939615,0.044411436,0.068920195,0.056782376,0.06513501,0.0358862,0.064915,0.046122316,0.059214704,0.19176993,0.16601491,0.18709433,0.18533576,0.1924671,0.14353408,0.17916769,0.16452476,0.17571388,0.06600815,0.061724138,0.06427424,0.07123816,0.07647393,0.062073197,0.07054803,0.12359758,0.15870385,0.14870012,0.15995106,0.10235775,0.14912194,0.12236441,0.15250513,0.035782572,0.05425903,0.044243395,0.05366853,0.027653424,0.049677663,0.033741154,0.048926037,0.18050428,0.14378233,0.17676872,0.15740266,0.16556191,0.1178764,0.16515756,0.13010214,0.14761227,0.045781463,0.044041455,0.044820845,0.049022175,0.049106125,0.042848375,0.04558415
L_PHA3_ROI,Left,307,0.07833041,0.10575677,0.086862005,0.097631544,0.075824365,0.099774726,0.08207048,0.08673192,0.011319792,0.025447913,0.011271671,0.0180933,0.011412535,0.02680293,0.011843414,0.017481225,0.10538921,0.09389488,0.097883336,0.098755136,0.100072056,0.090605535,0.08849163,0.095137395,0.09756156,0.03536091,0.030417232,0.03536159,0.029018966,0.031042129,0.033755727,0.029497854,0.14592418,0.13906637,0.15642604,0.15468398,0.12193403,0.1322231,0.1323905,0.13811275,0.042084914,0.047658846,0.04482786,0.050122146,0.033154152,0.0467094,0.03586132,0.04681938,0.1577244,0.17061375,0.15163252,0.17789514,0.16837932,0.14213434,0.13937065,0.15211965,0.15141484,0.058846995,0.06281848,0.05850424,0.067363806,0.066789635,0.0547486,0.060334396,0.15316986,0.14301755,0.16846839,0.16663542,0.121764414,0.14119984,0.13584901,0.149829,0.042449158,0.04298542,0.04447532,0.044735055,0.030057617,0.03930343,0.031913675,0.039790504,0.16659704,0.15773055,0.16423391,0.16369459,0.1609728,0.12442719,0.15350153,0.13249971,0.1412661,0.04734474,0.043594725,0.047657374,0.046321746,0.04563714,0.045977652,0.043096546
L_PHT_ROI,Left,317,0.18846646,0.22213674,0.21396345,0.22792387,0.18755777,0.21881045,0.21576937,0.23169756,0.0549345,0.06616002,0.06031118,0.067053095,0.049996804,0.06431294,0.05631153,0.06794028,0.21508172,0.16729142,0.22078569,0.19029202,0.21245621,0.16605067,0.21360093,0.18979533,0.21902873,0.053855702,0.048571188,0.055647075,0.05594462,0.06235159,0.0554197,0.06452574,0.24159561,0.24924669,0.25896382,0.2601416,0.23370238,0.23592971,0.25481558,0.2573988,0.090049565,0.08631688,0.10344773,0.105455585,0.08131481,0.083252445,0.09584393,0.10164124,0.21974272,0.20302312,0.22037564,0.2154154,0.22138534,0.19679466,0.21025765,0.21260333,0.22174498,0.06421309,0.07181407,0.06512858,0.078566134,0.079838656,0.06297393,0.07783308,0.20305406,0.19706309,0.20659652,0.20080216,0.19244334,0.1817692,0.20018911,0.1931093,0.074889176,0.070490606,0.07807718,0.07841328,0.06724072,0.06743988,0.07088211,0.0719381,0.1563842,0.15501045,0.15555775,0.15640977,0.15132202,0.14673102,0.14852215,0.15119667,0.1464431,0.05009769,0.05556297,0.050428774,0.058706455,0.05762754,0.047995456,0.053938005
L_PH_ROI,Left,318,0.11242711,0.10077392,0.12168931,0.12654936,0.10453606,0.094743095,0.11187878,0.119823016,0.011284714,0.028888373,0.013540239,0.023860453,0.010711549,0.029567393,0.013136726,0.023665516,0.077915125,0.09649609,0.076196976,0.100337945,0.10506714,0.09007478,0.07153506,0.094272606,0.09881779,0.014005055,0.008856781,0.015963975,0.010685331,0.02344075,0.018465055,0.022236764,0.18107161,0.14136064,0.1862239,0.18005298,0.16313717,0.13188623,0.16726264,0.16701874,0.042944487,0.037865907,0.04700605,0.05019285,0.035854436,0.036740724,0.04005104,0.047289774,0.11282695,0.15978266,0.10935474,0.16197862,0.14796808,0.14139591,0.102969125,0.1435436,0.1333058,0.022514831,0.037125506,0.021534245,0.036851563,0.029323636,0.020645972,0.02664143,0.17671154,0.13488543,0.17986487,0.15909007,0.1580638,0.12615524,0.16017629,0.14878096,0.050236985,0.045907676,0.054513816,0.051773015,0.04072881,0.042884056,0.044668,0.0482491,0.115473785,0.15293814,0.1142284,0.15726963,0.14167573,0.13351679,0.11126999,0.137606,0.12831977,0.040855404,0.048344906,0.038495954,0.05328316,0.046171922,0.035569277,0.042166334
L_PIT_ROI,Left,202,0.09546371,0.104415454,0.111586265,0.121004045,0.09164191,0.10611106,0.10822296,0.11571084,0.03159299,0.033206157,0.037085496,0.0373161,0.028617771,0.032829765,0.034404658,0.035196226,0.095812894,0.09248935,0.10370407,0.10715087,0.11713079,0.08822796,0.1022873,0.10444144,0.11228622,0.024968283,0.03246348,0.02634509,0.032410074,0.027577238,0.027454365,0.027762609,0.1813992,0.14166747,0.19149366,0.17369251,0.15336059,0.13495344,0.16647048,0.15714096,0.07667639,0.0678796,0.08823616,0.08223393,0.059869602,0.06366995,0.07293126,0.07363463,0.1229761,0.15556297,0.12308508,0.16371693,0.14694025,0.1315646,0.115192354,0.14046384,0.13213523,0.061323065,0.06491142,0.059077162,0.071326785,0.06266833,0.05500171,0.057094205,0.19374625,0.17067644,0.20043561,0.17819488,0.15757255,0.15934525,0.16802776,0.16191883,0.080083236,0.082460515,0.08556033,0.08040868,0.05991019,0.080532506,0.0669727,0.07355557,0.10752236,0.13552564,0.11023613,0.13994087,0.1205217,0.110762976,0.10315482,0.11569638,0.10933287,0.055103257,0.04726625,0.053820904,0.052476965,0.051943477,0.05024198,0.050102606
L_PI_ROI,Left,358,0.25435686,0.25348386,0.29748455,0.31087467,0.2304623,0.25340608,0.2730998,0.29443678,0.15130872,0.15685464,0.16911386,0.17700052,0.1312014,0.15489922,0.15077214,0.16963099,0.2736552,0.24628878,0.2802978,0.3063461,0.333051,0.2195971,0.27156302,0.2732016,0.3139156,0.15608002,0.14047752,0.15564568,0.18453206,0.19918548,0.15126954,0.18817283,0.23504665,0.24653217,0.27411783,0.2886252,0.21469519,0.24335386,0.25392905,0.2691311,0.13070728,0.13196127,0.1546268,0.16511928,0.11287523,0.12896018,0.14001988,0.15533078,0.20169578,0.16996107,0.20709993,0.19797856,0.23088898,0.15124546,0.19559087,0.17955112,0.21489345,0.081212945,0.06802238,0.0849933,0.07309873,0.112735026,0.085906856,0.10617279,0.13541615,0.16967247,0.1512977,0.16580479,0.12540124,0.16831481,0.14102839,0.15470493,0.049374014,0.07180137,0.056578375,0.07135337,0.041877523,0.07089739,0.050196014,0.0652569,0.089089565,0.07732651,0.0911315,0.08488094,0.09055667,0.07177856,0.082734525,0.07946002,0.08178272,0.032065857,0.027778698,0.03130448,0.032865778,0.041876964,0.030195799,0.03623581
L_POS1_ROI,Left,211,0.1277615,0.17283164,0.15314744,0.16532156,0.119974285,0.16327949,0.14099562,0.15662262,0.033935662,0.06094807,0.043329958,0.04750786,0.031039247,0.059281066,0.039531555,0.047136493,0.13674104,0.11733302,0.13368393,0.12481567,0.12264804,0.10923814,0.1277318,0.115287535,0.11601874,0.04282289,0.038234144,0.045118414,0.04082882,0.03838494,0.044282977,0.036965825,0.17396162,0.18458636,0.19114266,0.1890237,0.15505932,0.17450602,0.1708332,0.17681113,0.052622918,0.07086348,0.0609296,0.06273437,0.0463481,0.067708,0.05414267,0.05963027,0.16881147,0.16033891,0.16378903,0.1710898,0.16760382,0.14043489,0.15333448,0.15122136,0.15355729,0.05543888,0.050860927,0.055626795,0.058192775,0.058679827,0.05363883,0.052763645,0.17139153,0.16901073,0.18015002,0.1756343,0.15005317,0.16257167,0.1604614,0.16662438,0.053680953,0.0651456,0.059281513,0.06379654,0.045134116,0.06423505,0.050435603,0.061567917,0.14982103,0.13177036,0.1480913,0.13952182,0.14433661,0.1127733,0.13867033,0.121277586,0.1290921,0.036743253,0.026954923,0.040482495,0.032938622,0.038421087,0.04153695,0.03556004
L_POS2_ROI,Left,195,0.14629719,0.18192625,0.17286979,0.19143032,0.14479184,0.18260725,0.17020616,0.19061859,0.039469983,0.06530883,0.04690255,0.05956189,0.03885433,0.063466005,0.04500473,0.05865864,0.12092285,0.10821379,0.118869536,0.11977814,0.12833628,0.10885792,0.11440002,0.118234836,0.13012792,0.034918774,0.019391041,0.032214288,0.018427996,0.017668458,0.029564671,0.018000508,0.20460819,0.20458594,0.22202013,0.22724222,0.19230725,0.19871923,0.21079764,0.22412054,0.06700892,0.080780365,0.07970276,0.08928068,0.061347786,0.07723447,0.07364785,0.08648653,0.12551852,0.14443018,0.12181822,0.15514462,0.14667337,0.13683225,0.11692142,0.14555621,0.14179394,0.042201158,0.01947367,0.036241937,0.026646825,0.026218738,0.029838772,0.025755225,0.19461174,0.18533346,0.20302694,0.19713101,0.17827685,0.17899619,0.18813775,0.1910856,0.062118895,0.062741995,0.06905066,0.074501865,0.053333122,0.062157158,0.06004,0.0722511,0.1237601,0.13004924,0.120020375,0.1410353,0.13545385,0.12027327,0.11831223,0.13021903,0.12890613,0.04236819,0.025351848,0.040155068,0.034817748,0.040523414,0.039354593,0.040612716
L_PSL_ROI,Left,205,0.1787907,0.17460336,0.19043161,0.19520763,0.1546544,0.1727057,0.16727255,0.18021987,0.0732412,0.07443867,0.08003634,0.08099894,0.05491307,0.07091235,0.06169558,0.07105485,0.17787494,0.1688062,0.18494914,0.19061862,0.20645466,0.15005784,0.18502857,0.16768022,0.19100378,0.073939316,0.05944926,0.074370615,0.08028073,0.09267449,0.07395271,0.083291166,0.19558346,0.16951822,0.20890033,0.20257163,0.17412665,0.1623124,0.18776207,0.18641354,0.07574813,0.07112125,0.08510751,0.08386564,0.05966052,0.066951275,0.06968944,0.07477252,0.1349461,0.15619564,0.13727319,0.17076623,0.16707228,0.14017658,0.13464278,0.15414883,0.15575507,0.04119351,0.039783183,0.04627678,0.046071414,0.05630776,0.050524414,0.0534085,0.15470374,0.14560147,0.16210696,0.15586708,0.14265053,0.14024375,0.15106009,0.14731874,0.04180528,0.051464893,0.046172276,0.05075676,0.036271878,0.05075904,0.04077709,0.048184045,0.057559077,0.0827641,0.059612732,0.0864308,0.07478279,0.07679763,0.05803616,0.0806517,0.07078566,0.014408575,0.014410042,0.0182883,0.018598685,0.019283654,0.021982998,0.020499185
L_PeEc_ROI,Left,302,0.111571394,0.19259636,0.15762009,0.18926093,0.11073467,0.1906382,0.1534904,0.19230296,0.03702182,0.07478197,0.053012628,0.07571498,0.03604361,0.07221203,0.05052853,0.07308594,0.17178437,0.12649941,0.16835068,0.16094622,0.16997671,0.122471176,0.16551803,0.1527656,0.17351292,0.044455506,0.041093934,0.04623867,0.045270085,0.043063868,0.047740445,0.04185575,0.19348565,0.22744982,0.23380037,0.24530649,0.17287567,0.21564555,0.2137143,0.24009733,0.07840397,0.10335402,0.101536155,0.114642635,0.06705428,0.09814533,0.08842337,0.10799732,0.21578857,0.18350385,0.20827796,0.21577008,0.21686576,0.15779725,0.19850822,0.19040826,0.20799272,0.08412839,0.06881784,0.08363248,0.08670211,0.08152591,0.078750886,0.07436279,0.20708916,0.24011514,0.23825982,0.24753876,0.1790406,0.22136588,0.21156439,0.2368188,0.07585541,0.09185017,0.08940114,0.098896995,0.061489742,0.08601711,0.07345404,0.09148431,0.16418895,0.14550933,0.1588235,0.16400298,0.1677401,0.11851455,0.14959477,0.13795446,0.15726508,0.052969437,0.039620418,0.053226642,0.05070289,0.055202957,0.05011891,0.051154193
L_Pir_ROI,Left,290,0.06497943,0.18749653,0.10529912,0.16193806,0.06287152,0.18500517,0.10253854,0.16540562,0.021103604,0.07536378,0.034966078,0.061511762,0.021935815,0.07261186,0.035092738,0.061494105,0.18148291,0.05081904,0.1868702,0.09297262,0.1499398,0.046276327,0.18582928,0.085712366,0.15060697,0.074777104,0.0120896725,0.07765885,0.02983278,0.052533068,0.07521617,0.05411915,0.08705449,0.18496415,0.13371837,0.18288729,0.0830018,0.18291691,0.12810732,0.1831233,0.029935945,0.064319365,0.04678315,0.06555586,0.02810446,0.061349638,0.042741302,0.06376487,0.15571414,0.06438154,0.15364134,0.101553336,0.14873324,0.059696134,0.1524578,0.09351796,0.14900579,0.048277285,0.009761699,0.045656793,0.014464287,0.03492259,0.043536894,0.034212857,0.07278264,0.13619626,0.10558713,0.13382903,0.06924597,0.13471527,0.09838783,0.13028637,0.023429839,0.0469276,0.034468446,0.04446041,0.019984245,0.04342424,0.02949774,0.04313481,0.087726265,0.05435085,0.084656835,0.07858627,0.09525556,0.05136053,0.07959331,0.07344801,0.09180009,0.04406479,0.019707112,0.0406824,0.031879697,0.039564516,0.036900252,0.03600439
L_PoI1_ROI,Left,347,0.09253711,0.1511539,0.12086764,0.15078546,0.08821605,0.14896375,0.114781864,0.14694342,0.020189239,0.046540264,0.02706242,0.038441498,0.017479196,0.045618214,0.02598751,0.037146028,0.15433562,0.08709835,0.1596738,0.11361397,0.14714716,0.08239295,0.15054071,0.10613293,0.14236227,0.032668594,0.021185787,0.035811257,0.027342413,0.03338939,0.034511913,0.03486964,0.12722945,0.19667079,0.16497387,0.19875027,0.1173762,0.19061182,0.14994037,0.1907894,0.03629205,0.06408542,0.04894644,0.06289912,0.029943166,0.061560445,0.04357192,0.058129843,0.17887127,0.106776424,0.18610439,0.13836606,0.1722731,0.09882417,0.18269445,0.12730998,0.16573639,0.043553706,0.026289392,0.04322617,0.031555787,0.042669214,0.040607277,0.04021407,0.12626229,0.17887335,0.15564446,0.17525569,0.11530455,0.17217742,0.14008297,0.16656186,0.033733305,0.052358158,0.042623125,0.050678667,0.02850853,0.051150586,0.03730142,0.045284037,0.13840069,0.09525806,0.14405833,0.11869223,0.13291053,0.087633625,0.14335643,0.108458295,0.12760393,0.0417532,0.027364684,0.040041503,0.035545778,0.03983759,0.037277784,0.03542381
L_PoI2_ROI,Left,286,0.07501685,0.12866949,0.105045214,0.13856682,0.07247359,0.12722492,0.09894888,0.13954812,0.014302627,0.031425007,0.020535437,0.033438955,0.014138407,0.031933416,0.020446366,0.03239924,0.13528843,0.08138038,0.14158067,0.109936826,0.14930548,0.074997686,0.13918757,0.10639203,0.15313353,0.028920595,0.0127191385,0.030896654,0.019429056,0.034111444,0.03192609,0.034460288,0.119489685,0.1815369,0.15316606,0.1833799,0.11099165,0.17554152,0.1439164,0.17959574,0.030106591,0.042941935,0.039896842,0.04934385,0.026665613,0.04277561,0.037487008,0.045220647,0.14363366,0.11654683,0.14765075,0.14401463,0.16227092,0.10790034,0.1407404,0.1380926,0.1606455,0.03729712,0.024205226,0.037527252,0.02865331,0.0421299,0.0368728,0.038116157,0.12278128,0.17395096,0.15436028,0.16851316,0.11144222,0.16874841,0.14190708,0.16188514,0.028105782,0.038503323,0.035678394,0.04502953,0.023637906,0.038694955,0.03259629,0.040564213,0.10793354,0.09887171,0.11310899,0.12017541,0.12140364,0.08991922,0.10854529,0.112505436,0.11796248,0.025944162,0.020740643,0.025960807,0.026485844,0.031380203,0.024731243,0.026585413
L_PreS_ROI,Left,299,0.07533168,0.12038451,0.10643601,0.12283982,0.07195752,0.1176682,0.10176922,0.11540968,0.02221943,0.04601532,0.031289205,0.04574191,0.022636281,0.046262056,0.031091971,0.04470717,0.1121075,0.07402421,0.11326373,0.09251483,0.09908299,0.07059374,0.1085468,0.08990933,0.09485466,0.04370412,0.02302694,0.04780747,0.026786461,0.03223485,0.049374945,0.031757515,0.11354171,0.13467373,0.14377098,0.15872762,0.1040701,0.13446422,0.13347875,0.14612997,0.043125264,0.060281664,0.05579809,0.06736873,0.03842571,0.057004016,0.05098391,0.064078696,0.13669714,0.10651027,0.13369688,0.13163611,0.13809246,0.09572922,0.12870793,0.1208411,0.1258564,0.054664418,0.03502199,0.054604914,0.046402246,0.055611126,0.051658884,0.052565064,0.12165636,0.153915,0.14483243,0.16821347,0.10756801,0.15213205,0.13055447,0.1556175,0.044130564,0.06350805,0.056129564,0.06944088,0.037448663,0.060441803,0.048540685,0.067626536,0.13898769,0.09116907,0.13744743,0.10949847,0.12797832,0.07886648,0.13144802,0.09738428,0.118124954,0.043992545,0.016646836,0.04519963,0.025156291,0.039950795,0.0448579,0.03893589
L_ProS_ROI,Left,301,0.068532445,0.09445232,0.087399855,0.088373475,0.06375739,0.09427218,0.08273275,0.08465362,0.008739104,0.019937146,0.013603829,0.01580985,0.0070287446,0.02110488,0.010607157,0.014891,0.0740108,0.08427198,0.06989938,0.09448038,0.08035826,0.07571298,0.06393974,0.08504342,0.07611401,0.014423762,0.020998143,0.016856974,0.026096271,0.018614333,0.01888094,0.017929638,0.092757806,0.10548841,0.107490525,0.10532965,0.0841834,0.10142876,0.09924484,0.1034522,0.026294915,0.03465639,0.032460574,0.038751233,0.023181664,0.03219158,0.028805062,0.036951426,0.093518205,0.09900296,0.089391604,0.11176484,0.09927141,0.08361636,0.08446861,0.09487325,0.088653915,0.030016815,0.022731153,0.031294137,0.03357485,0.032432046,0.029285476,0.03137003,0.09001045,0.10228084,0.09955812,0.09971509,0.07988933,0.09134055,0.088802844,0.10102271,0.02706723,0.03759372,0.034647968,0.04133513,0.025306463,0.03505392,0.030613478,0.040663313,0.08489699,0.07022672,0.082911655,0.07927666,0.0822708,0.0550785,0.0791725,0.06106451,0.07205779,0.019265296,0.0014451669,0.01989425,0.007918495,0.02002929,0.019266782,0.017196089
L_RI_ROI,Left,284,0.143628,0.1520166,0.15265657,0.15688883,0.12106236,0.14646329,0.12703764,0.13862407,0.06710646,0.052315995,0.064006686,0.059359547,0.047289126,0.05024498,0.04526806,0.047031727,0.20704852,0.17359084,0.20174646,0.19865283,0.21920542,0.13746634,0.18577933,0.15460944,0.18072519,0.09334739,0.074114375,0.08915389,0.10156632,0.12176762,0.08070944,0.09933775,0.16783358,0.16457449,0.18230383,0.18529443,0.13992906,0.15985547,0.15249193,0.17053021,0.06770264,0.06392605,0.073803596,0.07586076,0.04845894,0.060984842,0.05425234,0.06609069,0.145444,0.1388698,0.14379609,0.15257718,0.16743872,0.10911208,0.1357532,0.122406915,0.14129491,0.04202304,0.03399599,0.041707806,0.034638576,0.05891542,0.037430704,0.04948747,0.12902378,0.12108688,0.14007843,0.13969563,0.10965668,0.11599781,0.11990163,0.13227727,0.030176573,0.04716337,0.034814566,0.042696226,0.021459077,0.04555362,0.026583197,0.039532866,0.013663157,0.065958254,0.011365043,0.06619428,0.047703367,0.05068611,0.011497105,0.05304508,0.040442415,0.0010307858,0.008239978,0.00035626066,0.0094311675,0.0065477486,-0.0015893204,0.003192538
L_RSC_ROI,Left,194,0.07791732,0.12530991,0.09819953,0.10330822,0.07757718,0.12009562,0.094787255,0.100633934,0.012797595,0.03140484,0.019927192,0.025943484,0.012892818,0.030098947,0.020056829,0.02710083,0.08805496,0.074309714,0.08687801,0.083300404,0.078093074,0.0737773,0.08324122,0.08090877,0.07931387,0.014905782,0.0055518327,0.0132662915,0.0029323574,-0.0051094065,0.011493653,-0.0027032425,0.121063665,0.13835728,0.13941504,0.14147903,0.11829602,0.13387132,0.13430807,0.13941753,0.03214577,0.046075094,0.04337998,0.05262161,0.030538794,0.045106526,0.04215986,0.053565707,0.07487929,0.08749016,0.07583803,0.09853271,0.08346141,0.08379894,0.075056136,0.09457844,0.085945465,0.020807806,0.001609813,0.015035505,0.008857637,0.0025182408,0.0076537286,0.0035601007,0.129475,0.14078915,0.14512351,0.14901422,0.123650774,0.13816787,0.13752605,0.14811361,0.035605606,0.04333183,0.044441994,0.051724717,0.032981426,0.043399848,0.042262588,0.055129573,0.0704612,0.069475636,0.071598165,0.082016535,0.080962196,0.06411817,0.07239477,0.075645275,0.080206685,0.02370386,0.0013861321,0.025506917,0.010191995,0.018535689,0.024375092,0.019576611
L_SCEF_ROI,Left,223,0.14782819,0.19049215,0.17377724,0.19607082,0.11995109,0.17800553,0.14077163,0.17980596,0.04632851,0.05143315,0.053743668,0.059121598,0.033772085,0.049906213,0.04026765,0.05061191,0.18426552,0.15092722,0.17569603,0.17633179,0.19715254,0.12006561,0.16250215,0.13848805,0.17966035,0.057896357,0.05675751,0.056894228,0.071211405,0.07410412,0.055614952,0.06390339,0.17080948,0.1819327,0.19278012,0.20327422,0.13947345,0.17116454,0.15780962,0.17952123,0.051613685,0.043362442,0.061128974,0.062074877,0.036910925,0.041768108,0.0444988,0.049819827,0.15682745,0.14689147,0.14974041,0.16299267,0.17178516,0.11870564,0.13791668,0.13078249,0.1505476,0.033236712,0.04106406,0.031029781,0.046418138,0.053104263,0.028145188,0.0411633,0.13882513,0.14116618,0.14508076,0.14685269,0.117411956,0.13261029,0.12525035,0.130417,0.02794092,0.027790545,0.03065333,0.03321838,0.020078432,0.025942028,0.022165326,0.027863154,0.09002678,0.08965934,0.08689277,0.091819875,0.08980273,0.07507681,0.08004034,0.07862682,0.0775622,0.005751778,0.009538157,0.0043497533,0.011694812,0.014743629,0.003456555,0.010000543
L_SFL_ROI,Left,206,0.16866092,0.20862581,0.19674662,0.21930696,0.14363776,0.2061989,0.1678908,0.20580865,0.061228648,0.07913194,0.07061434,0.07739828,0.043452617,0.07677697,0.053581588,0.06877964,0.21913889,0.19039562,0.21771096,0.2259176,0.26112273,0.15538298,0.20907809,0.1857312,0.22862299,0.10884269,0.08619804,0.10670821,0.110415116,0.12202437,0.10153604,0.106080934,0.18449031,0.18361318,0.20945175,0.22210087,0.159843,0.18024018,0.18263581,0.20365636,0.056206398,0.058102496,0.06560283,0.06811821,0.041680243,0.056548722,0.05123719,0.06221731,0.17479657,0.17458794,0.17031635,0.19910564,0.21953796,0.14476979,0.16077362,0.16603942,0.19083335,0.059273776,0.056427557,0.057010826,0.06373867,0.0790148,0.05356508,0.06657487,0.13385761,0.12571259,0.14192195,0.14959788,0.12262218,0.1250541,0.13328302,0.13919877,0.028740406,0.02777004,0.030269535,0.0324847,0.023771038,0.027770445,0.025857449,0.028587064,0.09345179,0.0990203,0.09093903,0.101910315,0.10645259,0.08762889,0.08507984,0.093337476,0.09286219,0.01913996,0.02143282,0.017268045,0.023133783,0.028455397,0.01600194,0.023467602
L_STGa_ROI,Left,303,0.14300925,0.1576054,0.15803804,0.17093097,0.12630297,0.15555583,0.14144067,0.16403304,0.04983022,0.07003805,0.056585543,0.06093545,0.040258758,0.07091359,0.045920096,0.058672618,0.2641127,0.22479537,0.26750827,0.27389205,0.31420055,0.20012581,0.26648495,0.24206911,0.299372,0.15970723,0.12526877,0.1621741,0.15961558,0.18289426,0.1630105,0.1720996,0.15715963,0.16432779,0.17531835,0.17841521,0.14279006,0.15637888,0.15929705,0.16614573,0.059743606,0.07210093,0.066811614,0.06917215,0.050788395,0.07074721,0.056919876,0.066571645,0.21772046,0.21556804,0.22396418,0.25070378,0.2599275,0.19281605,0.22361147,0.22470132,0.24639735,0.116409436,0.11205612,0.121746,0.1300366,0.14690271,0.12210881,0.13765138,0.11870814,0.12953544,0.13125886,0.12536478,0.10988385,0.12607135,0.11975555,0.114594646,0.039146464,0.055855643,0.04469488,0.048184007,0.03657066,0.056827776,0.040829953,0.048375648,0.10211019,0.11274822,0.10917713,0.11844819,0.108849235,0.103177086,0.110578306,0.10890489,0.10486952,0.05934605,0.045424335,0.06356576,0.04994494,0.056843136,0.06741526,0.05598786
L_STSda_ROI,Left,308,0.16009665,0.15256797,0.17191885,0.17091857,0.1324795,0.15584694,0.14537692,0.155442,0.066453524,0.069720715,0.067175634,0.068653844,0.049486276,0.07137274,0.05421084,0.062483802,0.26300958,0.25194815,0.2633958,0.29658917,0.32114795,0.21916147,0.2531097,0.2603274,0.3045656,0.15156032,0.14357188,0.15191834,0.17464022,0.18741761,0.14750841,0.17648247,0.17566162,0.14520386,0.18635707,0.17658614,0.15480866,0.1424638,0.16564392,0.16177145,0.07789506,0.074459985,0.08081711,0.08471675,0.063946076,0.07564806,0.06930102,0.07910707,0.21586649,0.21754462,0.21752791,0.2493975,0.263578,0.19355065,0.20787482,0.22436212,0.25040632,0.09450306,0.1034882,0.0980532,0.11503865,0.1329825,0.096344255,0.12723301,0.13668048,0.12782815,0.14340998,0.13594615,0.12791051,0.12670387,0.13537417,0.12999438,0.04918589,0.05766999,0.05344212,0.061914038,0.045380574,0.06052189,0.050255526,0.059614908,0.10983994,0.10760978,0.111413226,0.11243821,0.109597564,0.100429386,0.10530282,0.10517791,0.10567094,0.029481268,0.026589746,0.03153274,0.029275091,0.03527268,0.032268584,0.033304274
L_STSdp_ROI,Left,309,0.17898713,0.17297985,0.18554273,0.18375441,0.15612487,0.16779707,0.1656731,0.17351812,0.07636655,0.07866984,0.07750595,0.075386405,0.05832164,0.07462115,0.06233765,0.06832312,0.2396462,0.24667102,0.2388184,0.2852032,0.29328158,0.21420817,0.22773156,0.2464505,0.2748697,0.12907706,0.13790046,0.12578498,0.16024435,0.15788579,0.11573483,0.1451346,0.16464458,0.15121281,0.17551166,0.16392317,0.14709187,0.14134268,0.15830168,0.15606283,0.06539356,0.06199843,0.068940215,0.07214272,0.055139657,0.05979628,0.059873413,0.06669124,0.19725765,0.1889414,0.20168158,0.21896052,0.23383626,0.16524829,0.19052458,0.19094557,0.21856172,0.051319864,0.07766234,0.05273959,0.081900924,0.08693053,0.05089194,0.084457405,0.09824766,0.11117245,0.106369615,0.10300603,0.09340913,0.106229775,0.101489864,0.10361789,0.02442856,0.044353954,0.032208595,0.041004304,0.02428923,0.04515782,0.031061953,0.040175766,0.10369851,0.080215044,0.11170432,0.08784916,0.097190246,0.07335131,0.104417235,0.08112761,0.09038467,0.012068704,0.014866109,0.012163788,0.019087326,0.020502971,0.010804562,0.020384762
L_STSva_ROI,Left,356,0.12436176,0.16147399,0.15062429,0.15750019,0.11427886,0.15291888,0.1351893,0.15254332,0.030976802,0.04600709,0.03892049,0.043403134,0.024158668,0.04488378,0.031832214,0.039890103,0.19267656,0.16964304,0.19706768,0.20796384,0.22286609,0.1567626,0.1889093,0.19359136,0.21492198,0.07088604,0.06927579,0.07529236,0.087324336,0.08700993,0.07692773,0.085685775,0.1495883,0.14933549,0.17331228,0.17130965,0.1393424,0.14206661,0.15980186,0.1633787,0.045801792,0.05725783,0.05628568,0.0630902,0.038201805,0.056408193,0.048762254,0.0598157,0.14995414,0.15572184,0.15082155,0.18413389,0.18293312,0.1436711,0.14371358,0.17134812,0.1729102,0.056451265,0.061559804,0.06229442,0.07793666,0.07617235,0.063944586,0.07289573,0.1274782,0.11829917,0.13815215,0.13729443,0.12187022,0.11622511,0.13338129,0.13483645,0.038649775,0.05182404,0.043162595,0.049497545,0.03422195,0.0515677,0.038702875,0.048357304,0.072031684,0.086849436,0.07163581,0.09222485,0.08647782,0.08148473,0.06903926,0.08770836,0.08227116,0.03010987,0.01736292,0.03179427,0.021697966,0.028164374,0.032635275,0.026143555
L_STSvp_ROI,Left,310,0.18447804,0.20357268,0.21190381,0.23553874,0.17502132,0.19745874,0.19820832,0.22558688,0.07459289,0.09295751,0.087540515,0.09794926,0.06557132,0.08782053,0.076781265,0.09193409,0.25310987,0.2106347,0.24699901,0.25360343,0.28410104,0.20366167,0.2388409,0.24500893,0.2857166,0.1379845,0.11429539,0.13523984,0.13138595,0.14439991,0.12852633,0.14337732,0.19964229,0.18965243,0.22465652,0.22755258,0.19115019,0.187026,0.21337731,0.21979491,0.07225574,0.075822234,0.083977215,0.08574681,0.06476641,0.071016595,0.07517015,0.08212339,0.22525407,0.20309623,0.21928369,0.23714225,0.25155208,0.19429126,0.2138776,0.22798182,0.24772383,0.09214198,0.10102404,0.09103168,0.11526081,0.11530677,0.085551724,0.112229906,0.1434147,0.15567754,0.15323523,0.15920971,0.13791439,0.15535346,0.14791897,0.15634009,0.03958636,0.054424744,0.043641962,0.049759947,0.035607748,0.05130029,0.039251365,0.047709577,0.15905403,0.12401963,0.16110875,0.13381062,0.14971998,0.11831451,0.16006494,0.12968767,0.14594099,0.047637306,0.034098055,0.04645755,0.03795633,0.046800494,0.04321122,0.045851626
L_STV_ROI,Left,208,0.15399872,0.16845214,0.16791868,0.16798422,0.13669744,0.16284448,0.15104842,0.16102426,0.050042413,0.06220618,0.057539437,0.06116396,0.04067724,0.05996139,0.04660426,0.05630527,0.13905415,0.13734688,0.13168286,0.14669833,0.15733942,0.1240149,0.12057395,0.13148738,0.14644562,0.056052458,0.043225177,0.056295644,0.053057753,0.05871674,0.05568951,0.05476707,0.17281225,0.16931032,0.1904564,0.189795,0.15564583,0.15907824,0.17098118,0.17796716,0.06890349,0.08340049,0.08194988,0.09046632,0.057363708,0.07814956,0.06841277,0.081182934,0.12189822,0.13765861,0.11078524,0.15259343,0.1475396,0.124613166,0.09856891,0.13751358,0.13467042,0.047785193,0.041918915,0.04697412,0.05006493,0.054502405,0.045331575,0.050734527,0.14133748,0.16442297,0.15095624,0.15502913,0.12913062,0.15363692,0.13977224,0.1489415,0.04699572,0.07479637,0.055455483,0.06981052,0.040644303,0.07415849,0.049368463,0.066587865,0.07756376,0.08010546,0.072299875,0.08508199,0.082639,0.072075196,0.065432675,0.079442315,0.076282986,0.025571557,0.016012162,0.02636574,0.023376452,0.027999107,0.027096216,0.028162237
L_TA2_ROI,Left,287,0.27070683,0.2603175,0.30994573,0.31270406,0.23781292,0.25619847,0.2820865,0.3009088,0.17069404,0.17127365,0.19150448,0.20430206,0.14773166,0.16206743,0.17163745,0.19588831,0.3051084,0.3097608,0.30227092,0.36324123,0.3689548,0.26268214,0.2915359,0.30642855,0.3422387,0.1933068,0.19206928,0.18236543,0.2247698,0.23052847,0.16923873,0.21317968,0.22624967,0.228034,0.25401643,0.25353,0.20147365,0.22131826,0.23220052,0.23809712,0.13316071,0.13516739,0.15373865,0.16393116,0.1144797,0.12771818,0.13865367,0.15450916,0.22930999,0.22164443,0.22947916,0.25152525,0.25702298,0.18908353,0.21834256,0.21602099,0.23860684,0.11170924,0.13487607,0.10908355,0.14549628,0.15096198,0.10090877,0.14107144,0.11807459,0.16128354,0.12671736,0.13686836,0.11123524,0.1637961,0.12135875,0.13336717,0.039508585,0.07196554,0.044726476,0.06042975,0.03599193,0.069179505,0.042246256,0.057093177,0.084044136,0.07946223,0.07996184,0.08152489,0.08120337,0.07322437,0.07656373,0.07615206,0.07917639,0.03479575,0.024037357,0.031418722,0.02728081,0.035440672,0.027962793,0.032982986
L_TE1a_ROI,Left,312,0.12144686,0.16030668,0.14896563,0.15230955,0.1204438,0.15250708,0.14729393,0.15114938,0.027961588,0.03981296,0.033046033,0.029689854,0.024988987,0.037072767,0.02958128,0.028481418,0.13151719,0.117452614,0.13807699,0.15176493,0.16140282,0.11848284,0.14023772,0.15134138,0.16471444,0.05370523,0.03285665,0.055902485,0.04891956,0.05529753,0.057733666,0.05469711,0.15085521,0.1718406,0.17439042,0.17271404,0.14906298,0.16879234,0.17164321,0.17129971,0.038189273,0.04494614,0.045602188,0.044021603,0.034577876,0.04324389,0.041646272,0.042398967,0.11686082,0.10607199,0.12525783,0.12710774,0.1329218,0.10677632,0.12920222,0.12859413,0.13537274,0.047585294,0.025197411,0.05031994,0.032186564,0.043892276,0.05222811,0.042301778,0.13336147,0.14827715,0.14787549,0.15318082,0.13287891,0.14856619,0.1469328,0.15187217,0.035146605,0.047342412,0.04038511,0.04475105,0.031708926,0.04482309,0.036876876,0.042344913,0.087752566,0.08558379,0.095999725,0.09572233,0.09785236,0.08533375,0.10115428,0.09643782,0.09618497,0.053752437,0.03271829,0.05209148,0.041036908,0.04967777,0.051403772,0.046325337
L_TE1m_ROI,Left,357,0.1051719,0.19451882,0.14213212,0.18508074,0.11278787,0.19359478,0.14719139,0.19498464,0.032497697,0.08362125,0.045977205,0.06426763,0.037262656,0.083647214,0.051166754,0.071214095,0.170645,0.09640997,0.1731126,0.12811561,0.1669437,0.101612896,0.1682315,0.12920737,0.17364067,0.06733702,0.027981386,0.071189724,0.04237094,0.05450826,0.07216007,0.06119162,0.131492,0.18518448,0.16517112,0.19813325,0.13718666,0.18888696,0.17467497,0.20690706,0.042722505,0.07046526,0.056910735,0.067403585,0.046559274,0.07026451,0.06101447,0.07302263,0.15236622,0.10751537,0.15716061,0.13288856,0.16255565,0.11133381,0.15787889,0.13906583,0.16526547,0.049747135,0.027716445,0.053228416,0.03545464,0.04453454,0.05517432,0.048001174,0.12486678,0.14726162,0.14702484,0.16654941,0.12388226,0.15204059,0.14899002,0.16855204,0.034687072,0.054471545,0.042207766,0.052307475,0.0345522,0.05526411,0.041957684,0.053415682,0.10907341,0.09091888,0.11340559,0.105181254,0.116563566,0.08985872,0.11764157,0.105894715,0.11428894,0.04209631,0.026709333,0.043412287,0.033249617,0.039377127,0.043902256,0.040766537
L_TE1p_ROI,Left,313,0.16421938,0.2020884,0.19249907,0.20925134,0.1691256,0.20354632,0.19865821,0.22452459,0.049780693,0.07150774,0.057510246,0.071228646,0.052725565,0.06964201,0.060911715,0.07614536,0.17592247,0.15926194,0.17982031,0.18107118,0.19764787,0.1646674,0.18080194,0.18738335,0.21021104,0.054062314,0.04887309,0.056394104,0.058847725,0.0672516,0.05760592,0.07154352,0.20897673,0.22327909,0.22902633,0.23942304,0.2117241,0.22457437,0.23492596,0.25042275,0.06889108,0.08079033,0.080706716,0.08971065,0.07094372,0.0800762,0.08422196,0.09439027,0.18083136,0.17627496,0.18639441,0.1918734,0.19729757,0.17940529,0.18723322,0.19700266,0.20362432,0.05162084,0.055207588,0.055378698,0.059705485,0.06319345,0.05719631,0.06640787,0.1894739,0.20105314,0.19857414,0.20322141,0.18906553,0.2034104,0.20094208,0.2075496,0.051297415,0.05768145,0.053581215,0.05921698,0.051126115,0.055947233,0.053434197,0.05956268,0.12856914,0.13459657,0.1364966,0.14083411,0.1407397,0.13319759,0.1415924,0.14099836,0.14207973,0.027984202,0.030016134,0.029377114,0.031107608,0.03247166,0.029657012,0.03224185
L_TE2a_ROI,Left,314,0.118785754,0.20713736,0.15853558,0.19688642,0.1169163,0.21456902,0.1567298,0.20670536,0.02432373,0.063165836,0.034045983,0.04942278,0.026462642,0.06344234,0.0357818,0.052854758,0.13219035,0.11271981,0.14161493,0.13397786,0.14352228,0.11423684,0.1442137,0.13825394,0.153746,0.047376715,0.029954104,0.05277679,0.035297774,0.04160964,0.05540832,0.046263564,0.14926647,0.21802881,0.1888789,0.21496436,0.15251356,0.22356662,0.19274405,0.22692159,0.039233822,0.06848921,0.05439995,0.06470198,0.041650012,0.06647378,0.05641847,0.0671706,0.11481816,0.11722123,0.12425888,0.13654596,0.13483016,0.120849505,0.12776491,0.14177227,0.14300266,0.048156206,0.036955792,0.054343402,0.046789683,0.046602663,0.05586189,0.0491224,0.13825898,0.17274934,0.16080071,0.1737394,0.14365275,0.17117551,0.16536565,0.18160483,0.034178194,0.054466307,0.04133104,0.051488902,0.036019895,0.051836826,0.04243055,0.051559113,0.06712472,0.08208001,0.07476451,0.09085868,0.08915148,0.08548161,0.0789531,0.09474289,0.095088914,0.029054133,0.013763754,0.03209011,0.01718999,0.025438795,0.032475688,0.02577535
L_TE2p_ROI,Left,316,0.14957777,0.19878644,0.18316314,0.21405302,0.14101018,0.1896782,0.17392111,0.21098174,0.044418037,0.08531254,0.056550555,0.07891816,0.040151734,0.07866358,0.051415037,0.073512346,0.1578277,0.118888825,0.15089048,0.13697153,0.15792657,0.11485055,0.1448102,0.13099647,0.16159998,0.0657016,0.037181947,0.06389774,0.04216152,0.05327131,0.059145752,0.052664798,0.21488951,0.22382991,0.23708624,0.24883482,0.1945971,0.20717429,0.21826242,0.23928815,0.09105424,0.10358704,0.107011825,0.11133286,0.07629385,0.09356454,0.091813706,0.10266746,0.18344565,0.17813516,0.17180648,0.19203132,0.19339645,0.15843967,0.16418336,0.17350304,0.18231592,0.08011441,0.07775514,0.07486659,0.085086204,0.08135665,0.06640046,0.07397679,0.19725533,0.18765192,0.20633332,0.20329878,0.17492342,0.17258424,0.18769708,0.19334519,0.08703042,0.09114596,0.09532394,0.100071825,0.07075048,0.08205597,0.07978181,0.092193484,0.15158354,0.1588313,0.1431575,0.16564362,0.16311857,0.13661487,0.13582164,0.1460474,0.14911145,0.07934413,0.08103793,0.07786336,0.08910961,0.08609989,0.07294911,0.07874013
L_TF_ROI,Left,315,0.14979768,0.21750486,0.19127542,0.22270429,0.1491326,0.20908809,0.1925304,0.2197428,0.060961336,0.109289944,0.0808841,0.102667645,0.058728997,0.1038851,0.078757636,0.1002394,0.16689517,0.1191389,0.15713917,0.14945413,0.17587443,0.11581256,0.14792858,0.14736162,0.17703879,0.07969289,0.043980084,0.07803762,0.059328645,0.07598178,0.076597095,0.07305467,0.21949384,0.23017989,0.24989513,0.26428843,0.2001675,0.21673594,0.23639104,0.2543123,0.094698004,0.10813606,0.11665334,0.12503086,0.08292627,0.10100942,0.105936274,0.12010497,0.18194743,0.17934036,0.17136358,0.19907495,0.20451786,0.15711556,0.15830569,0.18097402,0.19270822,0.08764643,0.07056115,0.084735624,0.07921798,0.08799735,0.0785794,0.08079464,0.20633742,0.204213,0.22371356,0.2266271,0.17957197,0.19091544,0.20144954,0.21752706,0.081489936,0.086719155,0.09063065,0.09669275,0.0676933,0.08006317,0.07680001,0.091784716,0.15904517,0.1723753,0.15258323,0.18656325,0.18019556,0.14475833,0.14155914,0.16076039,0.16708997,0.08457864,0.08404613,0.08341539,0.09659977,0.09342545,0.07906568,0.08641679
L_TGd_ROI,Left,311,0.2155481,0.27827424,0.26937574,0.28947064,0.20594008,0.27931672,0.25497502,0.28833705,0.08751228,0.10248135,0.09881174,0.10798928,0.080054745,0.10025537,0.09121539,0.10506733,0.23055866,0.19532582,0.24409007,0.24002269,0.26425174,0.19249547,0.24943884,0.23636602,0.27359205,0.124047,0.10006661,0.12768957,0.12310864,0.13649309,0.12853397,0.14077602,0.2319146,0.28152794,0.27979285,0.29294246,0.2200544,0.2743636,0.26357988,0.28883505,0.087216154,0.09517851,0.10748661,0.113136046,0.07967077,0.091868445,0.09850963,0.11061562,0.19893576,0.19432297,0.20670183,0.22631447,0.23021793,0.18930444,0.20997857,0.22202371,0.23130433,0.095776424,0.09400071,0.10126483,0.11188158,0.11796117,0.10348686,0.11947071,0.16606973,0.21178125,0.18610834,0.19872238,0.15709102,0.20236294,0.17720893,0.19488953,0.043122835,0.05483633,0.048443552,0.055133622,0.03932827,0.05193029,0.04351246,0.05224927,0.124582775,0.1187656,0.12703335,0.12781702,0.13131371,0.11482974,0.12738629,0.123909205,0.12621427,0.052647933,0.037215773,0.055295736,0.04263928,0.054039493,0.05652034,0.051099997
L_TGv_ROI,Left,352,0.107243076,0.14758274,0.13766114,0.15044779,0.09944404,0.13761762,0.13003522,0.14197391,0.04622772,0.061048094,0.058137562,0.061636932,0.039245386,0.05426296,0.049116112,0.057432707,0.19466269,0.15459694,0.20392786,0.2043896,0.23859964,0.15476225,0.20039377,0.20783405,0.2439239,0.096676,0.06503528,0.09761576,0.08944725,0.10744286,0.09426626,0.10776538,0.10763476,0.15017724,0.13527259,0.14986649,0.10157872,0.13781762,0.12950489,0.14348263,0.041441705,0.045717724,0.05184122,0.052210085,0.034913946,0.04044809,0.044175114,0.048290756,0.1551613,0.13959834,0.1608177,0.17744592,0.19212267,0.1357323,0.15801182,0.17485271,0.19154833,0.05320819,0.05200148,0.054667465,0.070380464,0.072028555,0.051767077,0.07049342,0.0707125,0.11077291,0.08607297,0.1022556,0.06968456,0.10450623,0.086920045,0.10270531,0.018213354,0.022897242,0.023328945,0.02491352,0.015254707,0.021527635,0.020072132,0.02324983,0.086248256,0.07631381,0.090162285,0.08998107,0.099728726,0.0739761,0.091755874,0.08824889,0.099227116,0.015523868,0.01616442,0.01578138,0.021124188,0.02302676,0.0152532235,0.021437565
L_TPOJ1_ROI,Left,319,0.20599125,0.18702742,0.22723174,0.22365546,0.1742511,0.18727276,0.193802,0.20327173,0.10737551,0.10355247,0.11701061,0.1165613,0.080740705,0.096450254,0.08918256,0.10183574,0.24482162,0.25819257,0.23807272,0.29845855,0.30812103,0.21888684,0.22206426,0.25351235,0.28703952,0.1526269,0.15751459,0.14736483,0.18417084,0.18567143,0.13619746,0.1718143,0.22209677,0.20405544,0.24261184,0.23403281,0.18917903,0.19988361,0.20814729,0.2126,0.1120934,0.116085276,0.13014257,0.13776053,0.08770166,0.107641555,0.102805845,0.121241994,0.20905676,0.22011949,0.20708108,0.24705215,0.25132284,0.18762125,0.1918925,0.21348378,0.23307295,0.084629744,0.11823323,0.08278501,0.12627766,0.1263355,0.07710254,0.11705426,0.15931228,0.18314505,0.16968857,0.17000566,0.14282165,0.17717823,0.1522323,0.16012035,0.0493359,0.079032116,0.060571343,0.07566039,0.041505683,0.077905826,0.051431086,0.071148485,0.13705432,0.1135526,0.13935092,0.12073886,0.12863109,0.10199208,0.1273696,0.10882261,0.12001953,0.0328008,0.029094527,0.03319167,0.035079814,0.04197305,0.03286128,0.039363123
L_TPOJ2_ROI,Left,320,0.13333562,0.14482354,0.149665,0.15931915,0.121617734,0.1343652,0.13813339,0.15265016,0.033576254,0.033221446,0.03850375,0.04378817,0.031063423,0.030142618,0.035798866,0.043705404,0.11860197,0.10335653,0.11141997,0.108083114,0.11657272,0.093411334,0.10316873,0.09747816,0.112278275,0.03331119,0.027474714,0.032222465,0.02576968,0.026896251,0.03052217,0.025632413,0.18176328,0.15904999,0.19725537,0.19202863,0.16137181,0.1455666,0.17690443,0.17938495,0.067758255,0.06177,0.07940086,0.085892014,0.058006857,0.057018664,0.06914621,0.079457514,0.14641227,0.16364606,0.13835682,0.1714859,0.16270912,0.14448483,0.12895942,0.15336502,0.1521617,0.04587176,0.05719448,0.045068797,0.062224858,0.059714545,0.04339074,0.05467869,0.16069579,0.13805933,0.17077552,0.16084233,0.14253937,0.1288517,0.15345897,0.1488496,0.050146516,0.056600153,0.056660645,0.06155752,0.041222125,0.054331657,0.047922734,0.056109335,0.12738404,0.1402975,0.12107486,0.14558768,0.13742805,0.1237055,0.114364505,0.13159092,0.12507854,0.043734424,0.039525814,0.045261715,0.04357113,0.04746519,0.046743777,0.043176472
L_TPOJ3_ROI,Left,321,0.1264673,0.13485546,0.14353372,0.14953616,0.116734356,0.130561,0.13288201,0.15065576,0.040484663,0.05531153,0.04597034,0.05344136,0.0357635,0.04964667,0.041683376,0.05099754,0.1434965,0.0999344,0.13999635,0.111092634,0.13653395,0.0910272,0.1311914,0.100657396,0.13203312,0.0508141,0.032888778,0.04982719,0.03608265,0.043264095,0.045710225,0.04202792,0.20242375,0.18174979,0.22016525,0.21172117,0.17823243,0.16493258,0.19366696,0.20102991,0.0881602,0.08483172,0.09546412,0.09652073,0.074334614,0.07560968,0.08096084,0.08832079,0.1897554,0.17396379,0.18314278,0.18787666,0.18478933,0.15143968,0.1680126,0.1628071,0.17078623,0.068009466,0.069422066,0.066103205,0.074637786,0.07476664,0.05974658,0.0673762,0.2021663,0.17926624,0.21093938,0.19902048,0.17437567,0.15577814,0.18248323,0.17941453,0.081459545,0.06684016,0.08275686,0.075601526,0.068490036,0.05970675,0.0698642,0.06847294,0.15711582,0.15837233,0.14821349,0.1628517,0.15318829,0.13653173,0.130139,0.13994302,0.13195193,0.053070102,0.05921616,0.050736956,0.060665555,0.05467793,0.0460591,0.04953894
L_V1_ROI,Left,181,0.089014545,0.035472665,0.099988066,0.07835996,0.080268465,0.036380865,0.08967231,0.07058757,0.012042852,0.011222736,0.013435171,0.012301057,0.010803012,0.013302932,0.011960341,0.0115097705,0.049555033,0.096878715,0.04397803,0.100210436,0.08338185,0.08899896,0.038373645,0.091883846,0.073713414,0.0058853193,0.013764246,0.0072255507,0.009237491,-0.00022119255,0.008458379,-6.1737315e-05,0.13785161,0.061359584,0.14301983,0.1103926,0.11998451,0.061380975,0.123999916,0.094003394,0.031139193,0.017320126,0.03229637,0.02876118,0.027159942,0.018909007,0.028894456,0.027657,0.059912525,0.1333125,0.05292643,0.13354445,0.091158405,0.1157027,0.041655686,0.11652998,0.077413775,0.020137846,0.02984485,0.01602189,0.0319154,0.012133434,0.011550024,0.011731978,0.13880098,0.07087076,0.13866234,0.11701285,0.11824155,0.066296756,0.11813459,0.10218905,0.032514688,0.03142157,0.035075508,0.033563767,0.027991302,0.031874925,0.030859817,0.03257876,0.025357077,0.09516744,0.023794118,0.09174846,0.06362999,0.07716243,0.020017259,0.07474078,0.051027887,-0.009314783,0.005008302,-0.009210645,0.00412476,-0.0009819928,-0.0075912704,-0.0025426168
L_V2_ROI,Left,184,0.08646929,0.060427677,0.09904332,0.08162653,0.080301754,0.06983107,0.090457626,0.07747584,0.016632235,0.02629906,0.02019083,0.019874446,0.015259749,0.027994815,0.018207816,0.020304486,0.049153205,0.09894402,0.04464883,0.098323755,0.07880514,0.09197723,0.039651763,0.09136455,0.07319517,0.007201403,0.02045883,0.008309797,0.010818258,-0.00529563,0.008874894,-0.0041601993,0.13913338,0.072073646,0.14319412,0.111760624,0.121985145,0.074876875,0.12558745,0.09931862,0.0379928,0.033928424,0.039790865,0.036895007,0.032790687,0.03338807,0.03543522,0.035980497,0.0583061,0.13614716,0.050475746,0.1354481,0.09111677,0.117569625,0.038209524,0.11832978,0.0795831,0.028247729,0.037496828,0.022620516,0.038830686,0.013505825,0.015451359,0.012388222,0.14575915,0.08244211,0.1440985,0.123266146,0.12397028,0.08049791,0.12262758,0.11317821,0.040597383,0.049473736,0.04280127,0.045375194,0.03566135,0.049885426,0.038351536,0.044749763,0.018833533,0.088490225,0.01719741,0.084111944,0.05952174,0.07054108,0.01668872,0.0678911,0.05007083,-0.0059747486,0.0026351637,-0.005514158,0.0028531647,0.0015264452,-0.0028599272,0.000102989965
L_V3A_ROI,Left,193,0.08970715,0.08672804,0.10238838,0.09715249,0.08262152,0.086678684,0.093727544,0.08894629,0.016736755,0.03824134,0.022214707,0.028459972,0.014405579,0.036972653,0.019244224,0.026061384,0.06576824,0.099778585,0.058711942,0.09807979,0.0876948,0.09287549,0.04325131,0.09014897,0.080037616,0.022605736,0.022837903,0.023559006,0.0121646905,0.010089098,0.022082645,0.01172123,0.13727927,0.08910651,0.14269161,0.12118367,0.11355422,0.08464463,0.12015378,0.107689574,0.040714227,0.042834427,0.043543886,0.041814238,0.03140646,0.04059681,0.035566676,0.039400276,0.07290771,0.12403674,0.06570255,0.12722367,0.09460077,0.10161739,0.046961874,0.10489605,0.078819335,0.044195954,0.042394694,0.037967276,0.04453364,0.024975419,0.029959515,0.0239358,0.14154169,0.10151126,0.1426723,0.13193119,0.112682976,0.09594996,0.11513231,0.11997971,0.04424561,0.04244572,0.04525519,0.04797721,0.034088507,0.042687524,0.036241475,0.044007003,0.021038748,0.07331041,0.024636595,0.07262183,0.05614069,0.051710878,0.018725254,0.05175181,0.04180612,0.0035416733,0.00047696702,0.0056220726,0.0026555376,0.005863971,0.0060037463,0.00332417
L_V3B_ROI,Left,199,0.06923653,0.070197195,0.07837292,0.0732706,0.060818736,0.071632266,0.066475555,0.070852816,0.0075353417,0.012855509,0.009036012,0.010988996,0.0067073843,0.011997673,0.0075359284,0.008870595,0.099436924,0.08815356,0.0960961,0.099945605,0.10685354,0.08243878,0.09315903,0.091558434,0.09899186,0.020767761,0.019211737,0.023059446,0.022449058,0.02299722,0.022435185,0.020428259,0.13621688,0.10474624,0.14144322,0.12214839,0.11036951,0.10005722,0.11419646,0.11203154,0.04336776,0.04342658,0.046006177,0.04516771,0.032767903,0.04062616,0.03621048,0.04179782,0.13670678,0.17145598,0.12800243,0.17663512,0.15186156,0.1427431,0.117460266,0.14816038,0.13940562,0.048553232,0.056264997,0.04990909,0.06016602,0.053614568,0.047467604,0.04863954,0.15676561,0.116250314,0.15934236,0.133566,0.12573695,0.106139645,0.12676808,0.12341776,0.05579795,0.04213857,0.058892243,0.050496347,0.04226526,0.03963651,0.04648619,0.047521766,0.11938562,0.16427429,0.11198465,0.16403331,0.13954565,0.13162707,0.102473035,0.13178897,0.12611136,0.0364458,0.05194476,0.036414437,0.053032745,0.04082292,0.034466684,0.03870935
L_V3CD_ROI,Left,338,0.07021962,0.063437484,0.07061407,0.06765902,0.06390844,0.06438335,0.06374828,0.05816508,0.009590991,0.011609083,0.008468869,0.009242818,0.009525535,0.010755453,0.008567826,0.009946807,0.08371651,0.06473159,0.07539659,0.06697831,0.06665517,0.061514996,0.071348324,0.06277096,0.06311957,0.013928852,0.010382971,0.015161678,0.012672363,0.015950168,0.017252792,0.014221385,0.14166133,0.1036126,0.14524725,0.13108742,0.121172704,0.10154661,0.12462843,0.11720623,0.046374165,0.041760765,0.04983511,0.050979793,0.03958376,0.039835393,0.043463785,0.04775056,0.121465586,0.14189446,0.11612289,0.1434145,0.1250437,0.12089675,0.10922507,0.12377066,0.11499617,0.03471297,0.03716821,0.038495645,0.03780001,0.039012365,0.03949349,0.036069535,0.15871587,0.11311139,0.164814,0.14405036,0.13441978,0.10526524,0.13999806,0.1340886,0.045955643,0.03933674,0.049232822,0.047519684,0.038102638,0.03637618,0.041810293,0.044837095,0.1074545,0.14288032,0.101416275,0.1454221,0.11955488,0.11804865,0.09005981,0.121992275,0.110322356,0.024936555,0.03461669,0.025386253,0.034923006,0.028131455,0.023732174,0.026044052
L_V3_ROI,Left,185,0.08293204,0.06769353,0.095492624,0.08970087,0.076961644,0.07363447,0.08731354,0.0815597,0.020835342,0.035732184,0.025836786,0.029620405,0.018865217,0.035813067,0.023679318,0.028651308,0.05199548,0.09463191,0.048704058,0.09309657,0.079798356,0.08704386,0.044581804,0.08630537,0.07245337,0.0075690947,0.024356978,0.009765014,0.014007222,-0.0025961976,0.0101851085,-0.0014597316,0.12781537,0.077519886,0.1312287,0.10628593,0.10991764,0.075140156,0.114144914,0.08994637,0.038305346,0.038506154,0.04201523,0.040636633,0.032764763,0.03794435,0.037548948,0.038617894,0.06494814,0.12285483,0.057072796,0.12252383,0.08321814,0.10410071,0.044931587,0.10590546,0.0704046,0.032312952,0.037073135,0.028028777,0.039995763,0.016198322,0.022309424,0.015349685,0.13358045,0.08385665,0.13061176,0.11043279,0.11093325,0.07788956,0.10945295,0.09743201,0.04151795,0.04776015,0.043970373,0.046795838,0.03565555,0.049339656,0.038683355,0.044949595,0.011418015,0.07210559,0.008740663,0.06734913,0.041122206,0.05503651,0.006626122,0.052142207,0.030995537,-0.0040431577,-0.0057990015,-0.002959035,-0.003632046,-0.0019536514,-0.0012082383,-0.00068122573
L_V4_ROI,Left,186,0.08691145,0.05307478,0.09818323,0.101465836,0.077924065,0.05651579,0.08697014,0.09235085,0.024192063,0.017565256,0.027177092,0.027757498,0.021329297,0.016598614,0.024047023,0.025630465,0.07915731,0.09125291,0.08086812,0.09948498,0.10942186,0.08237045,0.07783947,0.0911294,0.10219154,0.026159158,0.027731787,0.02582324,0.026085064,0.024641857,0.024003522,0.023885077,0.17305198,0.09587567,0.17812085,0.15201628,0.14136897,0.08990901,0.14632979,0.12740852,0.06145508,0.04077289,0.06538332,0.058283523,0.047422234,0.040470768,0.0516688,0.05036998,0.10271911,0.16066203,0.09663032,0.16263473,0.1365943,0.13243033,0.08624349,0.13528843,0.11672825,0.043395888,0.059904285,0.042462267,0.06242508,0.051372614,0.03773054,0.04613895,0.18598565,0.118624344,0.18551514,0.15529178,0.14743719,0.10645996,0.14921,0.1343873,0.069985755,0.050894614,0.07189863,0.06346684,0.053055227,0.049631473,0.055987455,0.056165837,0.08237594,0.13943759,0.07661063,0.13814056,0.11244098,0.11137177,0.068541475,0.11085157,0.09309793,0.03533741,0.04003111,0.03563333,0.042301383,0.042566005,0.033091534,0.040649105
L_V4t_ROI,Left,336,0.08111433,0.05687825,0.08675289,0.09264697,0.07778801,0.058870576,0.08374752,0.08817085,0.012554597,0.019762564,0.014127354,0.022840116,0.01192074,0.016922353,0.013628437,0.020569334,0.08346426,0.06739426,0.079539046,0.072209075,0.088875,0.064271584,0.07610312,0.06757688,0.082838126,0.030230414,0.004596064,0.03364406,0.0057382053,0.021553919,0.033593144,0.018303486,0.16694863,0.1015107,0.17467426,0.1665738,0.14858915,0.09510589,0.15678133,0.15521319,0.05180309,0.044563312,0.05595401,0.05542196,0.04315186,0.042106617,0.04732242,0.051348597,0.11485856,0.14711364,0.107933484,0.15171187,0.1492769,0.1288174,0.10015391,0.13318165,0.13808686,0.04388439,0.0443145,0.05057727,0.04598119,0.052000623,0.051026236,0.04815535,0.17746907,0.110105604,0.18707503,0.17349331,0.15471458,0.099151865,0.16473973,0.16308148,0.052067585,0.04002807,0.056090433,0.052447993,0.04226176,0.03739806,0.045483336,0.047973413,0.1064452,0.15645118,0.09540762,0.16253117,0.14755918,0.13607028,0.08404797,0.14188334,0.13396108,0.047489617,0.060122836,0.053916637,0.06342763,0.05961106,0.056512255,0.056289155
L_V6A_ROI,Left,332,0.08303041,0.077341825,0.09496852,0.09100459,0.0776973,0.07385623,0.08620933,0.08658953,0.01263045,0.022419635,0.013883782,0.014629647,0.010967398,0.023530394,0.011783942,0.013588035,0.09019259,0.08447924,0.08934646,0.095455326,0.09705859,0.08009043,0.08743757,0.088836476,0.09719328,0.023042908,0.01589567,0.02347947,0.016196653,0.01754351,0.022955235,0.016156971,0.16886783,0.13132428,0.17495492,0.14798158,0.13439447,0.12381667,0.14216873,0.13279428,0.054499153,0.042288896,0.0563384,0.05122972,0.039844573,0.042374138,0.04318787,0.04391496,0.13159455,0.16270101,0.12989236,0.16932862,0.14365353,0.1322909,0.12546319,0.13960518,0.13242185,0.043476235,0.0483425,0.041909676,0.05207664,0.047932036,0.03845,0.040606797,0.19128,0.1350228,0.195184,0.16276091,0.14643063,0.12253109,0.15114938,0.1445462,0.06616077,0.04404434,0.06842412,0.060477864,0.049100824,0.041955322,0.052651234,0.052381147,0.1117029,0.15367147,0.11089685,0.15692572,0.12882243,0.11915135,0.10310357,0.121862225,0.113144696,0.033476666,0.043673404,0.032377295,0.04574852,0.038421717,0.029171046,0.033107713
L_V6_ROI,Left,183,0.07493653,0.07948697,0.07974135,0.07402284,0.06915887,0.07834113,0.07070234,0.068187416,0.018221771,0.034738623,0.02226287,0.02543802,0.014026078,0.03709064,0.016847285,0.020050174,0.058113273,0.0766146,0.055363834,0.072525814,0.0613293,0.06794196,0.04970289,0.0646987,0.058394592,0.025756713,0.017657852,0.03028699,0.007049521,0.007950173,0.03182095,0.0058836485,0.15054289,0.119968146,0.15209715,0.14220679,0.1251019,0.11013042,0.124406464,0.1291842,0.06240665,0.05951474,0.067992575,0.06994312,0.046101984,0.05729342,0.051633734,0.05741197,0.08371744,0.12997174,0.0768924,0.1292931,0.10246011,0.10614959,0.0686513,0.10415999,0.089905895,0.027867563,0.045190196,0.027728768,0.04864802,0.030303178,0.027312387,0.02257536,0.1692492,0.16161576,0.17665103,0.18148543,0.13751219,0.14872718,0.14308845,0.16543303,0.068351515,0.07382857,0.07466226,0.07941799,0.05133639,0.0751505,0.058043893,0.07053138,0.08676351,0.10418935,0.08213015,0.10822296,0.10711704,0.080544375,0.07529758,0.08170115,0.09117333,0.026478149,0.01660952,0.027182695,0.021612821,0.025542976,0.027025016,0.021587562
L_V7_ROI,Left,196,0.08121917,0.08524424,0.09165596,0.085276626,0.07112102,0.07958096,0.0787849,0.080699176,0.012600219,0.026029306,0.014812126,0.016298393,0.010324015,0.02472728,0.011730153,0.013225793,0.100435585,0.08152387,0.10193126,0.09144444,0.096031405,0.072702676,0.09518958,0.08097428,0.09320614,0.023072667,0.01580105,0.029099874,0.014749906,0.016989464,0.029478353,0.014354523,0.1446278,0.10305201,0.15147373,0.12608622,0.113264136,0.09125299,0.12216902,0.11165151,0.04032848,0.030851955,0.042938925,0.036074717,0.028778784,0.026691364,0.031777743,0.031063868,0.11956549,0.14007299,0.114417695,0.14704503,0.12581044,0.11288255,0.10562957,0.12119758,0.1152391,0.039850153,0.03958961,0.039484315,0.041665353,0.036319774,0.034795545,0.03104975,0.1511528,0.083963566,0.15440685,0.13364612,0.11657537,0.06495171,0.12050181,0.10999689,0.04821818,0.02406264,0.047464665,0.03912846,0.035014823,0.01793062,0.036419872,0.033979878,0.07717213,0.120670326,0.06912026,0.12372004,0.107427,0.09658527,0.05695552,0.09845635,0.08824413,0.021334385,0.027410816,0.020297773,0.028274184,0.023234127,0.014858598,0.0193537
L_V8_ROI,Left,187,0.06824833,0.059498195,0.07843527,0.089092575,0.06227368,0.06198695,0.06952854,0.088924035,0.017939426,0.017826125,0.018853761,0.018478915,0.0160833,0.015005178,0.016531028,0.01611638,0.07123241,0.06607491,0.06458464,0.07739991,0.09155851,0.06039042,0.05356684,0.0680081,0.08883143,0.030915204,0.024110962,0.02702321,0.029555634,0.03317127,0.023376236,0.03232643,0.16164854,0.10142114,0.16616172,0.1438272,0.1247145,0.096313134,0.13025723,0.13030423,0.065821856,0.049516585,0.06797493,0.059162106,0.046623975,0.044800445,0.04983834,0.050096724,0.1085227,0.15741539,0.097958155,0.15972984,0.13743775,0.12158712,0.08527298,0.12381105,0.12030208,0.058545064,0.06358857,0.051079817,0.06430406,0.059380945,0.0444869,0.051707715,0.19445387,0.12553655,0.1966469,0.16558051,0.14216596,0.11450882,0.14785688,0.14752828,0.08160819,0.0552797,0.08210805,0.069243014,0.054794934,0.050083876,0.057179797,0.058042735,0.1281504,0.16973078,0.11625783,0.17160295,0.14508627,0.12762488,0.104708806,0.13077976,0.12556495,0.059332874,0.076201685,0.055377416,0.07797468,0.06547347,0.051347163,0.059695296
L_VIP_ROI,Left,229,0.082326606,0.10013379,0.09169745,0.09571848,0.075135104,0.096745156,0.08267853,0.08518105,0.0118471375,0.02349633,0.011278834,0.017187078,0.010006776,0.022144813,0.010731558,0.014225403,0.10762586,0.09006215,0.10177329,0.10286334,0.10940574,0.08456588,0.09434115,0.09700846,0.10444461,0.025345247,0.0188715,0.02637828,0.019814843,0.027174532,0.026580382,0.02419508,0.14391586,0.11320758,0.14789614,0.14121155,0.122568585,0.10911678,0.12686613,0.12184856,0.043906864,0.0337304,0.043574158,0.041342195,0.034701854,0.031665538,0.03555354,0.036532007,0.12692405,0.1454627,0.119154185,0.15090817,0.14171597,0.1242288,0.11253357,0.13043448,0.1251389,0.041275896,0.04414719,0.040954985,0.04667094,0.048200294,0.03915069,0.041390643,0.1548041,0.12154614,0.15713936,0.1458399,0.12789606,0.11326195,0.13131167,0.12767899,0.043980535,0.028696153,0.04436432,0.039031312,0.034218155,0.024127806,0.03528952,0.035022978,0.10345555,0.13208337,0.094103195,0.13500074,0.121418,0.10865243,0.086430885,0.11287238,0.10591938,0.02673301,0.033578426,0.02548951,0.035090115,0.030405825,0.022924196,0.027783392
L_VMV1_ROI,Left,333,0.08135371,0.07888025,0.09502732,0.08517314,0.072452374,0.079604805,0.08471333,0.07851689,0.0207198,0.037977044,0.024439843,0.028571285,0.016606571,0.036857303,0.020595444,0.027422188,0.105474405,0.09725606,0.10345869,0.1014465,0.09404821,0.08885539,0.09323401,0.09306144,0.096520476,0.03287946,0.030709984,0.034450177,0.023465397,0.019946616,0.031424914,0.0193977,0.157926,0.11778354,0.16492794,0.13861884,0.12785935,0.11103721,0.1364198,0.12011086,0.06889546,0.0610476,0.07277001,0.07218753,0.051308654,0.057063565,0.056632396,0.061718524,0.15870224,0.1668127,0.15800297,0.17504539,0.15134534,0.13784671,0.13784991,0.14713442,0.1373912,0.061547276,0.061223127,0.058502115,0.06843941,0.058015887,0.05084598,0.05073323,0.18047656,0.14588536,0.18457724,0.16668713,0.14257191,0.13122666,0.14606786,0.14331362,0.077675276,0.07252379,0.0798478,0.079912364,0.058495875,0.06940942,0.060901187,0.06823028,0.1548654,0.13844194,0.15710592,0.14492609,0.14477266,0.108850785,0.13652156,0.11361467,0.12253277,0.041400727,0.024654059,0.040411998,0.029292185,0.0364326,0.03656247,0.03215081
L_VMV2_ROI,Left,340,0.07084712,0.064464375,0.08760079,0.081943534,0.063902855,0.06014231,0.079196274,0.07647668,0.010075073,0.020042464,0.011519891,0.014069077,0.0077350168,0.022167511,0.008377483,0.011110217,0.1069498,0.0926542,0.10778057,0.10574812,0.103872426,0.08573073,0.105628975,0.09783631,0.09964271,0.027064567,0.024516232,0.02848008,0.025115645,0.025582517,0.02934526,0.022808498,0.12555571,0.104085736,0.13885005,0.1220036,0.10238412,0.09709691,0.11473532,0.10620061,0.04130985,0.041418828,0.043439597,0.043149486,0.030946923,0.044367697,0.033432744,0.038497172,0.1529721,0.1620646,0.15107381,0.17505822,0.15476386,0.13374478,0.13992558,0.14731888,0.14085583,0.056715727,0.05491588,0.058527168,0.060654603,0.060799696,0.05919638,0.055672403,0.14007843,0.11241009,0.14828797,0.13378015,0.109521195,0.10382024,0.11664279,0.11850776,0.04848862,0.04485628,0.051914033,0.050748173,0.036282945,0.04475496,0.039722174,0.045353968,0.1524309,0.14894333,0.14723746,0.15744828,0.14865415,0.11741048,0.13204049,0.12586965,0.13212308,0.037832938,0.041429397,0.03858047,0.043458555,0.04271885,0.040231794,0.03910851
L_VMV3_ROI,Left,334,0.059876446,0.0905763,0.06713783,0.06974108,0.049513876,0.08114337,0.059094246,0.061164614,0.004360288,0.011400296,0.0048838817,0.0063132974,0.003443955,0.012633079,0.003905572,0.0046120766,0.07929081,0.06031182,0.0633016,0.06302205,0.065642886,0.05121434,0.04810565,0.056194387,0.05860669,0.021417517,0.01053217,0.022095455,0.009333885,0.013115263,0.02244785,0.00914231,0.1164291,0.11979055,0.12567638,0.11858655,0.089622796,0.10489941,0.10463435,0.10322302,0.031582322,0.032132063,0.03489982,0.032502156,0.023309825,0.033590693,0.02719124,0.030373435,0.09979886,0.10823129,0.088696875,0.11365451,0.09863835,0.08090227,0.06792376,0.09006015,0.0808258,0.04020184,0.034701493,0.039085772,0.03681657,0.03582218,0.037288684,0.030902836,0.13669585,0.113591425,0.14605553,0.13510889,0.1049069,0.096728764,0.11910723,0.12044145,0.037231322,0.027576135,0.041443262,0.035153348,0.026735453,0.0266839,0.03099799,0.03279042,0.07223872,0.10275435,0.0645458,0.10866965,0.09319614,0.07408279,0.041965485,0.08211926,0.0781432,0.02925517,0.02409542,0.026600521,0.028465789,0.030043157,0.024779094,0.02814662
L_VVC_ROI,Left,343,0.0881435,0.09096387,0.11109977,0.12332406,0.0814886,0.091153294,0.10051141,0.116070025,0.015118852,0.019958459,0.018024988,0.021911435,0.013028489,0.018551879,0.016105933,0.017168436,0.09252934,0.09339108,0.086432874,0.10724483,0.12006412,0.08419099,0.08191799,0.09452756,0.10843766,0.039151996,0.03184866,0.037882265,0.03303829,0.03784904,0.035676897,0.034264676,0.1838489,0.13981807,0.19764134,0.18784744,0.14726451,0.13051887,0.15927894,0.1618907,0.06524337,0.05839931,0.07028837,0.06479965,0.04783062,0.05449373,0.054656144,0.054733463,0.13470127,0.1735075,0.122218505,0.18152453,0.16237855,0.13577159,0.10886516,0.14318424,0.13740776,0.07445987,0.07431281,0.06965609,0.07797343,0.06637035,0.062000584,0.05857881,0.20690201,0.1549417,0.21319686,0.1935815,0.15558398,0.13835613,0.16397965,0.16382861,0.08528171,0.07161528,0.08950081,0.07998987,0.059969734,0.06412083,0.065733604,0.06668215,0.11767541,0.15808877,0.10568492,0.16188619,0.14214694,0.116222575,0.09449936,0.12182809,0.11556236,0.065673955,0.06923879,0.06352843,0.074464075,0.06529983,0.057036515,0.058000926
L_a10p_ROI,Left,269,0.08702063,0.14559689,0.11063028,0.13485801,0.08827939,0.14885223,0.10848319,0.13414301,0.010302055,0.03334615,0.01474364,0.021759685,0.010618046,0.036484808,0.015414656,0.023932457,0.097800866,0.07126653,0.10125217,0.089150675,0.1033884,0.07264679,0.10172566,0.08636737,0.1034137,0.02852302,0.0075314096,0.03176773,0.01265801,0.023316784,0.034254223,0.026364068,0.11616107,0.15616044,0.1387887,0.15634944,0.117843136,0.15616679,0.1373483,0.15382983,0.018664455,0.036393248,0.0242676,0.030437764,0.020328099,0.03701139,0.027135631,0.033041537,0.091041885,0.08963825,0.09513485,0.103858724,0.11099678,0.091623895,0.09524031,0.10245026,0.11034762,0.015456556,0.008274329,0.016440243,0.009185481,0.013518239,0.01763447,0.015786117,0.111106865,0.132774,0.12866572,0.14121675,0.112511426,0.13415433,0.12934294,0.13849571,0.019172952,0.028053572,0.023295641,0.0285674,0.019936854,0.02861146,0.024574881,0.029360589,0.06737028,0.07530737,0.07133467,0.08460303,0.088553384,0.07691104,0.07426994,0.08593689,0.0868739,0.01589598,0.012679319,0.016112568,0.0150313275,0.016553255,0.015921755,0.016803162
L_a24_ROI,Left,241,0.075032346,0.14607142,0.10423355,0.13976108,0.07932179,0.14176345,0.10927089,0.13720345,0.011689024,0.051443513,0.019393768,0.03558935,0.011342987,0.049569402,0.020110236,0.03364123,0.14298816,0.075084515,0.149335,0.09651816,0.12898865,0.07710498,0.13825889,0.09836819,0.12759776,0.038050774,0.00692301,0.041722413,0.00943082,0.013511306,0.04169938,0.01387723,0.110277854,0.16405274,0.14452694,0.17257597,0.108406566,0.15493321,0.1440004,0.16886021,0.029090423,0.064775676,0.0424948,0.05712969,0.027474862,0.061042648,0.04209265,0.055463143,0.1474211,0.09389932,0.14787208,0.124773405,0.15073133,0.090158395,0.13567425,0.120412216,0.14648497,0.044382248,0.0094855735,0.04551137,0.017104853,0.031364758,0.043828014,0.0319108,0.11420642,0.16468802,0.14263055,0.16486576,0.10587712,0.15286814,0.13664237,0.16132665,0.03316397,0.05210169,0.043568883,0.053013798,0.030989666,0.0491536,0.04267639,0.0521151,0.13903639,0.09187351,0.13405073,0.12031059,0.13650192,0.08481931,0.1261808,0.11175534,0.13482334,0.04967544,0.028367843,0.049575154,0.042132262,0.052120738,0.048626173,0.050034735
L_a24pr_ROI,Left,239,0.071514964,0.13280234,0.10128138,0.13952346,0.070950106,0.1345385,0.10302742,0.1361219,0.014051251,0.028688762,0.018678166,0.025304232,0.012590409,0.030693322,0.017286621,0.022384321,0.1297007,0.07081223,0.13052922,0.10102918,0.140895,0.06916297,0.12676758,0.100667514,0.13907173,0.016340865,0.012462664,0.017916368,0.015731432,0.016831622,0.018169878,0.015641803,0.11543106,0.17010503,0.15258142,0.18325658,0.10822014,0.16695482,0.1449175,0.17447914,0.03309306,0.054111842,0.046831496,0.054039165,0.027099306,0.052458234,0.039904404,0.049991664,0.15052138,0.09838547,0.14987956,0.12771226,0.15938008,0.09112857,0.14884238,0.120912895,0.15143596,0.0217302,0.021420479,0.02015079,0.028828925,0.026258765,0.018036602,0.023848098,0.11909284,0.159878,0.15217437,0.16726953,0.10824894,0.15468383,0.14058839,0.16351879,0.030490583,0.046683706,0.039513856,0.045417823,0.025971677,0.04744199,0.034396492,0.04404918,0.13958433,0.08851176,0.13497771,0.11317402,0.13022457,0.0801565,0.13594724,0.10445667,0.12572278,0.024939356,0.018652888,0.024430228,0.023947809,0.0261733,0.022897536,0.024467483
L_a32pr_ROI,Left,359,0.05454664,0.11125613,0.081305906,0.094884284,0.053487703,0.10146249,0.08165686,0.10233264,0.0052506155,0.027736954,0.011171335,0.016648266,0.0054363483,0.026160084,0.010416045,0.017557617,0.11358991,0.046677165,0.11017264,0.07010321,0.08951343,0.04445416,0.09955072,0.06647878,0.0985082,0.029304741,0.0050553987,0.028128512,0.010673716,0.0167999,0.025705753,0.018514631,0.07682313,0.124862224,0.107009776,0.11906698,0.072849706,0.1152849,0.10361996,0.122652896,0.011748252,0.024442365,0.019758286,0.022241058,0.011230112,0.022880377,0.017252566,0.022567721,0.12067842,0.06869442,0.11666059,0.09246469,0.108831055,0.06559013,0.10874212,0.08876308,0.11214587,0.014833256,0.007874644,0.015309881,0.012036159,0.015190125,0.012414242,0.015751375,0.07939903,0.11414147,0.10700678,0.116835326,0.07370102,0.10334289,0.098708,0.114343755,0.01323322,0.018055502,0.018898277,0.021888705,0.0117654195,0.014140386,0.016348321,0.02025194,0.10273099,0.066148296,0.1001321,0.08686081,0.098077886,0.06194603,0.09185938,0.08089922,0.095669,0.016211433,0.011361452,0.01645616,0.016159449,0.018107835,0.012205768,0.014465895
L_a47r_ROI,Left,257,0.1241299,0.19323622,0.15074895,0.17397068,0.12180999,0.18797159,0.14847042,0.17865469,0.026292901,0.054882906,0.03452765,0.040674854,0.024276676,0.050859295,0.03245448,0.04293937,0.12403266,0.10266979,0.12789968,0.12512077,0.13526069,0.10041087,0.1264521,0.120135576,0.13139127,0.03297528,0.02121145,0.036422342,0.031369563,0.032998145,0.03758272,0.033550765,0.15993525,0.17696975,0.17898716,0.18759938,0.15763082,0.17199004,0.1773294,0.18775043,0.040326007,0.058032036,0.050246295,0.05234637,0.037844565,0.05412602,0.047343433,0.053877436,0.08709035,0.10321499,0.08831165,0.12053751,0.11662304,0.10154807,0.08923919,0.11834197,0.113071635,0.037656344,0.023679638,0.04179043,0.03120144,0.02902941,0.041747514,0.030208837,0.14812346,0.15307082,0.15719604,0.15669608,0.14734492,0.15072349,0.15763341,0.1603979,0.036820587,0.062035616,0.04093546,0.047721613,0.03442929,0.05675393,0.038890626,0.04796691,0.014025429,0.061742805,0.015643364,0.06613464,0.055334985,0.06250555,0.023822693,0.06727647,0.053037405,0.011938156,0.005344911,0.0127064595,0.009312252,0.008900392,0.0121445535,0.0073142345
L_a9-46v_ROI,Left,265,0.10392129,0.15472291,0.11869275,0.14578788,0.102635615,0.15498836,0.11804059,0.14330503,0.009906536,0.023990657,0.013694567,0.01600078,0.010024344,0.021984154,0.013100176,0.0153367845,0.123067975,0.08121209,0.12480987,0.09492146,0.12356673,0.08018712,0.12325183,0.0935408,0.12032451,0.03112683,0.006342158,0.02889424,0.013372081,0.022444725,0.025998604,0.02313038,0.14445831,0.16448067,0.16123289,0.17848185,0.1417107,0.16201138,0.15783031,0.17614257,0.025143497,0.029058153,0.030031074,0.032311767,0.023821604,0.028277809,0.028110506,0.032240383,0.12686272,0.11486964,0.13143405,0.13053703,0.1449293,0.11274497,0.13176146,0.12718865,0.13904011,0.03224462,0.014784232,0.029182857,0.01631966,0.027046526,0.027408097,0.028129255,0.13657863,0.13489018,0.14936966,0.14973985,0.13553911,0.13338594,0.14772125,0.15068011,0.023866255,0.022136873,0.025542371,0.029536402,0.022933379,0.023917802,0.024602087,0.030233411,0.11430594,0.10629108,0.116366506,0.118195005,0.120797776,0.105060585,0.117056854,0.116011016,0.11904134,0.03655426,0.022795172,0.03273078,0.027326591,0.03479999,0.031367037,0.036753923
L_d23ab_ROI,Left,214,0.09627246,0.16045164,0.1263549,0.1517284,0.097586505,0.15740415,0.12710318,0.15424636,0.0267486,0.08340431,0.04196611,0.0637653,0.029108178,0.08195975,0.043033186,0.065987594,0.12800808,0.07683956,0.130692,0.10179495,0.12734774,0.07548397,0.12516852,0.101432964,0.12793627,0.05527777,0.0196092,0.060591158,0.033350535,0.04437044,0.060341343,0.04526185,0.1594142,0.16818835,0.17729856,0.18073429,0.15557793,0.15589152,0.17502837,0.18075429,0.06029749,0.0892157,0.07276548,0.08094023,0.058453027,0.08375174,0.07172649,0.080693595,0.11932611,0.11721111,0.11529389,0.1307713,0.12943591,0.111709125,0.106870815,0.12757586,0.1275904,0.06700135,0.039023314,0.069633976,0.045957293,0.05672536,0.06481696,0.054500185,0.17599522,0.15812503,0.18598422,0.17530678,0.16923107,0.14295875,0.18042527,0.17104651,0.065115795,0.0666299,0.06806629,0.071565375,0.061079815,0.06147933,0.06517189,0.06822182,0.1050673,0.1211778,0.09973533,0.1273556,0.11578762,0.11710442,0.091726966,0.12487519,0.111660555,0.05346576,0.05085168,0.0550377,0.05549788,0.05846489,0.053959228,0.055555757
L_d32_ROI,Left,242,0.08889497,0.12558356,0.1049434,0.11732913,0.08972477,0.13459899,0.105862826,0.123252146,0.011265518,0.02807001,0.012376528,0.019286554,0.012454187,0.027730875,0.013852295,0.021711102,0.108392246,0.06566106,0.1085298,0.07822348,0.09426287,0.06513096,0.10660983,0.076658614,0.10034962,0.028253518,0.00364067,0.026485898,0.00709931,0.016767053,0.023399355,0.016619204,0.11036304,0.13626875,0.13029265,0.13905813,0.10985616,0.14334883,0.12874213,0.14682272,0.021843402,0.037380222,0.027514847,0.034397747,0.022420574,0.03696055,0.027844846,0.03682595,0.1156782,0.09285118,0.11545396,0.10814644,0.11871055,0.092187844,0.1159581,0.10574924,0.12598516,0.033706788,0.010146289,0.031119285,0.0124748405,0.027127085,0.028669296,0.029282538,0.09957597,0.121537,0.112906836,0.118068695,0.09781889,0.12330327,0.10927499,0.12229398,0.023340654,0.03891041,0.028580695,0.03705763,0.022893481,0.038122233,0.027350597,0.038451295,0.111341506,0.09414586,0.11217833,0.10861012,0.114444144,0.09325432,0.11417424,0.106900185,0.1198518,0.047207452,0.032697443,0.04410493,0.04010024,0.04775002,0.04407585,0.049440008
L_i6-8_ROI,Left,277,0.11478872,0.16315177,0.1457546,0.17361452,0.11400423,0.15722165,0.14491561,0.17790774,0.026451493,0.05197862,0.031910527,0.043202374,0.024049144,0.049485266,0.030599803,0.043948885,0.15154192,0.10340193,0.14658727,0.13084382,0.15599845,0.101653785,0.14038098,0.1273507,0.15492333,0.03997139,0.018574435,0.04139296,0.025468998,0.032769453,0.041496042,0.033767782,0.15858868,0.16922761,0.18532623,0.19419217,0.15456276,0.15948614,0.18048988,0.19475722,0.043705203,0.062970325,0.05499085,0.062642194,0.03933159,0.0616071,0.051009238,0.061170463,0.14319281,0.12967716,0.14035903,0.15121736,0.16115928,0.12553523,0.13449167,0.1482495,0.15862854,0.04292427,0.01916907,0.04477072,0.026189147,0.034395963,0.044169936,0.033201482,0.15472718,0.14947522,0.17097878,0.16819417,0.14523979,0.14385542,0.16338609,0.16896102,0.040698938,0.05215889,0.04708195,0.05552175,0.035690382,0.052473973,0.043488983,0.05422635,0.1088768,0.11050813,0.10936682,0.12423256,0.12700343,0.10421345,0.10789388,0.1198721,0.12474841,0.032670863,0.020199154,0.0359299,0.026278043,0.033062384,0.036593486,0.032804124
L_p10p_ROI,Left,350,0.088941164,0.13105044,0.10999151,0.12879963,0.09106753,0.13028273,0.112276815,0.12531257,0.009452721,0.021452079,0.013509775,0.018919943,0.00964101,0.01953257,0.01341991,0.01974283,0.106874116,0.08278398,0.113913395,0.09931888,0.11511616,0.084198005,0.110386245,0.10044714,0.11651207,0.016535679,0.008142434,0.017713837,0.012479636,0.01683973,0.01660697,0.015508338,0.111356854,0.124514475,0.12742066,0.13522698,0.111757696,0.12361189,0.13052356,0.13163209,0.017398985,0.028871566,0.022118902,0.026234046,0.017302962,0.026471358,0.020999119,0.025806317,0.10039985,0.09227662,0.10786541,0.10725572,0.11682511,0.093227394,0.1050768,0.108665235,0.11562248,0.01688623,0.011104277,0.01799835,0.01304114,0.015778378,0.015467115,0.014559106,0.10426529,0.120594375,0.117344484,0.12324028,0.10300792,0.12043687,0.11703781,0.122339025,0.017178865,0.022975653,0.01986609,0.022253642,0.016869785,0.020572731,0.018767359,0.023073424,0.079321034,0.07657741,0.08846188,0.08764619,0.090364836,0.07760653,0.089260876,0.0892266,0.0914843,0.021444613,0.014778085,0.023810312,0.017380355,0.019181771,0.023248618,0.019774651
L_p24_ROI,Left,360,0.04353718,0.09967165,0.06897578,0.0949917,0.04357142,0.09688241,0.06424084,0.09574782,0.0037261848,0.012321166,0.00750293,0.012614271,0.00478791,0.013673561,0.0083683655,0.012478994,0.10751189,0.0412364,0.10529918,0.061382562,0.08907326,0.040859334,0.10342671,0.05924948,0.091918476,0.011749155,0.002420617,0.01439225,0.00406665,0.0045919903,0.014228589,0.0033966827,0.063608915,0.108006544,0.094268486,0.120209,0.0625372,0.1088241,0.08885987,0.1146786,0.010773362,0.0142480405,0.016601108,0.0225822,0.010803437,0.015511347,0.017030245,0.02052547,0.11816962,0.061656583,0.11438126,0.088046156,0.12254805,0.059392083,0.115533724,0.08444249,0.12001715,0.020111287,0.0077322046,0.02154795,0.011825256,0.019204373,0.02089193,0.017063977,0.06027568,0.0997724,0.08627383,0.11045482,0.058614455,0.106849514,0.082750484,0.104325876,0.013189853,0.015336774,0.018333914,0.021347728,0.012174221,0.014236852,0.017232193,0.019071875,0.09169337,0.056989003,0.09361492,0.080039434,0.103661545,0.05501986,0.1024354,0.07755782,0.09984452,0.030721467,0.016164092,0.032805655,0.022055728,0.029006893,0.03204128,0.026511613
L_p24pr_ROI,Left,237,0.13323571,0.20716225,0.17661832,0.2117671,0.12693407,0.1973071,0.16613328,0.20103309,0.045137428,0.072635114,0.060895644,0.079690985,0.035761654,0.06851969,0.048287358,0.0725938,0.19427635,0.12216477,0.19714783,0.16407268,0.20337737,0.11735164,0.19256936,0.1583025,0.20003615,0.06367713,0.047014922,0.06316195,0.064237826,0.07252902,0.061780486,0.06803448,0.17818248,0.23115952,0.21769139,0.24069604,0.16178523,0.21593532,0.20144442,0.22434673,0.0624234,0.07623966,0.08574063,0.09475861,0.05073669,0.070350416,0.07142829,0.08515166,0.18765494,0.14982687,0.18598793,0.17725933,0.19359182,0.13674517,0.18109748,0.16638134,0.18273675,0.06222021,0.054832824,0.06049823,0.06968665,0.07972228,0.055735648,0.07282797,0.16134608,0.19767976,0.18320465,0.19637609,0.14460208,0.18524863,0.16956963,0.18204437,0.041714784,0.056845896,0.047520693,0.054523863,0.03383464,0.05403482,0.03995704,0.046682287,0.14168538,0.121979125,0.14058895,0.13458976,0.1409117,0.11196591,0.1399938,0.12848794,0.12930985,0.03617239,0.031176973,0.035077006,0.035326194,0.041237425,0.032133926,0.034274552
L_p32_ROI,Left,244,0.09357038,0.16160882,0.11820007,0.14743161,0.09697473,0.16559349,0.12122241,0.14862253,0.013005215,0.043808833,0.020376677,0.029798567,0.01417318,0.044840217,0.020700168,0.03230086,0.13167606,0.08465427,0.13111506,0.10305708,0.12060218,0.08605573,0.1316595,0.10678818,0.12674566,0.028525164,0.009991878,0.033061076,0.014052367,0.015774528,0.03399069,0.016727066,0.1285404,0.16865493,0.15413345,0.17237723,0.129367,0.16949107,0.1541549,0.17088938,0.028580215,0.053198893,0.03917653,0.046220366,0.02900196,0.05588638,0.038669135,0.048758626,0.11676799,0.09973706,0.117856875,0.11928375,0.13342763,0.09741912,0.11802733,0.119531244,0.13536203,0.037514362,0.017087225,0.04112176,0.022931663,0.026975466,0.041920543,0.029886436,0.12928104,0.17714454,0.15314567,0.17014681,0.12621053,0.17140263,0.14917684,0.16915464,0.03469557,0.052395143,0.043931965,0.052374113,0.033926494,0.052660715,0.04220823,0.053763337,0.11435664,0.09006845,0.113528624,0.10929028,0.11963689,0.08725959,0.10894763,0.106966354,0.118281126,0.039004862,0.02666216,0.04204408,0.035876967,0.037884504,0.041086756,0.039475385
L_p32pr_ROI,Left,240,0.06553282,0.10198546,0.0992878,0.110440135,0.05758477,0.09456408,0.08522762,0.105478816,0.01207702,0.027126636,0.019840725,0.024121074,0.010666192,0.025647147,0.016572181,0.021538498,0.099841595,0.060775097,0.09700219,0.08786349,0.099078305,0.053484656,0.089099236,0.07734868,0.09864652,0.02120073,0.011065017,0.021355893,0.017203018,0.021820338,0.020937858,0.022084408,0.079322845,0.10893618,0.10883213,0.12652995,0.07106287,0.10099799,0.09637499,0.1122937,0.014748419,0.022255417,0.021556826,0.026514959,0.0126826335,0.022364957,0.017963031,0.022755526,0.09627355,0.06449132,0.09775363,0.08497056,0.101464376,0.058515728,0.09100389,0.07705775,0.08935651,0.012251542,0.010981869,0.010644236,0.014474592,0.014314063,0.009819695,0.013458317,0.07058952,0.10400551,0.08809341,0.10318767,0.06383086,0.09553824,0.08094726,0.09013869,0.010363452,0.014811559,0.014650416,0.017491713,0.008928994,0.014188161,0.012442627,0.015517756,0.08822368,0.051959127,0.09040433,0.064627,0.07559843,0.046698865,0.084944956,0.05812413,0.06460887,0.0047174287,0.004645257,0.0038306809,0.0067733973,0.007948174,0.0021148394,0.0057399906
L_p47r_ROI,Left,351,0.11979182,0.1396242,0.13982387,0.14704685,0.12060147,0.14019282,0.1414184,0.15575589,0.012365683,0.026423289,0.013934276,0.021193624,0.012331959,0.025327893,0.013913027,0.021987189,0.12866823,0.09857656,0.1300243,0.118232735,0.14156823,0.09778196,0.12703128,0.11774064,0.14710863,0.024703078,0.010055373,0.024356864,0.013594064,0.020968426,0.024417723,0.022662893,0.14648378,0.14737654,0.16461788,0.17064522,0.14504598,0.14239597,0.16414891,0.17327978,0.030126955,0.031932566,0.036372036,0.040589273,0.029365089,0.029991822,0.03631552,0.040980343,0.12693208,0.122967355,0.12834667,0.1373993,0.14652003,0.12080419,0.1258253,0.1364695,0.14764671,0.032337755,0.022642333,0.03292062,0.024851862,0.032918736,0.031776786,0.034253657,0.1286118,0.12642781,0.14000034,0.14678429,0.12681769,0.120542,0.13683476,0.1446451,0.034245413,0.035890255,0.036598895,0.040957984,0.03302194,0.035161912,0.03574927,0.040389,0.08570446,0.100779854,0.09010093,0.10813434,0.110310495,0.09905457,0.091641076,0.10706906,0.108644314,0.027048856,0.026543124,0.02735119,0.028525278,0.031175688,0.02821909,0.030144675
L_p9-46v_ROI,Left,263,0.102687806,0.12180328,0.116814464,0.13075353,0.10086691,0.12006473,0.11572954,0.13592543,0.008998676,0.014228313,0.010451729,0.010968597,0.009181799,0.014337732,0.01074643,0.013630719,0.08852958,0.0876677,0.09283243,0.10013651,0.112861425,0.08611048,0.09422564,0.09908915,0.116064675,0.014965665,0.0056493855,0.015597568,0.008486166,0.012835551,0.015482324,0.015479342,0.14313196,0.12560526,0.1531407,0.15156734,0.13787614,0.12213788,0.14690255,0.15065019,0.023865728,0.023160188,0.028413383,0.026699068,0.021773746,0.020949733,0.025856433,0.027406098,0.08017074,0.10803127,0.0846827,0.117396355,0.1132572,0.103030436,0.08384784,0.11183823,0.109820336,0.019057492,0.01301294,0.016639395,0.014872654,0.012123183,0.014296158,0.0141789755,0.14240731,0.12068594,0.15144792,0.14285663,0.13650516,0.11956188,0.14517282,0.14198816,0.027237944,0.028710045,0.029535808,0.029348426,0.02385343,0.024909943,0.026087193,0.028642895,0.048435275,0.088672765,0.058360446,0.093653485,0.08264716,0.08408157,0.06290434,0.08930162,0.079640396,0.017280132,0.010412166,0.01662852,0.01262553,0.013026644,0.014060601,0.012939017
L_pOFC_ROI,Left,346,0.07845105,0.21399818,0.1255844,0.18815057,0.07189834,0.22540589,0.11657793,0.18669052,0.029662851,0.08607123,0.045945913,0.07221729,0.026360048,0.08636241,0.042461846,0.07172504,0.21370648,0.061072033,0.21904214,0.10865891,0.18247235,0.055316925,0.22352222,0.09944571,0.18107834,0.09017362,0.022582874,0.087862544,0.042425565,0.07394542,0.08587561,0.073373266,0.09537346,0.22552106,0.14854118,0.2064832,0.09196746,0.22876415,0.13983752,0.201714,0.033212498,0.08666924,0.053114865,0.08115747,0.028991528,0.0846554,0.04750537,0.07889446,0.17186578,0.06388303,0.17545187,0.10095522,0.16285911,0.05964821,0.18103135,0.09328133,0.15623559,0.05394971,0.016035704,0.05305875,0.023726463,0.04909248,0.051503707,0.046552047,0.080729425,0.1709834,0.11723351,0.14966334,0.07942169,0.17335466,0.11423469,0.14548747,0.023596615,0.06521935,0.035554342,0.054507133,0.020290019,0.06261359,0.029530635,0.049877126,0.11468676,0.058102667,0.116510406,0.085890874,0.11077875,0.056303713,0.12337478,0.08227868,0.10626604,0.053167284,0.021951452,0.05207554,0.03412059,0.04950276,0.048129987,0.043768372
L_s32_ROI,Left,345,0.045983106,0.10899516,0.07019829,0.107194014,0.04519605,0.11495319,0.072723195,0.11412807,0.007082503,0.030278038,0.01227753,0.019174358,0.0041119936,0.030830529,0.011785967,0.020722866,0.10139842,0.04310027,0.101563886,0.062028673,0.09453282,0.03895201,0.10413298,0.065615736,0.09555376,0.013566978,0.0070249136,0.016939824,0.01325817,0.019643713,0.019318651,0.022540474,0.07216295,0.14421755,0.1062991,0.14634976,0.06954473,0.1443445,0.10649476,0.14931719,0.0142611675,0.035710625,0.021114837,0.027876733,0.012666583,0.035107058,0.019833943,0.028330924,0.104672045,0.046768263,0.10149706,0.07150528,0.10212291,0.043880686,0.09927078,0.07317172,0.105424725,0.018021517,0.0070796637,0.022543442,0.011301122,0.016698055,0.022388725,0.016720407,0.07095108,0.15527047,0.10126791,0.14347494,0.06595628,0.15245382,0.10000432,0.14528859,0.015769303,0.026609292,0.023070805,0.026921244,0.013699791,0.024442565,0.01978738,0.02210308,0.0849071,0.040661387,0.08358997,0.061439417,0.07990426,0.03716175,0.08492455,0.059922673,0.08570279,0.008738697,0.0077313446,0.0075624543,0.012693421,0.01107868,0.004756404,0.007165142
L_s6-8_ROI,Left,278,0.09298069,0.13990363,0.12890337,0.15353695,0.0881178,0.14146814,0.11849874,0.14753468,0.0133035,0.031472236,0.017641082,0.030070435,0.013505334,0.031346813,0.016789034,0.029990101,0.1086254,0.085320145,0.11077755,0.11425158,0.12968841,0.08197436,0.11057903,0.10762405,0.1247034,0.021297334,0.01414535,0.019249942,0.018724931,0.021918453,0.017669663,0.01814896,0.11540679,0.14510699,0.1454012,0.16686277,0.10950654,0.1407508,0.13382392,0.16007075,0.016939085,0.035936926,0.024251595,0.036152005,0.015986808,0.034931052,0.021999227,0.033195697,0.1117423,0.09291161,0.110138774,0.11843904,0.12814441,0.087788306,0.10763973,0.10818234,0.12676047,0.02290057,0.0076390402,0.022382755,0.012629305,0.016755031,0.021136262,0.015175764,0.104439095,0.13002996,0.12394295,0.14143172,0.0987286,0.12677151,0.117046446,0.13829945,0.014344812,0.021765241,0.01768038,0.02490306,0.013119255,0.022246573,0.016061537,0.0235132,0.0973393,0.07221609,0.098906666,0.08734479,0.09932265,0.06748478,0.09730615,0.08170396,0.09926811,0.017480316,0.007590058,0.01853005,0.010545739,0.014999667,0.018184857,0.015849005
L_v23ab_ROI,Left,213,0.08251545,0.13036776,0.11076604,0.13275708,0.084653325,0.12852626,0.1074549,0.13235544,0.021026837,0.063121565,0.034788366,0.049716022,0.020478582,0.06398079,0.03320879,0.052994464,0.11084114,0.08005386,0.10597645,0.0998735,0.11862625,0.08143356,0.10477794,0.09718597,0.11550473,0.039152548,0.02208012,0.0416375,0.03236344,0.03810242,0.04422853,0.03798915,0.13552721,0.14441401,0.15733959,0.16233255,0.130453,0.13690215,0.14988936,0.15727651,0.053841267,0.08557297,0.06678089,0.07769526,0.04827637,0.08226377,0.06109437,0.07679825,0.11727212,0.10557944,0.10974266,0.12546246,0.12584408,0.10157669,0.10513778,0.11993366,0.12029595,0.069399714,0.04237897,0.06964368,0.053968616,0.06324268,0.06859266,0.058984,0.14652054,0.15021275,0.16134481,0.15852787,0.13756867,0.14107658,0.15411125,0.15155691,0.05907608,0.068040915,0.065297596,0.071653984,0.053462144,0.063994996,0.059338298,0.068401106,0.10373832,0.0895783,0.09903289,0.100258954,0.09633942,0.08613598,0.09278023,0.09822217,0.09440934,0.041590896,0.028987633,0.04065254,0.034403875,0.03981897,0.04104885,0.036783535
R_10d_ROI,Right,72,0.099678874,0.119082704,0.11780192,0.1370053,0.102240905,0.11819278,0.11858079,0.14350446,0.013280501,0.042466603,0.021704776,0.037527498,0.014497977,0.045031384,0.022410374,0.039895236,0.10064489,0.065866,0.09906262,0.0762256,0.10195518,0.06722917,0.09573658,0.07548513,0.106134,0.03588346,0.0043905303,0.037528146,0.011058779,0.026016733,0.03694951,0.028231733,0.15561427,0.13589312,0.1707049,0.1779638,0.15481512,0.13665117,0.17015633,0.18304618,0.046513863,0.059739426,0.05457726,0.06368507,0.044023495,0.060018536,0.052216183,0.0631008,0.12276576,0.12726477,0.11889287,0.13801372,0.1485146,0.123223536,0.116740234,0.13485314,0.14951496,0.043779366,0.024086086,0.04270135,0.024264326,0.03806216,0.039394375,0.037207413,0.16006976,0.14810127,0.1712452,0.16928688,0.15499128,0.14682628,0.16792278,0.17370997,0.05723392,0.05949171,0.06399943,0.06784475,0.0530333,0.058779784,0.060029354,0.06680286,0.14622058,0.13997304,0.14406563,0.1525615,0.15820022,0.13495934,0.14266,0.14936726,0.15801746,0.054767072,0.060847644,0.054532524,0.06718208,0.06784284,0.053583458,0.06741666
R_10pp_ROI,Right,90,0.10222042,0.15745844,0.12926592,0.1553075,0.101433076,0.16118643,0.13222837,0.16812013,0.015904661,0.043335352,0.021063626,0.031323276,0.016390605,0.041845113,0.02255501,0.034519102,0.15928471,0.087289274,0.16079248,0.111478366,0.14477085,0.08545112,0.15816422,0.10939306,0.154482,0.048424,0.010853395,0.048589315,0.016998703,0.03085614,0.04646186,0.03258509,0.1371001,0.16546558,0.16636956,0.17809354,0.1360972,0.16844557,0.16698788,0.18837835,0.032339875,0.04714765,0.040085614,0.049289476,0.03268642,0.046343144,0.041158307,0.051412407,0.15713106,0.11389002,0.15866508,0.1381385,0.15521692,0.1104523,0.15459706,0.13556595,0.15993442,0.035702195,0.012049011,0.03594098,0.012517482,0.02889683,0.034595195,0.029531619,0.13132095,0.1620824,0.15297256,0.16275863,0.12722169,0.15857938,0.14854787,0.16387625,0.033577688,0.03693133,0.039299518,0.04329568,0.032805286,0.036716748,0.038836513,0.043584574,0.13534832,0.10662341,0.13936268,0.12562886,0.13325502,0.10377919,0.13348581,0.12284633,0.13309921,0.03694376,0.040310536,0.03769838,0.04910885,0.049701575,0.038537495,0.049253315
R_10r_ROI,Right,65,0.098776124,0.13976943,0.1256926,0.14730768,0.095833,0.13594201,0.12230714,0.14963232,0.018834436,0.04984635,0.02884811,0.04217705,0.017871778,0.051032312,0.028400296,0.044597417,0.13130546,0.08023881,0.1294843,0.09980957,0.1240239,0.07747915,0.124295734,0.09759167,0.13208616,0.037945326,0.012298856,0.040581666,0.023534957,0.034869492,0.042419344,0.039974954,0.15807419,0.16843379,0.18733715,0.20044005,0.15143399,0.16187029,0.17828341,0.19628611,0.052645355,0.07374779,0.064742625,0.07256863,0.047325082,0.07328206,0.06020495,0.07181222,0.14298417,0.11976825,0.14133698,0.1408087,0.1547166,0.112889536,0.1364721,0.13500498,0.15408292,0.04900126,0.024239777,0.047623113,0.027854668,0.03833728,0.045587428,0.037742898,0.16167909,0.16391864,0.18459977,0.18703245,0.15276733,0.16008887,0.17320874,0.17811133,0.06011433,0.07222973,0.070349395,0.07507462,0.05342198,0.0715769,0.06433378,0.07195698,0.117163874,0.12325757,0.11927146,0.14171527,0.14476502,0.11506672,0.122326516,0.13298112,0.1376749,0.04403562,0.048436154,0.042526223,0.058439262,0.054632656,0.041160762,0.04978377
R_10v_ROI,Right,88,0.10360473,0.16570278,0.12969434,0.14719357,0.102835044,0.16485953,0.12837112,0.14491403,0.013933853,0.04100779,0.019307377,0.030404355,0.014011716,0.041761886,0.020859124,0.029935934,0.1276157,0.08932741,0.13440967,0.10748818,0.12944688,0.087765686,0.13248193,0.107347384,0.13067937,0.017192008,0.009001715,0.020189105,0.0156847,0.020519346,0.022267057,0.02053404,0.14542592,0.1783435,0.1699449,0.17913899,0.14283112,0.17732443,0.16780543,0.17500867,0.034497764,0.04669735,0.042344294,0.046752702,0.033830732,0.04749859,0.043508295,0.047709048,0.13744976,0.11530629,0.14123107,0.13505222,0.14673987,0.11303639,0.13904536,0.13433601,0.14731981,0.027069682,0.01628958,0.028413001,0.020657584,0.02336383,0.02927004,0.022835914,0.1415525,0.16417623,0.16106556,0.17337619,0.13792074,0.1612586,0.15712714,0.17084263,0.03613308,0.049107436,0.042332985,0.048483726,0.034093887,0.04691696,0.040919967,0.049347095,0.110171914,0.1001998,0.11090924,0.1173528,0.12728594,0.09811334,0.112643346,0.11508156,0.12745774,0.022966843,0.02247356,0.021082753,0.029826079,0.030909449,0.022067111,0.029854367
R_11l_ROI,Right,91,0.09793779,0.15072131,0.12156912,0.13335475,0.09928448,0.14479168,0.12405943,0.138615,0.020121127,0.041968912,0.029677216,0.038485914,0.020058798,0.04045297,0.029634494,0.040239334,0.10070891,0.086391695,0.10215603,0.10189802,0.10068017,0.08474921,0.100695245,0.100823954,0.107000515,0.039119188,0.019637031,0.04015505,0.025203407,0.033792082,0.040421255,0.03439597,0.13516676,0.1464349,0.15658502,0.15474811,0.13749821,0.14045036,0.15577924,0.15712394,0.035653528,0.04392379,0.04590211,0.048826817,0.035711158,0.04109743,0.045131236,0.049837295,0.07556771,0.10239143,0.07718081,0.11800276,0.104476914,0.10120924,0.07594603,0.1158499,0.10726584,0.04392079,0.031177776,0.044722434,0.03882008,0.038891975,0.043453783,0.04051613,0.13360225,0.14668591,0.15193684,0.15574838,0.13502948,0.14157058,0.14892426,0.16026692,0.032018337,0.043482125,0.03658173,0.0412176,0.031110901,0.040125143,0.034985624,0.042133454,0.051731072,0.080787994,0.05325255,0.08936511,0.08392186,0.080934174,0.054680318,0.088970795,0.08480086,0.036896776,0.025646176,0.037184574,0.032373857,0.037973046,0.038096283,0.03877342
R_13l_ROI,Right,92,0.07742296,0.12894973,0.100864395,0.117841,0.07877301,0.11969129,0.10345548,0.120642066,0.0215352,0.04276761,0.029426606,0.03531757,0.020675318,0.04152093,0.02916692,0.03655279,0.10241198,0.09189386,0.112050764,0.117506444,0.122560374,0.09054484,0.1110049,0.11420159,0.12193543,0.047801707,0.03149911,0.051489383,0.039686546,0.045026414,0.051317163,0.044185724,0.106054984,0.12671714,0.122248605,0.13478324,0.102533296,0.11523505,0.122672305,0.13117981,0.031549625,0.05104259,0.04061293,0.049971547,0.029697293,0.045344803,0.03836122,0.04883074,0.07461516,0.09766848,0.07866675,0.11609123,0.112035766,0.09163856,0.07625676,0.11170412,0.10535831,0.06050768,0.04303676,0.06081798,0.054725945,0.05611182,0.056262672,0.054652207,0.102617614,0.12600753,0.11609981,0.13305922,0.09453093,0.11434186,0.110488184,0.12623696,0.026915327,0.05642558,0.03447975,0.048773494,0.023684593,0.051061783,0.029950239,0.04755582,0.028405407,0.06454223,0.031525824,0.06979496,0.06884987,0.058013685,0.032218512,0.06656935,0.060218804,0.032451756,0.011400806,0.03133189,0.016130885,0.027350321,0.026849816,0.025448037
R_1_ROI,Right,51,0.07778812,0.0970163,0.08959272,0.09658297,0.07630218,0.10650956,0.08811591,0.0992409,0.016200747,0.01716202,0.019823832,0.023598615,0.014267628,0.016099138,0.01618641,0.021474287,0.096658945,0.07958077,0.105215505,0.092277884,0.10014701,0.08020603,0.106585145,0.092167094,0.10652413,0.016853452,0.013834939,0.016795557,0.017084718,0.017600182,0.017819136,0.017454017,0.14499068,0.14583877,0.15634692,0.14883672,0.13338982,0.1499276,0.1467197,0.14774,0.03309262,0.028919011,0.03827134,0.038012683,0.027689788,0.025700182,0.03227574,0.033775218,0.13338491,0.13408895,0.13526739,0.14388135,0.14158818,0.12574796,0.13525665,0.13688995,0.14036107,0.024362953,0.02467603,0.024016535,0.028339036,0.030901067,0.023667429,0.028031446,0.15675403,0.14493383,0.17200468,0.15682723,0.14030835,0.14681931,0.15627314,0.15182933,0.031781767,0.028966675,0.03487802,0.033866312,0.026198508,0.027641937,0.029163208,0.03054735,0.12409623,0.12584673,0.120551,0.13610837,0.12765563,0.11437417,0.12006475,0.12589051,0.123397864,0.021631302,0.015207698,0.020654157,0.019217955,0.021891143,0.021247271,0.019470066
R_23c_ROI,Right,38,0.12581305,0.13973892,0.14041863,0.15040252,0.12064136,0.13987099,0.13473266,0.14900537,0.021583457,0.033195235,0.026966432,0.03244483,0.019734528,0.036629897,0.025298974,0.031811904,0.123380765,0.11180989,0.121201485,0.120119765,0.13513209,0.10724361,0.120782234,0.11525749,0.1349782,0.029662969,0.02266646,0.03248305,0.021221934,0.023935715,0.0349359,0.022878436,0.18607858,0.18301387,0.1985527,0.19773485,0.17191379,0.17901722,0.18379952,0.18753412,0.056348212,0.05282488,0.063619085,0.06319076,0.048456725,0.05116149,0.054050326,0.058495108,0.15674353,0.15944138,0.14987947,0.17033042,0.16765514,0.1467385,0.14258668,0.15842193,0.16284338,0.042831562,0.045175187,0.043791987,0.05132771,0.04786339,0.0429767,0.04438422,0.17586938,0.17687656,0.18776964,0.1860172,0.16078515,0.17420292,0.17323545,0.1778643,0.05887211,0.04970374,0.06444038,0.061455723,0.050637085,0.047860157,0.05461874,0.059079666,0.15297551,0.13431747,0.14826337,0.1439822,0.1452392,0.12240059,0.14027448,0.13297504,0.13858023,0.035364684,0.031229015,0.036477942,0.03735679,0.04010409,0.036112547,0.038649436
R_23d_ROI,Right,32,0.09301268,0.1448518,0.1150483,0.14084637,0.091570325,0.1377666,0.114397414,0.14127442,0.015718194,0.039745934,0.025513234,0.035834905,0.015726697,0.04154322,0.02572913,0.038516574,0.119509436,0.076333754,0.11427906,0.08953957,0.10720343,0.07609899,0.10851406,0.09026269,0.11055961,0.022870807,0.010744272,0.026093446,0.014584421,0.014017106,0.027633877,0.01517034,0.14337516,0.15033725,0.16147003,0.16579413,0.14099774,0.14208767,0.1609584,0.1698955,0.042460315,0.059287302,0.052674834,0.057890955,0.041430123,0.060186762,0.052460745,0.060773794,0.107577816,0.11538791,0.105351634,0.12728976,0.12937924,0.11227418,0.10316349,0.12670562,0.13211608,0.03314382,0.02350804,0.035345703,0.029237123,0.028659372,0.035142638,0.02959526,0.1488135,0.14029953,0.16587503,0.1624979,0.14571522,0.1355976,0.16301514,0.16677472,0.049686752,0.05785679,0.055631045,0.060439657,0.047993004,0.059585553,0.054758076,0.061854545,0.08379938,0.10695568,0.08477642,0.118305564,0.11123466,0.10472274,0.085618414,0.11699275,0.11362489,0.036504563,0.035674695,0.039758027,0.040797595,0.040150426,0.040369935,0.040864162
R_24dd_ROI,Right,40,0.061075862,0.05742865,0.06962718,0.07421874,0.055600353,0.058479007,0.064858034,0.06936258,0.022398522,0.03535423,0.025530966,0.027355902,0.019787017,0.03494522,0.022532132,0.026475884,0.06190521,0.06135048,0.05978262,0.0689713,0.07690095,0.055321984,0.054334827,0.063142255,0.069774166,0.024609778,0.022933345,0.023992803,0.026805948,0.026076011,0.022366116,0.0240474,0.11803722,0.10177831,0.12780046,0.12645055,0.10251245,0.102350466,0.11294362,0.115965836,0.04869206,0.055206295,0.055251494,0.054535374,0.036747254,0.05226861,0.04215615,0.05013691,0.09531025,0.098309964,0.09264787,0.103121914,0.1127279,0.08489062,0.09137916,0.08930778,0.10083867,0.040787704,0.036664408,0.03763072,0.03847801,0.03997674,0.033405304,0.035575338,0.13570955,0.14067313,0.1508229,0.15745665,0.11581647,0.13717948,0.1308954,0.14428745,0.05023921,0.06648945,0.057854537,0.059207264,0.03750726,0.064415745,0.043750126,0.056562487,0.11756227,0.095824,0.11070065,0.10450768,0.11458858,0.08132465,0.10836185,0.08826665,0.10387984,0.039329402,0.02793259,0.03651106,0.032527383,0.034174174,0.033741497,0.031579405
R_24dv_ROI,Right,41,0.051603146,0.06572003,0.073294505,0.089071564,0.05049686,0.06347174,0.07100307,0.0833041,0.022365585,0.049554665,0.03292254,0.043259136,0.021467777,0.048647456,0.029579934,0.04062956,0.073836274,0.058200944,0.076665625,0.08026397,0.088152364,0.05747582,0.075022645,0.07812812,0.084806964,0.02836183,0.022074385,0.02793566,0.029860174,0.029735018,0.026287692,0.028091935,0.08978944,0.101002336,0.11627482,0.13147825,0.078064315,0.10116616,0.10579581,0.11875906,0.03492848,0.059810665,0.050120823,0.059484676,0.028510883,0.05878168,0.04049707,0.05371085,0.10296638,0.08377647,0.09983545,0.10620116,0.12356841,0.07224923,0.09571792,0.0968329,0.110610016,0.04057183,0.029750077,0.039106376,0.041420907,0.041231174,0.033747733,0.035073385,0.09765464,0.12749018,0.12401199,0.14644541,0.08312464,0.124641955,0.11162985,0.1344614,0.032503445,0.062447555,0.043717045,0.05504745,0.024362236,0.059442155,0.033992823,0.048227616,0.097272664,0.06788213,0.09531086,0.08733755,0.105575,0.058157552,0.09067971,0.077169865,0.097280964,0.026297096,0.014190185,0.024979142,0.02130827,0.025454583,0.021014934,0.021176893
R_25_ROI,Right,164,0.05669314,0.121686846,0.0917212,0.13124698,0.055998348,0.12426986,0.09088569,0.13629115,0.013729048,0.049862277,0.024601342,0.038658552,0.011697675,0.052175786,0.023843221,0.039249152,0.110728905,0.05248509,0.09904941,0.0835786,0.12330162,0.05136256,0.108328216,0.08453547,0.13463256,0.036487445,0.013815544,0.03525,0.025670676,0.037103824,0.037936464,0.040273987,0.08109614,0.15779476,0.12294451,0.16482429,0.078648016,0.1641734,0.120349206,0.17112754,0.025012417,0.061149646,0.03924341,0.058470093,0.02266847,0.06125665,0.03759594,0.057660554,0.13438782,0.07340418,0.123509414,0.109102204,0.1386546,0.07171713,0.12826273,0.10717441,0.14551999,0.03702296,0.018042425,0.038035907,0.02592928,0.040739734,0.040811643,0.04050788,0.07655007,0.16183789,0.1125135,0.15033254,0.07327552,0.1663045,0.10890445,0.15146038,0.021626947,0.048346575,0.031431608,0.04431822,0.021485252,0.04766909,0.030457975,0.043346845,0.111997135,0.06560499,0.11001667,0.09553451,0.122563034,0.06345667,0.117408276,0.09247122,0.120388016,0.02238191,0.017502438,0.024953142,0.025421271,0.030992659,0.024624962,0.029129602
R_2_ROI,Right,52,0.094113536,0.12416054,0.10398781,0.115252174,0.09206014,0.12798813,0.102672115,0.120438695,0.01877634,0.028550724,0.021565672,0.02296184,0.016919123,0.030092703,0.019915298,0.02132678,0.09860759,0.08407099,0.098552816,0.09022272,0.10239364,0.07676594,0.09712349,0.08249427,0.10101705,0.014306096,0.017014626,0.01749411,0.020737356,0.024000483,0.019523697,0.01981749,0.17395023,0.1870388,0.18398201,0.1901183,0.15910304,0.19078504,0.17199399,0.1839178,0.0499357,0.060596857,0.054907482,0.057717647,0.038212866,0.058176316,0.044741604,0.05202272,0.14925484,0.14477347,0.1468754,0.14996888,0.1541859,0.1289178,0.14714524,0.13392624,0.14253797,0.03947732,0.036762923,0.040137555,0.037308607,0.046563506,0.037975553,0.038889755,0.1965605,0.19591449,0.20677903,0.20045887,0.17454883,0.19468655,0.18775485,0.19341125,0.054285906,0.0624916,0.05799165,0.059470728,0.04178116,0.05997363,0.04611602,0.056484587,0.14266048,0.13901244,0.13632087,0.1471853,0.14315522,0.12195301,0.13490202,0.13018753,0.13186216,0.034740627,0.02901065,0.03570336,0.031910714,0.03781033,0.034089424,0.032680143
R_31a_ROI,Right,162,0.10453652,0.16097118,0.12751526,0.15143365,0.10296725,0.15909554,0.12791806,0.14653267,0.016607977,0.05111614,0.023721037,0.032408535,0.015427432,0.051032607,0.022214577,0.033688728,0.13898009,0.09881156,0.14342214,0.11683057,0.13652433,0.09737155,0.14209706,0.11655121,0.13093497,0.039433207,0.020704469,0.04440468,0.028877888,0.033511583,0.047020707,0.034555983,0.14188354,0.15768243,0.16080369,0.17244169,0.13620414,0.1542045,0.1590098,0.16365655,0.032815736,0.05972082,0.04145393,0.04894084,0.03086507,0.057743974,0.039262712,0.04857745,0.13328874,0.1240115,0.13529871,0.14346664,0.1547554,0.11744009,0.1346295,0.13898553,0.14550517,0.042095117,0.027586432,0.045276348,0.03356354,0.040810402,0.046562396,0.04025257,0.13748656,0.14268689,0.1513651,0.15470491,0.13036637,0.13838173,0.14714603,0.1468575,0.035414215,0.059297,0.04379749,0.053646035,0.033772677,0.058792863,0.041555878,0.053258542,0.10036467,0.106703535,0.10375304,0.12077953,0.12223116,0.10182982,0.105189696,0.115783654,0.114951305,0.027492885,0.02599932,0.033039127,0.032278907,0.035258383,0.03760161,0.03436187
R_31pd_ROI,Right,161,0.09668786,0.11302085,0.1200025,0.13404875,0.094174154,0.1101924,0.11485254,0.13202225,0.025493769,0.05409678,0.03589726,0.048552323,0.023991255,0.0505931,0.03378848,0.047035154,0.10877579,0.07455528,0.09962678,0.09021383,0.10621463,0.07261675,0.093537204,0.086389564,0.10623319,0.05006862,0.017580254,0.048870612,0.024306951,0.035499062,0.0475983,0.036808852,0.14932008,0.11573919,0.16907836,0.16888653,0.14152771,0.11299317,0.16184025,0.16234766,0.052667446,0.06810552,0.064520516,0.0771795,0.046823923,0.06377674,0.059549086,0.072056614,0.11797976,0.122001186,0.106413595,0.13682309,0.13977076,0.1145608,0.099602096,0.12919341,0.13350624,0.03370971,0.02701215,0.03352336,0.031536344,0.037343588,0.032930616,0.03474188,0.15285495,0.12385809,0.16591097,0.15478845,0.1435846,0.12116604,0.159272,0.14961858,0.056126542,0.06707751,0.06486135,0.07264962,0.049135838,0.06384212,0.059344668,0.06763662,0.124127634,0.11670859,0.11468978,0.13119256,0.135164,0.10814892,0.110784575,0.12384735,0.12864424,0.045668185,0.036293212,0.0452751,0.045814328,0.05510383,0.044594105,0.051179025
R_31pv_ROI,Right,35,0.10845405,0.16686359,0.14229093,0.17264016,0.1111876,0.16268761,0.14227696,0.17553541,0.029005343,0.0689542,0.04615553,0.06515519,0.03150725,0.06765492,0.046377063,0.067594044,0.14900061,0.09729906,0.14569068,0.12482918,0.14848515,0.09601699,0.1424533,0.12030995,0.14952336,0.057763517,0.029142056,0.0606966,0.045040462,0.05636628,0.062200185,0.058440045,0.16635941,0.17523678,0.18957007,0.1919717,0.16323616,0.16636479,0.18589759,0.19348839,0.060497966,0.0805848,0.0732107,0.08351708,0.058595564,0.07770964,0.07047178,0.08315293,0.13414477,0.12642966,0.12830174,0.1412843,0.13983023,0.119729005,0.121199295,0.13428955,0.13894401,0.06775188,0.046905424,0.07044459,0.053994175,0.065535195,0.07048815,0.06460207,0.17289948,0.17055297,0.18723668,0.18381502,0.16627052,0.16252743,0.18134736,0.18341209,0.062235486,0.06835248,0.06743728,0.0741014,0.058368217,0.06580879,0.062568285,0.07123268,0.111925006,0.115319595,0.108751304,0.12367214,0.11741987,0.109411426,0.102752835,0.11848321,0.11448608,0.05691923,0.050231036,0.05793614,0.056727152,0.061998427,0.058477763,0.057216316
R_33pr_ROI,Right,58,0.08582824,0.14602432,0.108117394,0.13855384,0.0836048,0.1440576,0.10772973,0.13751075,0.017597465,0.045364562,0.026208559,0.035601195,0.017244486,0.04665304,0.025882391,0.036071382,0.105243936,0.08321614,0.10890676,0.095873065,0.111306906,0.08055392,0.10403416,0.0965193,0.110330224,0.025851337,0.017777115,0.029239744,0.01816371,0.016815713,0.03191791,0.01684378,0.13063504,0.1575228,0.15120274,0.16664796,0.12074134,0.15103222,0.14370883,0.15931657,0.035205014,0.048453838,0.045890544,0.05244208,0.031060107,0.04635692,0.042051733,0.04928622,0.10587745,0.10186965,0.11179037,0.11807537,0.12280351,0.09319801,0.10537742,0.1112245,0.115947396,0.032675933,0.027692389,0.033434473,0.034445092,0.028012568,0.03283965,0.026570257,0.13646281,0.15550591,0.15629701,0.16289067,0.12321875,0.14762944,0.14366695,0.15635839,0.03512664,0.04105961,0.041403975,0.045468036,0.02929732,0.037130028,0.03538416,0.044270333,0.07359965,0.07642524,0.082042076,0.08838533,0.09219327,0.06760238,0.0784582,0.079584636,0.08432195,0.020729639,0.009898842,0.022166835,0.014261091,0.01891404,0.022487788,0.019552084
R_3a_ROI,Right,53,0.08795545,0.10124856,0.10806055,0.11322987,0.07944788,0.10165407,0.09659074,0.10827534,0.024964664,0.030417707,0.028723408,0.034418162,0.018991213,0.028499354,0.023661371,0.030971367,0.06697486,0.08358317,0.07235635,0.101843014,0.10349254,0.07620901,0.07253265,0.092486985,0.09905903,0.01861839,0.022230623,0.01904217,0.02970365,0.027999798,0.018202888,0.026512068,0.12027292,0.11242361,0.13556947,0.13324274,0.10383503,0.1100335,0.11948899,0.122265145,0.035776976,0.03467041,0.04269279,0.045038793,0.026253581,0.032224808,0.033049338,0.039981313,0.06384157,0.104363754,0.067445524,0.11570425,0.106134936,0.09120076,0.07054479,0.10337548,0.09668548,0.015893904,0.020091135,0.015644336,0.02492342,0.019829335,0.015416687,0.017835261,0.112835184,0.07599454,0.124306634,0.11037736,0.097496584,0.07491877,0.11025976,0.10199346,0.02958664,0.03107595,0.034312494,0.03727371,0.02286607,0.029955287,0.026004706,0.034121417,0.030490864,0.08269733,0.027684312,0.08949507,0.06991528,0.07114925,0.030298326,0.07917821,0.06192557,0.003895567,0.014605103,-0.0012095346,0.017327195,0.009260499,-0.0018947085,0.00666432
R_3b_ROI,Right,9,0.089834206,0.10415448,0.10249359,0.103557594,0.08676278,0.11111986,0.09818972,0.10179841,0.018609311,0.025873736,0.02303866,0.02648099,0.016018435,0.024952037,0.02004489,0.024904264,0.07518188,0.09397782,0.0809078,0.105395734,0.09728868,0.09305628,0.08213056,0.10334319,0.10133845,0.020183403,0.024588302,0.0223283,0.021244377,0.013846553,0.02430402,0.015128401,0.1378119,0.11496829,0.14445058,0.13046242,0.12448107,0.11823173,0.12995885,0.1239269,0.039345663,0.0361594,0.04568743,0.043193173,0.032047458,0.03258039,0.03823637,0.040015437,0.07915029,0.12307471,0.08329072,0.13135487,0.11144998,0.11357535,0.0833689,0.11982665,0.10573637,0.03384407,0.0387712,0.033424783,0.04871541,0.031772196,0.031243399,0.030589538,0.13625085,0.09789277,0.14304435,0.12346308,0.11993474,0.097362466,0.12546107,0.115703754,0.04055708,0.041899346,0.045141958,0.045821816,0.033445492,0.038906768,0.037332818,0.04357866,0.05638903,0.08942806,0.05629927,0.09617371,0.08056572,0.07918127,0.053786702,0.08330638,0.06987595,0.019448046,0.012302832,0.019213228,0.019728096,0.018828148,0.0182982,0.017999426
R_43_ROI,Right,99,0.15139101,0.18444131,0.17119963,0.19109026,0.11195546,0.1699989,0.12701777,0.15690775,0.06240623,0.060090207,0.06920573,0.07177318,0.0376508,0.0531629,0.044161405,0.051639684,0.21797581,0.14546707,0.20758615,0.17827915,0.22319232,0.10744147,0.18410459,0.13240446,0.17632799,0.07334139,0.05355009,0.0682722,0.07821728,0.101218484,0.06004269,0.07191311,0.15807931,0.17509529,0.18287724,0.19522868,0.12373454,0.15697598,0.14466624,0.16272779,0.053653024,0.041389782,0.05967382,0.06089708,0.033019744,0.0346509,0.039266687,0.045615163,0.1552052,0.12981044,0.14531495,0.15255722,0.17768775,0.10128588,0.12751307,0.11837803,0.14629595,0.021846998,0.020194618,0.01905987,0.022316469,0.040510453,0.013405157,0.027487624,0.10146123,0.09803608,0.110590994,0.10763783,0.08773942,0.08398723,0.09755982,0.09291198,0.02171585,0.02112865,0.022697225,0.024940826,0.014786838,0.01819088,0.017260818,0.018655552,0.04355994,0.067201525,0.033580985,0.071845844,0.06268678,0.056939095,0.02533801,0.061334815,0.05005804,-0.0025787698,0.008895741,-0.0043003643,0.00935788,0.0064545535,-0.006719015,0.0015285114
R_44_ROI,Right,74,0.18252996,0.2242689,0.21413423,0.24366197,0.17163931,0.22734414,0.20340705,0.24238288,0.066359974,0.089800015,0.07938068,0.09221093,0.055731945,0.086363606,0.06787264,0.08777261,0.21683976,0.13367806,0.21549891,0.1813148,0.22858687,0.12253244,0.21150991,0.16766202,0.21957706,0.10224962,0.05170015,0.0990433,0.08930804,0.11974503,0.094813935,0.11111088,0.21314025,0.20744802,0.24016227,0.2580067,0.19628656,0.20165277,0.22419299,0.25094748,0.08176892,0.08719824,0.09669517,0.10273482,0.06628686,0.080382295,0.080935,0.09583676,0.17585406,0.15099217,0.17191862,0.17297077,0.19936086,0.13635427,0.16703536,0.1581689,0.18955995,0.076249175,0.039640542,0.071832396,0.04517365,0.081311576,0.06601084,0.073801525,0.16770373,0.14592741,0.17707206,0.17152868,0.15494573,0.13538706,0.16487087,0.16535118,0.063649006,0.070869215,0.06731633,0.07186285,0.052682374,0.06482453,0.056683633,0.06454668,0.12845667,0.13223283,0.12023789,0.14191747,0.13697472,0.12140011,0.11143083,0.13148622,0.12725867,0.06747819,0.06632683,0.0629176,0.07372707,0.07574924,0.057253383,0.067247264
R_45_ROI,Right,75,0.22728823,0.25455078,0.2619447,0.2761136,0.2029257,0.25530463,0.2365845,0.26066205,0.10841831,0.11360095,0.12169712,0.1317347,0.08702243,0.107978225,0.09981579,0.116765134,0.25956345,0.19816042,0.25609064,0.24835788,0.27972022,0.17732586,0.24498735,0.2228547,0.2626153,0.12958123,0.10039002,0.12695481,0.13298646,0.15162641,0.12043918,0.1346393,0.23955214,0.24811295,0.26861736,0.27512977,0.2184673,0.24137127,0.24642241,0.26530242,0.10210424,0.09901565,0.11724685,0.12316047,0.08166879,0.09223447,0.09616808,0.11040353,0.21110319,0.19267836,0.20610932,0.2182865,0.23321149,0.17099115,0.19728981,0.1962532,0.22314432,0.081101045,0.082610734,0.080473766,0.09333045,0.10504272,0.07503319,0.09314007,0.17578258,0.20643304,0.18963923,0.20151286,0.16550355,0.19786443,0.18069836,0.20009868,0.05310607,0.06499582,0.0582405,0.06528425,0.04374914,0.060534894,0.04932713,0.05984512,0.13873442,0.13145164,0.13404137,0.13973331,0.1411041,0.11907267,0.12673377,0.1295551,0.13788767,0.044878867,0.04814839,0.04359999,0.05315676,0.05553461,0.04045183,0.04905153
R_46_ROI,Right,84,0.1079894,0.09114767,0.12126922,0.12571873,0.10606469,0.09435062,0.118484996,0.12046357,0.01888666,0.034676783,0.02459409,0.03016906,0.016283723,0.03277702,0.022009496,0.026597314,0.09911796,0.10155812,0.10145091,0.10710811,0.112802476,0.100071475,0.10534877,0.10526611,0.11191978,0.029622115,0.018304763,0.028633537,0.016674457,0.018865066,0.026392909,0.017283631,0.15792441,0.13969234,0.16721368,0.1734855,0.15136047,0.13826494,0.16218176,0.16767403,0.03945639,0.046234556,0.045871075,0.05217028,0.035015553,0.04471188,0.042151768,0.047264397,0.14103115,0.1498219,0.14205262,0.15922439,0.1668057,0.14388388,0.14124297,0.15438715,0.16035725,0.028816517,0.02379388,0.027408859,0.02822166,0.02884412,0.024582746,0.025545236,0.15755887,0.16122368,0.16627766,0.1765716,0.15035012,0.1542035,0.16147317,0.1745669,0.039103992,0.045424998,0.044074893,0.05307601,0.034951042,0.045551818,0.04127058,0.05183278,0.15377186,0.13584378,0.15577099,0.14627066,0.16079663,0.13035764,0.15159681,0.14151835,0.15461232,0.037216417,0.021375218,0.039133552,0.027858645,0.038739547,0.039047074,0.038211234
R_47l_ROI,Right,76,0.124289736,0.18012953,0.15194462,0.16953072,0.12047652,0.17350051,0.15029263,0.16770874,0.027212687,0.06710147,0.039025474,0.054318715,0.025837429,0.060837388,0.03668241,0.05271869,0.14141276,0.10036814,0.14368221,0.124715835,0.14262964,0.097021334,0.14016671,0.12025781,0.14118707,0.043676496,0.017586779,0.04686643,0.029447073,0.042387366,0.04905599,0.043979682,0.16448607,0.17862983,0.18667115,0.18517998,0.15464807,0.17385364,0.17979231,0.1823647,0.05189026,0.07120746,0.06453938,0.06921798,0.046831183,0.063887015,0.05930847,0.066105194,0.110487714,0.10952834,0.11231379,0.12568475,0.12515296,0.10329576,0.109579325,0.120955154,0.124923624,0.045494083,0.02489309,0.04663622,0.0315131,0.03781888,0.045392334,0.03716767,0.14887136,0.14352824,0.15881586,0.15414228,0.1390703,0.13891052,0.15001902,0.15209219,0.052507337,0.06095116,0.05727116,0.061762292,0.046960175,0.05569149,0.051632747,0.05741813,0.05861384,0.09027504,0.05966825,0.097368166,0.08149574,0.08618244,0.061574593,0.09282551,0.08344722,0.03850422,0.03234159,0.038303904,0.03877396,0.042347092,0.039224,0.04137322
R_47m_ROI,Right,66,0.09848843,0.12861696,0.12544961,0.15269932,0.09625572,0.12636346,0.1250456,0.15597634,0.028116772,0.06411283,0.04082921,0.06286589,0.027813908,0.06092349,0.038791824,0.062116858,0.11796835,0.08792466,0.1101344,0.11053149,0.13630441,0.0858666,0.09676604,0.1095251,0.13526648,0.05782297,0.029161183,0.062445775,0.043810878,0.06176509,0.06177611,0.061681222,0.17166255,0.1539234,0.19160199,0.19864583,0.15116239,0.14419097,0.17536367,0.19058491,0.07729127,0.08918679,0.0899009,0.09660005,0.06325811,0.08025034,0.07579981,0.08871014,0.11471683,0.12754595,0.10735458,0.14028858,0.13709077,0.11132891,0.092509575,0.1269988,0.13097754,0.074732475,0.056704305,0.07579997,0.06552484,0.07740194,0.07192743,0.07204134,0.17832685,0.1424343,0.1892162,0.17858537,0.14818314,0.1316325,0.16343865,0.16339017,0.08659143,0.08114778,0.09140019,0.090045884,0.06866095,0.0726438,0.074065514,0.078965984,0.07639079,0.11461209,0.07248026,0.11860936,0.102211125,0.096489556,0.061897654,0.102488734,0.09617145,0.05319906,0.05553311,0.054486293,0.059920922,0.061320677,0.053842276,0.057006326
R_47s_ROI,Right,94,0.109271064,0.20207283,0.1472467,0.19289695,0.11156935,0.19932458,0.14806366,0.19799492,0.024309589,0.06713345,0.03578717,0.05434916,0.02268249,0.064874165,0.03444979,0.055378012,0.14780813,0.09556996,0.14749901,0.12279145,0.1475216,0.09576058,0.14988802,0.121120036,0.15463425,0.034874693,0.014669074,0.035870638,0.025357202,0.030913366,0.036179237,0.03442231,0.15218109,0.20678602,0.18215954,0.21067108,0.14547263,0.19910459,0.17691658,0.20875871,0.048264585,0.08200041,0.063212804,0.0766458,0.042458244,0.07509906,0.05730421,0.07362092,0.12648322,0.11065851,0.1268094,0.1289168,0.1331289,0.10333024,0.12893663,0.12270345,0.13357204,0.039309844,0.019457832,0.03992671,0.025641698,0.027885858,0.038534287,0.029446272,0.14356735,0.18386424,0.16486967,0.17718577,0.13275993,0.17207275,0.15377964,0.168159,0.049087316,0.07338241,0.05828496,0.06901241,0.043497525,0.066721596,0.052847836,0.064883515,0.088653274,0.0878092,0.08542356,0.10057229,0.0919527,0.07844231,0.08326995,0.0904017,0.0866996,0.03366816,0.030535594,0.030519871,0.03853115,0.034485888,0.02810183,0.03377163
R_4_ROI,Right,8,0.14942953,0.15034509,0.16797994,0.17806266,0.12453058,0.1487548,0.14055695,0.16053843,0.05770357,0.052986648,0.06072855,0.061461344,0.04205556,0.047784917,0.045472976,0.05199595,0.15460478,0.16273563,0.15126322,0.18350898,0.19444966,0.13136718,0.14472055,0.14845774,0.16966976,0.07084749,0.07124878,0.06351055,0.084460855,0.08318699,0.055142757,0.068225205,0.17436084,0.14882971,0.1919237,0.18644854,0.14415276,0.14393476,0.16165206,0.1688161,0.06367867,0.050667383,0.071599305,0.07159061,0.044483334,0.044258416,0.052677803,0.05957411,0.12804256,0.16604805,0.11996283,0.18063276,0.17731915,0.1355654,0.11474203,0.14945377,0.1560842,0.042778187,0.058035787,0.038452737,0.06322598,0.061632495,0.033353142,0.050511234,0.14070594,0.107686326,0.15144742,0.13559218,0.11988414,0.10298049,0.13023329,0.12687325,0.035710383,0.03383911,0.039464183,0.040310472,0.025018841,0.02985972,0.028520174,0.03396329,0.082278125,0.10534717,0.06940329,0.110081896,0.09773588,0.09074401,0.064046204,0.09656368,0.089425676,0.01415591,0.022835653,0.006908367,0.025832178,0.023488555,0.0044726026,0.017888337
R_52_ROI,Right,103,0.15538566,0.24187504,0.1961434,0.23862436,0.13292356,0.24870774,0.17323703,0.22607115,0.07572309,0.09637403,0.08782323,0.09697369,0.059010368,0.09428531,0.070673235,0.08933701,0.2362045,0.15696083,0.2295906,0.19518436,0.2280155,0.13373005,0.21692204,0.1654279,0.20505923,0.09780984,0.06725382,0.09060202,0.09888178,0.11962053,0.0858635,0.108056985,0.14998877,0.23485036,0.19790322,0.2447684,0.13645394,0.23937434,0.18145593,0.23142564,0.06117437,0.08364335,0.0798212,0.092278,0.047778077,0.08195951,0.06367207,0.0855545,0.16978799,0.11525592,0.16457379,0.14622371,0.17326328,0.09948474,0.15644762,0.12802161,0.15310973,0.03229263,0.022998834,0.028333383,0.025281481,0.04671065,0.026347278,0.041854616,0.09719447,0.16541895,0.12451913,0.14989245,0.09541175,0.1651534,0.11991121,0.1483474,0.022034092,0.05293993,0.02999905,0.04158497,0.01838953,0.05157512,0.024279045,0.041362908,0.014405217,0.04103956,0.0054980405,0.046554834,0.03856855,0.035095006,-0.00039262514,0.040181555,0.026929898,-0.005123536,-0.0029051781,-0.008181158,0.00015782274,-0.0024692307,-0.012458642,-0.0046328544
R_55b_ROI,Right,12,0.21324992,0.20573987,0.22801955,0.23508605,0.17391062,0.19947968,0.19246799,0.21835038,0.09936192,0.09626237,0.10547539,0.105830684,0.070356965,0.09158801,0.07816354,0.09370433,0.20745039,0.21114905,0.20261976,0.23572151,0.24719399,0.16815414,0.18699029,0.19058965,0.21911554,0.11154725,0.11073779,0.10937615,0.12542728,0.12335705,0.10196531,0.10470062,0.21417978,0.18008658,0.22984762,0.22209138,0.17649642,0.16364343,0.1927558,0.20585753,0.104724936,0.09716307,0.11496461,0.118310966,0.07658459,0.08676738,0.08667016,0.10432701,0.18155591,0.19666028,0.17592955,0.21616296,0.21482484,0.15705752,0.15800321,0.17356963,0.19221833,0.08205419,0.09487998,0.07844466,0.09898103,0.10456624,0.07167179,0.09044024,0.14251518,0.15113358,0.14943443,0.14510846,0.122649506,0.13244176,0.13063523,0.13790515,0.05122334,0.07256579,0.059419572,0.069697075,0.041045807,0.06500835,0.04836139,0.062982574,0.13539505,0.11079417,0.13503979,0.1177613,0.11963367,0.09349431,0.11961782,0.09973813,0.1106263,0.0443821,0.042004216,0.04399972,0.047328975,0.05098048,0.042689633,0.04546373
R_5L_ROI,Right,39,0.060390018,0.060921025,0.0713918,0.08357446,0.057852045,0.06489915,0.070051976,0.07825506,0.019123748,0.03282139,0.022472905,0.029507313,0.015767956,0.03420958,0.018819407,0.024731522,0.04596696,0.07563519,0.055516146,0.09174935,0.09095164,0.07185972,0.055490173,0.08740687,0.08551637,0.014598771,0.02643772,0.01486842,0.035079826,0.03236064,0.013354108,0.026518574,0.12350814,0.08572931,0.13160536,0.129562,0.10987378,0.089145474,0.11713481,0.1137052,0.042948138,0.051611517,0.05078644,0.05405998,0.035521477,0.051813446,0.041918267,0.04720037,0.081989944,0.12195926,0.08981974,0.13116287,0.13136478,0.11052402,0.09094193,0.1183109,0.11830639,0.03037831,0.0386599,0.031135855,0.041523445,0.04150614,0.02878955,0.037189033,0.14214122,0.12068973,0.15157796,0.15452743,0.12475208,0.12450295,0.13380155,0.13948825,0.04163346,0.053864416,0.048570808,0.050677296,0.035176102,0.055397227,0.040976834,0.0489378,0.08617459,0.11160996,0.09306241,0.11788411,0.121781036,0.10016982,0.09517991,0.10615741,0.11233851,0.012515273,0.024359519,0.013312296,0.026830776,0.0210384,0.011469906,0.019343467
R_5m_ROI,Right,36,0.044957817,0.05425399,0.058342125,0.06331449,0.041754488,0.064543955,0.05684746,0.06170463,0.008479811,0.022747634,0.014195091,0.015834525,0.007523728,0.02064927,0.01336838,0.015481818,0.029193383,0.049302258,0.037847582,0.06035954,0.055655234,0.051433988,0.053259365,0.06377602,0.063500844,0.006564546,0.009948016,0.006771523,0.010909167,0.0032515419,0.007036529,0.008697085,0.05764694,0.05640247,0.07176292,0.07551984,0.054501947,0.062459707,0.06977282,0.07108313,0.014163828,0.031289402,0.022476792,0.028071586,0.011214949,0.027017217,0.019822836,0.024603939,0.021321889,0.054031007,0.029350327,0.06657363,0.06206913,0.054433383,0.041233245,0.06721831,0.062571704,0.016102415,0.013535449,0.01586877,0.020196443,0.016660338,0.01615136,0.017597271,0.055967186,0.052587416,0.07087654,0.07400638,0.05181494,0.056587394,0.0661485,0.06584554,0.012685618,0.03580532,0.018258179,0.027805325,0.009871616,0.03144742,0.016284442,0.022555595,0.010036078,0.043641567,0.017610705,0.052922275,0.0464664,0.04174536,0.026013996,0.051415894,0.044730127,0.008360236,0.007914782,0.0068517337,0.011570097,0.012206697,0.006145171,0.009815899
R_5mv_ROI,Right,37,0.08430635,0.084524035,0.09446323,0.09934853,0.08339004,0.088155195,0.095203556,0.09663268,0.02161521,0.04472243,0.028125199,0.035202805,0.019916434,0.046516307,0.026054729,0.032257292,0.06579798,0.08467271,0.063790455,0.08706911,0.09118679,0.0804233,0.0603578,0.085084155,0.08675343,0.03957465,0.027878102,0.041806143,0.024674151,0.024582585,0.042463478,0.021105666,0.15109038,0.1362922,0.16401348,0.16678086,0.13504265,0.13591342,0.14775501,0.15366985,0.05633747,0.06713487,0.06728691,0.07064189,0.044350978,0.065612905,0.05312938,0.061015125,0.10884273,0.13577402,0.10438876,0.14250186,0.14205131,0.11828994,0.09967702,0.12668061,0.12625323,0.055701993,0.052021086,0.05495165,0.059344612,0.054080013,0.050544385,0.045293383,0.16949737,0.17601536,0.18539988,0.19546644,0.14555527,0.16821085,0.16011958,0.17904527,0.06295527,0.07080181,0.07358705,0.077559054,0.049307577,0.06958555,0.05824799,0.070376694,0.12658678,0.11721775,0.12021903,0.12784693,0.14057708,0.09980133,0.10972734,0.110556014,0.123222664,0.043228026,0.02758366,0.042913087,0.03601027,0.042297762,0.040016565,0.03860497
R_6a_ROI,Right,96,0.117294066,0.114511654,0.13296492,0.13536403,0.10722538,0.1123091,0.122626,0.12884782,0.02824803,0.052440304,0.034617096,0.037596833,0.026658539,0.04996755,0.033416983,0.039260436,0.121877685,0.108668394,0.1286757,0.121407434,0.13486409,0.10187425,0.12837663,0.1151215,0.12867746,0.04820419,0.026693255,0.05226432,0.032025825,0.038851533,0.051944725,0.03650661,0.17430763,0.14039735,0.18312953,0.17169248,0.15194166,0.13327102,0.1617103,0.15903461,0.06276324,0.06340539,0.06768025,0.06840091,0.05350296,0.05979305,0.058703773,0.0635352,0.14145683,0.15914823,0.14122239,0.16606712,0.16017132,0.13979232,0.13435158,0.14831394,0.14853504,0.048078865,0.04692448,0.04922518,0.0499584,0.051487915,0.04561225,0.04637223,0.17433856,0.15515323,0.17854118,0.16697074,0.14962359,0.14221585,0.15521586,0.15535398,0.061679546,0.055998974,0.064018615,0.06252713,0.051281728,0.051944084,0.05352723,0.058933135,0.1286614,0.13807485,0.12508361,0.14122055,0.13197967,0.11834539,0.11527331,0.12255573,0.12206795,0.03243411,0.036519114,0.034011833,0.039200816,0.03817897,0.03265071,0.03499577
R_6d_ROI,Right,54,0.076234095,0.09859217,0.08544194,0.10147191,0.07411164,0.09756244,0.08494819,0.09904479,0.013976688,0.017177308,0.015564175,0.01606715,0.0118071735,0.020064786,0.013349811,0.012858559,0.08889484,0.06939739,0.08952031,0.07820811,0.098020986,0.065467305,0.08720059,0.0707715,0.086440496,0.007594156,0.0143045485,0.012144618,0.018428957,0.019405048,0.013629543,0.012675897,0.14989115,0.15003633,0.16453554,0.16660215,0.13485159,0.15096949,0.1500325,0.15424514,0.038664524,0.046148263,0.0430837,0.046775393,0.028708924,0.04316419,0.03384405,0.038628314,0.1302768,0.12916243,0.13522436,0.141265,0.14351271,0.114043474,0.13429448,0.12232959,0.12654129,0.036016967,0.029739289,0.037037082,0.02995968,0.039417177,0.032219414,0.030843448,0.16883767,0.16212149,0.1844568,0.17396547,0.1482613,0.16119243,0.1620017,0.16300796,0.041252073,0.045520354,0.04460189,0.046964277,0.03177038,0.041989055,0.035508722,0.04085776,0.1267738,0.12192963,0.13146366,0.13509513,0.13030875,0.10501666,0.13067727,0.11511497,0.118089214,0.03116702,0.019827355,0.032474574,0.023603672,0.02914861,0.02818664,0.021919167
R_6ma_ROI,Right,44,0.11836578,0.13754034,0.1369696,0.1546886,0.11090517,0.13640049,0.12543163,0.14491728,0.019683842,0.026469085,0.024250118,0.025927411,0.017063798,0.027710924,0.02102207,0.022411998,0.15422937,0.107254975,0.15154421,0.12671237,0.15701893,0.10105566,0.1440539,0.11623107,0.14504674,0.025693145,0.014874206,0.025887659,0.021022322,0.026851268,0.027303012,0.025142102,0.16239071,0.15676184,0.17535569,0.17433931,0.14491524,0.15290712,0.15697658,0.16124602,0.04399786,0.040502664,0.04905071,0.04583233,0.035564482,0.040091697,0.040672448,0.039613213,0.14814007,0.13697313,0.14398387,0.1488564,0.15494859,0.121801056,0.13505344,0.13230108,0.14135548,0.020907324,0.029154828,0.02029948,0.031070473,0.02690918,0.019823257,0.024277035,0.14957796,0.13814244,0.15832628,0.15188883,0.1316159,0.13686335,0.14107513,0.143798,0.04564944,0.03516918,0.048353318,0.043486837,0.03688851,0.035021927,0.03943663,0.039759632,0.11932384,0.11854276,0.118750304,0.12498531,0.12048613,0.102369435,0.11649965,0.10924603,0.11008824,0.017089084,0.032261368,0.017520025,0.03386682,0.026608612,0.018301006,0.024977116
R_6mp_ROI,Right,55,0.06563144,0.06741016,0.078784235,0.08720029,0.06691588,0.074806854,0.08049409,0.09036629,0.013121935,0.018567858,0.015939787,0.018783923,0.012368367,0.022388192,0.013822965,0.017230708,0.05720461,0.06308983,0.060875557,0.07238321,0.07958651,0.06384792,0.061902083,0.071182474,0.08020495,0.0038267968,0.017537996,0.0043404745,0.020655816,0.013851209,0.004764969,0.010337936,0.123258315,0.111025915,0.13926902,0.14147067,0.11409786,0.11272689,0.12914467,0.13476075,0.0347879,0.042742755,0.04155526,0.045690484,0.02810063,0.0448905,0.034585837,0.0414525,0.101351276,0.112434156,0.10104604,0.1244059,0.12577339,0.10323583,0.10212242,0.11357283,0.11785496,0.026844742,0.028565684,0.027673367,0.02995285,0.03255939,0.023859391,0.027380142,0.13928099,0.12718555,0.15513161,0.1531407,0.12359933,0.12735817,0.13910778,0.14513448,0.037424598,0.046374317,0.04353899,0.045980547,0.02960974,0.048271738,0.035175536,0.044880368,0.11253887,0.10642482,0.10916997,0.11884526,0.1164676,0.09485303,0.10810567,0.1057734,0.108940974,0.0197539,0.017357612,0.019881029,0.020881748,0.022016514,0.016890364,0.018261595
R_6r_ROI,Right,78,0.12269531,0.16353203,0.15077807,0.16955312,0.12094502,0.15284088,0.14684096,0.17145918,0.034220017,0.051113132,0.0439816,0.049491245,0.031343486,0.049970377,0.040028427,0.04766204,0.1242478,0.106843986,0.122035846,0.12873724,0.1342461,0.10358334,0.11473952,0.12516245,0.14049165,0.030110244,0.028375696,0.031709824,0.03102911,0.030707667,0.03461968,0.029957352,0.18568839,0.18256602,0.20166802,0.2021704,0.16803251,0.16687366,0.18575478,0.19459751,0.054055195,0.060353927,0.063984096,0.062271364,0.046329085,0.055671215,0.055977292,0.058668807,0.12835896,0.14144836,0.12534739,0.15027049,0.14631258,0.12624107,0.11912525,0.13721266,0.13876864,0.041480575,0.03890131,0.039036192,0.042556398,0.035996363,0.037474718,0.03334636,0.18801227,0.17196815,0.19535962,0.18336579,0.16629454,0.15791021,0.1762724,0.17641434,0.050167978,0.06306273,0.055130895,0.057360608,0.04261661,0.0579283,0.047412336,0.05532837,0.09939413,0.12075317,0.10023884,0.1251224,0.118207216,0.10432885,0.0976094,0.111540765,0.112061724,0.03167108,0.01907612,0.029718759,0.022420136,0.024529768,0.026083946,0.024235131
R_6v_ROI,Right,56,0.15861265,0.16356288,0.18282801,0.20745574,0.13509299,0.16088247,0.16024007,0.19618829,0.052610394,0.042482596,0.05823313,0.061310448,0.036558796,0.041300092,0.042068213,0.05055683,0.16277248,0.1384231,0.1527894,0.16375938,0.19753963,0.118550904,0.14955553,0.14341937,0.18603659,0.049554236,0.045881383,0.04653961,0.055755313,0.06677076,0.045081694,0.053673863,0.19407341,0.18548638,0.21351899,0.2271347,0.16616045,0.17734756,0.18663003,0.20633003,0.068452366,0.061274875,0.07932567,0.08531597,0.049589567,0.05942812,0.060667098,0.07289487,0.15831602,0.1576576,0.15316719,0.1691974,0.18440294,0.13381578,0.15330681,0.14570273,0.1644482,0.04971092,0.04506258,0.04682091,0.048564177,0.06485044,0.04432167,0.052441344,0.16392516,0.16027059,0.17224236,0.17514157,0.1440481,0.14750773,0.15665762,0.16170414,0.04429812,0.051511597,0.049712107,0.05795872,0.034495536,0.05189524,0.040350053,0.053936753,0.120182656,0.12127728,0.11813008,0.12684463,0.1203057,0.104409024,0.1179261,0.11231542,0.10770774,0.03129477,0.027155362,0.030875795,0.031041753,0.03597377,0.029893348,0.02950534
R_7AL_ROI,Right,42,0.07793243,0.08847172,0.09569531,0.10676391,0.07526686,0.08651135,0.09129079,0.103733905,0.024475686,0.04567306,0.030749984,0.04194886,0.021793097,0.044821806,0.02731153,0.038009405,0.086493075,0.09382665,0.08633286,0.11006396,0.1219004,0.08792307,0.08495504,0.105437845,0.12085219,0.029582286,0.028756239,0.02857255,0.03120669,0.033797268,0.029630698,0.030495264,0.16288574,0.14642425,0.17476572,0.17659284,0.14830312,0.14480373,0.16055515,0.1651757,0.06336568,0.06870323,0.07238905,0.072054505,0.053763453,0.067738205,0.0628525,0.065016955,0.13349125,0.15330051,0.13225868,0.1619159,0.16285057,0.1369965,0.12735921,0.14855543,0.15178838,0.038443353,0.0506423,0.035732243,0.05623038,0.051490165,0.034526635,0.046701483,0.18652175,0.19486241,0.19592825,0.19850944,0.16695045,0.19213438,0.17756248,0.18474293,0.066472895,0.06950606,0.0713864,0.07124143,0.05668279,0.069229595,0.06213444,0.06727566,0.13159783,0.1384127,0.13039768,0.14484315,0.14344084,0.123250216,0.12643279,0.1331998,0.13257672,0.026793903,0.032005757,0.02667559,0.03477596,0.033711404,0.0254927,0.032217313
R_7Am_ROI,Right,45,0.13735007,0.16125357,0.15501033,0.16152012,0.13291362,0.15397713,0.14620087,0.15485656,0.01696153,0.033099625,0.022188693,0.025096275,0.014908071,0.03283217,0.020591352,0.023886368,0.1478796,0.1273808,0.14376727,0.14190124,0.15517807,0.12257961,0.1392392,0.13387394,0.15315223,0.02518957,0.020062372,0.028775817,0.026174635,0.03059567,0.03079802,0.02982892,0.20305146,0.19291577,0.21729267,0.2074293,0.1877779,0.17527613,0.20117116,0.19553307,0.05439262,0.047919784,0.058977026,0.055242125,0.04645967,0.04719871,0.05256424,0.052407376,0.16211452,0.17397843,0.15417288,0.1866593,0.17738882,0.16049786,0.1435795,0.17326365,0.16905001,0.039143234,0.044577204,0.040774964,0.049025264,0.04743454,0.041300062,0.04502222,0.1938298,0.17565605,0.20124899,0.19289431,0.17391114,0.15695775,0.18397813,0.18300503,0.061417315,0.04979027,0.0661597,0.06141649,0.05289454,0.048092194,0.058647744,0.058476824,0.13395295,0.14667284,0.12902296,0.15327227,0.14577949,0.132952,0.11984052,0.14173481,0.13871814,0.027231272,0.041970793,0.027678266,0.045678467,0.04096734,0.027533319,0.039779667
R_7PC_ROI,Right,47,0.09543083,0.120483056,0.112866364,0.13129246,0.09561247,0.12375874,0.11685285,0.13237631,0.027110336,0.05159025,0.03521185,0.04995662,0.026788065,0.052561916,0.035336077,0.04705005,0.09223039,0.10770843,0.094564445,0.12189904,0.12922989,0.10425222,0.098544896,0.1234098,0.13590744,0.025267476,0.028735105,0.028984033,0.030515784,0.03209689,0.031039646,0.031638294,0.16599566,0.15022549,0.17465469,0.17756464,0.15375854,0.15157247,0.16741237,0.16959704,0.06468906,0.07377191,0.07338535,0.075709224,0.056247775,0.070126235,0.066415794,0.068787836,0.12835358,0.15280153,0.12484344,0.15773606,0.14904034,0.13792136,0.1233276,0.14685726,0.14515099,0.04985897,0.05448878,0.04990018,0.059920195,0.05432453,0.048683345,0.049092297,0.18805324,0.17173685,0.19224483,0.18338875,0.16829018,0.17120302,0.17613289,0.17140757,0.06879961,0.07254237,0.07255775,0.072797135,0.05840494,0.06834007,0.06336559,0.067046426,0.10178912,0.12733509,0.09670146,0.13114552,0.11608986,0.111496165,0.09348357,0.117647044,0.11031932,0.03376818,0.033434104,0.034378286,0.03675296,0.03476345,0.0331884,0.033022664
R_7PL_ROI,Right,46,0.09257116,0.061838046,0.09595121,0.08054528,0.09081207,0.06296622,0.09019597,0.079806,0.012687846,0.018553084,0.013016538,0.011378519,0.011320291,0.019072741,0.012171288,0.011394647,0.07718325,0.08392677,0.07773335,0.08783172,0.092058495,0.082896434,0.077296734,0.085210316,0.09322474,0.012542941,0.0053693946,0.014165694,0.003228236,0.0031543607,0.014622213,0.004036093,0.12862311,0.09800257,0.13188279,0.120115206,0.11994261,0.09291276,0.12032743,0.11352911,0.030526614,0.026778694,0.032663736,0.033466596,0.025012057,0.025357721,0.026538149,0.029719535,0.07837501,0.11371618,0.07686264,0.1160229,0.10239219,0.10442947,0.073228836,0.10550149,0.09841325,0.007986703,0.015713504,0.005516776,0.017608248,0.008130395,0.0019916692,0.005344976,0.11990725,0.110361665,0.12786737,0.12011534,0.109367914,0.10289461,0.11475982,0.11486026,0.032991096,0.03260486,0.035945334,0.03537614,0.026924845,0.031687018,0.028830038,0.03212449,0.06862949,0.09361778,0.06569806,0.09968346,0.09172885,0.08396636,0.061643917,0.08787215,0.0862595,0.011503809,0.01623678,0.009863702,0.01850819,0.015378122,0.0075873863,0.014462191
R_7Pm_ROI,Right,29,0.11505965,0.11494669,0.12996984,0.13392141,0.11019584,0.11942529,0.121385545,0.13119887,0.029138625,0.049897064,0.034166038,0.045154396,0.028597524,0.04935163,0.032514904,0.044101898,0.14237787,0.10883177,0.14334635,0.11898684,0.1369843,0.10274824,0.14225222,0.11125901,0.13140942,0.03975267,0.022049235,0.04201323,0.024423061,0.031936515,0.04169267,0.031932287,0.16963065,0.15696035,0.18103816,0.17693903,0.15743339,0.15381052,0.16858472,0.17111193,0.058551747,0.0691365,0.06727264,0.06885116,0.05309451,0.06545734,0.061210316,0.0661444,0.17091988,0.16011426,0.16762437,0.17048764,0.16872646,0.14806339,0.1588405,0.15812853,0.15868771,0.044753794,0.039976206,0.04456151,0.044876482,0.045035433,0.04101905,0.043068018,0.16609201,0.15975758,0.17461933,0.17052074,0.15266487,0.15110321,0.16293131,0.16183187,0.058579464,0.06719541,0.06588898,0.06797653,0.051809248,0.06375908,0.05915242,0.06597675,0.16059199,0.14582433,0.15516363,0.15517116,0.15273176,0.13614438,0.1434013,0.14690068,0.14414653,0.053626124,0.049382906,0.054109696,0.056668762,0.0566678,0.050163623,0.056399044
R_7m_ROI,Right,30,0.1156969,0.11588027,0.1397976,0.14760089,0.119790524,0.11959063,0.14213182,0.15895237,0.030204982,0.039397523,0.037010502,0.040961966,0.029286193,0.038056377,0.036245134,0.043081287,0.13746095,0.10295064,0.13997348,0.12603177,0.15187359,0.10497015,0.14018328,0.12770258,0.16104719,0.042009976,0.026785452,0.04423097,0.037039213,0.042895947,0.044602606,0.043144204,0.16729917,0.138091,0.18640423,0.18457277,0.16753176,0.14231896,0.18547499,0.19243178,0.050365075,0.05758721,0.060940836,0.06737859,0.047511525,0.055822883,0.058074616,0.06687629,0.1531618,0.1437166,0.15345362,0.15988421,0.17822596,0.1426268,0.1504104,0.1573574,0.17948066,0.03637986,0.029120654,0.036449064,0.031896967,0.040448554,0.034162205,0.03919953,0.16435368,0.13716258,0.17820705,0.16694017,0.16144605,0.14215818,0.17411603,0.17173228,0.049581893,0.05900535,0.057274446,0.060210954,0.045794226,0.059326284,0.051963933,0.060821082,0.1469644,0.1393573,0.14861007,0.15503599,0.15975004,0.13540827,0.14807484,0.15033361,0.15861392,0.049448762,0.048463497,0.051112924,0.054915812,0.05610174,0.05195655,0.05505456
R_8Ad_ROI,Right,68,0.13630316,0.17145564,0.16476552,0.1877568,0.13979708,0.1714864,0.16704008,0.19030446,0.031912323,0.056206048,0.03902952,0.04800289,0.028465893,0.052698538,0.036025725,0.047410615,0.13898088,0.11288011,0.13770214,0.13406803,0.14940196,0.11549553,0.1356686,0.13494547,0.15126832,0.045127295,0.026512912,0.043967135,0.034666717,0.039962538,0.043641746,0.037999045,0.16812356,0.16977797,0.19011354,0.19909942,0.16474839,0.1693268,0.18714164,0.19882874,0.046938155,0.06318898,0.054630816,0.06399457,0.04099156,0.059934735,0.04802245,0.06130916,0.1348023,0.13474306,0.13037132,0.15162668,0.15761113,0.13074136,0.12742361,0.14644532,0.15536103,0.040169146,0.028415333,0.03907428,0.030714685,0.038508203,0.037362497,0.036588244,0.15278657,0.1491756,0.16329542,0.15859549,0.1427541,0.14947778,0.15498269,0.15582801,0.046277277,0.05612409,0.052440684,0.058895838,0.039513357,0.055756222,0.04461734,0.058009572,0.11834569,0.111831285,0.114616156,0.12342249,0.12965812,0.1040602,0.1145811,0.115467526,0.123679765,0.033676986,0.029032683,0.033629414,0.03569308,0.038727622,0.034627322,0.038882535
R_8Av_ROI,Right,67,0.1291051,0.16556212,0.15459631,0.17256445,0.132797,0.16060111,0.15601256,0.17921053,0.019699207,0.043534838,0.02642327,0.03189574,0.020855699,0.042010892,0.02756977,0.03411568,0.12911725,0.1056202,0.12697604,0.12146446,0.13448799,0.10774886,0.121019356,0.120238505,0.13708773,0.038464997,0.017244343,0.037363086,0.01795178,0.022018733,0.037894037,0.022965781,0.16276705,0.16424036,0.1811206,0.18663095,0.16406634,0.1582196,0.1810829,0.18796001,0.03764271,0.051074926,0.045543667,0.052212242,0.037840594,0.049947683,0.045091096,0.053598236,0.12169055,0.123877555,0.12257649,0.13865586,0.14344864,0.124401666,0.1204271,0.13736522,0.13988303,0.03312895,0.025033176,0.035825245,0.028179888,0.026583957,0.037935235,0.028366365,0.15255783,0.15204586,0.16456822,0.16732538,0.1513734,0.14980987,0.16294391,0.1681404,0.041702945,0.061943304,0.048903167,0.058115575,0.040612593,0.06034863,0.047429726,0.058701567,0.08965896,0.09664882,0.09419487,0.108373135,0.114967845,0.09577299,0.0973745,0.106704,0.11152229,0.038692657,0.021497652,0.039425015,0.028401937,0.03418933,0.039272793,0.03546452
R_8BL_ROI,Right,70,0.11573437,0.16888337,0.14017186,0.16144146,0.11356155,0.1651257,0.13735794,0.15974544,0.019037917,0.040616877,0.028834915,0.033417337,0.01839993,0.038726088,0.027633192,0.03307412,0.13520221,0.09565234,0.13302113,0.11942426,0.14190258,0.09411474,0.13083017,0.11726136,0.13867368,0.032069623,0.018133584,0.03163594,0.027903877,0.035517752,0.03265741,0.0336695,0.14596315,0.14523222,0.16750097,0.16382633,0.14144647,0.14179073,0.16352174,0.16164698,0.036701683,0.044907928,0.04511615,0.04786071,0.03493897,0.04359414,0.043719944,0.047696274,0.10377903,0.110775374,0.100583315,0.1283934,0.12688491,0.104864314,0.097151406,0.123582214,0.1241267,0.034052085,0.02636006,0.035401665,0.031992637,0.036692385,0.03738133,0.036499806,0.13174511,0.10047331,0.14278075,0.13230741,0.1262313,0.098884545,0.13796484,0.1309255,0.036144342,0.039767683,0.0393328,0.041034453,0.03414679,0.038535547,0.037010167,0.040266182,0.05561907,0.08892989,0.055281635,0.09765484,0.0875891,0.08465502,0.056085207,0.0939777,0.086924724,0.02484716,0.024015812,0.025045013,0.027863938,0.0297508,0.02697496,0.02952444
R_8BM_ROI,Right,63,0.1181992,0.15650271,0.13939251,0.15597346,0.121606834,0.14991677,0.14189836,0.16125366,0.017790107,0.04399317,0.02720878,0.03937326,0.019119605,0.044285018,0.027111238,0.039751932,0.12053179,0.09236751,0.11627548,0.10902814,0.12715806,0.09339281,0.10729335,0.1094807,0.13090017,0.03298823,0.0122707235,0.03575982,0.020227684,0.031655043,0.037388913,0.031694237,0.15406635,0.14871533,0.17079927,0.17150629,0.15029229,0.13765895,0.16612422,0.17353238,0.04237667,0.051531035,0.052287515,0.057447337,0.04064094,0.052078363,0.049217552,0.057352044,0.122219846,0.124573976,0.11661449,0.1403801,0.14492097,0.120969765,0.106434606,0.13493621,0.14347179,0.043170992,0.031267624,0.045225263,0.035985712,0.04414862,0.045855083,0.04446251,0.14545272,0.13037546,0.1543025,0.14714718,0.13665299,0.11932778,0.14535937,0.14778443,0.046733867,0.054993097,0.05283106,0.06002617,0.04264292,0.0539957,0.04765724,0.058807123,0.09320057,0.10910812,0.08985813,0.11822971,0.114456594,0.103817336,0.084123865,0.111555435,0.11267506,0.041368328,0.03939763,0.043371428,0.045119405,0.047720063,0.04331634,0.04649978
R_8C_ROI,Right,73,0.11746059,0.15241656,0.1345452,0.14445588,0.116451606,0.14741437,0.13372137,0.14934874,0.024632752,0.043936733,0.032742057,0.037996717,0.023858039,0.044570506,0.03158626,0.039604064,0.060919516,0.08742801,0.06550468,0.09293625,0.090798385,0.08875631,0.065067075,0.09498165,0.09491515,0.0433908,0.02381262,0.041738335,0.023795066,0.028795905,0.042278063,0.029474529,0.14695427,0.13489458,0.15771146,0.15204598,0.14232124,0.13020846,0.15282534,0.14942567,0.036415022,0.048724696,0.045750797,0.05083769,0.033218082,0.0482109,0.040980753,0.049680036,0.052919447,0.09935898,0.061809484,0.10719587,0.0928907,0.096892476,0.06591075,0.104941145,0.09051002,0.043769833,0.026322307,0.042837147,0.030868778,0.027658096,0.04177835,0.027591791,0.14300832,0.13118373,0.15116157,0.14312251,0.13729429,0.1252991,0.14588985,0.1400851,0.035311162,0.05624075,0.04281992,0.05143761,0.030413397,0.054256942,0.036303055,0.048642658,0.03301876,0.06723123,0.043793008,0.07337476,0.068850465,0.06402332,0.050877567,0.0709229,0.062920794,0.033467114,0.006661127,0.032115996,0.014522807,0.0239377,0.029781898,0.021825124
R_9-46d_ROI,Right,86,0.113527335,0.13370232,0.13058318,0.14440027,0.10619183,0.13299215,0.12371107,0.1423194,0.012510949,0.023604156,0.016528238,0.025116296,0.0131136635,0.024159718,0.016928148,0.02535537,0.1316211,0.096130446,0.1261679,0.107532926,0.11941898,0.08973481,0.118595354,0.102251016,0.1183914,0.014711378,0.010054737,0.014441894,0.011955412,0.015488416,0.014381288,0.016237183,0.15391323,0.15085678,0.16716355,0.16935895,0.14493254,0.14306311,0.15905984,0.1648476,0.03406609,0.029393973,0.036975257,0.034703128,0.032730795,0.029150356,0.03567582,0.033961345,0.14292887,0.12795636,0.1331284,0.13774796,0.14015865,0.11950611,0.120069616,0.13159466,0.13608244,0.019023256,0.023839116,0.018561767,0.025719991,0.021933954,0.017924052,0.021553962,0.14583729,0.13204049,0.15405187,0.15259294,0.1403134,0.121003784,0.14894839,0.14767,0.036842737,0.02578872,0.038479324,0.035744242,0.035762727,0.024485838,0.037509207,0.034519266,0.113738075,0.11189495,0.10419722,0.118531115,0.11628016,0.10848902,0.089876726,0.11595078,0.11273003,0.023898927,0.025958601,0.021960946,0.028042924,0.028421937,0.020538254,0.027875382
R_9a_ROI,Right,87,0.122340254,0.17266473,0.14662033,0.16999325,0.12279237,0.16722952,0.1450603,0.17034204,0.023099216,0.0351024,0.026625779,0.033297595,0.021123318,0.03287642,0.02525589,0.032548767,0.13811591,0.093568176,0.13816418,0.11808748,0.14305498,0.09336621,0.13606688,0.11595477,0.14132085,0.02629612,0.010663958,0.027022285,0.022389192,0.036429755,0.027796399,0.035985734,0.15557681,0.16345495,0.17393011,0.18239072,0.15223916,0.15888165,0.17341782,0.18181089,0.041205645,0.04603441,0.04704404,0.052828312,0.03793309,0.04433638,0.045095045,0.050278217,0.108427174,0.105079725,0.11057864,0.1200072,0.13032678,0.10208013,0.109904766,0.11875898,0.12840012,0.014930328,0.0071192607,0.016529907,0.007813805,0.01645916,0.018389152,0.014505325,0.13607223,0.12887393,0.1458534,0.145918,0.13200891,0.1260593,0.14484933,0.14234452,0.04270443,0.048279036,0.047269218,0.04814586,0.041362315,0.046969846,0.04621872,0.046540204,0.078373104,0.088982955,0.081917234,0.09954845,0.09886062,0.08684422,0.083926864,0.09922043,0.09532495,0.01890226,0.027342279,0.017993433,0.032279864,0.024462674,0.017973473,0.022393387
R_9m_ROI,Right,69,0.1394861,0.1402357,0.16449198,0.1879807,0.1359497,0.14292899,0.15968396,0.18055235,0.033336725,0.050764803,0.042400017,0.05294144,0.030603219,0.05028295,0.039665572,0.049932305,0.13325274,0.10136138,0.13125697,0.1264935,0.16643025,0.09646823,0.12809527,0.120995745,0.16215764,0.061489828,0.024149274,0.062146824,0.041582953,0.06464804,0.06206022,0.064600036,0.19521435,0.16590701,0.21399309,0.21688335,0.18566234,0.16143437,0.20359972,0.2080054,0.0657068,0.06265796,0.06996542,0.071992785,0.057331897,0.060337447,0.0627867,0.06796664,0.15636584,0.15760139,0.15236329,0.17331028,0.18928912,0.14540981,0.14471816,0.15991913,0.18135461,0.05893751,0.041388046,0.057597045,0.04031956,0.0614212,0.05546403,0.05699406,0.1769451,0.1570027,0.18470761,0.18083526,0.16638087,0.15099986,0.17311707,0.17462586,0.06929455,0.059603117,0.07114791,0.06580974,0.059818212,0.057506897,0.061622836,0.06143182,0.1636648,0.1645783,0.16110516,0.17649075,0.17755246,0.15351023,0.1560619,0.16391732,0.1696311,0.053766225,0.07787532,0.053487655,0.08192105,0.071743086,0.053615905,0.06734131
R_9p_ROI,Right,71,0.09454857,0.12071151,0.10850091,0.12892342,0.09007992,0.12109203,0.1062391,0.12495617,0.016172769,0.025099935,0.018196538,0.022473786,0.013857103,0.025592912,0.015632672,0.02080066,0.113183126,0.078077264,0.1215805,0.09586117,0.12140803,0.07301405,0.11986043,0.09287898,0.11736542,0.025964921,0.008432402,0.025854139,0.016763447,0.029582003,0.024020683,0.027967002,0.10550668,0.086289965,0.11995083,0.117836915,0.10104462,0.08026164,0.1171896,0.11154916,0.024629917,0.030419523,0.028955517,0.032734696,0.021619208,0.02959722,0.025822217,0.032056518,0.06624772,0.08592763,0.07065412,0.09913797,0.097340465,0.08024575,0.06939905,0.0957673,0.08976814,0.020152587,0.006779432,0.021468362,0.007448462,0.016809221,0.019739503,0.015379056,0.08838077,0.045466475,0.094616875,0.07907365,0.0830431,0.03888027,0.09133152,0.06985247,0.026407244,0.029244892,0.029043665,0.027528103,0.023388375,0.029583773,0.026072655,0.026588542,0.029204633,0.073625214,0.02519594,0.08083405,0.066593766,0.06771648,0.025568953,0.077618435,0.05881887,0.014281836,0.01771578,0.013456272,0.020685757,0.017348636,0.012273583,0.015479551
R_A1_ROI,Right,24,0.08522511,0.09446811,0.09350574,0.10815446,0.06438821,0.084033735,0.07919185,0.08416181,0.034037873,0.05578035,0.036879763,0.04725119,0.022711528,0.05026546,0.02820085,0.03731182,0.108614855,0.12784922,0.100545034,0.1338991,0.13792358,0.09809256,0.09152891,0.109989464,0.11950896,0.04249441,0.06048378,0.04132894,0.06696302,0.07847655,0.039532073,0.06729001,0.08241188,0.086030595,0.09535552,0.10180484,0.068542,0.08282824,0.08174936,0.07897025,0.028494403,0.051537283,0.03344192,0.045683086,0.021206724,0.046722323,0.027514948,0.03634851,0.05786976,0.084230356,0.053636156,0.09353357,0.08758056,0.06827172,0.053259548,0.080877535,0.07604063,0.03290709,0.024308534,0.030005366,0.024891632,0.043111157,0.025576338,0.03831233,0.05205163,0.052266117,0.05988386,0.063512415,0.047579855,0.051355064,0.053213082,0.050670113,0.009379152,0.021183092,0.011571877,0.019776078,0.007709779,0.020755136,0.010030583,0.014050408,-0.04417894,0.02471081,-0.042684946,0.02340176,-0.0029058512,0.023217808,-0.031229284,0.02298513,-0.004445158,-0.012129374,0.0007048284,-0.013324255,-0.0002455156,-0.0042525786,-0.0088663595,-0.003585205
R_A4_ROI,Right,175,0.25211754,0.24272797,0.27353358,0.28380927,0.2128353,0.22502671,0.23358293,0.26329127,0.13287531,0.14772154,0.13893507,0.14990222,0.10680409,0.13584517,0.113403566,0.13542461,0.320002,0.3056605,0.31512707,0.34655198,0.3664933,0.24853969,0.2915644,0.28020695,0.3231694,0.19986443,0.19496793,0.19020008,0.22042443,0.23247185,0.17413403,0.20334315,0.2440984,0.23086332,0.2639298,0.25784498,0.2083184,0.21092501,0.22744441,0.23587877,0.12039876,0.12986656,0.13546112,0.14646645,0.09872223,0.11875962,0.11261868,0.13131891,0.25278494,0.23059702,0.24948938,0.2584705,0.2727807,0.18936764,0.22903419,0.21489446,0.24441536,0.120863184,0.14229341,0.116820864,0.15101875,0.15826418,0.10758377,0.14529087,0.14987159,0.15620518,0.1562406,0.14825104,0.1336919,0.14039706,0.14232966,0.14212433,0.04409454,0.07455878,0.05130247,0.0663644,0.039513648,0.06809302,0.04636553,0.061487846,0.11190181,0.09828245,0.111718185,0.10193612,0.106478035,0.08831018,0.10251629,0.093565755,0.099124216,0.045632873,0.030554684,0.044746812,0.035319597,0.04726104,0.04202351,0.042296678
R_A5_ROI,Right,125,0.16974115,0.20794754,0.18361472,0.20332311,0.15265231,0.20429042,0.16904081,0.18888868,0.055093877,0.10078501,0.058709446,0.073019624,0.046058204,0.100448035,0.05054698,0.06903675,0.24286169,0.26304606,0.25074893,0.29752094,0.30581734,0.23518111,0.25129548,0.26513168,0.29085854,0.1283954,0.14559671,0.12900707,0.16678251,0.15844539,0.12615213,0.15021706,0.20121562,0.20110962,0.21818173,0.21618123,0.17749424,0.19009943,0.19648026,0.19776493,0.079315186,0.101331145,0.08877669,0.098513156,0.06741816,0.098827384,0.077717,0.09096724,0.18587482,0.22900862,0.1874709,0.25470373,0.24852929,0.20257115,0.18212175,0.22712585,0.23470153,0.08552293,0.10629966,0.088208474,0.11191185,0.11975351,0.087287605,0.11385009,0.15924285,0.1473358,0.16725756,0.15560353,0.13821557,0.13524553,0.14757814,0.1448114,0.05771383,0.07684904,0.06521408,0.07480801,0.051069595,0.07348269,0.058305852,0.068963006,0.07331055,0.10487211,0.06748926,0.10635758,0.0983187,0.08993948,0.057853922,0.09311103,0.09358601,0.03236257,0.03433791,0.033618964,0.037797157,0.04106888,0.03277946,0.038511466
R_AAIC_ROI,Right,112,0.05434857,0.116032615,0.0752397,0.09200846,0.049514372,0.11470716,0.06864662,0.090067714,0.0045619933,0.025640916,0.007852067,0.01460276,0.0041539543,0.02529218,0.00627889,0.015249351,0.12792784,0.050429583,0.12677008,0.07140986,0.09257513,0.048138067,0.111784875,0.06553372,0.0911773,0.02224114,0.00074219325,0.024753315,0.001849375,0.0049652364,0.023854643,0.007283117,0.078088105,0.1196821,0.09907051,0.112054236,0.06932971,0.1147842,0.08946023,0.10984622,0.018106367,0.035581972,0.025878802,0.032685056,0.01455541,0.03266557,0.019936606,0.030833196,0.111160085,0.066700086,0.111122146,0.08409737,0.10020718,0.0582602,0.09849183,0.07644076,0.09495541,0.030692473,0.009536764,0.030429825,0.011981921,0.016550185,0.028533325,0.015321116,0.07860054,0.108580895,0.09821463,0.11271153,0.07053618,0.10434686,0.08921968,0.10883047,0.022496108,0.024971198,0.028955488,0.032898296,0.018247819,0.022522204,0.023698594,0.03032406,0.10286147,0.068828925,0.10058773,0.08811774,0.1012336,0.06089064,0.08792502,0.07965986,0.09380892,0.025248311,0.025302412,0.022370942,0.033167332,0.03732799,0.021939076,0.035495006
R_AIP_ROI,Right,117,0.11667339,0.09151061,0.12930594,0.11770348,0.110193595,0.085958585,0.12369962,0.1159238,0.030047992,0.053665917,0.035516378,0.038809482,0.029718082,0.04806631,0.03577271,0.040344086,0.0933767,0.106926806,0.09374416,0.11879048,0.115887746,0.103296556,0.09256277,0.115790024,0.117187396,0.04066854,0.029531417,0.043413464,0.036424644,0.04139611,0.04342109,0.042625304,0.16407083,0.120578796,0.17063153,0.15447278,0.14804068,0.12057864,0.15559876,0.14454567,0.057352584,0.05603265,0.062232852,0.062298715,0.050634854,0.051119328,0.05582362,0.05747074,0.109462984,0.14754367,0.110668786,0.1520125,0.13909502,0.13426636,0.11187576,0.14034954,0.13070725,0.039329287,0.046770718,0.04024106,0.04946736,0.04294345,0.037594587,0.041154236,0.15856004,0.13307083,0.16119622,0.14651607,0.14104317,0.13345405,0.14478885,0.13769414,0.0562902,0.05794495,0.05905757,0.05945241,0.0479823,0.05437196,0.05114489,0.056020584,0.09526879,0.12759699,0.09913625,0.12882753,0.116358854,0.114065096,0.10404767,0.11702566,0.10671273,0.030027451,0.036793556,0.03173512,0.0395852,0.037142802,0.031766184,0.03597658
R_AVI_ROI,Right,111,0.08771903,0.14761212,0.11451061,0.13446766,0.08995377,0.1405109,0.112040736,0.13652766,0.011974724,0.04758006,0.022154419,0.036453005,0.013093062,0.044372715,0.023826135,0.036531053,0.099011,0.0757489,0.09962899,0.0963467,0.10289658,0.07701165,0.093848646,0.093155384,0.10536808,0.030233383,0.012522169,0.031162398,0.017648436,0.022376182,0.029100567,0.022181327,0.12949921,0.12813945,0.1469448,0.146447,0.12545586,0.12058543,0.14016156,0.14368588,0.03087132,0.04762697,0.039285585,0.04337236,0.029135227,0.045593593,0.037335314,0.04247785,0.0730087,0.093980156,0.072008125,0.10799783,0.102745794,0.08963431,0.06686724,0.10258029,0.09899604,0.037077192,0.022539323,0.03882819,0.02760569,0.027644666,0.0368074,0.027361676,0.1392779,0.13096176,0.15237702,0.14734218,0.12945522,0.12194464,0.14199333,0.14223494,0.036207378,0.044013266,0.041246146,0.04351459,0.031813055,0.04037084,0.03665272,0.04253152,0.038515564,0.07289087,0.040829323,0.08000256,0.07203376,0.0664366,0.040670283,0.0756064,0.06828322,0.019499386,0.010938712,0.02103957,0.015211865,0.019843185,0.020251092,0.019315151
R_DVT_ROI,Right,142,0.12140877,0.12119432,0.13532627,0.13636543,0.112518385,0.11499416,0.1236974,0.13132657,0.012858285,0.027222661,0.016291874,0.016396469,0.011197873,0.027069537,0.013945586,0.016255707,0.12189782,0.11541974,0.12046868,0.12082064,0.12425376,0.1068628,0.1159126,0.11114384,0.12055682,0.024693994,0.017049385,0.028292628,0.012534202,0.014769336,0.029214934,0.013534761,0.19698784,0.15780084,0.2058821,0.18057464,0.17258492,0.14457549,0.17900077,0.16869193,0.049233988,0.051176634,0.055712882,0.054208867,0.03954932,0.04978571,0.045129977,0.05109892,0.16239868,0.17868279,0.1572143,0.18894362,0.16601838,0.15303428,0.14583872,0.1603344,0.15735067,0.049488105,0.045648187,0.050053235,0.052888453,0.048251174,0.04691761,0.04418277,0.20207402,0.1626228,0.21066199,0.18514606,0.17204712,0.14775465,0.17702624,0.17198347,0.05852953,0.06250617,0.06809399,0.067556016,0.046445485,0.062339313,0.053576674,0.0640353,0.1589209,0.15883733,0.1525932,0.16944169,0.15833037,0.13040696,0.14090057,0.13731253,0.14627242,0.05062219,0.03603628,0.05370915,0.046036992,0.053268377,0.054172583,0.04896801
R_EC_ROI,Right,118,0.055508588,0.13228145,0.08879069,0.11833958,0.050993126,0.12281127,0.08283794,0.11720605,0.012225347,0.04741213,0.021395681,0.036961738,0.0129143195,0.04411697,0.021239553,0.035353873,0.13344955,0.06550481,0.1294085,0.09306476,0.1110578,0.061653662,0.11528053,0.09201753,0.110207714,0.022926567,0.012437903,0.023861494,0.016110871,0.013856227,0.022559121,0.012332237,0.080650635,0.15481387,0.11688155,0.15776391,0.073301114,0.14747548,0.10799365,0.1529774,0.029348165,0.062083755,0.045150463,0.061761074,0.026266644,0.058270816,0.0407168,0.05879915,0.15901533,0.07892831,0.14955746,0.11357751,0.13872689,0.071794406,0.13316739,0.10496145,0.1325064,0.03775069,0.021305783,0.036419816,0.032772027,0.03804103,0.03210074,0.03445554,0.08327701,0.14981198,0.113747485,0.1559962,0.072775654,0.14498496,0.101249404,0.14407535,0.029735995,0.053691603,0.041899286,0.056788754,0.024749365,0.049471095,0.03556209,0.052909378,0.13769625,0.062132042,0.1285075,0.08819574,0.115941316,0.054054257,0.11661934,0.07655526,0.10897093,0.028037895,0.01019784,0.028531654,0.01727255,0.029296948,0.028014755,0.025347203
R_FEF_ROI,Right,10,0.12919593,0.16378479,0.15457913,0.17063965,0.12161159,0.15583713,0.14238176,0.16441514,0.038732056,0.060911007,0.04986924,0.057924207,0.0320392,0.057737254,0.04188839,0.051946662,0.1266494,0.11467626,0.119823,0.12946628,0.13744113,0.10569416,0.10645039,0.11728425,0.13298126,0.052243844,0.03760024,0.052406363,0.03563097,0.03641519,0.050193015,0.033033933,0.1997787,0.18310127,0.21564254,0.21217325,0.16490029,0.17199327,0.17846891,0.19245723,0.08240373,0.07727551,0.0952326,0.0956875,0.06039971,0.06998589,0.071487315,0.08063091,0.14316952,0.16642939,0.14142838,0.17829184,0.165504,0.13609006,0.13405776,0.1455915,0.15007485,0.06862361,0.07027849,0.06600216,0.07711115,0.0641612,0.05868409,0.05641926,0.19419791,0.16996454,0.202633,0.19282489,0.15042233,0.15948653,0.15826039,0.16893254,0.07883754,0.07581956,0.08526773,0.086749025,0.05825905,0.070882775,0.0643047,0.07666213,0.11682248,0.13302061,0.11733647,0.1404729,0.13273335,0.10209108,0.11438412,0.10676741,0.11507802,0.051149566,0.042508997,0.051247176,0.049731962,0.05085796,0.046825908,0.045442335
R_FFC_ROI,Right,18,0.09180639,0.12007157,0.11218682,0.12391281,0.089431405,0.120782636,0.10676067,0.12199089,0.032440476,0.05842539,0.040979527,0.05775219,0.032307565,0.0605192,0.03965068,0.05297939,0.13104157,0.08725359,0.1373859,0.1043091,0.122601286,0.082734466,0.13631077,0.100277446,0.12428444,0.063169576,0.026450003,0.06873401,0.036343843,0.055424992,0.07089203,0.052669022,0.201883,0.15012157,0.20905116,0.19235945,0.17268462,0.14194657,0.18509449,0.18081793,0.08909963,0.084805176,0.09678275,0.093335696,0.07273619,0.081882074,0.08274614,0.08690684,0.15779854,0.19013694,0.15634048,0.19333774,0.17575109,0.15996286,0.1475569,0.16969086,0.16577515,0.09035324,0.08784146,0.092184834,0.08888978,0.0899249,0.08834756,0.08150848,0.23402841,0.16405028,0.23676361,0.20950149,0.19109757,0.15136157,0.20159744,0.19323036,0.099861816,0.07733429,0.09940112,0.09140331,0.078507006,0.0731365,0.08174837,0.08372814,0.12824738,0.20356087,0.12524068,0.20361018,0.16651931,0.1670974,0.11433344,0.17429756,0.15851726,0.086378254,0.11399005,0.08808517,0.115438186,0.099940926,0.08520949,0.093748756
R_FOP1_ROI,Right,113,0.09294634,0.16789116,0.12490451,0.15522446,0.08393114,0.17100006,0.112612896,0.15082838,0.022731354,0.032007508,0.031685494,0.033802945,0.016312055,0.03182207,0.022755155,0.027649745,0.1770969,0.08224699,0.17272565,0.11707713,0.15725857,0.074630365,0.16891079,0.10417959,0.14982231,0.02811558,0.019692846,0.02675328,0.032651857,0.034736015,0.025573043,0.030714232,0.12649101,0.16309565,0.1629211,0.17110719,0.109311536,0.16229703,0.14143562,0.16030136,0.03629374,0.0387796,0.048217926,0.046679217,0.027888814,0.034478143,0.037578076,0.04341112,0.16054417,0.10446941,0.15632477,0.13398944,0.15568541,0.091113195,0.15555227,0.11645422,0.14466232,0.022676045,0.023574838,0.020621384,0.029689271,0.03172346,0.017880056,0.029423848,0.10472611,0.10141848,0.12546058,0.116049364,0.0899541,0.0979516,0.107664,0.10657878,0.02925705,0.030988848,0.035492606,0.03491504,0.02426292,0.029860359,0.029716868,0.034285568,0.07686658,0.08009052,0.0693175,0.094234124,0.087066695,0.06835521,0.067370415,0.08055306,0.07552011,0.01615095,0.021259457,0.0141785955,0.02494693,0.021942804,0.013619351,0.02110466
R_FOP2_ROI,Right,115,0.06526249,0.117127426,0.087879226,0.11193148,0.06640586,0.13120079,0.091977276,0.12320787,0.012214623,0.030763455,0.019177752,0.021830915,0.013096565,0.033025347,0.018593721,0.024294995,0.090315826,0.065009534,0.0934134,0.09008338,0.10777696,0.0661762,0.10155768,0.08991533,0.1187198,0.0010921675,0.010104909,0.0027924087,0.011941501,0.006475704,0.0033637981,0.009805382,0.10854047,0.16951571,0.13455988,0.16183461,0.10366523,0.17606586,0.13317892,0.15978494,0.030432621,0.053316288,0.041832604,0.048415687,0.028579764,0.054126523,0.038174935,0.04613925,0.109778725,0.08575673,0.11144683,0.10620001,0.1199539,0.079058655,0.11696699,0.10016083,0.1142523,0.027640248,0.02199015,0.02475754,0.028438598,0.022824008,0.021672709,0.020102277,0.115605064,0.16614127,0.14197373,0.16044818,0.10628371,0.16975328,0.1319287,0.15626025,0.028346958,0.043456927,0.036774214,0.041742798,0.025265949,0.044447687,0.031484123,0.039975487,0.07042485,0.06477964,0.06909926,0.07958549,0.08420479,0.05600971,0.07106591,0.06972425,0.07544315,0.022597823,0.01061494,0.01889874,0.015608943,0.019194292,0.017185263,0.016417246
R_FOP3_ROI,Right,114,0.04692575,0.11048223,0.069458626,0.09123128,0.044750784,0.112879105,0.06420814,0.10394563,0.007262051,0.01236586,0.009352267,0.0138881765,0.006401665,0.01358447,0.00789751,0.013118519,0.11498334,0.048248097,0.11670741,0.075689435,0.10421271,0.047848802,0.113854,0.06909741,0.11686652,0.0037611476,0.005531494,0.0046600928,0.007753678,0.006908862,0.004167362,0.0067306748,0.090876736,0.12894398,0.11700862,0.13704894,0.082191825,0.13077717,0.10789312,0.13741599,0.021140553,0.019072954,0.025935587,0.027362868,0.017018776,0.017832965,0.021389695,0.024624312,0.12596765,0.07641942,0.12746312,0.10080306,0.12820458,0.068730906,0.12624548,0.09096638,0.122839384,0.008862827,0.014964959,0.009149991,0.019592315,0.016742606,0.007942961,0.014629405,0.095296085,0.108806305,0.12088922,0.12736663,0.0853343,0.11234643,0.108653,0.11946009,0.02051374,0.01364705,0.024890317,0.024376204,0.01683484,0.011581429,0.019887356,0.02343467,0.09784316,0.07026435,0.09486467,0.09007418,0.10279618,0.06212849,0.092990465,0.08131735,0.08999942,0.015334923,0.016497526,0.014925081,0.020456947,0.019533543,0.014939621,0.01820068
R_FOP4_ROI,Right,108,0.10758982,0.15381896,0.1397387,0.1780784,0.10277104,0.14708374,0.13451014,0.17045365,0.025463987,0.04729962,0.032769676,0.0445421,0.023417935,0.04595339,0.03224416,0.040950324,0.14624943,0.093747504,0.14842094,0.12429083,0.15915295,0.08960205,0.13950898,0.12079052,0.15572003,0.040730603,0.023509344,0.040771067,0.03703837,0.048259914,0.041486084,0.045406766,0.1569313,0.17536832,0.18284944,0.2020104,0.14448941,0.16529027,0.17307106,0.19007172,0.045011245,0.049156275,0.05448878,0.057582606,0.039695024,0.04576436,0.04937583,0.054800693,0.15346299,0.1237368,0.14980595,0.14568184,0.1648836,0.11316006,0.14074995,0.13634276,0.15403092,0.03245196,0.031227952,0.030728836,0.03524235,0.04142701,0.029370967,0.03953039,0.15432668,0.16329598,0.17194963,0.1708121,0.13948394,0.15450345,0.15827264,0.16562046,0.04352933,0.039893024,0.048533823,0.047091454,0.037346408,0.038281824,0.042221997,0.046528485,0.119115904,0.109811224,0.11744119,0.12392039,0.12153584,0.09988236,0.11208181,0.11378325,0.11577486,0.025968505,0.031870972,0.025308609,0.03789896,0.03560867,0.025026727,0.03592504
R_FOP5_ROI,Right,169,0.11618553,0.15643838,0.13899341,0.16371442,0.11362263,0.1517609,0.13219355,0.15781453,0.019388914,0.0365822,0.02633192,0.037697796,0.018255945,0.03436928,0.024461135,0.034114275,0.13442768,0.0819072,0.13304473,0.103049636,0.133474,0.07877224,0.12320797,0.09973828,0.12773575,0.0373307,0.0154215405,0.03358577,0.026873874,0.04312056,0.030591812,0.041592654,0.14952694,0.14811423,0.17204417,0.1810632,0.13715795,0.1415313,0.15640135,0.17296317,0.046870187,0.04819966,0.05526949,0.057025872,0.0408576,0.04383233,0.0487904,0.05248967,0.11666941,0.12013121,0.114873715,0.13576339,0.14221337,0.108896375,0.10560429,0.12304903,0.13152644,0.043731425,0.03426534,0.039366115,0.036289703,0.047669623,0.03634887,0.04435653,0.13387494,0.11423813,0.14554065,0.13342924,0.120348096,0.106157534,0.13072427,0.13028665,0.04925141,0.049104128,0.05382034,0.05421835,0.043755855,0.044898957,0.048196487,0.050462715,0.07696138,0.11001556,0.0754021,0.118497394,0.10461225,0.09944033,0.066356644,0.10830438,0.09955633,0.04253104,0.05005031,0.038777817,0.054504126,0.051210396,0.035306048,0.04757675
R_FST_ROI,Right,157,0.10571624,0.14497088,0.11916426,0.13326456,0.10054498,0.14189468,0.115477465,0.12537254,0.011729327,0.049105145,0.016627366,0.02844896,0.010990044,0.04617678,0.015944479,0.027211707,0.09038532,0.07267987,0.09085937,0.07638417,0.08879487,0.07002242,0.08344285,0.0729786,0.08296114,0.040090732,0.002701735,0.043181952,0.0007057876,0.012441523,0.043424785,0.010032661,0.18278219,0.16440149,0.19457638,0.18771765,0.16153674,0.14725813,0.17600086,0.17308842,0.048025787,0.053388417,0.0530715,0.05652478,0.036448147,0.05125687,0.043302532,0.051852014,0.114439756,0.13896734,0.104758956,0.14472973,0.13033666,0.12105755,0.0893798,0.12712416,0.11393843,0.04691193,0.04118797,0.048556324,0.0420101,0.04245172,0.04631075,0.035521854,0.18675968,0.13491596,0.19547781,0.1749201,0.15993123,0.10776122,0.17076671,0.1583324,0.057968054,0.05211404,0.06315483,0.059854366,0.045484964,0.04631419,0.051893607,0.055356164,0.08633949,0.1388231,0.068505086,0.14530502,0.124263465,0.11665816,0.053238027,0.12456576,0.10814416,0.0538997,0.06377686,0.054330833,0.07134734,0.06288826,0.05358304,0.058455206
R_H_ROI,Right,120,0.056180958,0.15340176,0.0809855,0.12096583,0.052672807,0.15126857,0.08100624,0.11994708,0.011683538,0.047425307,0.020012232,0.037068546,0.011855597,0.04808986,0.02059095,0.039759435,0.0982091,0.050248325,0.09750377,0.06666344,0.07753431,0.04831167,0.091983676,0.0648719,0.07897127,0.010238952,0.006694324,0.013440176,0.0033545683,-0.0021995273,0.019568445,-0.0018955935,0.09174272,0.17660913,0.12563506,0.16275904,0.083100684,0.17248216,0.11919045,0.15351333,0.029339036,0.06422001,0.04555474,0.061890606,0.026060833,0.061354164,0.04159116,0.05964927,0.1284673,0.06564761,0.12404191,0.09532548,0.11508397,0.05871213,0.11286545,0.08587403,0.10895645,0.0316071,0.007065534,0.029396353,0.0176163,0.019304987,0.025494335,0.015443937,0.09855533,0.1743339,0.13365093,0.16562822,0.08753443,0.16745424,0.12287701,0.15416802,0.031373855,0.06255208,0.045980893,0.063884325,0.027214052,0.060283486,0.04133451,0.061761063,0.1309427,0.05393457,0.12562767,0.08075618,0.11392883,0.04648542,0.11892792,0.07160227,0.10311922,0.029643646,-0.003114473,0.030011537,0.0065247617,0.024540016,0.030446224,0.020774527
R_IFJa_ROI,Right,79,0.19377163,0.23653284,0.23796509,0.27160448,0.171674,0.22426648,0.21217513,0.24242105,0.1015488,0.1191544,0.12397672,0.14533485,0.08200073,0.10662801,0.10040539,0.12378508,0.20965026,0.17156662,0.20800664,0.21168245,0.2383869,0.15215896,0.19622898,0.18996336,0.22037561,0.11918295,0.09171236,0.11391746,0.11567826,0.12951879,0.10226919,0.115576565,0.21839896,0.21898293,0.2513063,0.26027873,0.18836494,0.20752977,0.21911597,0.23468587,0.106528126,0.10694044,0.13047673,0.14159657,0.08348168,0.094282456,0.10316812,0.12432836,0.1661061,0.17390884,0.16874513,0.19787566,0.20224456,0.15008156,0.16280994,0.17244753,0.18418843,0.08854092,0.08450372,0.084522344,0.09799285,0.1012125,0.0734084,0.089662716,0.16370685,0.16557212,0.17453888,0.17400943,0.13936901,0.15402567,0.15135351,0.16333072,0.051570836,0.057775635,0.057657048,0.06206607,0.038407587,0.05392346,0.04423663,0.05626694,0.113194674,0.10969386,0.11203498,0.11631697,0.116051055,0.09466994,0.103481404,0.10151079,0.11019422,0.03619248,0.021905793,0.03527382,0.02669135,0.0336401,0.03234729,0.030988717
R_IFJp_ROI,Right,80,0.0732275,0.10679483,0.09236105,0.112952776,0.07045802,0.100422546,0.088805854,0.10639475,0.008841158,0.04326751,0.012825304,0.017841646,0.008214696,0.04214122,0.011499609,0.017507348,0.10773149,0.07057535,0.09715175,0.08964972,0.11217207,0.06644374,0.08532111,0.084191225,0.107892126,0.03000567,0.008900977,0.03210118,0.011923538,0.02382962,0.032885842,0.01880124,0.1116758,0.11332914,0.13142614,0.13816822,0.09811946,0.10199924,0.11905273,0.122491,0.020009171,0.036604203,0.027858445,0.034198187,0.01472217,0.03202401,0.02188359,0.02993808,0.091680154,0.09484191,0.08246515,0.10931361,0.1056161,0.0806508,0.071612485,0.09516007,0.09057199,0.035541598,0.020344337,0.034496725,0.025692962,0.032191675,0.031979445,0.025043737,0.10711897,0.10382648,0.12570496,0.12917778,0.090562,0.091352664,0.11042805,0.11133924,0.024861854,0.04404805,0.034587216,0.044986773,0.018298019,0.038231336,0.028243821,0.039443582,0.0702321,0.08251174,0.06282383,0.094384335,0.08936554,0.06589553,0.054322436,0.07773116,0.076391496,0.03251491,0.019434206,0.03313802,0.027237298,0.03451127,0.03169815,0.029137984
R_IFSa_ROI,Right,82,0.13179402,0.16382146,0.15164952,0.1642212,0.12615733,0.15784001,0.14419854,0.16475129,0.030803932,0.060237434,0.036858015,0.04780898,0.026228245,0.056854818,0.03302606,0.044743206,0.139583,0.11688389,0.13203949,0.13416943,0.14367715,0.1123407,0.12094683,0.12832297,0.14594159,0.046833403,0.03176644,0.046090756,0.032675076,0.036371004,0.045872085,0.033096876,0.19276789,0.18253984,0.20411322,0.19973561,0.17643212,0.17246988,0.187662,0.19057253,0.059518643,0.07280055,0.06878738,0.07541296,0.049373567,0.06631804,0.058967732,0.067432344,0.14711083,0.15588655,0.13951303,0.16844378,0.16137661,0.14229187,0.12813994,0.15582336,0.15253302,0.060861256,0.04855833,0.056419175,0.05507023,0.051074326,0.052709915,0.0444757,0.18396495,0.16095372,0.19145009,0.18144156,0.16708498,0.15176627,0.17579867,0.17423874,0.061099235,0.07694447,0.06931352,0.07704115,0.051214747,0.07172901,0.06019882,0.07146809,0.09858126,0.1248743,0.09825819,0.13117126,0.12188004,0.11203849,0.09299951,0.11933153,0.11631797,0.049032457,0.033002283,0.04728895,0.04051315,0.043911073,0.044353455,0.039812002
R_IFSp_ROI,Right,81,0.14488947,0.19900143,0.17912863,0.21663825,0.13863249,0.18593316,0.1703823,0.20528972,0.044699468,0.07831913,0.06035265,0.08378894,0.038355175,0.06949568,0.05263302,0.07382906,0.17572466,0.12561572,0.17011857,0.15475215,0.1792688,0.11955465,0.15549177,0.14649901,0.17766866,0.06657401,0.04081575,0.067947455,0.05713221,0.07420441,0.06725118,0.069328606,0.19427931,0.1854668,0.21700609,0.22727038,0.17524418,0.16609636,0.1977358,0.20801196,0.072848015,0.075982265,0.08783526,0.09540029,0.060815446,0.065309405,0.0753514,0.08349907,0.14270645,0.15395051,0.13611041,0.16949603,0.16761015,0.13831753,0.12144846,0.15368809,0.15791361,0.06354662,0.060547046,0.062481184,0.068123884,0.074000895,0.059353203,0.066886835,0.16836207,0.13518333,0.17460762,0.1720102,0.14685595,0.11815907,0.1547762,0.15308557,0.061607182,0.06373086,0.06622533,0.07380889,0.052281193,0.05598438,0.056791928,0.06415763,0.07452013,0.1206394,0.0734707,0.12220175,0.10425447,0.10695045,0.06467921,0.1094231,0.09869528,0.040110264,0.043517873,0.042011105,0.046559203,0.047021925,0.041609243,0.042862203
R_IP0_ROI,Right,146,0.09258213,0.09377346,0.09886967,0.10218386,0.0866462,0.091256306,0.09113779,0.09570336,0.00922197,0.015914544,0.0074248114,0.012970343,0.008353122,0.017421458,0.0073382235,0.010813468,0.08755231,0.09674763,0.088334635,0.094403476,0.08915774,0.09088219,0.08387835,0.08819075,0.0839359,0.028653624,0.022208469,0.030597601,0.0137650175,0.011665893,0.03120691,0.0114388475,0.14817278,0.11485323,0.15100913,0.14202362,0.12867154,0.10739543,0.13111727,0.13045488,0.034536533,0.030194845,0.03577152,0.037064854,0.027246527,0.028687732,0.028504558,0.03271764,0.10944918,0.14821565,0.10428663,0.14904125,0.1250943,0.1234988,0.09553522,0.12360023,0.110402316,0.044934798,0.04649516,0.044466667,0.051418,0.04333682,0.04266652,0.039372,0.15316157,0.11199552,0.1554394,0.14373375,0.12651648,0.10240072,0.13034366,0.13038123,0.03916801,0.036527686,0.04256981,0.043995462,0.029190648,0.034110937,0.031631444,0.039385743,0.096283935,0.122286275,0.08981487,0.1249196,0.10845353,0.09665703,0.081917234,0.0985153,0.095171496,0.038729295,0.019766582,0.039742388,0.024599127,0.030115083,0.036651347,0.029289585
R_IP1_ROI,Right,145,0.12200748,0.1292578,0.14497055,0.1478317,0.120357856,0.1255796,0.13973747,0.14769818,0.03331736,0.050372988,0.039220147,0.046419498,0.03279757,0.048808485,0.037769902,0.04632967,0.111210816,0.12734568,0.10953983,0.13803102,0.12880917,0.12597907,0.10609019,0.13496213,0.12954247,0.040528446,0.038259417,0.039452437,0.036298905,0.031896673,0.038325552,0.029797439,0.1709785,0.13819566,0.18166707,0.17588763,0.16058299,0.1310527,0.17049526,0.17150196,0.048768245,0.055051647,0.055863794,0.060746256,0.044157304,0.053694922,0.050781686,0.057903215,0.12692198,0.15491185,0.12395514,0.16666591,0.15262507,0.14431186,0.119450726,0.15575615,0.14790203,0.049081307,0.041412365,0.047807354,0.048189517,0.044007502,0.044799186,0.042127345,0.16964802,0.14144368,0.17576468,0.16364135,0.1546967,0.13651828,0.16199781,0.1607417,0.0418172,0.041220494,0.04623652,0.048328612,0.035885897,0.040459577,0.040976457,0.047707524,0.09580018,0.12245728,0.095867984,0.12931742,0.120496504,0.11045213,0.09651888,0.11798235,0.11494597,0.028258262,0.015823798,0.028279122,0.021377638,0.025719833,0.02793498,0.025724698
R_IP2_ROI,Right,144,0.093661115,0.095699325,0.108012445,0.115891136,0.092452146,0.093855254,0.1069326,0.12041307,0.014478531,0.024992945,0.016663672,0.016670555,0.014429811,0.025981566,0.01720479,0.018351916,0.116340905,0.09567677,0.117688864,0.10994469,0.13359392,0.09615301,0.11799598,0.109721474,0.13926241,0.008744834,0.01422571,0.011242242,0.01355895,0.008030921,0.013473477,0.008447036,0.14099741,0.10668385,0.14889634,0.13638541,0.13548316,0.10568379,0.14252532,0.13559794,0.026275506,0.033974975,0.030229358,0.030765563,0.024563562,0.032486267,0.02847039,0.030319184,0.100183286,0.122108564,0.10108272,0.13073099,0.12697682,0.1176202,0.10201932,0.1259662,0.12478138,0.015923008,0.01939923,0.018097991,0.021053055,0.012443424,0.017417656,0.011923714,0.14205994,0.10308656,0.15010642,0.12724802,0.1348466,0.10479042,0.14177825,0.12998855,0.028289558,0.028337302,0.03084893,0.027060002,0.025328549,0.02801782,0.027701488,0.027031872,0.059980173,0.09947936,0.061365075,0.10513295,0.08544605,0.092332594,0.06321,0.097603455,0.08404087,0.012396008,0.015241072,0.011166404,0.017770562,0.012373663,0.009335847,0.012101583
R_IPS1_ROI,Right,17,0.09390355,0.10590996,0.10360539,0.09616063,0.08476752,0.10061966,0.0919577,0.087900676,0.010064623,0.017355347,0.010160132,0.013339072,0.009822383,0.018033057,0.010436696,0.012462259,0.08546576,0.08788963,0.08182642,0.09440575,0.087449305,0.08293931,0.07497619,0.09105613,0.08494595,0.016340258,0.013732685,0.017832097,0.014773759,0.018286575,0.018112464,0.01779285,0.15732923,0.13069902,0.16447945,0.14622208,0.13225766,0.118214265,0.13760313,0.12634015,0.047504906,0.041905593,0.04836587,0.049540386,0.036408603,0.04039571,0.038312852,0.04198253,0.10332808,0.13349046,0.0916223,0.13615634,0.11846915,0.1120133,0.07803267,0.114386775,0.101385854,0.033636272,0.041076746,0.034268375,0.041338284,0.040344264,0.033569448,0.036088407,0.16706431,0.12378238,0.17041735,0.15441369,0.13779056,0.10698429,0.14008556,0.13508976,0.052137483,0.04329359,0.05376,0.05212901,0.03842698,0.041691672,0.04044183,0.045715634,0.08559523,0.12574758,0.071442544,0.12597051,0.11097259,0.1012838,0.056055374,0.10171189,0.09302612,0.029997379,0.038137965,0.029449437,0.039201684,0.03413257,0.028611718,0.03155584
R_Ig_ROI,Right,168,0.06046004,0.12007416,0.09557333,0.1262344,0.057714622,0.11536601,0.08430957,0.117268816,0.01692553,0.031920698,0.028645314,0.04414385,0.014197187,0.027946977,0.021535452,0.03516876,0.12169584,0.055182073,0.119387776,0.0898106,0.1303656,0.054172892,0.11242757,0.08057785,0.12160506,0.028541652,0.013779176,0.026992196,0.024624938,0.03865449,0.023950132,0.030519674,0.08680527,0.1576316,0.12302411,0.14491226,0.08039499,0.14546248,0.1101051,0.13380505,0.02366349,0.043625735,0.03709999,0.048912525,0.020355156,0.03578129,0.029646153,0.038765945,0.1290195,0.066198446,0.12612057,0.09388295,0.11982403,0.061368145,0.11892055,0.085275345,0.112144016,0.02744051,0.015374704,0.025551645,0.023950912,0.03297862,0.020241262,0.024489673,0.08188988,0.13277403,0.11106186,0.12937318,0.07267267,0.118882895,0.09979437,0.12324546,0.017498028,0.03051721,0.023956167,0.02811276,0.014697508,0.023306558,0.019421797,0.022085287,0.07695072,0.052999746,0.072778635,0.07148545,0.07938323,0.046192896,0.06470322,0.06282062,0.07562832,0.012810706,0.009196483,0.010792657,0.013813957,0.016062245,0.0058772853,0.010189878
R_LBelt_ROI,Right,174,0.116586335,0.1080393,0.12661655,0.13252005,0.085961,0.095229164,0.097736865,0.108641334,0.0483605,0.059828117,0.05020702,0.05498678,0.031015506,0.051812235,0.034809746,0.043743026,0.1640539,0.1587177,0.15831864,0.17669357,0.18290667,0.11961523,0.13626456,0.13435458,0.14879058,0.063075006,0.08024588,0.061956517,0.093205,0.10257043,0.057005804,0.07938522,0.10665208,0.08687068,0.11905894,0.11929053,0.08416388,0.07794423,0.09484988,0.09509108,0.03925258,0.05323422,0.047072455,0.053112842,0.026609628,0.04571761,0.033729125,0.04160159,0.10350296,0.114978775,0.101416655,0.12882008,0.13213441,0.09151193,0.08815235,0.10429953,0.10769369,0.041267645,0.03632225,0.037401702,0.038394947,0.05689487,0.030519629,0.045389593,0.05860626,0.041330922,0.062103618,0.05674452,0.052636266,0.037567805,0.056929257,0.047859844,0.007878319,0.018763566,0.009796939,0.013378152,0.0061722775,0.0154858045,0.008147664,0.011533074,0.0043283436,0.04482876,0.010989255,0.044578943,0.028889364,0.040241156,0.0073472536,0.041826993,0.02138658,-0.008606677,0.004943429,-0.008285955,0.0050700246,-0.00053009397,-0.008141273,-0.0029289178
R_LIPd_ROI,Right,95,0.076668315,0.06469963,0.08676068,0.08577571,0.0741416,0.07098048,0.079511836,0.08549808,0.008822025,0.017160801,0.007978444,0.007701667,0.006379903,0.018522914,0.00507144,0.00861261,0.054793175,0.073462956,0.062113967,0.077633016,0.08545642,0.07018341,0.065237164,0.0710407,0.08353137,-0.0067142113,0.009044446,-0.00046193355,-0.00018767956,-0.005309213,0.0053805406,-0.004341767,0.11551313,0.082497284,0.12467127,0.11760352,0.1054703,0.081246555,0.1110509,0.112335995,0.025703905,0.027027441,0.029477628,0.03094544,0.01989702,0.02217962,0.022054141,0.029415786,0.062451847,0.09259522,0.0672498,0.1019383,0.094495706,0.08020455,0.06849219,0.086226165,0.08435439,0.010473489,0.012429527,0.012437832,0.014156663,0.0067978986,0.011751467,0.0038914243,0.108019814,0.07537617,0.11704081,0.11221976,0.09522534,0.07286734,0.10167004,0.10549433,0.028678723,0.03807675,0.034145273,0.035066694,0.022239063,0.034129895,0.025382726,0.03307859,0.043472912,0.0665718,0.045701984,0.07518421,0.06831339,0.053768273,0.04653016,0.059429824,0.05739291,0.01176284,-0.00096289953,0.0113462275,0.0047985753,0.006406646,0.0073915855,0.007054344
R_LIPv_ROI,Right,48,0.07572843,0.05699465,0.08593727,0.07640209,0.066578306,0.05047077,0.07195562,0.07229174,0.013268244,0.022060381,0.016654566,0.019853642,0.011784687,0.023239728,0.014310285,0.018270133,0.08171364,0.080809824,0.07398782,0.09080595,0.09048318,0.073444024,0.065375455,0.081738226,0.08959388,0.021462975,0.017741226,0.023756381,0.01935233,0.020566525,0.026224824,0.018669246,0.14267679,0.08396555,0.14940153,0.12860537,0.1143229,0.07536046,0.118812464,0.11209837,0.047317445,0.033903208,0.051070306,0.047471944,0.03408818,0.03251687,0.03816345,0.04044173,0.10089146,0.12924688,0.09095674,0.13494445,0.11966354,0.10573656,0.080586486,0.110020034,0.10751528,0.035104245,0.042103477,0.033604447,0.044399522,0.038780995,0.031504825,0.03287441,0.15158826,0.09781658,0.15369605,0.13380422,0.11967672,0.08852126,0.120190606,0.115183175,0.050294463,0.033068117,0.05288815,0.04836857,0.03525104,0.030424,0.03866462,0.040410835,0.0963095,0.11898608,0.08600192,0.12015187,0.09991395,0.094883084,0.07356369,0.0944475,0.08684909,0.02771407,0.033697244,0.02652024,0.036324885,0.031705763,0.023855671,0.026695622
R_LO1_ROI,Right,20,0.08672661,0.110871725,0.10155471,0.10957872,0.08403319,0.11363238,0.095643595,0.11326372,0.019386766,0.053466316,0.025547534,0.037784472,0.018244863,0.052170314,0.022993848,0.0346595,0.091022484,0.06541832,0.096170045,0.075170524,0.09998053,0.060511455,0.098995395,0.07072937,0.09958587,0.059273947,0.0124520995,0.060373496,0.020249736,0.044724155,0.059270926,0.04056536,0.19496344,0.15634498,0.20164186,0.18253289,0.16215612,0.13942984,0.17057495,0.16747628,0.07816669,0.07791143,0.08380671,0.07989565,0.059601054,0.07234515,0.06726623,0.07005482,0.13421446,0.16811149,0.12152138,0.16902776,0.15324812,0.13859951,0.10790224,0.14255852,0.13866085,0.07339032,0.06589412,0.07449137,0.06614285,0.07248321,0.06874022,0.06326975,0.22558211,0.1490942,0.22709139,0.19466214,0.17809735,0.12204273,0.18513165,0.16958171,0.09456256,0.06754221,0.096270055,0.084649004,0.07170245,0.059904266,0.076352924,0.07258754,0.15076365,0.1977577,0.12710226,0.19696207,0.16525948,0.161224,0.10304983,0.16568576,0.14989391,0.08626705,0.107426345,0.08243629,0.10902336,0.09031171,0.07363083,0.08459728
R_LO2_ROI,Right,21,0.08663322,0.09415534,0.10385507,0.111157596,0.082501724,0.099615835,0.097240455,0.107903704,0.025152704,0.044817127,0.033241827,0.0445049,0.02368523,0.045050222,0.031304426,0.042193934,0.09635024,0.075715296,0.10270117,0.08486059,0.10795945,0.07393416,0.10930447,0.083303265,0.107377484,0.04877666,0.012737382,0.054104593,0.015649265,0.035525884,0.057218064,0.034041237,0.19109072,0.1495457,0.20321998,0.18506257,0.16385667,0.1455234,0.17653947,0.1721082,0.08385968,0.07764932,0.093508035,0.08601616,0.068232924,0.075930074,0.07664488,0.08019926,0.13522653,0.1722951,0.1336009,0.17927796,0.16383064,0.15068738,0.1308672,0.15817134,0.154432,0.061672293,0.06854459,0.065554716,0.07407871,0.071323544,0.065475956,0.06706276,0.21662346,0.15979579,0.22620311,0.20041606,0.17889106,0.14760408,0.19281231,0.18304478,0.09485216,0.07914686,0.099601105,0.09245691,0.075982496,0.07628474,0.081202716,0.0840311,0.15206854,0.19143528,0.15048985,0.19963881,0.1769568,0.16273467,0.14432858,0.17340568,0.16254748,0.07748309,0.09424763,0.08232328,0.10070124,0.09169796,0.08318027,0.087499894
R_LO3_ROI,Right,159,0.101185784,0.11813599,0.118053265,0.1212387,0.09532691,0.12124352,0.10863108,0.12174775,0.032406677,0.06303742,0.039564546,0.05765799,0.028972883,0.06248621,0.03581601,0.05304164,0.10728474,0.083170034,0.11043609,0.09038016,0.100735895,0.07800139,0.108497605,0.084126905,0.102686875,0.056145284,0.019270122,0.06250655,0.023958672,0.041388,0.06462267,0.04001737,0.21684769,0.16385083,0.22726548,0.2030829,0.18189302,0.15092237,0.19066642,0.18429206,0.0954466,0.08673494,0.09996206,0.09998101,0.07515059,0.08070511,0.081647895,0.08949988,0.14751305,0.18823153,0.13414694,0.19146338,0.16769288,0.15956523,0.11795146,0.16170822,0.1530019,0.07438135,0.077346765,0.07885491,0.0776354,0.08004122,0.07757401,0.07166166,0.2490691,0.17729987,0.25469312,0.22660471,0.20139948,0.15410519,0.20792054,0.19644915,0.105560295,0.07197601,0.10506152,0.09272868,0.081964515,0.06372065,0.084169336,0.082044065,0.13727261,0.19952267,0.115826555,0.19913243,0.17223606,0.16451181,0.095353656,0.1655472,0.14984614,0.06687841,0.10322677,0.06900247,0.10254239,0.0838679,0.06822216,0.076055996
R_MBelt_ROI,Right,173,0.14522661,0.14449069,0.16237006,0.17549135,0.11272693,0.12658086,0.12641704,0.14425915,0.06308438,0.0782686,0.06694281,0.081263855,0.044874225,0.070662424,0.0496259,0.06618278,0.2256107,0.16522288,0.21601829,0.19860268,0.2265127,0.12839879,0.18795098,0.15642384,0.1874677,0.09975347,0.078433216,0.09642459,0.09808288,0.11939536,0.08684117,0.100854084,0.13749385,0.13551976,0.1574186,0.1646025,0.113199,0.122653335,0.12883322,0.13444816,0.05502036,0.07044245,0.06549567,0.078620605,0.040838946,0.06398703,0.050952487,0.06341315,0.14923818,0.12523079,0.14677253,0.1456431,0.16450618,0.102283694,0.12858944,0.11931378,0.13555264,0.057128925,0.03584344,0.054698218,0.03907971,0.06802599,0.04844641,0.0573965,0.082190335,0.08835446,0.093008816,0.09534078,0.07419034,0.081757136,0.08355565,0.081797116,0.016397152,0.0280865,0.019938022,0.024754196,0.0123852035,0.025178537,0.016006503,0.020935591,0.033515632,0.05682131,0.03968589,0.058760103,0.052549187,0.051487677,0.03242973,0.054438833,0.041419916,0.00030797135,0.011685588,-0.0011451233,0.011738697,0.00939209,-0.0014772208,0.0052487883
R_MIP_ROI,Right,50,0.086206265,0.039204147,0.0919341,0.080246866,0.07646566,0.04298561,0.07914931,0.07345914,0.0071373126,0.0117510995,0.0069664405,0.008730156,0.005214654,0.013518296,0.005687735,0.0071125505,0.062035136,0.09208077,0.062334288,0.09559321,0.08342338,0.08445056,0.06411447,0.085819654,0.07894044,0.012664923,0.00938276,0.014720578,0.0066907434,0.004888044,0.016212568,0.004532512,0.13076748,0.08039081,0.13430785,0.12207342,0.11270203,0.0794342,0.11450772,0.10879113,0.027558338,0.020405548,0.028496912,0.028634423,0.021659983,0.020754112,0.022712173,0.023761913,0.082385905,0.124908976,0.079226315,0.12715927,0.108803794,0.10636655,0.074431114,0.10844143,0.09809062,0.017416077,0.027195008,0.018584583,0.029804261,0.022334738,0.020024048,0.017847866,0.1317337,0.084814444,0.13330543,0.12083538,0.113434836,0.08071353,0.11461971,0.1120218,0.03007525,0.027937662,0.031727556,0.033550452,0.023020562,0.025555354,0.024816219,0.030428562,0.066194706,0.1067395,0.06447136,0.10633921,0.08625894,0.09047676,0.057708327,0.09038652,0.079502515,0.017318314,0.017771786,0.015230913,0.019123273,0.018531289,0.0126006985,0.016944855
R_MI_ROI,Right,109,0.09198318,0.13434625,0.11996101,0.14659576,0.08525185,0.13192387,0.11199283,0.14806758,0.016376857,0.033430446,0.022737196,0.03422048,0.015433054,0.032249987,0.021429557,0.030371897,0.13837253,0.08962882,0.1434232,0.11963209,0.15161051,0.08590162,0.13790391,0.11397086,0.1564799,0.022433892,0.01364067,0.024527969,0.019721132,0.026053159,0.024179183,0.024618521,0.15281107,0.15415998,0.17725006,0.183931,0.1394107,0.1495234,0.1650127,0.18654215,0.039603733,0.04359659,0.05084049,0.05471339,0.033299867,0.04099072,0.04302768,0.048815273,0.13801408,0.1304948,0.14000763,0.15027098,0.16103552,0.11948471,0.13283134,0.13983369,0.16179332,0.027231783,0.028267944,0.027968539,0.035123434,0.03511571,0.025877763,0.03158188,0.15469596,0.14134812,0.17440116,0.16567037,0.14128433,0.13195072,0.1605678,0.16687812,0.0387773,0.030176573,0.04465383,0.044585496,0.033292234,0.028283233,0.037801433,0.042229444,0.10673427,0.11303601,0.10550153,0.12728108,0.12205516,0.10200977,0.0989315,0.11593938,0.12338853,0.018887194,0.024278278,0.019295428,0.028768003,0.02864546,0.019208388,0.027516633
R_MST_ROI,Right,2,0.094269276,0.08701034,0.10529216,0.1056262,0.08919248,0.08257571,0.098453104,0.10421765,0.0144157065,0.033080034,0.019226955,0.027391493,0.014514719,0.02940956,0.018813765,0.025426026,0.1270559,0.082962096,0.12670135,0.094058156,0.11211518,0.07964965,0.12059656,0.087633625,0.112822235,0.03436438,0.003403671,0.034228712,0.007367078,0.024042208,0.03156757,0.02028038,0.17017217,0.10808967,0.17722201,0.15260644,0.14175946,0.09470605,0.15267752,0.13627265,0.06138753,0.057244107,0.06809156,0.06778719,0.048234407,0.053042542,0.055633217,0.060794823,0.1369279,0.15884191,0.13312908,0.1657431,0.15397412,0.13477416,0.12175474,0.14158918,0.14078888,0.052728184,0.045442414,0.050825518,0.04596631,0.056480892,0.04590996,0.04984468,0.18094106,0.10875403,0.18640806,0.14994793,0.1456305,0.09048307,0.1551882,0.13074398,0.06518481,0.048265878,0.06982321,0.06376736,0.05044809,0.043092143,0.055009987,0.056367986,0.11066314,0.16056101,0.106676705,0.16622697,0.14041768,0.13178612,0.09662349,0.13949081,0.122987896,0.046329543,0.058912955,0.045699038,0.064614974,0.060299866,0.043227278,0.053972613
R_MT_ROI,Right,23,0.07094208,0.04682554,0.08036176,0.07794148,0.068350405,0.039183218,0.07527026,0.070234686,0.015471214,0.02362673,0.019776382,0.02533282,0.013761566,0.020802535,0.017995767,0.02168648,0.05002784,0.056314446,0.049340826,0.060600292,0.06689838,0.055178005,0.038236454,0.057914592,0.06240577,0.01920421,-0.0006869185,0.021787057,0.00063607923,0.013941927,0.021621171,0.010931747,0.12213089,0.057481926,0.12977064,0.11489398,0.105181254,0.046027854,0.1137942,0.0988057,0.039459854,0.038431533,0.044456396,0.04896047,0.03160735,0.03661185,0.036507767,0.040950958,0.06905083,0.12378088,0.06649629,0.12635538,0.112153396,0.10736933,0.05237902,0.11138506,0.09902532,0.038329475,0.039238453,0.03771564,0.037272744,0.03848658,0.034278166,0.032312386,0.135868,0.07709354,0.14239958,0.12413379,0.11260869,0.063425384,0.1210566,0.10776214,0.038145274,0.028497055,0.040991466,0.039516132,0.028364604,0.027146745,0.031326525,0.03434177,0.0614412,0.12922017,0.0595283,0.13018742,0.11154186,0.108912244,0.051804498,0.11294075,0.098824516,0.025519844,0.05591102,0.028273229,0.054492265,0.038074765,0.02889934,0.03553286
R_OFC_ROI,Right,93,0.06657372,0.13227393,0.09847119,0.12611583,0.06780304,0.1311092,0.09802402,0.1314572,0.009383229,0.039225522,0.01633954,0.025335174,0.0092353765,0.037856795,0.014022187,0.025194634,0.11698533,0.042763654,0.112512834,0.06815588,0.09997637,0.043435816,0.10837297,0.06770164,0.10412638,0.039565984,0.002297575,0.0394651,0.008535736,0.017292943,0.03855542,0.018190717,0.09617119,0.15775524,0.13452938,0.16626726,0.09659719,0.15771174,0.13589165,0.1686203,0.019187776,0.053039756,0.030536177,0.042191092,0.018742574,0.0505892,0.028044699,0.0404152,0.110248454,0.057839338,0.10573905,0.08403767,0.11468887,0.05743074,0.102374084,0.08471475,0.11675851,0.0370456,0.004819374,0.03658681,0.007565422,0.020916881,0.03254885,0.020600067,0.09449137,0.1547751,0.12741973,0.15734906,0.0936014,0.15663181,0.12919413,0.15416302,0.022069128,0.04779583,0.032223944,0.04400477,0.021107584,0.04673091,0.030892354,0.042025153,0.11983467,0.07272787,0.11704814,0.10542841,0.13090302,0.07252456,0.11616774,0.105258696,0.12932003,0.04255407,0.025719373,0.045311455,0.04076537,0.052872695,0.04277173,0.048929643
R_OP1_ROI,Right,101,0.057268728,0.06672245,0.06529934,0.07989286,0.053802382,0.066952094,0.06308888,0.07288522,0.0113444105,0.018072085,0.012730965,0.01617724,0.009168758,0.019441396,0.00969895,0.012990028,0.06867742,0.055786718,0.06920015,0.069087505,0.09466902,0.05170096,0.06757433,0.062243868,0.07792578,0.011866907,0.011379983,0.013561684,0.016258685,0.020571426,0.015443488,0.012058719,0.10551392,0.10716858,0.12436938,0.13350423,0.0928439,0.107217394,0.11119056,0.12090629,0.028509114,0.0339789,0.034004394,0.038326822,0.020548066,0.032407843,0.024627853,0.031457912,0.10294927,0.091254786,0.101738855,0.10624135,0.11930852,0.07952463,0.10336548,0.09088662,0.10562072,0.030066015,0.018819137,0.027756989,0.019858133,0.032534424,0.025144996,0.024933446,0.116706,0.12555704,0.14006732,0.14544615,0.10123838,0.12734865,0.12389234,0.13603859,0.027580585,0.033718377,0.03227968,0.035722006,0.02052024,0.032884084,0.025085354,0.03298661,0.101553574,0.08649963,0.09889091,0.10300457,0.101542205,0.07345508,0.106017,0.08773539,0.09630889,0.026722478,0.016948637,0.025862647,0.020582609,0.023036392,0.026236713,0.018156687
R_OP2-3_ROI,Right,102,0.04522517,0.10137665,0.06609777,0.0982864,0.041194864,0.10658911,0.05941947,0.097949125,0.016550647,0.045032505,0.026195658,0.042054657,0.012653636,0.046894547,0.020972492,0.04040886,0.08414025,0.0393113,0.073729016,0.05598979,0.075697444,0.038371652,0.07103417,0.050884664,0.076470844,0.03369864,0.011541143,0.033651687,0.015832609,0.017490415,0.031073479,0.014809559,0.053832076,0.095234506,0.0784917,0.10185247,0.050730307,0.0914863,0.07273001,0.09362756,0.018796466,0.03668931,0.028036918,0.038483936,0.0141466325,0.034001276,0.021285215,0.032762814,0.09949891,0.04935296,0.0969807,0.07255505,0.093384154,0.047579564,0.090749525,0.07070797,0.08842955,0.028876975,0.011460028,0.026821945,0.019576905,0.014181289,0.02314103,0.011223017,0.044946738,0.058975898,0.06252566,0.073848076,0.04123935,0.050797347,0.058368295,0.061620053,0.011652539,0.018684767,0.0152798565,0.019047381,0.008674561,0.016787764,0.011152844,0.015269387,0.053448863,0.037175756,0.05908073,0.052892067,0.06705987,0.03268973,0.054091897,0.048519738,0.05430386,0.012188778,0.00994592,0.010076778,0.015826248,0.013523989,0.0052919225,0.009233142
R_OP4_ROI,Right,100,0.15548944,0.16119279,0.17727792,0.18970454,0.12911129,0.15372275,0.1490029,0.17200364,0.059262563,0.042556107,0.062824376,0.059599698,0.03997325,0.040985525,0.04371048,0.049363215,0.16215405,0.12677903,0.1617471,0.15236127,0.18223171,0.10559905,0.14506724,0.12819979,0.16247118,0.04896108,0.03959397,0.046009846,0.055382665,0.06697369,0.04305804,0.05329044,0.18012436,0.17700936,0.20546333,0.2127643,0.15489711,0.16446196,0.18067832,0.19254777,0.06463502,0.054486003,0.075266175,0.075681575,0.046481095,0.04982487,0.056738548,0.06511138,0.14403275,0.13824601,0.13942765,0.15439747,0.16586468,0.11819793,0.12412811,0.13481691,0.14541902,0.031045085,0.021094637,0.02760795,0.022868177,0.044579085,0.022233114,0.034823235,0.14370899,0.1406466,0.1570795,0.1550052,0.13047294,0.12757279,0.14871728,0.14705145,0.032363705,0.032392595,0.036208775,0.03983593,0.026732692,0.030809766,0.030886468,0.034931097,0.09597132,0.103335835,0.088997595,0.11036504,0.09528812,0.09159219,0.07455766,0.10009503,0.08720689,0.010844395,0.011008314,0.008376566,0.013848939,0.017416237,0.006855378,0.011093099
R_PBelt_ROI,Right,124,0.16322218,0.1614945,0.17651509,0.18254961,0.12782538,0.15614809,0.13845922,0.15566063,0.06716622,0.07283228,0.06795454,0.07016837,0.047713663,0.06270403,0.04919151,0.058007244,0.22602169,0.21141626,0.2247052,0.23439218,0.24734499,0.16190588,0.2023679,0.17828763,0.2040267,0.096848436,0.117133014,0.09315207,0.12910879,0.13426188,0.08361947,0.10649854,0.15284654,0.13390335,0.16654935,0.16530876,0.12268666,0.12752728,0.13393071,0.13945052,0.055829983,0.0631861,0.064086094,0.071466975,0.040705852,0.054613274,0.047495294,0.058220085,0.15095045,0.15607929,0.15100168,0.17112134,0.17964421,0.12260143,0.13693593,0.13464043,0.15033098,0.055158,0.059218045,0.053255085,0.060200434,0.080254026,0.045482043,0.06801622,0.08678005,0.06544054,0.088080816,0.077884264,0.07522391,0.0645901,0.07943886,0.07181419,0.011419654,0.019942341,0.013898258,0.0186262,0.008406647,0.015376891,0.010360652,0.01619501,0.02773458,0.06570393,0.034700934,0.063472144,0.053316776,0.05778728,0.035101764,0.059416752,0.045894172,0.0027054471,0.011275233,0.001366999,0.012136069,0.011896667,0.00019580568,0.0077954927
R_PCV_ROI,Right,27,0.13028672,0.16345,0.15705036,0.171974,0.1250367,0.16571179,0.15259065,0.16857527,0.042848676,0.057563473,0.050759494,0.05841539,0.037903342,0.052185647,0.045960687,0.054317985,0.1589463,0.11110978,0.15575078,0.12968059,0.16561866,0.104872204,0.15642667,0.12357409,0.15884387,0.052054904,0.032300655,0.049408708,0.04605752,0.05755645,0.046356495,0.056480385,0.2046331,0.20132546,0.22344887,0.22263646,0.18690024,0.19812165,0.20625181,0.21605627,0.08772028,0.09223843,0.09933177,0.0984955,0.07412651,0.08537513,0.08583849,0.09089179,0.20085828,0.17935455,0.19565521,0.19462636,0.20786409,0.16226287,0.18957733,0.17802823,0.19594027,0.07745967,0.058930967,0.073485784,0.06599085,0.07376614,0.06692045,0.069092296,0.20450604,0.19368695,0.21355101,0.19818985,0.18373343,0.18637708,0.19218066,0.1933972,0.08419019,0.083261974,0.08831889,0.08300763,0.07040062,0.078623414,0.07466629,0.07734182,0.1789088,0.16307198,0.17395891,0.1734629,0.17320442,0.1461562,0.16670488,0.15618214,0.1642965,0.06938388,0.058640905,0.06861553,0.065159805,0.066419244,0.06366167,0.061799414
R_PEF_ROI,Right,11,0.07122904,0.09671523,0.08273076,0.09197234,0.068757705,0.09069555,0.080601156,0.09264689,0.013919507,0.0369722,0.018870417,0.025985142,0.013221547,0.036436826,0.017421857,0.023327803,0.12565507,0.0759939,0.12225883,0.09246802,0.10191882,0.07250023,0.11180928,0.08565087,0.106120445,0.03827823,0.019259244,0.04204785,0.022788389,0.02810928,0.042685956,0.025187967,0.14107892,0.10794387,0.14996266,0.14188884,0.11672021,0.09898657,0.12833045,0.13058378,0.045233753,0.042139165,0.052573472,0.051243953,0.03417031,0.040134747,0.040759724,0.045855816,0.12640584,0.129669,0.11716474,0.13823913,0.13116337,0.10740773,0.10711796,0.11714446,0.12237255,0.04604331,0.04363901,0.047499128,0.049166728,0.046946168,0.046163917,0.042360194,0.1488391,0.09362865,0.15574457,0.14021446,0.116541296,0.08259774,0.12537469,0.122771464,0.050632004,0.036943287,0.055204067,0.05152378,0.038282722,0.034210213,0.04294315,0.04608286,0.08414243,0.12063156,0.078396626,0.12612367,0.1090705,0.095080316,0.07227546,0.10114278,0.098777235,0.029397996,0.035524216,0.03224081,0.03955618,0.035651196,0.032436065,0.03269392
R_PF_ROI,Right,148,0.11839862,0.12599798,0.1298953,0.13636601,0.11465464,0.123026505,0.12584019,0.13229954,0.027900133,0.05029045,0.030737549,0.033298228,0.025523482,0.048494875,0.027862964,0.03134059,0.142393,0.10977088,0.14543223,0.12370169,0.14736724,0.10628187,0.1425718,0.117807515,0.1428584,0.039283525,0.023545263,0.041624956,0.030354798,0.032121684,0.04091973,0.030419447,0.17135513,0.16191243,0.17808233,0.17196596,0.16183364,0.15904891,0.16883591,0.16262591,0.04693435,0.055202767,0.050228994,0.051875412,0.04199141,0.052481234,0.045539055,0.04730258,0.15056525,0.1467054,0.15103306,0.15332498,0.15773307,0.13855171,0.14703652,0.14530991,0.1470833,0.025695704,0.029287817,0.026274549,0.030237606,0.02770259,0.025532078,0.025471207,0.16360244,0.14789672,0.1666535,0.15302527,0.15365052,0.14888689,0.1579967,0.14850615,0.043675248,0.04870982,0.046222646,0.045590334,0.038731404,0.047209892,0.04116073,0.043465044,0.118807435,0.13414694,0.12122463,0.13710526,0.12787594,0.12581672,0.121319145,0.1298989,0.120951995,0.026840981,0.03434416,0.027161237,0.036186606,0.031494766,0.026226297,0.030818937
R_PFcm_ROI,Right,105,0.08520306,0.10407479,0.09968542,0.11625457,0.08093261,0.1047752,0.09304155,0.110361144,0.024142744,0.03403544,0.029292952,0.0347474,0.020367594,0.029907573,0.02520528,0.029863419,0.08494788,0.07880454,0.08481265,0.08686971,0.10238929,0.07000117,0.08205283,0.07696898,0.09664848,0.023949744,0.023013871,0.022225406,0.025702547,0.026267637,0.019985618,0.021338088,0.14073351,0.1448623,0.1530801,0.16255645,0.12722693,0.14271042,0.13914001,0.14915112,0.049225207,0.057880525,0.057525937,0.061908554,0.038766257,0.05338817,0.04666413,0.05225595,0.113578446,0.11984483,0.112975016,0.12424769,0.13065174,0.10454286,0.11310001,0.11045307,0.120085955,0.03717511,0.034778,0.035152677,0.037795957,0.040975932,0.03177059,0.033016216,0.14668708,0.14810647,0.1562172,0.15930547,0.13001645,0.14217912,0.14182237,0.14818609,0.04578364,0.058218025,0.0529631,0.058824662,0.036456905,0.057261653,0.043088976,0.054867443,0.090817265,0.103622444,0.08745051,0.1067294,0.10251923,0.08970081,0.08609939,0.09457887,0.093667194,0.032760598,0.027482359,0.031683482,0.03063165,0.033792697,0.030263264,0.028928282
R_PFm_ROI,Right,149,0.12434292,0.14583278,0.1399288,0.1520537,0.123038925,0.14652896,0.14088854,0.15527567,0.027822673,0.055668518,0.034086734,0.04162659,0.02779261,0.054160666,0.033486813,0.042960066,0.13871911,0.10712027,0.13815722,0.11771127,0.13437377,0.10639427,0.13601302,0.11845508,0.13463345,0.04585888,0.026468812,0.04600994,0.031050714,0.035347875,0.04564631,0.035258066,0.16254494,0.15182458,0.17411567,0.17728715,0.16170527,0.15217568,0.1755153,0.18248011,0.046572596,0.061636444,0.054768104,0.06149297,0.04701602,0.060446046,0.054523833,0.0619285,0.13773055,0.13861191,0.13755608,0.15005194,0.16018608,0.1381962,0.134709,0.1510841,0.159278,0.044016164,0.035825733,0.04436212,0.03908545,0.043328512,0.04376433,0.044185355,0.15578529,0.1447462,0.16353811,0.1595957,0.15479085,0.14414668,0.16392921,0.16779396,0.045082822,0.058756992,0.05159254,0.05935405,0.044422273,0.058073584,0.05050057,0.060257558,0.11153909,0.12117589,0.11496273,0.12932655,0.1313808,0.121250056,0.11434422,0.1305939,0.13387144,0.04346699,0.036120664,0.043770783,0.041882727,0.046197794,0.04396153,0.04865529
R_PFop_ROI,Right,147,0.100396715,0.12213477,0.1149467,0.1295358,0.09646719,0.12399096,0.10928586,0.12670474,0.011346824,0.021341197,0.013864554,0.01817547,0.01055821,0.020719064,0.012414479,0.017436288,0.11994247,0.09242775,0.12080763,0.10905294,0.123179935,0.0904178,0.123360865,0.1047771,0.12716697,0.015421839,0.009902983,0.016898062,0.013556065,0.019537978,0.020803384,0.020930948,0.14291766,0.14046365,0.1554531,0.15510419,0.13173552,0.13932864,0.14216274,0.15129496,0.02719709,0.030529838,0.031965908,0.033908185,0.023409234,0.030315423,0.028286533,0.032157023,0.12060659,0.12451036,0.11853541,0.1340524,0.13088894,0.11322813,0.12002573,0.12179316,0.12681957,0.029235194,0.017532662,0.028072895,0.020092245,0.023711473,0.027884154,0.022293238,0.13597824,0.12222262,0.14372279,0.13288063,0.12234389,0.12181675,0.12953381,0.13077073,0.028481932,0.02924243,0.031804238,0.03215358,0.024229709,0.028062189,0.02661765,0.029336825,0.081650786,0.11177324,0.08174713,0.11938686,0.0982253,0.09851612,0.084155135,0.10499246,0.09631919,0.027444726,0.023808436,0.027981734,0.0281633,0.025830707,0.027528837,0.023791062
R_PFt_ROI,Right,116,0.096427806,0.080022454,0.11101734,0.10670065,0.09489096,0.06564664,0.10653722,0.10781368,0.02106285,0.034143206,0.0260457,0.026185999,0.020541606,0.026613887,0.024125518,0.025805922,0.100265585,0.09501757,0.10638558,0.11552512,0.12165757,0.09519494,0.0965321,0.11349406,0.123809926,0.036967255,0.020917892,0.037998144,0.03374099,0.038304422,0.033111073,0.041059673,0.13437498,0.10511922,0.14197756,0.13228726,0.123131394,0.09167986,0.13288581,0.1247001,0.041905176,0.04203787,0.046022244,0.043831553,0.037380517,0.032394353,0.041822467,0.03941565,0.11350942,0.12556277,0.112503484,0.13065016,0.12692486,0.11327564,0.10360507,0.12102533,0.11842297,0.03727865,0.031628642,0.036586214,0.03218442,0.035677113,0.03145459,0.034812182,0.1311569,0.10289329,0.13450469,0.11596569,0.116482966,0.09647452,0.12124778,0.103416316,0.037904836,0.034707002,0.039965723,0.036058936,0.033185307,0.027841272,0.0353316,0.031285997,0.09901806,0.12481121,0.09896072,0.12843606,0.10778712,0.108966276,0.09147302,0.11474777,0.097088195,0.031058373,0.04016315,0.030151425,0.04279134,0.038308155,0.025200646,0.037598204
R_PGi_ROI,Right,150,0.14111063,0.1686695,0.16603924,0.17826226,0.14414346,0.16470332,0.17075697,0.17919508,0.041574128,0.06901611,0.051540617,0.058570024,0.041392352,0.06685959,0.051892,0.059599634,0.12730657,0.1209732,0.12481686,0.13365708,0.13948943,0.122284785,0.12036871,0.13463424,0.14151713,0.04949519,0.038518496,0.050044984,0.04033507,0.037327744,0.050792374,0.038139712,0.17624083,0.16651163,0.19406116,0.19347003,0.17818661,0.16429769,0.1992899,0.1918564,0.062076144,0.083584845,0.07410587,0.085901886,0.060397666,0.08092814,0.07336216,0.08423196,0.12641123,0.13307233,0.124993846,0.14912036,0.15218511,0.13245009,0.12448312,0.14991151,0.1490475,0.047116227,0.039651968,0.049252097,0.046759255,0.046478726,0.049832687,0.04588106,0.16047955,0.15130973,0.16799693,0.16136526,0.16024685,0.15364738,0.17022754,0.16356623,0.05406113,0.07312925,0.062052384,0.070853285,0.05098172,0.070165046,0.059048418,0.069545455,0.102806196,0.10363137,0.10507273,0.11379074,0.11755023,0.1010021,0.109972015,0.11240935,0.11464539,0.042036302,0.027184097,0.043781675,0.036470745,0.042232785,0.045368932,0.04188411
R_PGp_ROI,Right,143,0.12511073,0.124036975,0.13518873,0.12890755,0.12519956,0.12700076,0.13286142,0.12986456,0.016394977,0.034306627,0.018099803,0.020811465,0.015789097,0.035654478,0.017941566,0.021196522,0.103275545,0.11431324,0.11063505,0.11947667,0.12378409,0.11136148,0.110164754,0.11447353,0.12561715,0.025960475,0.023194479,0.030181196,0.021157283,0.025687816,0.03309801,0.027443081,0.19408406,0.14546971,0.19730781,0.17305157,0.17865671,0.1396563,0.18327917,0.16833752,0.05594776,0.05546682,0.061531853,0.058443494,0.04774591,0.053398427,0.05374402,0.05781403,0.10823794,0.16219227,0.10634376,0.16573654,0.13568701,0.1426749,0.10102629,0.14829575,0.13110614,0.05664856,0.059465446,0.057819895,0.06306955,0.055179715,0.056350414,0.052831475,0.19046679,0.15566216,0.19470225,0.17998494,0.167561,0.14489213,0.1733905,0.17062336,0.06335691,0.071686454,0.07066901,0.07017398,0.052695516,0.066481136,0.059602626,0.06789794,0.071104,0.12512699,0.065024994,0.12673098,0.10184884,0.1048366,0.060325023,0.108454525,0.10051697,0.048484772,0.03707966,0.050426457,0.044504944,0.04378942,0.04879829,0.04617012
R_PGs_ROI,Right,151,0.13082531,0.14546636,0.1544569,0.16519102,0.13244267,0.1448202,0.15667462,0.16152135,0.032932606,0.050779182,0.040421955,0.050272044,0.033735726,0.048855744,0.0421798,0.051531084,0.13843535,0.1311339,0.13737936,0.14034465,0.13870764,0.13049328,0.13578951,0.14276873,0.1382531,0.044423103,0.035713904,0.042954065,0.03622173,0.032928795,0.04088911,0.033877317,0.17190048,0.15529001,0.1843087,0.18928441,0.17073889,0.15151988,0.18511225,0.18573463,0.05028311,0.060745955,0.05660584,0.06585652,0.049832094,0.05892332,0.057102613,0.06518421,0.15412495,0.16271898,0.15269777,0.17159548,0.1696724,0.15924346,0.14986248,0.16995585,0.1669962,0.04268589,0.036703523,0.04084616,0.040504128,0.04054806,0.03762561,0.04016166,0.16414902,0.15442738,0.17010345,0.1681141,0.15917525,0.1499612,0.16578174,0.16280887,0.042922832,0.04356322,0.04694482,0.05188512,0.04097973,0.043444335,0.045530666,0.05367426,0.13859439,0.13002492,0.14000121,0.1364721,0.13895857,0.12526786,0.13939069,0.1323109,0.13493167,0.03499443,0.023029167,0.035676874,0.02763334,0.034540392,0.03534979,0.03533881
R_PHA1_ROI,Right,126,0.07632969,0.1124632,0.099834494,0.11244058,0.0756553,0.12236143,0.097759485,0.110216804,0.016110824,0.027303101,0.019620346,0.021583589,0.013797416,0.030819764,0.018060567,0.022243958,0.10716783,0.10075966,0.106123246,0.11160543,0.101298444,0.09323616,0.10095036,0.10225395,0.09842904,0.037604235,0.035740707,0.03785526,0.03663588,0.030272273,0.03726969,0.028431328,0.10179225,0.1222546,0.12228323,0.12316453,0.092451945,0.12347197,0.112016715,0.12086249,0.029751,0.04319177,0.033683483,0.036777202,0.025752911,0.043054678,0.028809102,0.03719399,0.14259598,0.15027568,0.14223243,0.16218577,0.14132191,0.12722933,0.13629542,0.13866521,0.12972072,0.052255336,0.05199534,0.05115753,0.06111257,0.055552606,0.04841802,0.05059417,0.10476788,0.13349901,0.12383918,0.1272409,0.0903349,0.13188924,0.108029015,0.12336051,0.0311878,0.0520248,0.03906953,0.04376668,0.026546596,0.049328864,0.03210667,0.044823293,0.1434883,0.12610926,0.1464826,0.13564132,0.13168958,0.10143291,0.14075623,0.11064855,0.118428506,0.034029752,0.022667257,0.036403213,0.02965208,0.03344774,0.036463853,0.03149617
R_PHA2_ROI,Right,155,0.05862221,0.12562445,0.07979073,0.101418674,0.05883508,0.12584046,0.07891702,0.09780747,0.0100352345,0.021638285,0.012772071,0.014870927,0.009556856,0.020176087,0.011817354,0.014507328,0.1348252,0.10103613,0.13568127,0.124470405,0.1356619,0.0980239,0.13253121,0.12337697,0.12938192,0.040252205,0.03423062,0.039495006,0.04007724,0.04417196,0.036461342,0.03967911,0.09203624,0.14011115,0.11695776,0.13117713,0.08294291,0.13749826,0.106849976,0.1266365,0.024994705,0.040674772,0.030994643,0.03470466,0.019434419,0.038715944,0.024003856,0.03421611,0.16703223,0.14700243,0.16719885,0.16882199,0.17687231,0.12859991,0.16350217,0.14978004,0.16050062,0.05465096,0.052877374,0.0570074,0.061245285,0.06747189,0.054290872,0.058781687,0.092835434,0.13220714,0.11556232,0.12869878,0.07950709,0.12494516,0.10019113,0.12668313,0.024986172,0.042600583,0.03276148,0.039698303,0.018605638,0.040314652,0.024307014,0.038710196,0.15492187,0.12744385,0.15588516,0.14457405,0.15155038,0.10564551,0.15294744,0.120365635,0.13751811,0.03269144,0.035623085,0.035690393,0.040391177,0.041249994,0.034275383,0.036669225
R_PHA3_ROI,Right,127,0.06163442,0.09274833,0.06928132,0.07556917,0.05901636,0.08861037,0.06509044,0.06702326,0.006897054,0.025257416,0.009333379,0.016080512,0.006706186,0.026113143,0.009921909,0.0168141,0.09452093,0.09108212,0.08696032,0.09592307,0.09113122,0.08316405,0.08376262,0.09058926,0.08987867,0.028698742,0.02605635,0.028405873,0.02619675,0.026077705,0.028709788,0.025363855,0.11145882,0.1132982,0.12007195,0.11622704,0.09217149,0.106339075,0.098799534,0.10233631,0.03207347,0.03912062,0.035197947,0.039123118,0.02330586,0.038148623,0.02778421,0.039306793,0.14134537,0.15231271,0.12976605,0.15970546,0.14791489,0.12258404,0.12327268,0.13333277,0.13468239,0.053561132,0.054509692,0.052563578,0.060686287,0.06129958,0.05059248,0.056384683,0.117401,0.121076256,0.13131541,0.13010155,0.092105016,0.11629633,0.10335183,0.118541524,0.035553396,0.039778538,0.038962096,0.044124704,0.024153654,0.036884353,0.028454857,0.04181629,0.14947808,0.1424872,0.14383033,0.1500014,0.14590284,0.10907382,0.14006644,0.11870974,0.12852643,0.04626123,0.041397486,0.045843713,0.04534629,0.046337664,0.044034902,0.04334077
R_PHT_ROI,Right,137,0.12400473,0.14398012,0.13263868,0.13762002,0.122354016,0.14339802,0.13084301,0.14402696,0.021062206,0.045436136,0.024043208,0.029847268,0.018708188,0.045850523,0.02152702,0.028820045,0.15992972,0.109960906,0.15401825,0.12036062,0.13986638,0.10813857,0.14605,0.119015954,0.14429043,0.025702901,0.01684868,0.027947458,0.018517543,0.021436455,0.030600019,0.021914462,0.18211316,0.17547199,0.19003485,0.18093023,0.17395352,0.1631137,0.18142106,0.18095922,0.05605332,0.06056349,0.060297266,0.06506533,0.050380107,0.058713857,0.055507835,0.060884595,0.1661668,0.158145,0.15659164,0.1656642,0.16329286,0.15081617,0.14409015,0.15856037,0.15915969,0.036692563,0.04668875,0.03682468,0.048384435,0.04496657,0.03648568,0.04247002,0.17109458,0.14540954,0.17651439,0.16040102,0.16132376,0.12922049,0.16683999,0.15568717,0.059572056,0.05513754,0.06390113,0.06531197,0.05448723,0.05337512,0.05912454,0.062670454,0.114907,0.13860764,0.107286364,0.14222227,0.12614551,0.13036631,0.09530093,0.13442981,0.11973956,0.035617266,0.051468313,0.035915397,0.05497879,0.048713796,0.03582805,0.047629956
R_PH_ROI,Right,138,0.117364064,0.115257174,0.13365288,0.14211597,0.110426836,0.10297937,0.121896066,0.13910203,0.015220884,0.04413151,0.019178046,0.02940601,0.0145704,0.04289234,0.017899109,0.028592939,0.089415886,0.086802594,0.08110214,0.09131431,0.09792895,0.08191199,0.07045894,0.08442151,0.09523576,0.028416973,0.005015029,0.02922435,0.008298987,0.028511968,0.02996278,0.026796635,0.19528879,0.15764894,0.20497428,0.19804458,0.17342344,0.13728756,0.18138057,0.1828631,0.056345306,0.05312227,0.06051362,0.061536755,0.04504404,0.048754815,0.04942566,0.054730278,0.119420536,0.15912266,0.1089089,0.16248158,0.14975867,0.13961153,0.09583394,0.1432407,0.13368769,0.034909904,0.040026117,0.032338027,0.03756923,0.037705578,0.028612513,0.032403715,0.1955636,0.15342902,0.20249447,0.18097048,0.16945684,0.13249096,0.17535245,0.16559039,0.06570787,0.058230754,0.07003866,0.06480112,0.05115666,0.051467475,0.055877864,0.057409767,0.12565519,0.16142778,0.11875904,0.16665989,0.15162544,0.13865198,0.107526645,0.14588638,0.13502799,0.055163793,0.06747786,0.052123208,0.07335473,0.064624965,0.047336355,0.057757165
R_PIT_ROI,Right,22,0.087826066,0.07363674,0.10378721,0.10324208,0.08632544,0.08315346,0.10166038,0.10422992,0.028988019,0.03302038,0.035816435,0.03915358,0.026852516,0.032542255,0.03422277,0.038652077,0.06689468,0.088915646,0.0802886,0.103795625,0.10842716,0.08442931,0.0850472,0.098703116,0.106983036,0.030368783,0.029804457,0.032092806,0.029373895,0.02839391,0.033263892,0.029560285,0.17337717,0.11846065,0.17968719,0.15118653,0.15183312,0.11786211,0.15979084,0.14182016,0.07398047,0.07274307,0.08578477,0.08235891,0.0612936,0.06867449,0.07336958,0.07791586,0.10131585,0.15181668,0.10516712,0.15783352,0.13252495,0.13017634,0.10005969,0.13719374,0.12362131,0.0652772,0.06761967,0.065131634,0.07516596,0.06848075,0.0637814,0.06460915,0.19086915,0.15292247,0.19702,0.17588149,0.15871266,0.14837542,0.16536818,0.15643203,0.08164995,0.08446446,0.08653926,0.084327176,0.06540213,0.081713565,0.07053263,0.079414174,0.08951729,0.1369511,0.09735363,0.14039533,0.11947171,0.11416096,0.09503274,0.11837085,0.10843719,0.05807249,0.05568629,0.05953057,0.06145907,0.0616196,0.058310036,0.05935608
R_PI_ROI,Right,178,0.24501659,0.259208,0.2955748,0.31998506,0.22402313,0.26057318,0.27053806,0.3004464,0.14315495,0.14321686,0.1614327,0.17377684,0.12383323,0.14205997,0.14156444,0.16128762,0.2838232,0.22318907,0.2818022,0.2861746,0.32897407,0.20068572,0.2747527,0.2577427,0.31283483,0.16045399,0.12442659,0.15877937,0.16930512,0.19592592,0.15691647,0.18132615,0.23334883,0.25452206,0.27983424,0.2995576,0.21279995,0.24889229,0.2554891,0.27928907,0.12567851,0.12084545,0.14967561,0.1601722,0.10578442,0.117946856,0.13035852,0.14761731,0.22227903,0.16681607,0.21703172,0.2011413,0.24147084,0.14916573,0.2058385,0.17912565,0.2267117,0.08886939,0.06167203,0.09001277,0.066869415,0.114189886,0.089477494,0.10724766,0.13690981,0.1701133,0.15767106,0.17380974,0.1262437,0.16507022,0.1452789,0.16137317,0.050011594,0.06745668,0.057859782,0.06845531,0.038933106,0.064007394,0.045169007,0.058894105,0.13089211,0.09816849,0.12632202,0.11438137,0.12506583,0.09148086,0.11630811,0.10406708,0.11616768,0.042196587,0.039988317,0.040525556,0.04675739,0.05536365,0.036648784,0.047248837
R_POS1_ROI,Right,31,0.1312437,0.16233636,0.15301885,0.16542223,0.12390982,0.1571717,0.14362682,0.15973283,0.02963103,0.053692997,0.037150532,0.043932863,0.025045166,0.054934386,0.032381274,0.042200778,0.14609863,0.12613083,0.14687088,0.13259342,0.13625382,0.11676811,0.142951,0.122690044,0.12930478,0.0469531,0.038821865,0.05012632,0.040029936,0.04054734,0.050253328,0.038683955,0.17810847,0.18538682,0.19139764,0.1906942,0.16103566,0.17882916,0.17570351,0.18081118,0.056878038,0.07809252,0.064165905,0.06754315,0.0478993,0.076580174,0.055282705,0.061346166,0.17851952,0.16969822,0.17747477,0.18048562,0.17587516,0.1484159,0.16798851,0.15927635,0.16015708,0.066337,0.057499044,0.067236006,0.0648768,0.06532353,0.064319536,0.05831755,0.17603675,0.17924127,0.18341246,0.18068565,0.15350187,0.17519318,0.16313565,0.17137602,0.06235165,0.07511598,0.0676371,0.07197875,0.05174293,0.07375829,0.056850962,0.067263015,0.15712297,0.13725019,0.15872121,0.14553978,0.14893901,0.116738886,0.14982738,0.12438466,0.13311514,0.04514688,0.030626098,0.04826136,0.037748165,0.044323355,0.048350137,0.041043196
R_POS2_ROI,Right,15,0.14291073,0.18115708,0.1696303,0.18498129,0.13962595,0.17826119,0.16434449,0.18263349,0.035104867,0.063244455,0.043713234,0.054151595,0.033520404,0.059833802,0.041431747,0.052550055,0.11406755,0.10571691,0.11030733,0.11445372,0.12191141,0.10397708,0.105134815,0.1112199,0.122243896,0.025126675,0.020618537,0.022247601,0.015782205,0.01034662,0.02097721,0.008055619,0.20632496,0.20002988,0.2230831,0.22507066,0.19297537,0.19217943,0.20893691,0.22062157,0.06885135,0.087036446,0.081819706,0.09170417,0.06188536,0.08146093,0.07405876,0.087057546,0.12442206,0.15064426,0.12122785,0.16085516,0.14834952,0.14067149,0.11478181,0.14866187,0.14304367,0.04424852,0.027637294,0.037828002,0.035733283,0.03167789,0.031774316,0.029143235,0.20070742,0.18500772,0.21057159,0.20245932,0.18269977,0.17750129,0.19296494,0.19573054,0.06760349,0.07465901,0.07769372,0.086187,0.05824836,0.07229202,0.06724595,0.08309763,0.13524736,0.13618448,0.13335104,0.14835104,0.14445679,0.12510753,0.12791225,0.13627245,0.1377298,0.04835286,0.028633533,0.047719605,0.03997864,0.04905806,0.046108756,0.04814183
R_PSL_ROI,Right,25,0.1842454,0.22135071,0.20278673,0.21776336,0.16800544,0.21674268,0.18481478,0.2094298,0.053016588,0.06530065,0.056509398,0.06137621,0.04202374,0.061365858,0.046443634,0.057834934,0.17815308,0.14245507,0.18055607,0.16482699,0.18766761,0.12918366,0.17092253,0.1480981,0.17835729,0.049976856,0.027499259,0.05079746,0.04522176,0.060784776,0.0514516,0.057088077,0.22264835,0.22882032,0.23897977,0.24353942,0.20177451,0.21475644,0.2147998,0.2279721,0.07410763,0.07740013,0.0803142,0.08398935,0.05819742,0.07051569,0.06490691,0.074441075,0.1509695,0.15241608,0.14891478,0.16588156,0.16897751,0.13629079,0.13281943,0.14743468,0.15430836,0.033712808,0.024168674,0.032787498,0.0267348,0.04048954,0.03463239,0.033029176,0.18222786,0.19078243,0.19188388,0.19357042,0.16741966,0.17851187,0.17590058,0.1831187,0.059759032,0.06330185,0.064383395,0.06524262,0.04920606,0.05960192,0.05272526,0.05945173,0.075906634,0.104157254,0.07391718,0.10718414,0.095582515,0.09319619,0.06677488,0.09687951,0.08749866,0.020836841,0.029602574,0.021351038,0.03391725,0.028683882,0.02282307,0.024832262
R_PeEc_ROI,Right,122,0.10105527,0.17405094,0.14077306,0.17356162,0.10097509,0.16762753,0.13751757,0.17575704,0.031766895,0.07080651,0.04524031,0.06628382,0.03215018,0.069598794,0.04606516,0.06665213,0.16404729,0.12135613,0.16597112,0.14811058,0.1634528,0.11910172,0.16145645,0.1435643,0.1668282,0.043994877,0.039967425,0.04721949,0.04171753,0.039266113,0.04957023,0.03767682,0.1889787,0.22213314,0.2233965,0.2411387,0.17134982,0.20910595,0.20708431,0.23153447,0.0817861,0.11095656,0.10172413,0.115373306,0.07153688,0.10669477,0.0904336,0.11050386,0.20815697,0.1822457,0.20307398,0.20964625,0.20988347,0.16052715,0.19235231,0.18775253,0.1985855,0.08988356,0.07148718,0.09057396,0.08831483,0.08361089,0.087223776,0.07683766,0.21413398,0.24257626,0.2435648,0.25348428,0.18638635,0.22830132,0.21753761,0.23972629,0.0889241,0.10548634,0.10307615,0.11130299,0.07384604,0.1000048,0.08645142,0.10508322,0.1598207,0.15074182,0.15131368,0.16575642,0.16369115,0.12419127,0.14202859,0.1412275,0.14990796,0.052769355,0.040857323,0.053767655,0.050823186,0.053479727,0.05256999,0.050372608
R_Pir_ROI,Right,110,0.04766762,0.11126308,0.07408455,0.1002552,0.047590137,0.10914783,0.0717724,0.098851934,0.009764791,0.03470299,0.01576611,0.021683484,0.010023206,0.035361502,0.015983744,0.025284495,0.11654853,0.032491025,0.10411857,0.05684011,0.08209448,0.032604158,0.10113113,0.052608494,0.0788902,0.032739636,0.0024787528,0.030832915,0.010523147,0.013093982,0.032311212,0.017339839,0.067458384,0.15253043,0.10547634,0.14220046,0.0640608,0.14953896,0.096160054,0.13681816,0.01943995,0.039829798,0.030930186,0.03761124,0.017527672,0.038145307,0.026959807,0.040474493,0.13494636,0.04878694,0.12594995,0.07794279,0.11602938,0.044524916,0.12420023,0.06918586,0.11330045,0.023080405,0.005264218,0.016005563,0.007903642,0.012633517,0.015388251,0.014604186,0.060668834,0.13792314,0.092667185,0.12432052,0.05715674,0.13154912,0.08290046,0.11709809,0.019055888,0.03706029,0.029977541,0.036607075,0.016315028,0.03495491,0.025960833,0.038251933,0.12665355,0.04897871,0.12182164,0.07688199,0.10929916,0.04622441,0.11734646,0.071109,0.10873588,0.031038996,0.017555771,0.032075528,0.03057978,0.032885287,0.030401042,0.036389943
R_PoI1_ROI,Right,167,0.095297754,0.15636957,0.1323169,0.16269022,0.092958756,0.1517706,0.1291246,0.15908669,0.019087734,0.047677033,0.029032363,0.045152847,0.01733617,0.04520654,0.027270762,0.042059537,0.15289794,0.08291782,0.1491724,0.10860976,0.13323888,0.081315815,0.14314015,0.104273185,0.12914148,0.04941681,0.02009393,0.047743082,0.028436486,0.037384007,0.047114488,0.038412035,0.13047689,0.19853818,0.17444217,0.21354413,0.120549396,0.1918262,0.16525684,0.20355663,0.03756464,0.066939406,0.052178998,0.067316,0.030977542,0.063167095,0.04499308,0.06140711,0.19485563,0.11342084,0.1900643,0.1487048,0.18358332,0.103300974,0.1831192,0.1371951,0.1690741,0.061873864,0.026303098,0.05800508,0.031304013,0.05036352,0.053668566,0.046766885,0.12445967,0.17553093,0.15631442,0.1806413,0.11225381,0.1694317,0.1456189,0.17237209,0.03815256,0.06016022,0.04919248,0.056407895,0.031519003,0.05543744,0.04291016,0.051830094,0.16389534,0.10679153,0.15811901,0.13547795,0.15372775,0.094900005,0.14958477,0.123157814,0.14323224,0.05542512,0.036830876,0.053297687,0.048672356,0.054483894,0.04968208,0.050789032
R_PoI2_ROI,Right,106,0.0611585,0.10299437,0.087382436,0.10969467,0.060003556,0.11063447,0.08032263,0.11488183,0.009122343,0.026541555,0.013889528,0.021746822,0.009854354,0.02969635,0.014076876,0.022765297,0.10923831,0.06385726,0.11138917,0.089686275,0.11967768,0.06378084,0.10976035,0.08616393,0.11977493,0.024809247,0.007786333,0.02643542,0.008777796,0.018466547,0.029840048,0.017550634,0.100363724,0.13774766,0.13031551,0.15106888,0.09287256,0.14034784,0.12106259,0.14862695,0.018760664,0.029408677,0.02624723,0.03295604,0.016752582,0.030592896,0.023693325,0.03047845,0.11941342,0.09217668,0.11907132,0.120805606,0.13926768,0.08651622,0.11647903,0.11452402,0.13323474,0.02746279,0.015770834,0.027249586,0.021362424,0.026867134,0.028277237,0.024030134,0.10505306,0.14435948,0.13295601,0.14733328,0.09385902,0.14689359,0.12190437,0.14414352,0.019737272,0.029997848,0.026170043,0.031270508,0.01667844,0.029379537,0.023571378,0.02896346,0.0892321,0.079948634,0.09515394,0.10179679,0.11291268,0.07220865,0.09497189,0.09346044,0.11132335,0.02656209,0.01189021,0.027133327,0.017706111,0.024574785,0.026156243,0.02108486
R_PreS_ROI,Right,119,0.07444859,0.105532065,0.10052998,0.11621474,0.07438105,0.10305782,0.101608776,0.11292996,0.02240109,0.04914844,0.031140717,0.044653233,0.024187105,0.050546408,0.033504035,0.0448369,0.10512089,0.07859166,0.10145957,0.09450617,0.09177269,0.07981272,0.09841448,0.09506027,0.094755955,0.039037585,0.027742028,0.042897556,0.03139135,0.031726804,0.04512903,0.03043168,0.11678095,0.123986974,0.13919654,0.13972001,0.108248964,0.12241444,0.13360833,0.13544403,0.046506673,0.058830403,0.05726259,0.065312654,0.043120563,0.060211632,0.05483397,0.06456439,0.13313915,0.11094369,0.1269441,0.1289649,0.12002083,0.10242464,0.12383573,0.12106093,0.11361428,0.05615995,0.04182632,0.05596048,0.052714262,0.056160763,0.05503798,0.054307226,0.1217362,0.14083533,0.13972972,0.14433885,0.10831936,0.13945186,0.1263783,0.14004715,0.04734855,0.06529577,0.057687465,0.06782412,0.040994707,0.065972105,0.05219394,0.06892741,0.12787546,0.09165455,0.124706425,0.10473631,0.10738926,0.07910873,0.12341155,0.09278328,0.0993251,0.046848826,0.019648409,0.04810445,0.028563855,0.04125554,0.049221452,0.040955994
R_ProS_ROI,Right,121,0.06643806,0.08624018,0.084438145,0.07741916,0.06106966,0.09282921,0.07948083,0.07413537,0.011543045,0.019434903,0.016392844,0.017839167,0.009829335,0.020391662,0.013191439,0.01754177,0.07566006,0.08633944,0.07800141,0.09824181,0.081256695,0.07819641,0.07544584,0.08662328,0.07860204,0.030817477,0.024220545,0.033351917,0.025685206,0.02261453,0.03476453,0.021028787,0.09390992,0.1083462,0.10686986,0.10864517,0.0852561,0.10945023,0.10034138,0.1020384,0.031907022,0.038470242,0.037183024,0.043145142,0.028589917,0.03919742,0.03469016,0.041050423,0.105076835,0.10240238,0.10749196,0.118107185,0.102889314,0.08766358,0.098694906,0.09907077,0.0960788,0.041341357,0.030254956,0.041933168,0.0422279,0.037837476,0.038659718,0.03612043,0.09426928,0.106322125,0.1014325,0.107472114,0.085147396,0.10079469,0.09448678,0.100978374,0.033071853,0.043874286,0.038501374,0.04573542,0.031358216,0.04508409,0.037497856,0.04416786,0.09977257,0.07143763,0.100148134,0.081166774,0.08640966,0.056769192,0.09052771,0.06384947,0.07831562,0.018934965,-0.0006393249,0.020061674,0.0055957064,0.018448323,0.019524591,0.01744003
R_RI_ROI,Right,104,0.13097051,0.15180835,0.14169122,0.14613351,0.106040634,0.14238788,0.11430027,0.12895621,0.054231904,0.044056956,0.05637729,0.053221527,0.034960475,0.04291431,0.036076408,0.04035109,0.17988238,0.13937457,0.1741314,0.15452169,0.17241454,0.11020699,0.1522068,0.12077831,0.14143454,0.06421555,0.050929982,0.061612554,0.07199002,0.08662277,0.05725361,0.06961768,0.16754371,0.16228338,0.18216065,0.1821115,0.1363728,0.15397193,0.15008155,0.16343726,0.062273487,0.06628322,0.07030569,0.07192052,0.042421695,0.062605135,0.04980337,0.06193775,0.14870353,0.13531339,0.14413644,0.14584687,0.15625818,0.10672732,0.13074088,0.116863474,0.1310538,0.037598822,0.029902825,0.03537599,0.03090453,0.047303833,0.03161437,0.03855153,0.14412692,0.11950336,0.15456584,0.15271704,0.121754974,0.110553026,0.13169433,0.14022613,0.03649488,0.052752335,0.040904228,0.047813624,0.027740447,0.049727954,0.032084618,0.043758385,0.029067669,0.0816092,0.022880638,0.0822598,0.06565374,0.06418664,0.017898813,0.06374479,0.054868042,0.009505711,0.011731967,0.007442745,0.013092175,0.011078834,0.0025706992,0.0062754364
R_RSC_ROI,Right,14,0.09253136,0.14755385,0.117159754,0.12737574,0.09174215,0.1376314,0.11667478,0.12467278,0.019477788,0.046653334,0.028472748,0.037718233,0.018833289,0.045819014,0.029435545,0.039558806,0.10818969,0.09062599,0.106510155,0.10060239,0.09582257,0.088607,0.09978839,0.09964982,0.09461192,0.022891363,0.0142162265,0.021934707,0.011073306,0.0027001863,0.019152489,0.00434415,0.14474979,0.15764546,0.163529,0.16622625,0.13869773,0.1525837,0.15810409,0.16382197,0.04564559,0.06624562,0.059434775,0.06951768,0.042872712,0.06578153,0.057678327,0.06962646,0.10818268,0.11078738,0.10922631,0.12618934,0.11414695,0.10549901,0.1051284,0.12130486,0.114262484,0.041860577,0.016568776,0.03528672,0.029082393,0.022765076,0.027012413,0.022051187,0.15359356,0.15987195,0.1680783,0.16941404,0.14448942,0.15718043,0.15853122,0.16826181,0.0477262,0.057453882,0.058679335,0.0667546,0.044227596,0.05817051,0.05496984,0.069142394,0.10239784,0.089347415,0.107118964,0.10362458,0.10623035,0.08273886,0.10871446,0.09554151,0.10835121,0.03684271,0.007662668,0.036444895,0.018255007,0.029397372,0.03466325,0.03158032
R_SCEF_ROI,Right,43,0.17708994,0.20724796,0.2087426,0.2283778,0.15180434,0.19292557,0.18031609,0.21135686,0.06817763,0.07581772,0.08102785,0.08730083,0.05252779,0.07081187,0.06474753,0.07682277,0.19309804,0.17436668,0.18435337,0.2045432,0.21743676,0.14452578,0.16792451,0.17151919,0.19558096,0.08453442,0.07744723,0.08124446,0.09444661,0.097608455,0.07539695,0.081708185,0.19967821,0.19160064,0.22218536,0.22109285,0.16487835,0.17638995,0.18545066,0.19990042,0.07871026,0.06783933,0.09106518,0.086880855,0.058736086,0.06168582,0.06872874,0.07334681,0.15961957,0.16186443,0.15300383,0.17913605,0.17706923,0.13050604,0.1404481,0.14557089,0.15844843,0.06315784,0.06883054,0.057765026,0.07558845,0.07287119,0.05073314,0.059025664,0.16233447,0.15851034,0.17001809,0.16548073,0.13385105,0.14794515,0.14166734,0.14919649,0.046229154,0.04946165,0.051515836,0.05273934,0.034042586,0.044445124,0.03743017,0.045090195,0.07840912,0.0940929,0.07464343,0.096240565,0.086311705,0.07422816,0.07050008,0.07742627,0.077529,0.022772938,0.016413555,0.019719003,0.020256383,0.022004057,0.015999543,0.016312692
R_SFL_ROI,Right,26,0.19504541,0.21879837,0.21627083,0.23398465,0.16803992,0.21948412,0.19038153,0.21425994,0.076337524,0.08357524,0.0835506,0.09375801,0.055609576,0.082608014,0.06432961,0.079049855,0.2197397,0.17780429,0.216528,0.20809408,0.2413623,0.15110855,0.20720506,0.18006393,0.2133429,0.10236877,0.07515504,0.1008322,0.098641016,0.12265467,0.09774154,0.102386504,0.19284081,0.18546866,0.21248266,0.22056705,0.16764957,0.18131684,0.18811028,0.19983675,0.07154504,0.06346208,0.078582615,0.080714844,0.052633423,0.060942918,0.06072056,0.06706716,0.1754969,0.17039819,0.17106232,0.18962713,0.20761533,0.14129627,0.16212584,0.16008234,0.184352,0.056930725,0.055887,0.056385465,0.06051953,0.078633405,0.05387301,0.06418821,0.12578616,0.12635146,0.13315627,0.13798775,0.11327774,0.12327281,0.124558665,0.12796141,0.029521916,0.037954867,0.031832393,0.03492129,0.02294756,0.03638961,0.026093064,0.029149245,0.09886193,0.106226504,0.095706426,0.11224632,0.11287703,0.08918225,0.091159604,0.096906446,0.100271106,0.021153742,0.03204229,0.020694729,0.033755872,0.03203437,0.019352477,0.02591713
R_STGa_ROI,Right,123,0.14402483,0.1559427,0.16048007,0.17296551,0.12450761,0.15234752,0.1442727,0.16894983,0.050812382,0.073053725,0.060075015,0.06701683,0.04163636,0.07708141,0.051059503,0.067424625,0.2348652,0.18664731,0.23986278,0.22612204,0.2689713,0.17071466,0.23285265,0.21201146,0.2602848,0.1353364,0.08817628,0.13931231,0.118604325,0.15123977,0.14193429,0.14812736,0.15217583,0.15355384,0.16969882,0.17079979,0.1359768,0.14755355,0.15486366,0.1622318,0.06307593,0.07978249,0.0694831,0.07279077,0.053668458,0.082101345,0.062016685,0.07270866,0.19283377,0.1960174,0.19603741,0.22285438,0.2273253,0.17607862,0.19180687,0.20568444,0.21561413,0.111756615,0.09266093,0.11808812,0.108360805,0.13179405,0.12050223,0.12834682,0.11752889,0.13154203,0.12864853,0.12526797,0.10695516,0.13379055,0.11667118,0.11909031,0.042366058,0.06432272,0.048022572,0.05394123,0.03931194,0.06865397,0.04458576,0.055831607,0.09544433,0.11646672,0.09859084,0.1215282,0.10788932,0.10400247,0.100491025,0.10820549,0.100961454,0.070327066,0.05225208,0.07567542,0.0578645,0.067325644,0.0796522,0.06865551
R_STSda_ROI,Right,128,0.20753379,0.22089683,0.2296436,0.23219085,0.17737556,0.21756588,0.19768868,0.20901428,0.10458107,0.1079369,0.112409025,0.1174065,0.0809622,0.104947545,0.09092909,0.10505382,0.24694994,0.23118165,0.24451165,0.27547953,0.3014457,0.19952616,0.2334381,0.2387178,0.27991438,0.14298165,0.1257635,0.14306252,0.16301799,0.17874835,0.13764262,0.16512239,0.22282083,0.20099632,0.24159837,0.23817776,0.19487852,0.19850065,0.21346113,0.21440317,0.11543018,0.11671768,0.12834992,0.13824798,0.09526754,0.112770386,0.10906386,0.1268907,0.19368866,0.20700707,0.19413924,0.23519257,0.24392594,0.17971016,0.186708,0.20773421,0.22488481,0.09941286,0.0992851,0.10279167,0.11507702,0.13129117,0.10033147,0.12330566,0.16453958,0.18330754,0.17602707,0.18050216,0.14987908,0.18444623,0.16305658,0.16848756,0.062738605,0.08874929,0.070160635,0.0849393,0.056553546,0.08681334,0.06558077,0.081887074,0.110702634,0.10848833,0.11160324,0.11449955,0.11216797,0.096995376,0.10532657,0.1044845,0.10392223,0.039159246,0.027421342,0.040311005,0.032948975,0.03919818,0.03974319,0.039536335
R_STSdp_ROI,Right,129,0.22383024,0.215719,0.2335894,0.23471634,0.19717275,0.21679038,0.20997924,0.22019576,0.113327734,0.0976317,0.11410331,0.10839907,0.08937599,0.09534744,0.092605636,0.09885324,0.23768513,0.246007,0.23750871,0.28904155,0.2981796,0.21835998,0.22945482,0.2540291,0.27964377,0.13126925,0.14056538,0.12733449,0.17548832,0.17794642,0.12319576,0.15885237,0.20192695,0.18637177,0.2144196,0.21002677,0.18148193,0.18266235,0.1945463,0.19901773,0.09614252,0.078923106,0.09968181,0.0979886,0.0785651,0.077215604,0.0837714,0.0918063,0.18678878,0.19511887,0.18877243,0.21931075,0.23698491,0.17308827,0.18077591,0.1948139,0.22274306,0.056197707,0.080868736,0.055818815,0.08522365,0.096632615,0.054661613,0.09151626,0.117369406,0.15013579,0.1256243,0.13508555,0.11100987,0.14656578,0.12174555,0.13424516,0.034284003,0.051460687,0.03897819,0.045747783,0.030487891,0.05299073,0.035087913,0.045496028,0.11785699,0.10186729,0.117972456,0.11092389,0.11986911,0.09318995,0.111179315,0.1028653,0.11102227,0.012177632,0.02709066,0.010679363,0.029682275,0.024488764,0.00845818,0.02265435
R_STSva_ROI,Right,176,0.109005824,0.16491748,0.14108948,0.1610266,0.109229736,0.16340627,0.14137529,0.16055538,0.027787289,0.057314377,0.042871624,0.0512422,0.028643638,0.057228025,0.04308847,0.052540474,0.12448808,0.10966999,0.12648092,0.1364883,0.15094827,0.10643719,0.12929164,0.13438031,0.1511184,0.0381734,0.029207636,0.04138625,0.04145544,0.04296059,0.0451003,0.043664757,0.1380918,0.16032648,0.16694215,0.17457536,0.135318,0.16197456,0.16382667,0.17119154,0.043642666,0.0713824,0.060821023,0.07202315,0.041003533,0.07219451,0.057231586,0.070780165,0.10372103,0.10254668,0.10424344,0.12510763,0.12640394,0.099912114,0.1067767,0.12066348,0.12300576,0.03672116,0.028662514,0.039318327,0.040500544,0.040612165,0.041063104,0.040802922,0.12425863,0.13915214,0.1428528,0.14947866,0.11970396,0.14060226,0.1396663,0.14995717,0.038815495,0.06600513,0.048290998,0.05947732,0.035066362,0.06375445,0.044169907,0.05735302,0.0599462,0.06570394,0.060790733,0.07657577,0.07674407,0.062645055,0.06425351,0.07342909,0.073235534,0.0333184,0.014003171,0.0337366,0.022535283,0.032317735,0.034993894,0.031208236
R_STSvp_ROI,Right,130,0.14242554,0.17573522,0.1718971,0.2035067,0.14318979,0.17259833,0.17145902,0.20105971,0.03893347,0.070275255,0.051581237,0.06323035,0.03894438,0.068018906,0.050273426,0.06149886,0.18268171,0.124321714,0.18904342,0.15395881,0.19187926,0.12358442,0.18280767,0.15238263,0.19237028,0.07880882,0.041412406,0.08279477,0.05785596,0.07283884,0.081837595,0.07271592,0.17866792,0.18068872,0.20622747,0.21707982,0.17532758,0.1764861,0.20088007,0.20960127,0.05962502,0.0731607,0.072730385,0.07770883,0.05751873,0.07035608,0.06956212,0.07445014,0.17566001,0.15974542,0.17589678,0.18228996,0.19377372,0.15507352,0.16611053,0.17704308,0.19056302,0.071289554,0.055820573,0.07419565,0.065914094,0.07729381,0.07183379,0.07624581,0.15377843,0.15308942,0.16691735,0.1702936,0.14595371,0.14924552,0.15859805,0.16367741,0.054422352,0.059947375,0.060844567,0.06126403,0.05100515,0.05823321,0.05621996,0.057240684,0.13971731,0.13454695,0.14331904,0.14763239,0.14926764,0.12892133,0.1379562,0.14262211,0.14434613,0.056645095,0.055788033,0.059288803,0.063214615,0.063535124,0.059482966,0.062189404
R_STV_ROI,Right,28,0.13352826,0.168233,0.14799206,0.15763877,0.12268488,0.16815665,0.13496612,0.15443327,0.032990698,0.04056981,0.03416084,0.035817668,0.026409745,0.040707644,0.027370369,0.032426115,0.1254129,0.09936331,0.119166784,0.10689856,0.123837575,0.0923315,0.11143663,0.0978269,0.11850414,0.037108105,0.015357636,0.040898353,0.024716018,0.038849328,0.040842,0.038703077,0.17249724,0.18602529,0.18848573,0.19811726,0.16197908,0.18413815,0.17406675,0.1867148,0.05488089,0.06206463,0.061701838,0.06659763,0.046053205,0.059029806,0.051266134,0.05758792,0.11751933,0.106152795,0.10970149,0.1160053,0.12078275,0.09850495,0.0970192,0.10598266,0.108605795,0.015407785,0.012216813,0.01783083,0.014431378,0.020144103,0.016816104,0.016920114,0.15386501,0.18224443,0.16733444,0.18173288,0.14623857,0.17788495,0.15637529,0.17348371,0.044191506,0.059526004,0.05099335,0.057100832,0.038662404,0.057904366,0.044179883,0.05291837,0.06546264,0.06347189,0.059180986,0.067610435,0.06725647,0.05746143,0.04817906,0.061053805,0.057016037,0.007487872,0.0026004345,0.008844971,0.007889313,0.007138643,0.008068848,0.004649246
R_TA2_ROI,Right,107,0.31134665,0.29629987,0.35384464,0.35650182,0.2612835,0.28550804,0.30199295,0.33278313,0.19464147,0.18409395,0.2121785,0.2175483,0.15648158,0.17228708,0.17372279,0.19959134,0.2989753,0.30076686,0.29472536,0.34502864,0.36021173,0.24307376,0.28061762,0.28357974,0.3228046,0.17734462,0.17708813,0.16793983,0.21115172,0.22168349,0.15827605,0.19606735,0.26103696,0.24654937,0.29521823,0.2908429,0.22536807,0.2336403,0.25801283,0.26537853,0.15513273,0.13550504,0.17605555,0.17964578,0.1257036,0.12420714,0.14674833,0.16338055,0.2074392,0.2119069,0.2044559,0.23759125,0.24844912,0.17470418,0.19126736,0.20066072,0.22135074,0.09493363,0.107729614,0.0906251,0.11412906,0.1286832,0.08427826,0.11645771,0.12427677,0.13879465,0.1321653,0.13645959,0.115143366,0.13527142,0.12460217,0.12728341,0.04298626,0.05918074,0.04785221,0.061478514,0.036521584,0.05496724,0.041310508,0.05354264,0.05179264,0.073914036,0.048606142,0.07614714,0.07349766,0.066422634,0.044625502,0.071043976,0.06485293,0.021617131,0.02041798,0.017852439,0.023106284,0.027382558,0.015767282,0.0219134
R_TE1a_ROI,Right,132,0.09646891,0.15538193,0.1214341,0.13958609,0.095769644,0.15692924,0.12081386,0.14357367,0.016239183,0.047752712,0.025695458,0.033838037,0.016824694,0.045872994,0.024226295,0.034290858,0.12703802,0.08135762,0.12418701,0.10578994,0.12259735,0.082651004,0.123231135,0.1037259,0.12804393,0.04458683,0.011070185,0.046513386,0.022510063,0.032645706,0.046514444,0.034000933,0.13586974,0.15803708,0.16118705,0.16883972,0.13350125,0.16070902,0.1582993,0.16863717,0.03691869,0.056135006,0.048920937,0.055564817,0.03524634,0.053842958,0.045847658,0.054646857,0.12129136,0.09634231,0.11930679,0.11870268,0.1285918,0.09545458,0.11750758,0.11609972,0.13375188,0.04263581,0.01718678,0.04376092,0.022749469,0.03252625,0.04168737,0.03429263,0.1325295,0.14090656,0.15213001,0.16236196,0.12958132,0.14138474,0.14964783,0.16091828,0.041229248,0.06302948,0.05127162,0.059654254,0.03874259,0.060822085,0.048140384,0.05897134,0.10458445,0.092320904,0.10343257,0.11056348,0.1191249,0.08946751,0.10537277,0.10651108,0.120741524,0.055766754,0.039146002,0.0560497,0.05090558,0.058311358,0.05574505,0.05774736
R_TE1m_ROI,Right,177,0.09315005,0.15955882,0.12052492,0.15157661,0.09976968,0.1591771,0.1292151,0.1609913,0.0207438,0.049130995,0.029687086,0.04105962,0.02322849,0.048819598,0.033559464,0.04473383,0.13934925,0.08584391,0.13993427,0.109085426,0.12981772,0.09150374,0.13869408,0.114822276,0.1357458,0.03305563,0.017210247,0.03326145,0.024808027,0.027936276,0.03374978,0.03030365,0.12588657,0.1600505,0.15426026,0.17352524,0.12834476,0.16378686,0.16146038,0.1817055,0.030301936,0.040007714,0.04157094,0.04427441,0.032210737,0.041162606,0.04487008,0.04713581,0.1151071,0.09717319,0.11908153,0.11922278,0.13141407,0.10080741,0.12216652,0.12527391,0.13378598,0.018899264,0.019417001,0.020415468,0.02424385,0.021566901,0.022510706,0.023601638,0.11775004,0.14777447,0.13962486,0.15756668,0.11577274,0.15077616,0.14171587,0.16533385,0.025675591,0.04051819,0.031660024,0.038835358,0.025545122,0.040575482,0.033013515,0.03882247,0.081068285,0.07382774,0.08631814,0.08864223,0.09751557,0.07416983,0.09346489,0.09026356,0.10009994,0.028812135,0.015929641,0.028456304,0.021459142,0.025685454,0.030112455,0.02737176
R_TE1p_ROI,Right,133,0.13952422,0.17178793,0.15575959,0.17050935,0.14385761,0.17132148,0.1620041,0.17911722,0.029393433,0.03987259,0.030499192,0.037125897,0.029766588,0.041292824,0.03103102,0.037638124,0.16436897,0.13457741,0.17077063,0.15086004,0.16503833,0.13800204,0.16853525,0.15567885,0.1745045,0.034934435,0.024247954,0.037076,0.03318003,0.04411721,0.038969226,0.046065625,0.18775804,0.20451538,0.2016914,0.20680922,0.18727247,0.20060016,0.20348953,0.21102907,0.052339595,0.060383674,0.058956463,0.06359516,0.051975194,0.060791854,0.05834907,0.06545184,0.1734552,0.16189384,0.17942587,0.17480983,0.18231943,0.16215576,0.17624499,0.17644738,0.18459426,0.038571008,0.03883054,0.04292648,0.03987243,0.046147514,0.04518391,0.049160298,0.17887779,0.19348708,0.192687,0.19603881,0.17479995,0.1895732,0.18830256,0.19757234,0.050273225,0.05438493,0.054374676,0.0564862,0.04846141,0.05436415,0.05170514,0.05739176,0.119914256,0.1371531,0.12649742,0.14622508,0.14168218,0.13498613,0.12674342,0.14415495,0.14214757,0.0314112,0.04119465,0.034538925,0.04397611,0.040501956,0.03535142,0.042888813
R_TE2a_ROI,Right,134,0.09987026,0.21065572,0.1359854,0.17930426,0.10048093,0.20957159,0.1355708,0.18123354,0.018126298,0.05435884,0.028185993,0.042649224,0.019744156,0.052780215,0.029835815,0.04598514,0.14729404,0.08997268,0.15150028,0.11335419,0.13076061,0.09113366,0.15416908,0.114111,0.13293433,0.038736995,0.021232817,0.03997007,0.028614966,0.035272613,0.041711424,0.039903414,0.13273333,0.2128068,0.16723679,0.19878316,0.13562018,0.21070436,0.17016211,0.20154932,0.03392586,0.06518359,0.046321798,0.05869447,0.03758979,0.06452566,0.050691392,0.06225169,0.12125107,0.09358226,0.12439448,0.11473543,0.12807816,0.0961249,0.12653524,0.11807024,0.12848735,0.044893034,0.02858207,0.0474379,0.037992314,0.04173741,0.050065693,0.048124738,0.12890217,0.17707871,0.15504672,0.1766326,0.1315696,0.17328715,0.15861331,0.17854102,0.03454937,0.060325418,0.043231037,0.055542998,0.03714928,0.05844873,0.045739695,0.05895318,0.053542785,0.06572707,0.05574038,0.0773661,0.078164734,0.06854744,0.059015006,0.08028115,0.07990216,0.023377238,0.01574356,0.024808526,0.020743774,0.026386814,0.027021723,0.03276428
R_TE2p_ROI,Right,136,0.13412975,0.18166706,0.16003692,0.18475284,0.12703575,0.1769178,0.15112938,0.18615994,0.031749222,0.08549985,0.040000647,0.06491501,0.029454408,0.07920614,0.03771079,0.059279475,0.14628701,0.10371459,0.13744164,0.116620265,0.14124985,0.09938163,0.12960486,0.113390274,0.14699005,0.0677371,0.026104007,0.06712098,0.028911741,0.047244217,0.06491359,0.046004348,0.21847472,0.20225097,0.23315357,0.22669762,0.18984784,0.18564394,0.20705007,0.22000276,0.08764359,0.09379303,0.095618494,0.095523596,0.070280485,0.085704446,0.0799126,0.086503334,0.15671684,0.1821873,0.14351785,0.19001947,0.17640454,0.15662557,0.13259137,0.16870318,0.16730176,0.08205069,0.07971356,0.07677305,0.082770765,0.07744944,0.068856575,0.07051744,0.22029427,0.17253861,0.22654438,0.20073579,0.18520235,0.1512724,0.19276036,0.18685597,0.09360587,0.0789404,0.097375266,0.09162917,0.0748988,0.07202289,0.07974988,0.083277695,0.13357176,0.18521023,0.12447949,0.18868148,0.16584049,0.1538698,0.1166876,0.16126756,0.15057297,0.08716525,0.10350345,0.083320685,0.11020952,0.09672611,0.07796931,0.091474354
R_TF_ROI,Right,135,0.10536223,0.1932774,0.13998197,0.17436135,0.10126777,0.18517171,0.13347328,0.17544456,0.029741062,0.08248026,0.04368487,0.06422309,0.027947243,0.076910205,0.04031055,0.062008597,0.15052973,0.08702148,0.14101483,0.10692002,0.13186121,0.0819771,0.12907134,0.09905476,0.13274905,0.06304366,0.023098158,0.063724615,0.026512401,0.040305793,0.06338513,0.037433464,0.20570734,0.23215067,0.23611055,0.24801019,0.18138431,0.21654388,0.21170239,0.2385311,0.08354176,0.103899226,0.10089539,0.104420915,0.06908461,0.09770692,0.08533311,0.099099874,0.19197668,0.17436028,0.17895688,0.19631033,0.19670545,0.14822476,0.1617452,0.16944884,0.18682456,0.09328499,0.071849644,0.09005243,0.08085924,0.08085213,0.08360551,0.07324444,0.22405665,0.21475147,0.24788578,0.24437596,0.19067551,0.19819856,0.21461448,0.22926867,0.09380066,0.096313976,0.105148606,0.105468266,0.0768429,0.08815985,0.08753393,0.098569214,0.17669536,0.18587433,0.16443725,0.20342983,0.19670054,0.15352418,0.1487603,0.17184433,0.18411365,0.09270573,0.095009856,0.09223317,0.10883736,0.105200306,0.08843636,0.09930009
R_TGd_ROI,Right,131,0.19599786,0.2847934,0.24374817,0.27649733,0.18905844,0.27781105,0.23723358,0.27538994,0.0686409,0.08008611,0.08033898,0.08506269,0.06095052,0.07553007,0.07400523,0.07957404,0.21464086,0.16466214,0.22489826,0.20257647,0.23824246,0.16239718,0.22597192,0.2022291,0.23741814,0.100866206,0.0726844,0.10435247,0.09606448,0.11229359,0.10534283,0.111992486,0.2128825,0.27421832,0.25449985,0.27521855,0.20372488,0.26865774,0.24475218,0.27144074,0.07550729,0.07925428,0.08934735,0.09210936,0.06683385,0.075660944,0.083258525,0.0900889,0.18140937,0.17371687,0.18624268,0.20099351,0.2112641,0.16734233,0.18612029,0.19695297,0.2084528,0.095276885,0.07363718,0.100211896,0.089347236,0.10261763,0.10165044,0.10439551,0.16229449,0.21286057,0.18290773,0.19851586,0.1550014,0.20863985,0.17513311,0.19780542,0.044152252,0.05310517,0.048410356,0.051769547,0.040910754,0.052868564,0.04460136,0.052601937,0.10923718,0.11717058,0.11212159,0.12690267,0.12774897,0.111945875,0.11171998,0.12360537,0.12375451,0.065506,0.04558075,0.06866145,0.052659433,0.0649391,0.06969832,0.065646954
R_TGv_ROI,Right,172,0.1315373,0.2120851,0.18692733,0.216276,0.12765417,0.20902397,0.17674613,0.20805211,0.047043305,0.07146961,0.067219555,0.07827081,0.042515326,0.06741384,0.05825562,0.06940118,0.19462039,0.13468623,0.19925804,0.18626076,0.2153409,0.1338638,0.2003148,0.18160675,0.21755834,0.08224026,0.05489098,0.084442094,0.08165571,0.09326648,0.08505672,0.09083943,0.15205675,0.19597866,0.19906214,0.21605544,0.14483576,0.19092645,0.18717004,0.2051438,0.06022251,0.076168165,0.08355237,0.08810821,0.053488716,0.07071901,0.073293455,0.07910633,0.15099019,0.14116275,0.14969066,0.17812693,0.18260744,0.13545431,0.14873761,0.17076287,0.17834371,0.076855734,0.061567266,0.080935866,0.08556275,0.09069645,0.08136279,0.08689236,0.11644817,0.1388753,0.13785979,0.14710999,0.107888214,0.13404329,0.13017534,0.14398873,0.041485198,0.051888768,0.04854736,0.051812377,0.035049964,0.048792727,0.041639637,0.045752473,0.08144172,0.097834595,0.07808184,0.11438499,0.104187846,0.08991641,0.07570082,0.10772624,0.10258537,0.045138896,0.040156767,0.045496356,0.05018171,0.049660314,0.044898357,0.04645967
R_TPOJ1_ROI,Right,139,0.2562613,0.2516403,0.28279427,0.28509018,0.22728992,0.25470737,0.253809,0.27237678,0.13650179,0.12472754,0.14619595,0.1449184,0.112723954,0.11733865,0.12157843,0.13188782,0.23703398,0.23594686,0.23508109,0.27622387,0.2920879,0.2122152,0.22686921,0.24680413,0.27967048,0.14495564,0.13757972,0.14119232,0.16755448,0.17362252,0.13273461,0.16392581,0.26290587,0.2504519,0.28843993,0.2844861,0.23413277,0.24114306,0.2588128,0.26925892,0.138774,0.12677658,0.15729643,0.15948679,0.11511702,0.11800397,0.13180044,0.14615166,0.19867553,0.21709502,0.19657993,0.24081172,0.24194439,0.19203754,0.18416095,0.21426235,0.22920631,0.07742241,0.11236774,0.0750696,0.12111479,0.115859754,0.068552874,0.109302625,0.18169464,0.21800756,0.19391033,0.19942144,0.1660981,0.20417105,0.17956054,0.1918877,0.062267926,0.08681136,0.07071831,0.08099878,0.0523966,0.08383418,0.06066332,0.0767655,0.13550435,0.12858689,0.1299731,0.13523805,0.13510923,0.114071496,0.114583656,0.12242103,0.1269735,0.03408352,0.04069528,0.031246424,0.04502884,0.04388828,0.027874503,0.04115176
R_TPOJ2_ROI,Right,140,0.13128993,0.1558393,0.14530684,0.16763231,0.12269508,0.15811937,0.13808353,0.16159263,0.027822042,0.04412068,0.030510595,0.03993758,0.024727462,0.04071156,0.028483361,0.03700575,0.11309928,0.08454244,0.10694323,0.09043056,0.11317162,0.08006648,0.096439965,0.087179504,0.105299994,0.04714088,0.013690708,0.046193156,0.015447348,0.030305803,0.042560373,0.026912708,0.19426428,0.17724821,0.20656948,0.20148847,0.17303975,0.16613017,0.18777701,0.18983003,0.06665833,0.06775057,0.07202614,0.07728459,0.054225136,0.06315405,0.060458682,0.06763633,0.14052364,0.16686651,0.13028672,0.17328238,0.16360204,0.14607671,0.11428053,0.15414114,0.15099561,0.057818,0.057458144,0.056519374,0.05932057,0.06601947,0.052837666,0.057464708,0.18612859,0.17103808,0.19543892,0.17554285,0.16038841,0.15521038,0.17360899,0.16426529,0.05925704,0.058746245,0.064774185,0.064395085,0.04739534,0.057250176,0.053014867,0.056021865,0.13771711,0.17751269,0.12637194,0.1837622,0.15994959,0.14920497,0.11282522,0.1584048,0.14688441,0.063918896,0.080608726,0.0642128,0.08503463,0.07801135,0.06465216,0.06920396
R_TPOJ3_ROI,Right,141,0.10790623,0.1365663,0.12662782,0.13660185,0.09977098,0.13542175,0.11806265,0.13671629,0.03143183,0.047725502,0.034859147,0.043334395,0.029057126,0.0417384,0.033464912,0.041657653,0.14736524,0.094291806,0.13952571,0.10560124,0.12602605,0.087316506,0.1312009,0.09812367,0.12962353,0.049229097,0.025523981,0.047115773,0.028359726,0.037557416,0.04359621,0.039709907,0.19321094,0.17210948,0.2073704,0.20159905,0.17173049,0.16320018,0.18602096,0.19042586,0.087108664,0.083847515,0.09280896,0.093035415,0.07449176,0.075281784,0.08128792,0.084905684,0.18437119,0.17292409,0.17376068,0.1822015,0.17765367,0.15283734,0.16055724,0.16279675,0.17297149,0.07023828,0.07195709,0.06737333,0.07502549,0.07308877,0.06180444,0.06940164,0.20497875,0.172395,0.21026525,0.19685704,0.17850454,0.15761237,0.18681559,0.17859493,0.08838773,0.07479256,0.089227274,0.083999425,0.07453769,0.06599193,0.077233784,0.077106416,0.15185812,0.16305849,0.14066063,0.16255324,0.14848514,0.14272201,0.12418083,0.14593722,0.13595434,0.061689302,0.07477378,0.060337182,0.07471513,0.066585906,0.05719608,0.06167338
R_V1_ROI,Right,1,0.08452314,0.024381327,0.09208859,0.066319585,0.07823723,0.025626447,0.084360264,0.06618266,0.011683739,0.007109316,0.01331826,0.010581793,0.01098218,0.010796708,0.012071595,0.01114896,0.0408339,0.09583576,0.034502354,0.09697466,0.080234885,0.09138952,0.029810248,0.09139783,0.07499538,0.0046190536,0.015557189,0.0037103964,0.010846069,0.0008899617,0.0044961213,0.0019102984,0.13970585,0.048206203,0.14291954,0.109380566,0.1219207,0.047558866,0.12363926,0.09803859,0.032092273,0.020248765,0.03332181,0.028650993,0.028155055,0.023244224,0.029970516,0.027834954,0.044110533,0.13432865,0.033787254,0.13410936,0.08767677,0.116256036,0.022951059,0.11453794,0.07626606,0.02141827,0.032830864,0.017719284,0.035630796,0.015561461,0.014275522,0.014708176,0.14294648,0.05790145,0.1422658,0.12273633,0.12130907,0.05275132,0.12067569,0.108680956,0.033034477,0.031960584,0.03516522,0.032760054,0.028565733,0.033376582,0.03147418,0.033434745,0.0061704516,0.095998526,0.00059777225,0.092066824,0.060966007,0.076665275,-0.0034028518,0.073224604,0.050373916,-0.009441173,0.008570018,-0.009762721,0.007338084,-0.00020706552,-0.008539831,-0.0014157366
R_V2_ROI,Right,4,0.08354941,0.05947647,0.09321518,0.073999405,0.07937644,0.06703851,0.08523388,0.07322576,0.01568658,0.022903424,0.019710138,0.017830133,0.014914202,0.026455179,0.017945373,0.01925146,0.031790372,0.09356619,0.025437104,0.09044958,0.072767235,0.08939797,0.02059883,0.08516122,0.067487486,0.0056202565,0.02027214,0.0047762063,0.009580389,-0.0022821014,0.006156449,-0.0012995075,0.1378874,0.06988017,0.14127956,0.10995267,0.12131755,0.07062254,0.12266766,0.099794336,0.03869086,0.034216914,0.040933166,0.037445873,0.033080664,0.035247713,0.035542533,0.035760164,0.040564645,0.12647404,0.03145456,0.12466916,0.081119835,0.10911549,0.021981748,0.10748536,0.07120702,0.030869978,0.03620963,0.024382325,0.03809506,0.014227184,0.018363276,0.011735702,0.14348486,0.0809881,0.1421032,0.12773316,0.121969275,0.07865385,0.120784245,0.11598485,0.04115153,0.05007699,0.043256514,0.046777,0.03544682,0.051725212,0.038041722,0.046852123,0.0009945882,0.08192862,0.0013660082,0.07722478,0.054514322,0.06438673,0.0037480483,0.061600212,0.04680085,-0.0061288746,0.005144027,-0.0050755576,0.0051053306,0.0011321643,-0.002195594,0.00027806684
R_V3A_ROI,Right,13,0.08365112,0.07972658,0.09532496,0.08560055,0.07745295,0.08566242,0.08722291,0.08214963,0.014475344,0.033040915,0.017864319,0.023781808,0.012330578,0.037292868,0.015511511,0.021646932,0.041918788,0.09393113,0.036874168,0.08949625,0.07481348,0.08927121,0.030061796,0.08318295,0.06759581,0.023526087,0.023954239,0.026785012,0.008740188,0.0055107996,0.029409464,0.005933155,0.14119856,0.09634762,0.14693606,0.12539764,0.11936844,0.09474456,0.12440127,0.11009001,0.03978377,0.042490304,0.041820083,0.040290184,0.030925011,0.043080434,0.03370738,0.036465608,0.052998036,0.12329646,0.04473489,0.1258232,0.09063953,0.10329323,0.032578293,0.10501228,0.072862744,0.047626525,0.049181826,0.04473743,0.052721564,0.031256642,0.039928373,0.029877102,0.14729974,0.11816996,0.14913118,0.1427496,0.1222226,0.11558683,0.123904765,0.12505613,0.04143532,0.042928323,0.042299297,0.0469619,0.03234141,0.044310033,0.0338631,0.042851057,0.012369458,0.07612365,0.009738587,0.075268336,0.05943971,0.056314506,0.008458469,0.055827614,0.04152992,0.001372624,0.0073116054,0.0036944912,0.009092661,0.008367689,0.0056099813,0.004383415
R_V3B_ROI,Right,19,0.078415304,0.09705668,0.087431796,0.08357468,0.07151503,0.091758125,0.07908367,0.081597574,0.007879316,0.007865363,0.010258142,0.009975999,0.008812907,0.008686653,0.009573019,0.008699613,0.10822923,0.08886525,0.10454261,0.102899775,0.11279909,0.0861907,0.09973773,0.098198,0.113398686,0.018868295,0.017459042,0.020774687,0.021779956,0.025900187,0.020786054,0.02446961,0.15560918,0.13251533,0.16414583,0.15005375,0.13163914,0.124989614,0.13992395,0.13570726,0.04655642,0.044612728,0.0503538,0.04988698,0.037015174,0.0426318,0.040032055,0.045625452,0.14371322,0.1732303,0.13782795,0.18009935,0.15852426,0.14672138,0.12654464,0.15427907,0.14915484,0.048339073,0.05662598,0.048663907,0.060739048,0.05744017,0.0470292,0.05352762,0.17424417,0.13942522,0.18034221,0.16071719,0.14457104,0.12933421,0.15064491,0.14448835,0.05684218,0.038016703,0.05890665,0.051038776,0.04389262,0.03617465,0.045301583,0.046334837,0.12658708,0.17060232,0.119958654,0.1711861,0.14492993,0.13955368,0.10833395,0.14178175,0.13212012,0.034165185,0.056285165,0.03557318,0.057119224,0.04660278,0.03570269,0.043708213
R_V3CD_ROI,Right,158,0.065670356,0.06895558,0.064464696,0.06870647,0.062558375,0.07236032,0.0640896,0.059651397,0.0048163505,0.010627098,0.0040802867,0.0065057203,0.0056880517,0.009671992,0.004713694,0.006114026,0.083330646,0.06537298,0.082113095,0.067591466,0.06959354,0.064998195,0.07944029,0.0684485,0.069039896,0.016030988,0.0068620895,0.014337335,0.007769267,0.011955189,0.013184661,0.01172846,0.13493404,0.10476651,0.13897404,0.12869538,0.12001699,0.102261,0.12454489,0.11268298,0.041662924,0.039578203,0.04361198,0.04590803,0.035631396,0.039048355,0.037488442,0.042786594,0.11094103,0.13674171,0.10936169,0.14054109,0.1264137,0.120913714,0.10579475,0.12477943,0.115768686,0.0387275,0.038116764,0.038655322,0.03906552,0.040929027,0.038291957,0.039312273,0.15461633,0.11458387,0.16180402,0.14463416,0.13506167,0.10409752,0.14149128,0.13086215,0.042173617,0.03322761,0.045147616,0.042236008,0.03451138,0.03212523,0.03750896,0.040200155,0.096027754,0.13873217,0.089761265,0.14313993,0.12315768,0.11882898,0.080164224,0.12419901,0.1106873,0.026566414,0.03789137,0.025149269,0.039942984,0.03033274,0.023434611,0.029584968
R_V3_ROI,Right,5,0.083368294,0.06348843,0.09071261,0.0751682,0.07935689,0.069639266,0.08429818,0.07452189,0.0195643,0.030592786,0.024025364,0.023730857,0.018893695,0.03512093,0.02279046,0.023932735,0.042893257,0.091320485,0.035430122,0.08910177,0.07328649,0.08642776,0.031590108,0.08298039,0.069754474,0.0070948987,0.025675507,0.008506574,0.014423021,0.0023406055,0.011239924,0.00411789,0.13738751,0.07188392,0.13866974,0.10432924,0.12038385,0.06734459,0.12182085,0.09426341,0.04102835,0.0420109,0.044769693,0.041614465,0.035322726,0.043855786,0.03955775,0.0387961,0.055913523,0.1212926,0.043284208,0.119041555,0.079236396,0.10297044,0.03149521,0.1015877,0.07121908,0.031763826,0.03781732,0.029824484,0.04105235,0.01931964,0.027425695,0.017197115,0.14495409,0.087631464,0.142699,0.124614306,0.12288359,0.07995701,0.12284504,0.1130899,0.044834584,0.05226687,0.046947148,0.049744785,0.038561225,0.054686718,0.041684754,0.047905035,0.009989129,0.07663365,0.0035559423,0.07183068,0.049078904,0.05853533,-0.0014015192,0.05657063,0.04265939,-0.0012926824,0.0022078652,0.0015319716,0.0041274084,0.0032240574,0.003379606,0.004242696
R_V4_ROI,Right,6,0.08793117,0.049905334,0.097507335,0.094532974,0.080422096,0.056671258,0.0891055,0.09136246,0.022480024,0.012758657,0.025278281,0.025852473,0.020351527,0.012865758,0.023130603,0.024249643,0.07292145,0.093067355,0.0789156,0.10400111,0.11360186,0.08649387,0.07865341,0.09860748,0.109205246,0.026456311,0.026485516,0.024633614,0.027960466,0.032702867,0.023474004,0.03299981,0.17631127,0.093617976,0.18188027,0.14708096,0.14781009,0.088297255,0.15387726,0.13189068,0.06378306,0.046062585,0.06875932,0.060558084,0.05000085,0.045298647,0.055282123,0.053796563,0.097574,0.15848918,0.09489059,0.16147763,0.13598852,0.13477772,0.089108,0.13807559,0.124439135,0.049918447,0.059026387,0.04751792,0.061692186,0.057012,0.04330951,0.052297227,0.19459918,0.116761334,0.19573738,0.15897523,0.15882601,0.100393526,0.16176762,0.14311029,0.07547607,0.058761533,0.077837296,0.069744214,0.05858595,0.056133907,0.061801128,0.06284292,0.09760637,0.15036617,0.091794424,0.15091993,0.12426808,0.12507035,0.08319188,0.12621048,0.111654,0.0450158,0.05301437,0.045017667,0.056169067,0.05404854,0.042904127,0.051310576
R_V4t_ROI,Right,156,0.072863586,0.047320053,0.07714468,0.07854144,0.06998443,0.04965506,0.07362392,0.07460527,0.0099402405,0.015559844,0.011631373,0.016410306,0.009919409,0.014368233,0.011554946,0.015196213,0.074416846,0.0639271,0.073657356,0.06688005,0.07945434,0.06119472,0.07086421,0.0641577,0.07957509,0.026934372,0.0017559245,0.029489756,0.0020475355,0.014520314,0.029537477,0.013894539,0.16531107,0.09395198,0.1726995,0.16492777,0.14601216,0.08789881,0.15493883,0.15208504,0.05259529,0.04602588,0.05741725,0.05881889,0.043841477,0.044193372,0.049564123,0.054301754,0.11253221,0.15296546,0.107271,0.15648217,0.1557006,0.13392548,0.10261267,0.13829935,0.14436436,0.03885588,0.042740185,0.0435414,0.045575894,0.04826029,0.042486113,0.044978697,0.18165444,0.10948532,0.19393574,0.18202648,0.15622313,0.09836491,0.1687894,0.16703276,0.053427286,0.048429128,0.058741856,0.05981418,0.04288337,0.046208616,0.048503723,0.054607917,0.11476061,0.16465178,0.10683546,0.17132504,0.16399208,0.14276285,0.10467618,0.14980112,0.14682339,0.042607654,0.054623615,0.04935191,0.058086947,0.054864887,0.05235224,0.052964352
R_V6A_ROI,Right,152,0.07982437,0.06978106,0.092443965,0.08687931,0.071501814,0.072679915,0.080745004,0.08693801,0.017851466,0.032859538,0.020088647,0.025855562,0.015948778,0.03344074,0.018105466,0.024043102,0.08469366,0.077792875,0.08078358,0.08503678,0.08477507,0.07215836,0.07607698,0.07746509,0.08536724,0.031684797,0.02211674,0.03132056,0.023389468,0.029228497,0.02970631,0.027089605,0.17485754,0.12129498,0.18242975,0.15685621,0.14028987,0.11931697,0.14546193,0.13999495,0.0665474,0.056668445,0.068965964,0.06489772,0.05062984,0.058155637,0.053451303,0.05678651,0.13381734,0.16466537,0.12789592,0.169664,0.15244864,0.1343234,0.12031407,0.13968563,0.13492742,0.05276313,0.05777259,0.052632753,0.061342392,0.061674904,0.050384708,0.053711195,0.19792736,0.13838834,0.2028612,0.17454259,0.15553296,0.1338787,0.1583651,0.15293482,0.0727623,0.053152025,0.07529571,0.066763066,0.05562774,0.05379543,0.057798292,0.060432166,0.13356628,0.16296658,0.12653254,0.1646319,0.14894062,0.12963004,0.11802065,0.13254863,0.12888035,0.040602155,0.049968775,0.041099813,0.052079707,0.045817267,0.039761547,0.041797068
R_V6_ROI,Right,3,0.07773978,0.07990665,0.08565889,0.08111466,0.07186633,0.08147931,0.07571315,0.076030284,0.018506905,0.03401846,0.022482365,0.025631333,0.014281208,0.036054812,0.016772043,0.021072932,0.05069237,0.08037335,0.049707532,0.0753598,0.06929112,0.07238579,0.04817718,0.068225995,0.06378709,0.026407273,0.018956704,0.03022335,0.0072636283,0.0073199486,0.03128576,0.0058707045,0.15212438,0.1070522,0.15279165,0.13735701,0.1267768,0.10084488,0.12535849,0.1241194,0.061047304,0.056588184,0.06598361,0.06886623,0.045688722,0.053981464,0.049697284,0.058337733,0.080938384,0.13264467,0.07221203,0.13269617,0.10564544,0.108753726,0.06506575,0.10616687,0.0917321,0.032810096,0.04768514,0.031421307,0.052176956,0.036109976,0.029847382,0.03019225,0.17117415,0.14234091,0.17576537,0.17072415,0.1395416,0.1328299,0.14198066,0.1516857,0.06562282,0.069713,0.07060752,0.07498309,0.0502808,0.07009028,0.05535044,0.06854618,0.08321565,0.10748878,0.07386261,0.111450106,0.10236211,0.08301347,0.068332225,0.08402782,0.085642174,0.028215522,0.01847235,0.028741902,0.023867685,0.027478088,0.028899878,0.024980247
R_V7_ROI,Right,16,0.08515669,0.08025926,0.09621703,0.094797164,0.07697198,0.07461129,0.087874405,0.09370717,0.016339947,0.02425436,0.019106766,0.024149017,0.014385417,0.024988223,0.01743767,0.024042476,0.08658586,0.08418343,0.08577209,0.09154476,0.102688655,0.07739075,0.08638734,0.08422638,0.10173496,0.017402625,0.017945722,0.01993616,0.017909346,0.020489452,0.02153657,0.018368788,0.1545674,0.10485473,0.16450098,0.14269464,0.12723891,0.09333335,0.13694435,0.13124265,0.044293746,0.03404062,0.047129672,0.04400551,0.033634238,0.032589927,0.036731996,0.040747073,0.10918682,0.13992462,0.105012916,0.14848216,0.13231394,0.11729102,0.100292236,0.12529194,0.1236064,0.03564909,0.043171633,0.037961293,0.045919497,0.04498291,0.037031796,0.039584193,0.16388142,0.09580628,0.16846286,0.13992462,0.13114554,0.079953514,0.1354294,0.12170684,0.047845453,0.02379445,0.048011746,0.041864008,0.03590013,0.021721985,0.03703984,0.037441954,0.088666394,0.12678881,0.077904806,0.12881999,0.105536856,0.103696465,0.066700414,0.10590033,0.094757505,0.02686786,0.031395357,0.026270272,0.032737453,0.029515732,0.02384463,0.026705239
R_V8_ROI,Right,7,0.06593508,0.062045105,0.07811305,0.089573175,0.06271734,0.06694958,0.07249605,0.08047374,0.017943442,0.02313026,0.02033733,0.023066578,0.015895838,0.019209012,0.017323537,0.019056207,0.06331187,0.066888206,0.057209663,0.07751841,0.093833566,0.062302,0.056036897,0.07151944,0.081925444,0.032321338,0.022652717,0.028193487,0.028929029,0.03655299,0.025287196,0.033063564,0.15486409,0.10191118,0.15971339,0.1398264,0.12294347,0.09545029,0.1290295,0.11691301,0.06755067,0.05387703,0.06931389,0.061637666,0.04762358,0.048573524,0.05118456,0.050994508,0.09546972,0.14472349,0.08769155,0.14699282,0.12707184,0.11491788,0.08417678,0.11846631,0.106336005,0.049231883,0.06054261,0.042995986,0.060198877,0.058240615,0.03936145,0.04825513,0.18218826,0.10929204,0.18222657,0.15341194,0.13412602,0.09198895,0.13849138,0.12701035,0.08084396,0.053810004,0.0805066,0.069425315,0.055387996,0.04812413,0.057422973,0.05569715,0.11658724,0.15683772,0.1041721,0.15678917,0.13232331,0.11905013,0.09314232,0.12134434,0.11341514,0.051580224,0.072787575,0.046835497,0.07406774,0.064362966,0.044005446,0.0571816
R_VIP_ROI,Right,49,0.06967195,0.059999414,0.07500257,0.06398881,0.061886355,0.058756847,0.06649154,0.06009905,0.010842346,0.021212988,0.012590066,0.018308753,0.00972867,0.023113681,0.01203546,0.01784649,0.0688666,0.082740225,0.06743543,0.09211563,0.083412275,0.075952634,0.06367821,0.08454239,0.08539487,0.022234512,0.021712404,0.026867542,0.024753792,0.030547831,0.029754227,0.03033968,0.13044584,0.0843235,0.13241039,0.1102117,0.1073528,0.07936836,0.11365956,0.0957975,0.044700027,0.034164295,0.046343785,0.042952374,0.034396805,0.03294888,0.037553165,0.038497638,0.09779677,0.13705975,0.095042855,0.14198823,0.12051548,0.115400895,0.09039431,0.12444416,0.10984204,0.044053018,0.048571706,0.047110166,0.052639026,0.04969181,0.045961246,0.046622645,0.13917446,0.103154965,0.14009665,0.12307079,0.11198384,0.0939519,0.117242694,0.10748363,0.047616366,0.03795492,0.04856042,0.043342285,0.036401898,0.033154096,0.038316313,0.038820006,0.08028867,0.12039066,0.07491088,0.12339508,0.10204044,0.09834154,0.067621544,0.104681626,0.09078857,0.027124137,0.03385115,0.029552735,0.036048803,0.029674465,0.026458418,0.028289823
R_VMV1_ROI,Right,153,0.084783986,0.07696035,0.09998898,0.08769082,0.077019416,0.084170125,0.08960502,0.081827745,0.01897493,0.034388307,0.02234775,0.026966868,0.014754225,0.037553634,0.017737713,0.02590853,0.09373672,0.098352924,0.09613267,0.10186776,0.092411384,0.090352334,0.0936077,0.09433211,0.08797093,0.032249294,0.027520867,0.03522276,0.019910825,0.018332375,0.036763616,0.015658066,0.16698597,0.12869643,0.17379811,0.14705442,0.14067805,0.1269649,0.14733315,0.1331948,0.07042808,0.0653525,0.07617367,0.07695134,0.053317007,0.06519192,0.059315424,0.068336725,0.15151559,0.17293915,0.15316154,0.17839856,0.15172668,0.14350095,0.14419463,0.15060832,0.13415542,0.058470972,0.06196368,0.057746347,0.06861936,0.058892533,0.055423673,0.05113619,0.19429144,0.17375478,0.20007657,0.1839517,0.1591351,0.16499898,0.16264974,0.16663668,0.08010768,0.079248264,0.08325083,0.0840133,0.06066144,0.07861214,0.06445778,0.07544308,0.15086792,0.14996625,0.15148033,0.15518485,0.1530539,0.12057292,0.1419544,0.12519719,0.13134381,0.04142915,0.031059619,0.04280396,0.035612706,0.040124003,0.042243596,0.03755727
R_VMV2_ROI,Right,160,0.07950053,0.07063625,0.09179378,0.08417231,0.06876117,0.072127596,0.08250223,0.078005426,0.011463352,0.022507308,0.012652406,0.014161335,0.009102069,0.024987347,0.011201069,0.014370584,0.1101759,0.09912585,0.107304335,0.11007392,0.1123867,0.08820231,0.1060698,0.100399956,0.102047876,0.027165482,0.027860587,0.029001616,0.027789915,0.029158412,0.029879034,0.027264968,0.1757203,0.13517743,0.18320994,0.15500142,0.13919806,0.13116337,0.15085103,0.13628773,0.05644237,0.056323856,0.058201812,0.052671064,0.041113626,0.05812072,0.045109533,0.048552163,0.16609658,0.19517861,0.1637138,0.20380804,0.17935717,0.15635037,0.15909246,0.16978422,0.15659322,0.067483045,0.0663615,0.06869478,0.07162896,0.06856865,0.06762142,0.06381442,0.20903319,0.16992718,0.2156933,0.19130814,0.16295218,0.15978,0.17230925,0.16793121,0.06835753,0.058857694,0.07227434,0.0638634,0.050530825,0.05638398,0.054227997,0.05718773,0.15501592,0.18577339,0.15320148,0.1900849,0.17504682,0.14483821,0.15043919,0.15356667,0.15118684,0.042914383,0.05041983,0.044582956,0.052119724,0.046526667,0.043909464,0.04252418
R_VMV3_ROI,Right,154,0.06652745,0.08898793,0.07418197,0.08798132,0.057533216,0.090222545,0.06813055,0.0793287,0.0022495054,0.0044904393,0.0017387198,0.0017417698,0.002138001,0.005288008,0.0019377422,0.0010705945,0.09665364,0.08111304,0.07907312,0.087430656,0.091982,0.07396109,0.06945585,0.08301255,0.08571479,0.030070597,0.022360792,0.028841248,0.022625597,0.024260256,0.028111666,0.022845732,0.12960774,0.124613225,0.14684418,0.15367639,0.10828971,0.12047178,0.12854622,0.13318174,0.028276471,0.029908698,0.031017486,0.03280324,0.022877859,0.030911922,0.024133068,0.029835192,0.13522422,0.13423115,0.120046824,0.15066056,0.1386401,0.11060514,0.106993295,0.12735261,0.11920214,0.05488974,0.048926644,0.04961313,0.05593163,0.05221738,0.04635611,0.04668506,0.14368545,0.13477796,0.16403791,0.17030028,0.12056139,0.124861814,0.14298469,0.15011887,0.033129185,0.033432562,0.038185917,0.036424126,0.025666289,0.031611193,0.028984109,0.03160226,0.12247104,0.10957203,0.11446222,0.12087018,0.12467355,0.0845552,0.10025203,0.09713528,0.104271315,0.03654859,0.023536008,0.035249095,0.029066201,0.03667458,0.03372465,0.03435615
R_VVC_ROI,Right,163,0.09256231,0.11016103,0.11251476,0.1325827,0.082768165,0.10698985,0.102394834,0.12463509,0.01133229,0.020791765,0.015366391,0.018225504,0.010030842,0.019280039,0.013103615,0.015180243,0.08188986,0.088468745,0.07337395,0.09709446,0.10677876,0.07695024,0.06782985,0.08472657,0.098846935,0.0366119,0.028537357,0.03434989,0.027706472,0.029917447,0.03297403,0.027302716,0.18180457,0.16376533,0.19644614,0.19541137,0.1493428,0.14761588,0.1645112,0.16892578,0.061388895,0.057335544,0.066800214,0.060900137,0.046014145,0.05344958,0.051848046,0.05223341,0.1235229,0.1527381,0.10920695,0.16222782,0.14702417,0.11990928,0.09923249,0.12822376,0.12522805,0.07436517,0.06589657,0.066912755,0.070596755,0.05998786,0.059673917,0.052592333,0.20089751,0.17295036,0.2102363,0.20090432,0.15864274,0.14781938,0.17014551,0.16977625,0.080192104,0.07073706,0.085823625,0.07745664,0.058621086,0.063271634,0.06469601,0.06517191,0.11563919,0.1376691,0.09854699,0.14565776,0.13780592,0.10308934,0.088940956,0.11145314,0.11293208,0.06478037,0.060211286,0.06125482,0.068683,0.06637096,0.05571975,0.057830334
R_a10p_ROI,Right,89,0.077819176,0.12621655,0.0980396,0.11841261,0.076311976,0.12640683,0.0969921,0.12699327,0.007074488,0.006129944,0.009240571,0.008767388,0.005945916,0.0058174855,0.0073463707,0.007951965,0.09799691,0.06335202,0.08788613,0.07559667,0.08561229,0.06383466,0.07998709,0.07483006,0.0918446,0.0062106056,0.0036617026,0.005394277,0.0029484117,0.00046038863,0.0048054527,-0.000649665,0.103176855,0.13440679,0.12870711,0.14147463,0.10386256,0.13472164,0.1255692,0.1512005,0.0140443565,0.019779854,0.018473582,0.019906655,0.013262708,0.01977559,0.017342553,0.01921393,0.10391034,0.08887131,0.097608276,0.1056208,0.11262454,0.08905884,0.091095336,0.10062134,0.11532228,0.013164831,0.007815221,0.013167221,0.007856263,0.01017332,0.012895035,0.008946382,0.09272453,0.12480678,0.11555539,0.13112639,0.094980836,0.12273465,0.11344968,0.13737097,0.014753873,0.02196392,0.018379297,0.02247384,0.0140114045,0.023406385,0.016717128,0.022127194,0.08604706,0.0826585,0.08552739,0.09848108,0.099616416,0.08275574,0.08099795,0.093960874,0.099492595,0.023019142,0.023881601,0.023246638,0.028888268,0.026844729,0.023587313,0.025762586
R_a24_ROI,Right,61,0.06701391,0.11774097,0.08903515,0.11903166,0.068554886,0.118288085,0.09448248,0.12580468,0.01175741,0.037014406,0.01574398,0.027332757,0.010504397,0.035137672,0.014687515,0.0295513,0.14801326,0.06290882,0.14323448,0.07627443,0.11112572,0.063722156,0.14232562,0.08123739,0.11552261,0.03195959,0.0029010852,0.03094795,-0.0011490696,0.0016481287,0.027602656,0.0012293177,0.10890444,0.15732227,0.13713647,0.16281751,0.1071316,0.15381269,0.13894069,0.16889763,0.028497012,0.05114657,0.03872074,0.0514442,0.025080975,0.049312737,0.037076954,0.05189792,0.17497659,0.09446646,0.16644605,0.12086701,0.1522635,0.08904053,0.15956123,0.11905206,0.15443791,0.04016017,0.007751517,0.038301773,0.012256205,0.02592629,0.035236273,0.023926087,0.11792222,0.17220424,0.14499202,0.17147432,0.112203985,0.16477405,0.14259788,0.17251576,0.034957018,0.047298465,0.045095786,0.053220596,0.030936677,0.046188056,0.04188729,0.054239813,0.1913485,0.104633026,0.18408181,0.13717724,0.16890857,0.09720594,0.17580682,0.1302221,0.16751547,0.06619299,0.040138755,0.066329904,0.055341743,0.07170824,0.06323469,0.071436875
R_a24pr_ROI,Right,59,0.056183767,0.12501347,0.083903626,0.112821,0.05491183,0.12592778,0.07661619,0.10827007,0.010610588,0.036050398,0.018736104,0.02368448,0.01026604,0.037223086,0.015228187,0.021437429,0.1420312,0.05445899,0.14809716,0.08253328,0.12051027,0.052286964,0.14491014,0.07646613,0.119604975,0.029572152,0.009849413,0.030870218,0.016337989,0.016947938,0.030848373,0.01620588,0.088806055,0.14108123,0.12221632,0.13965675,0.080584146,0.14024961,0.10844036,0.13376905,0.024465775,0.046168864,0.037428644,0.044883355,0.020903273,0.045880333,0.03085111,0.04047031,0.13460447,0.073550016,0.14642619,0.10384317,0.13124678,0.067289695,0.14980571,0.09305179,0.12751521,0.026661823,0.016227636,0.026570389,0.02503669,0.02754939,0.02748806,0.024428353,0.08858719,0.13483275,0.12084144,0.13564713,0.07800384,0.12560357,0.10677434,0.12438537,0.025165277,0.037964597,0.034093883,0.04138167,0.02074272,0.037623737,0.02792633,0.037953157,0.108368665,0.06518584,0.11213285,0.08977165,0.10511796,0.057299957,0.112676345,0.08145958,0.099977136,0.0246781,0.015257649,0.024438392,0.021878826,0.02613328,0.024085486,0.024226662
R_a32pr_ROI,Right,179,0.069378644,0.117241025,0.096735545,0.13415302,0.05943866,0.1148899,0.08653869,0.1274687,0.007709614,0.024943905,0.015448837,0.02185273,0.0077477815,0.025070898,0.013775202,0.019804474,0.084868774,0.054429546,0.07999379,0.068933204,0.0916817,0.04654842,0.074550405,0.06009207,0.08726776,0.02346566,0.0057424563,0.021991024,0.010530115,0.018600546,0.019772472,0.01759968,0.090389356,0.11849917,0.12000253,0.14433847,0.08151367,0.11248849,0.10921668,0.1361022,0.015339838,0.02553216,0.023761962,0.029213477,0.013976293,0.026198754,0.020501511,0.027220476,0.090043284,0.071678154,0.080246806,0.09140987,0.10125286,0.06351067,0.07370445,0.0810405,0.0942143,0.023989879,0.011414726,0.022331163,0.015063254,0.017729132,0.020408686,0.01691403,0.087400846,0.12032326,0.11424469,0.1342946,0.08155925,0.11251413,0.10639881,0.13101487,0.016675541,0.024039432,0.025187252,0.02822908,0.01486786,0.025060445,0.020558149,0.028315939,0.09527946,0.059637435,0.08701093,0.077508636,0.08870261,0.053790703,0.077683955,0.06879385,0.08218163,0.023337208,0.011774586,0.022532115,0.01886867,0.022132423,0.020078663,0.019692183
R_a47r_ROI,Right,77,0.10313085,0.16119412,0.12566352,0.13417454,0.10397265,0.15690981,0.12517177,0.13749672,0.019849095,0.038156938,0.02857815,0.0314894,0.01851025,0.03579307,0.02777499,0.034542926,0.097239316,0.0946008,0.102176115,0.108728275,0.10220021,0.09392076,0.09956477,0.10568553,0.09996498,0.020862686,0.017436896,0.024052888,0.023458218,0.019501047,0.024966914,0.020422218,0.14341547,0.14657673,0.15913808,0.15344656,0.14567564,0.14675793,0.1604185,0.15412162,0.032436606,0.044812,0.04165088,0.04277092,0.031964567,0.042510483,0.04052144,0.04394007,0.06434679,0.10131352,0.06993273,0.11610191,0.09549174,0.10031531,0.073692575,0.115671046,0.09507429,0.02953595,0.025087077,0.03298217,0.033218708,0.021624254,0.032001648,0.022902036,0.14247566,0.13716471,0.15358508,0.14620866,0.1441052,0.14087668,0.15479161,0.15064147,0.03206085,0.048384864,0.037225258,0.041229136,0.031130001,0.046741705,0.036249645,0.043125063,0.01460521,0.06257659,0.017999696,0.06707961,0.05512049,0.06281052,0.02478625,0.06839476,0.054259222,0.011526873,0.004965701,0.011828487,0.008935837,0.007734435,0.010464594,0.008220343
R_a9-46v_ROI,Right,85,0.09523897,0.124837264,0.1099581,0.13560157,0.10011705,0.12764563,0.11486403,0.14008869,0.007917622,0.021247985,0.009947815,0.014516307,0.00811816,0.019469604,0.009765017,0.014395768,0.07386386,0.062517,0.07192028,0.06755629,0.0861767,0.06629229,0.07125394,0.06912534,0.087503485,0.022175346,0.0038611393,0.01968716,0.0020785418,0.009783996,0.017324753,0.009297975,0.11878906,0.12573403,0.13137044,0.14815858,0.12046135,0.12587367,0.13362588,0.1494738,0.017584749,0.022220835,0.019575492,0.023479896,0.017305942,0.018303253,0.017992968,0.021992892,0.08974581,0.0949742,0.08810728,0.10556593,0.10987123,0.095194474,0.086987786,0.103871666,0.10558547,0.023922812,0.014924078,0.023539882,0.015340902,0.017846016,0.020305194,0.019062808,0.10831071,0.09771772,0.11891331,0.11932913,0.107515104,0.10008739,0.117653415,0.122203924,0.017080458,0.016080592,0.019484375,0.020830581,0.016990148,0.016060192,0.017659651,0.020958172,0.08269066,0.08545425,0.08156469,0.09621901,0.09211563,0.08382882,0.080404244,0.0928808,0.08898168,0.03092609,0.020374332,0.03158349,0.02634891,0.032082107,0.030431723,0.033246275
R_d23ab_ROI,Right,34,0.08524937,0.14704265,0.1142158,0.123162694,0.08357596,0.14545576,0.11078512,0.13054731,0.023053836,0.06384985,0.039261222,0.05461097,0.023759633,0.064677864,0.04037289,0.057183515,0.116452865,0.07541161,0.11868813,0.0969962,0.1059866,0.07186391,0.11514364,0.093185954,0.10743192,0.0425208,0.021753976,0.045278642,0.032399166,0.032567527,0.049689755,0.034366343,0.13847129,0.15354544,0.15716043,0.15355773,0.13328071,0.14693102,0.15252061,0.15410985,0.050656643,0.07875397,0.06443082,0.07122006,0.047952738,0.075962365,0.06288888,0.071479484,0.10200733,0.10146416,0.09936218,0.11561909,0.10708237,0.09616857,0.09086411,0.110957086,0.1019041,0.062960595,0.039811715,0.063202,0.050513566,0.05163374,0.0646988,0.051998872,0.15328075,0.15032354,0.16819675,0.15704031,0.1483994,0.14104654,0.16385618,0.15719679,0.052754737,0.06386511,0.05835551,0.06377984,0.049841195,0.062118534,0.05693555,0.0645008,0.08234992,0.087201394,0.07716648,0.09601384,0.08705322,0.08528665,0.06883973,0.09515924,0.08459991,0.04890993,0.025473336,0.0464029,0.032211408,0.04019392,0.047591403,0.04008881
R_d32_ROI,Right,62,0.0885733,0.13969614,0.11286104,0.13371255,0.08773468,0.13239779,0.10755885,0.13340785,0.0064596063,0.015170116,0.008591535,0.014436646,0.007958708,0.012998834,0.008619346,0.0149210375,0.10182788,0.06473399,0.09778603,0.07894992,0.10115432,0.06589054,0.088995405,0.075168446,0.10035491,0.020442858,0.0028955415,0.021977607,0.0024559828,0.010108046,0.020305233,0.011000559,0.10632267,0.14178336,0.13212371,0.14681503,0.105719715,0.1345997,0.12784362,0.14864203,0.016744966,0.028730754,0.02213953,0.027133306,0.017041028,0.026365098,0.021268023,0.027248323,0.114378355,0.0867651,0.11255896,0.10685768,0.12163064,0.086959645,0.1053022,0.10361264,0.12039876,0.037326645,0.012240427,0.036913678,0.017377222,0.025650946,0.03495938,0.026974896,0.096981406,0.11558947,0.114214204,0.123043284,0.09153927,0.108771846,0.1078703,0.12420882,0.019553432,0.03630149,0.025771704,0.032452524,0.018928234,0.033430267,0.023701143,0.03228044,0.09265061,0.08140395,0.09350464,0.09817943,0.10760255,0.07896445,0.09035395,0.09511279,0.10767231,0.047875974,0.026929205,0.04919666,0.03597602,0.044190407,0.049471874,0.044471487
R_i6-8_ROI,Right,97,0.12041056,0.16002932,0.14145078,0.16516651,0.114847764,0.15198673,0.13675033,0.15794337,0.025738714,0.041734498,0.029379893,0.03582707,0.02263728,0.040902782,0.027171126,0.033933792,0.16574085,0.114940286,0.16283166,0.13100754,0.14991146,0.11235058,0.15736794,0.12815003,0.14664415,0.034242544,0.021307228,0.03376425,0.021264652,0.023257665,0.034784887,0.02178654,0.15921547,0.16891551,0.1773335,0.18519212,0.14863701,0.15874733,0.16843225,0.17903955,0.046363883,0.055084907,0.05447296,0.06120481,0.041149594,0.053499777,0.048994113,0.056111872,0.16814297,0.14204784,0.16227019,0.16063915,0.1728659,0.13346948,0.15452111,0.15221784,0.16654362,0.03685257,0.028085316,0.035090983,0.033468697,0.036236227,0.033234272,0.03451473,0.15356219,0.15496275,0.16700605,0.16839266,0.14024723,0.14825664,0.15654805,0.16614103,0.04466407,0.05400759,0.05302868,0.058962837,0.03949398,0.05461971,0.047432642,0.057808444,0.14640117,0.12341805,0.14290881,0.13755432,0.14450361,0.11432456,0.13588162,0.12858932,0.13853048,0.040937122,0.025599843,0.041859116,0.034363396,0.042240225,0.041883286,0.042499248
R_p10p_ROI,Right,170,0.09929055,0.13269162,0.11736112,0.12968473,0.10023869,0.13089529,0.117394574,0.13520658,0.012292161,0.035283353,0.018842107,0.02599433,0.01369337,0.03372265,0.019287188,0.026463836,0.111830354,0.08111329,0.101710424,0.08777158,0.099747665,0.08125788,0.09473338,0.0884228,0.10197656,0.031022495,0.009476094,0.029818747,0.012803665,0.019845897,0.028784765,0.019333437,0.12562057,0.1364211,0.14122485,0.14882836,0.124407224,0.1343267,0.13961738,0.15478583,0.025420934,0.041046202,0.031915843,0.03996001,0.024963789,0.04023391,0.030922474,0.03954803,0.12163794,0.10888718,0.11672486,0.12110025,0.12821536,0.106013,0.111404255,0.11849845,0.130275,0.03040962,0.016279902,0.029617423,0.018494636,0.02737829,0.029101426,0.027504785,0.116055734,0.12540062,0.12608214,0.12943813,0.11156667,0.12097802,0.11987155,0.13046463,0.030586822,0.03495255,0.036154836,0.042741902,0.029453723,0.035071682,0.03449952,0.042751037,0.10367542,0.09962273,0.10340166,0.11032784,0.11130202,0.09622013,0.10122157,0.105142064,0.11191064,0.037455402,0.03366372,0.03741995,0.039836705,0.045442447,0.038686562,0.046598665
R_p24_ROI,Right,180,0.06169359,0.122562096,0.09163546,0.113162495,0.062418606,0.11767559,0.08619704,0.11528633,0.0055341404,0.012001267,0.007512727,0.012305505,0.006416037,0.008228565,0.00820002,0.012318876,0.13577889,0.05875308,0.12998475,0.07598196,0.09250063,0.0597721,0.120302044,0.07257195,0.094609335,0.018203197,0.002482554,0.017514402,-0.0030290375,-0.007439311,0.01476741,-0.0067308987,0.090322405,0.14678602,0.12164282,0.13715638,0.08674154,0.14130713,0.11521447,0.1344732,0.018812673,0.02737011,0.02428596,0.02971161,0.016243799,0.024452,0.021041172,0.027825031,0.1659485,0.084034935,0.16055833,0.110725105,0.13971905,0.08119068,0.1514227,0.10396624,0.13729717,0.025902402,0.0070116716,0.027145859,0.011478783,0.016343059,0.023645885,0.013848238,0.08534413,0.14582954,0.11079967,0.13588758,0.08138544,0.14292683,0.10532613,0.13263227,0.021270977,0.025230808,0.026776463,0.031233683,0.018344067,0.023983227,0.02314052,0.030542817,0.16406608,0.0846604,0.16160585,0.113032706,0.1473372,0.07983721,0.15735318,0.10646332,0.14425163,0.041864008,0.02858514,0.042950574,0.038419213,0.04831073,0.041874833,0.044910196
R_p24pr_ROI,Right,57,0.093669884,0.13983841,0.11925354,0.1387413,0.09418356,0.1388279,0.11495423,0.1353641,0.02163771,0.051228445,0.030793851,0.038566444,0.021416228,0.052063197,0.02809212,0.03793401,0.14155708,0.09834273,0.15068053,0.12633441,0.15508902,0.0962663,0.14749102,0.11992413,0.15446258,0.033199966,0.02353188,0.03647812,0.030424945,0.030887319,0.037759546,0.032338727,0.16020861,0.18800771,0.18805444,0.19892322,0.14366485,0.1807439,0.16844107,0.18188578,0.050174236,0.073285446,0.06417563,0.06863637,0.041776955,0.07285382,0.053966332,0.06424045,0.17256114,0.13938823,0.17560112,0.16442396,0.18230405,0.12498101,0.1705814,0.14773524,0.16991413,0.048538286,0.040684458,0.050411582,0.051446687,0.05170769,0.05062407,0.049749203,0.16856374,0.19044155,0.19486438,0.20382872,0.1457989,0.179086,0.17184816,0.1866053,0.05157713,0.068077505,0.06206019,0.06855812,0.041976802,0.066944174,0.05178973,0.06541061,0.13573433,0.11813939,0.1328037,0.13695371,0.14575599,0.10243129,0.12771119,0.12172791,0.13347965,0.035163723,0.028796108,0.033866484,0.03553,0.03794902,0.032853905,0.0372026
R_p32_ROI,Right,64,0.10904969,0.1854017,0.1490895,0.18075229,0.11045339,0.1831359,0.14776357,0.1847453,0.018636195,0.0457426,0.028372977,0.041057978,0.01969895,0.04757901,0.028862685,0.04259671,0.15376991,0.10048897,0.15820433,0.13098271,0.15493463,0.10295754,0.154171,0.13427047,0.1624751,0.026421642,0.010963708,0.029906254,0.019430982,0.022212833,0.031869233,0.023266315,0.15409246,0.19910175,0.18736254,0.20318323,0.1543114,0.19744812,0.18705964,0.20424873,0.039404925,0.0649847,0.050009087,0.061509628,0.038715813,0.064593375,0.04971094,0.06307942,0.14955904,0.1257607,0.1486616,0.15109845,0.1622627,0.12384486,0.14390121,0.1500773,0.16553639,0.049039837,0.023160301,0.05136168,0.031023828,0.04356564,0.05096375,0.045950074,0.14776398,0.19981363,0.17380376,0.19106832,0.14689744,0.19258577,0.1713181,0.19025768,0.0448552,0.071390554,0.054130778,0.06960261,0.044011105,0.069831945,0.05391569,0.0709459,0.12897311,0.11184276,0.12560603,0.13143711,0.13376541,0.110615835,0.121171445,0.1284139,0.13426778,0.05939636,0.04165116,0.061603986,0.05227512,0.062380537,0.061648577,0.06305965
R_p32pr_ROI,Right,60,0.07771854,0.11032617,0.106104836,0.12885998,0.07349667,0.10350336,0.09708773,0.112645134,0.020084055,0.035023753,0.029315358,0.038912777,0.017362466,0.033596903,0.025775041,0.034377076,0.108658016,0.070366666,0.110529974,0.09709966,0.12332304,0.066364236,0.10146056,0.08993007,0.109956495,0.02556916,0.017546844,0.02488893,0.026363894,0.035376724,0.025966076,0.032454,0.09508939,0.106361866,0.12290662,0.1344714,0.08341651,0.10325312,0.1076269,0.118165724,0.028420877,0.033790857,0.03994732,0.0446468,0.023089644,0.032754775,0.032391,0.03986388,0.09579675,0.07662718,0.095787935,0.098253496,0.11173804,0.067438,0.0912876,0.087027594,0.096955866,0.022748288,0.023691503,0.021071624,0.03083992,0.028632237,0.020127669,0.026233258,0.08724567,0.08633106,0.10686963,0.11027301,0.07296456,0.08524232,0.091276236,0.0996291,0.02169878,0.023596916,0.030005079,0.030277528,0.018018201,0.022798048,0.023874534,0.029476656,0.06736498,0.060229033,0.06856852,0.07251621,0.07468384,0.05056048,0.06873501,0.06249255,0.063813455,0.0070781773,0.011379311,0.0060446826,0.015722,0.013187865,0.0060386164,0.012735932
R_p47r_ROI,Right,171,0.11839172,0.14574017,0.13480403,0.14280593,0.11616326,0.14603771,0.13359392,0.14743604,0.0192385,0.035966076,0.02286126,0.026523644,0.016904458,0.03381011,0.020202024,0.025231881,0.13232212,0.097836345,0.13186464,0.11129234,0.13094816,0.09469999,0.1242836,0.10701244,0.13043627,0.029513657,0.01734286,0.029155124,0.02033308,0.021495625,0.027882574,0.019930763,0.13937916,0.13750924,0.15326034,0.15691684,0.13679183,0.13951638,0.15150046,0.16161789,0.032065354,0.04340759,0.0393085,0.046311263,0.0304763,0.042835172,0.036557864,0.04426059,0.1309671,0.12560543,0.13523483,0.13956842,0.14839259,0.12265155,0.13121127,0.13675082,0.14792453,0.037459377,0.031422265,0.038298972,0.035370693,0.037124693,0.037849378,0.03753678,0.11864077,0.11337972,0.12838389,0.122178085,0.11765279,0.11578525,0.12855719,0.13251269,0.033733197,0.048211757,0.039719198,0.046003345,0.033336915,0.049793158,0.038916245,0.04719145,0.08766208,0.096915424,0.092278674,0.10530376,0.10010372,0.09652032,0.09531398,0.10586361,0.10601006,0.036151778,0.03062543,0.036706496,0.03630746,0.03885248,0.03776932,0.038870722
R_p9-46v_ROI,Right,83,0.099615455,0.13404843,0.1092834,0.11864965,0.10225459,0.13100055,0.11014641,0.12345619,0.008887774,0.025097309,0.011726649,0.013178618,0.009622151,0.025044652,0.012608739,0.015974708,0.09063925,0.08856677,0.098431475,0.09870057,0.09952022,0.09025187,0.09638978,0.10011538,0.104340255,0.022797495,0.012022466,0.023848565,0.013387725,0.015216612,0.02637826,0.017239613,0.14339447,0.12828472,0.14853184,0.14314446,0.1394958,0.12303035,0.14391506,0.14190842,0.024343522,0.029690463,0.028297652,0.028803425,0.022369709,0.027037257,0.026601017,0.029370723,0.07670295,0.11408004,0.082158946,0.12202672,0.1093115,0.11006189,0.08069641,0.118029475,0.10767173,0.0320851,0.022991195,0.03222879,0.025903407,0.020037653,0.032365113,0.020557629,0.1437447,0.11676293,0.15087223,0.13415718,0.13735417,0.11442054,0.14430332,0.13633001,0.030045606,0.03554076,0.03501868,0.03533881,0.026533514,0.03348261,0.03151825,0.03596837,0.04491184,0.091774955,0.053447165,0.09580192,0.082138285,0.08581839,0.05693428,0.0911281,0.08119863,0.02894211,0.01320345,0.02912267,0.01860836,0.022672908,0.028685037,0.023374684
R_pOFC_ROI,Right,166,0.07552103,0.17710386,0.1121507,0.14641109,0.07563402,0.17506957,0.112566926,0.15129144,0.014018507,0.043348417,0.022376837,0.035298795,0.014502087,0.041051168,0.022502203,0.032398988,0.16424955,0.048214182,0.16635917,0.07944371,0.12722577,0.048256986,0.16161707,0.079929896,0.1317942,0.04816784,0.006894849,0.046313122,0.01569377,0.037088446,0.04614432,0.03502322,0.099741906,0.19950174,0.14364019,0.17802213,0.099276364,0.19676167,0.14257553,0.17763539,0.021672236,0.049021453,0.032238398,0.045486342,0.020231552,0.045927107,0.03108751,0.042336557,0.14385831,0.06457073,0.14159988,0.09286371,0.13189891,0.06367021,0.13859057,0.09165013,0.13097298,0.026503174,0.006479819,0.02143129,0.007984154,0.020609297,0.019025134,0.017686268,0.0863171,0.15447424,0.118380666,0.13741899,0.08456691,0.1545067,0.116232134,0.13692597,0.019778393,0.03661088,0.027450744,0.03775759,0.01780309,0.035142086,0.025137234,0.035078283,0.09865156,0.06418234,0.098291814,0.08945865,0.10172618,0.062108457,0.09771803,0.087639086,0.100242764,0.029648095,0.018067405,0.025851756,0.028018579,0.03321955,0.023619263,0.030958679
R_s32_ROI,Right,165,0.04147718,0.09034245,0.065863766,0.09615669,0.0416019,0.08878712,0.064502046,0.09988255,0.008199334,0.037895117,0.015829617,0.026029417,0.008235217,0.038248066,0.014577318,0.029819282,0.074455984,0.033533163,0.07427623,0.05328425,0.079267494,0.03393145,0.07497892,0.052338917,0.08209145,0.025418757,0.00588617,0.030405281,0.013730704,0.0277902,0.032215413,0.031033395,0.066642284,0.12157144,0.095664546,0.124269366,0.06454687,0.119589515,0.09488665,0.12849902,0.018249886,0.05178409,0.028069427,0.038192183,0.016254235,0.05139548,0.025577318,0.039354462,0.084766574,0.04260775,0.08213675,0.061332814,0.08121595,0.038727537,0.084351346,0.058314346,0.08333603,0.023069127,0.008096063,0.02844731,0.0110362265,0.01751839,0.02979851,0.020216985,0.06927337,0.13034269,0.10036152,0.12368599,0.067594424,0.12822601,0.100155726,0.12764929,0.019571282,0.050250314,0.029887388,0.039918166,0.017775165,0.047376294,0.025618318,0.03997248,0.07252489,0.039798662,0.06896013,0.058064673,0.06939188,0.037731286,0.068110615,0.057926927,0.0678302,0.009147889,0.0075152735,0.011862801,0.012068889,0.012608494,0.012200711,0.012761899
R_s6-8_ROI,Right,98,0.10900016,0.15659927,0.13883549,0.16140673,0.10634023,0.15031198,0.13225818,0.15394358,0.017035153,0.045052335,0.024407346,0.03567995,0.01545492,0.0410329,0.022618398,0.03107532,0.15785483,0.10263713,0.15413485,0.13020991,0.15475643,0.10010573,0.14498013,0.12469769,0.15149115,0.035302937,0.0181598,0.034418136,0.025131011,0.02812892,0.03261811,0.025236465,0.1444063,0.1477466,0.16916643,0.17197968,0.13773462,0.13920747,0.15818988,0.16423978,0.03821577,0.05842631,0.048279274,0.05534808,0.034297705,0.05268248,0.04501984,0.050872266,0.14179952,0.125872,0.1359395,0.14626133,0.15677331,0.1188984,0.12714386,0.13771339,0.14822294,0.038731024,0.02610805,0.0377567,0.03241626,0.03660874,0.034136802,0.033588223,0.14184794,0.13392526,0.15655096,0.15503055,0.13372318,0.12795818,0.14698863,0.14961898,0.04221535,0.046269596,0.047923043,0.050635062,0.03876597,0.044990826,0.044930886,0.049539387,0.12167629,0.11330292,0.11871583,0.12675834,0.13294092,0.10546343,0.11329556,0.119504884,0.124975726,0.03309891,0.027720729,0.033293806,0.032770608,0.037188686,0.031509157,0.036087837
R_v23ab_ROI,Right,33,0.08464776,0.10851259,0.11121742,0.1319674,0.08876754,0.1077308,0.11084293,0.12864973,0.021657541,0.0599101,0.035312474,0.05002588,0.023898937,0.060872998,0.03759864,0.05072716,0.09779049,0.07675049,0.093303315,0.09557554,0.115479425,0.08005466,0.09198981,0.09710611,0.11552728,0.04743481,0.02363993,0.050858695,0.035257928,0.042451534,0.054633565,0.043588765,0.15823856,0.134474,0.17921172,0.17910694,0.15252659,0.12487007,0.17023154,0.17272268,0.06881047,0.09305959,0.08179325,0.09388524,0.06318306,0.090597734,0.077086836,0.09107471,0.12733577,0.13461675,0.11823196,0.15125862,0.1520835,0.12689547,0.109673806,0.14279592,0.14582826,0.076569736,0.054770272,0.0770023,0.06570256,0.07699889,0.07463486,0.07230461,0.17705332,0.14830841,0.19222525,0.18275884,0.16383009,0.13678882,0.17696251,0.17396732,0.07801565,0.083071716,0.0841642,0.08939743,0.070516415,0.0802635,0.07662962,0.08484834,0.14675434,0.13342224,0.13554741,0.1447439,0.14787447,0.1224142,0.12460696,0.13419409,0.13864541,0.06509621,0.05547335,0.06366334,0.062412675,0.07068518,0.06304487,0.06456231
