Parcel_Name,Hemisphere,Label_Key,cavmaesync_audio_NoNorm_HRF_Global_delay4_bin2,cavmaesync_unknown_NoNorm_HRF_Global_delay4_bin2,cavmaesync_video_NoNorm_HRF_Global_delay4_bin2,pe-av-base-16-frame_audio_NoNorm_HRF_Global_delay0_bin2,pe-av-base-16-frame_audio_Norm_HRF_Global_delay0_bin2,pe-av-base-16-frame_joint_NoNorm_HRF_Global_delay0_bin2,pe-av-base-16-frame_joint_Norm_HRF_Global_delay0_bin2,pe-av-base-16-frame_video_NoNorm_HRF_Global_delay0_bin2,pe-av-base-16-frame_video_Norm_HRF_Global_delay0_bin2,pe-av-base_audio_NoNorm_HRF_Global_delay4_bin2,pe-av-base_audio_Norm_HRF_Global_delay0_bin2,pe-av-base_joint_NoNorm_HRF_Global_delay4_bin2,pe-av-base_joint_Norm_HRF_Global_delay0_bin2,pe-av-base_video_NoNorm_HRF_Global_delay4_bin2,pe-av-base_video_Norm_HRF_Global_delay0_bin2,pe-av-large-16-frame_audio_NoNorm_HRF_Global_delay4_bin2,pe-av-large-16-frame_audio_Norm_HRF_Global_delay0_bin2,pe-av-large-16-frame_joint_NoNorm_HRF_Global_delay4_bin2,pe-av-large-16-frame_joint_Norm_HRF_Global_delay0_bin2,pe-av-large-16-frame_video_NoNorm_HRF_Global_delay4_bin2,pe-av-large-16-frame_video_Norm_HRF_Global_delay0_bin2,pe-av-large_audio_NoNorm_HRF_Global_delay4_bin2,pe-av-large_audio_Norm_HRF_Global_delay0_bin2,pe-av-large_joint_NoNorm_HRF_Global_delay4_bin2,pe-av-large_joint_Norm_HRF_Global_delay0_bin2,pe-av-large_video_NoNorm_HRF_Global_delay4_bin2,pe-av-large_video_Norm_HRF_Global_delay0_bin2,pe-av-small-16-frame_audio_NoNorm_HRF_BlockDiag_delay0_bin1,pe-av-small-16-frame_audio_NoNorm_HRF_BlockDiag_delay0_bin10,pe-av-small-16-frame_audio_NoNorm_HRF_BlockDiag_delay0_bin2,pe-av-small-16-frame_audio_NoNorm_HRF_BlockDiag_delay0_bin5,pe-av-small-16-frame_audio_NoNorm_HRF_Global_delay0_bin1,pe-av-small-16-frame_audio_NoNorm_HRF_Global_delay0_bin10,pe-av-small-16-frame_audio_NoNorm_HRF_Global_delay0_bin2,pe-av-small-16-frame_audio_NoNorm_HRF_Global_delay0_bin5,pe-av-small-16-frame_audio_NoNorm_NoHRF_BlockDiag_delay4_bin1,pe-av-small-16-frame_audio_NoNorm_NoHRF_BlockDiag_delay4_bin10,pe-av-small-16-frame_audio_NoNorm_NoHRF_BlockDiag_delay4_bin2,pe-av-small-16-frame_audio_NoNorm_NoHRF_BlockDiag_delay4_bin5,pe-av-small-16-frame_audio_NoNorm_NoHRF_BlockDiag_delay5_bin1,pe-av-small-16-frame_audio_NoNorm_NoHRF_BlockDiag_delay5_bin10,pe-av-small-16-frame_audio_NoNorm_NoHRF_BlockDiag_delay5_bin2,pe-av-small-16-frame_audio_NoNorm_NoHRF_BlockDiag_delay5_bin5,pe-av-small-16-frame_audio_NoNorm_NoHRF_BlockDiag_delay6_bin1,pe-av-small-16-frame_audio_NoNorm_NoHRF_BlockDiag_delay6_bin10,pe-av-small-16-frame_audio_NoNorm_NoHRF_BlockDiag_delay6_bin2,pe-av-small-16-frame_audio_NoNorm_NoHRF_BlockDiag_delay6_bin5,pe-av-small-16-frame_audio_NoNorm_NoHRF_Global_delay4_bin1,pe-av-small-16-frame_audio_NoNorm_NoHRF_Global_delay4_bin10,pe-av-small-16-frame_audio_NoNorm_NoHRF_Global_delay4_bin2,pe-av-small-16-frame_audio_NoNorm_NoHRF_Global_delay4_bin5,pe-av-small-16-frame_audio_NoNorm_NoHRF_Global_delay5_bin1,pe-av-small-16-frame_audio_NoNorm_NoHRF_Global_delay5_bin10,pe-av-small-16-frame_audio_NoNorm_NoHRF_Global_delay5_bin2,pe-av-small-16-frame_audio_NoNorm_NoHRF_Global_delay5_bin5,pe-av-small-16-frame_audio_NoNorm_NoHRF_Global_delay6_bin1,pe-av-small-16-frame_audio_NoNorm_NoHRF_Global_delay6_bin10,pe-av-small-16-frame_audio_NoNorm_NoHRF_Global_delay6_bin2,pe-av-small-16-frame_audio_NoNorm_NoHRF_Global_delay6_bin5,pe-av-small-16-frame_audio_Norm_HRF_BlockDiag_delay0_bin1,pe-av-small-16-frame_audio_Norm_HRF_BlockDiag_delay0_bin10,pe-av-small-16-frame_audio_Norm_HRF_BlockDiag_delay0_bin2,pe-av-small-16-frame_audio_Norm_HRF_BlockDiag_delay0_bin5,pe-av-small-16-frame_audio_Norm_HRF_Global_delay0_bin1,pe-av-small-16-frame_audio_Norm_HRF_Global_delay0_bin10,pe-av-small-16-frame_audio_Norm_HRF_Global_delay0_bin2,pe-av-small-16-frame_audio_Norm_HRF_Global_delay0_bin5,pe-av-small-16-frame_audio_Norm_NoHRF_BlockDiag_delay4_bin1,pe-av-small-16-frame_audio_Norm_NoHRF_BlockDiag_delay5_bin1,pe-av-small-16-frame_audio_Norm_NoHRF_BlockDiag_delay5_bin10,pe-av-small-16-frame_audio_Norm_NoHRF_BlockDiag_delay5_bin2,pe-av-small-16-frame_audio_Norm_NoHRF_BlockDiag_delay5_bin5,pe-av-small-16-frame_audio_Norm_NoHRF_BlockDiag_delay6_bin1,pe-av-small-16-frame_audio_Norm_NoHRF_BlockDiag_delay6_bin10,pe-av-small-16-frame_audio_Norm_NoHRF_BlockDiag_delay6_bin2,pe-av-small-16-frame_audio_Norm_NoHRF_BlockDiag_delay6_bin5,pe-av-small-16-frame_audio_Norm_NoHRF_Global_delay4_bin1,pe-av-small-16-frame_audio_Norm_NoHRF_Global_delay4_bin10,pe-av-small-16-frame_audio_Norm_NoHRF_Global_delay4_bin2,pe-av-small-16-frame_audio_Norm_NoHRF_Global_delay4_bin5,pe-av-small-16-frame_audio_Norm_NoHRF_Global_delay5_bin1,pe-av-small-16-frame_audio_Norm_NoHRF_Global_delay5_bin10,pe-av-small-16-frame_audio_Norm_NoHRF_Global_delay5_bin2,pe-av-small-16-frame_audio_Norm_NoHRF_Global_delay5_bin5,pe-av-small-16-frame_audio_Norm_NoHRF_Global_delay6_bin1,pe-av-small-16-frame_audio_Norm_NoHRF_Global_delay6_bin10,pe-av-small-16-frame_audio_Norm_NoHRF_Global_delay6_bin2,pe-av-small-16-frame_audio_Norm_NoHRF_Global_delay6_bin5,pe-av-small-16-frame_joint_NoNorm_HRF_BlockDiag_delay0_bin1,pe-av-small-16-frame_joint_NoNorm_HRF_BlockDiag_delay0_bin10,pe-av-small-16-frame_joint_NoNorm_HRF_BlockDiag_delay0_bin2,pe-av-small-16-frame_joint_NoNorm_HRF_BlockDiag_delay0_bin5,pe-av-small-16-frame_joint_NoNorm_HRF_Global_delay0_bin1,pe-av-small-16-frame_joint_NoNorm_HRF_Global_delay0_bin10,pe-av-small-16-frame_joint_NoNorm_HRF_Global_delay0_bin2,pe-av-small-16-frame_joint_NoNorm_HRF_Global_delay0_bin5,pe-av-small-16-frame_joint_NoNorm_NoHRF_BlockDiag_delay4_bin1,pe-av-small-16-frame_joint_NoNorm_NoHRF_BlockDiag_delay4_bin10,pe-av-small-16-frame_joint_NoNorm_NoHRF_BlockDiag_delay4_bin2,pe-av-small-16-frame_joint_NoNorm_NoHRF_BlockDiag_delay4_bin5,pe-av-small-16-frame_joint_NoNorm_NoHRF_BlockDiag_delay5_bin1,pe-av-small-16-frame_joint_NoNorm_NoHRF_BlockDiag_delay5_bin10,pe-av-small-16-frame_joint_NoNorm_NoHRF_BlockDiag_delay5_bin2,pe-av-small-16-frame_joint_NoNorm_NoHRF_BlockDiag_delay5_bin5,pe-av-small-16-frame_joint_NoNorm_NoHRF_BlockDiag_delay6_bin1,pe-av-small-16-frame_joint_NoNorm_NoHRF_BlockDiag_delay6_bin10,pe-av-small-16-frame_joint_NoNorm_NoHRF_BlockDiag_delay6_bin2,pe-av-small-16-frame_joint_NoNorm_NoHRF_BlockDiag_delay6_bin5,pe-av-small-16-frame_joint_NoNorm_NoHRF_Global_delay4_bin1,pe-av-small-16-frame_joint_NoNorm_NoHRF_Global_delay4_bin10,pe-av-small-16-frame_joint_NoNorm_NoHRF_Global_delay4_bin2,pe-av-small-16-frame_joint_NoNorm_NoHRF_Global_delay4_bin5,pe-av-small-16-frame_joint_NoNorm_NoHRF_Global_delay5_bin1,pe-av-small-16-frame_joint_NoNorm_NoHRF_Global_delay5_bin10,pe-av-small-16-frame_joint_NoNorm_NoHRF_Global_delay5_bin2,pe-av-small-16-frame_joint_NoNorm_NoHRF_Global_delay5_bin5,pe-av-small-16-frame_joint_NoNorm_NoHRF_Global_delay6_bin1,pe-av-small-16-frame_joint_NoNorm_NoHRF_Global_delay6_bin10,pe-av-small-16-frame_joint_NoNorm_NoHRF_Global_delay6_bin2,pe-av-small-16-frame_joint_NoNorm_NoHRF_Global_delay6_bin5,pe-av-small-16-frame_joint_Norm_HRF_BlockDiag_delay0_bin1,pe-av-small-16-frame_joint_Norm_HRF_BlockDiag_delay0_bin10,pe-av-small-16-frame_joint_Norm_HRF_BlockDiag_delay0_bin2,pe-av-small-16-frame_joint_Norm_HRF_BlockDiag_delay0_bin5,pe-av-small-16-frame_joint_Norm_HRF_Global_delay0_bin1,pe-av-small-16-frame_joint_Norm_HRF_Global_delay0_bin10,pe-av-small-16-frame_joint_Norm_HRF_Global_delay0_bin2,pe-av-small-16-frame_joint_Norm_HRF_Global_delay0_bin5,pe-av-small-16-frame_joint_Norm_NoHRF_BlockDiag_delay5_bin1,pe-av-small-16-frame_joint_Norm_NoHRF_BlockDiag_delay5_bin10,pe-av-small-16-frame_joint_Norm_NoHRF_BlockDiag_delay5_bin2,pe-av-small-16-frame_joint_Norm_NoHRF_BlockDiag_delay5_bin5,pe-av-small-16-frame_joint_Norm_NoHRF_BlockDiag_delay6_bin1,pe-av-small-16-frame_joint_Norm_NoHRF_BlockDiag_delay6_bin10,pe-av-small-16-frame_joint_Norm_NoHRF_BlockDiag_delay6_bin2,pe-av-small-16-frame_joint_Norm_NoHRF_BlockDiag_delay6_bin5,pe-av-small-16-frame_joint_Norm_NoHRF_Global_delay4_bin1,pe-av-small-16-frame_joint_Norm_NoHRF_Global_delay4_bin10,pe-av-small-16-frame_joint_Norm_NoHRF_Global_delay4_bin2,pe-av-small-16-frame_joint_Norm_NoHRF_Global_delay4_bin5,pe-av-small-16-frame_joint_Norm_NoHRF_Global_delay5_bin1,pe-av-small-16-frame_joint_Norm_NoHRF_Global_delay5_bin10,pe-av-small-16-frame_joint_Norm_NoHRF_Global_delay5_bin2,pe-av-small-16-frame_joint_Norm_NoHRF_Global_delay5_bin5,pe-av-small-16-frame_joint_Norm_NoHRF_Global_delay6_bin1,pe-av-small-16-frame_joint_Norm_NoHRF_Global_delay6_bin10,pe-av-small-16-frame_joint_Norm_NoHRF_Global_delay6_bin2,pe-av-small-16-frame_joint_Norm_NoHRF_Global_delay6_bin5,pe-av-small-16-frame_video_NoNorm_HRF_BlockDiag_delay0_bin1,pe-av-small-16-frame_video_NoNorm_HRF_BlockDiag_delay0_bin10,pe-av-small-16-frame_video_NoNorm_HRF_BlockDiag_delay0_bin2,pe-av-small-16-frame_video_NoNorm_HRF_BlockDiag_delay0_bin5,pe-av-small-16-frame_video_NoNorm_HRF_Global_delay0_bin1,pe-av-small-16-frame_video_NoNorm_HRF_Global_delay0_bin10,pe-av-small-16-frame_video_NoNorm_HRF_Global_delay0_bin2,pe-av-small-16-frame_video_NoNorm_HRF_Global_delay0_bin5,pe-av-small-16-frame_video_NoNorm_NoHRF_BlockDiag_delay4_bin1,pe-av-small-16-frame_video_NoNorm_NoHRF_BlockDiag_delay4_bin10,pe-av-small-16-frame_video_NoNorm_NoHRF_BlockDiag_delay4_bin2,pe-av-small-16-frame_video_NoNorm_NoHRF_BlockDiag_delay4_bin5,pe-av-small-16-frame_video_NoNorm_NoHRF_BlockDiag_delay5_bin1,pe-av-small-16-frame_video_NoNorm_NoHRF_BlockDiag_delay5_bin10,pe-av-small-16-frame_video_NoNorm_NoHRF_BlockDiag_delay5_bin2,pe-av-small-16-frame_video_NoNorm_NoHRF_BlockDiag_delay5_bin5,pe-av-small-16-frame_video_NoNorm_NoHRF_BlockDiag_delay6_bin1,pe-av-small-16-frame_video_NoNorm_NoHRF_BlockDiag_delay6_bin10,pe-av-small-16-frame_video_NoNorm_NoHRF_BlockDiag_delay6_bin2,pe-av-small-16-frame_video_NoNorm_NoHRF_BlockDiag_delay6_bin5,pe-av-small-16-frame_video_NoNorm_NoHRF_Global_delay4_bin1,pe-av-small-16-frame_video_NoNorm_NoHRF_Global_delay4_bin10,pe-av-small-16-frame_video_NoNorm_NoHRF_Global_delay4_bin2,pe-av-small-16-frame_video_NoNorm_NoHRF_Global_delay4_bin5,pe-av-small-16-frame_video_NoNorm_NoHRF_Global_delay5_bin1,pe-av-small-16-frame_video_NoNorm_NoHRF_Global_delay5_bin10,pe-av-small-16-frame_video_NoNorm_NoHRF_Global_delay5_bin2,pe-av-small-16-frame_video_NoNorm_NoHRF_Global_delay5_bin5,pe-av-small-16-frame_video_NoNorm_NoHRF_Global_delay6_bin1,pe-av-small-16-frame_video_NoNorm_NoHRF_Global_delay6_bin10,pe-av-small-16-frame_video_NoNorm_NoHRF_Global_delay6_bin2,pe-av-small-16-frame_video_NoNorm_NoHRF_Global_delay6_bin5,pe-av-small-16-frame_video_Norm_HRF_BlockDiag_delay0_bin1,pe-av-small-16-frame_video_Norm_HRF_BlockDiag_delay0_bin10,pe-av-small-16-frame_video_Norm_HRF_BlockDiag_delay0_bin2,pe-av-small-16-frame_video_Norm_HRF_BlockDiag_delay0_bin5,pe-av-small-16-frame_video_Norm_HRF_Global_delay0_bin1,pe-av-small-16-frame_video_Norm_HRF_Global_delay0_bin10,pe-av-small-16-frame_video_Norm_HRF_Global_delay0_bin2,pe-av-small-16-frame_video_Norm_HRF_Global_delay0_bin5,pe-av-small-16-frame_video_Norm_NoHRF_BlockDiag_delay5_bin1,pe-av-small-16-frame_video_Norm_NoHRF_BlockDiag_delay5_bin10,pe-av-small-16-frame_video_Norm_NoHRF_BlockDiag_delay5_bin2,pe-av-small-16-frame_video_Norm_NoHRF_BlockDiag_delay5_bin5,pe-av-small-16-frame_video_Norm_NoHRF_BlockDiag_delay6_bin1,pe-av-small-16-frame_video_Norm_NoHRF_BlockDiag_delay6_bin10,pe-av-small-16-frame_video_Norm_NoHRF_BlockDiag_delay6_bin2,pe-av-small-16-frame_video_Norm_NoHRF_BlockDiag_delay6_bin5,pe-av-small-16-frame_video_Norm_NoHRF_Global_delay4_bin1,pe-av-small-16-frame_video_Norm_NoHRF_Global_delay4_bin10,pe-av-small-16-frame_video_Norm_NoHRF_Global_delay4_bin2,pe-av-small-16-frame_video_Norm_NoHRF_Global_delay4_bin5,pe-av-small-16-frame_video_Norm_NoHRF_Global_delay5_bin1,pe-av-small-16-frame_video_Norm_NoHRF_Global_delay5_bin10,pe-av-small-16-frame_video_Norm_NoHRF_Global_delay5_bin2,pe-av-small-16-frame_video_Norm_NoHRF_Global_delay5_bin5,pe-av-small-16-frame_video_Norm_NoHRF_Global_delay6_bin1,pe-av-small-16-frame_video_Norm_NoHRF_Global_delay6_bin10,pe-av-small-16-frame_video_Norm_NoHRF_Global_delay6_bin2,pe-av-small-16-frame_video_Norm_NoHRF_Global_delay6_bin5,pe-av-small_audio_NoNorm_HRF_Global_delay4_bin2,pe-av-small_audio_Norm_HRF_Global_delay0_bin2,pe-av-small_joint_NoNorm_HRF_Global_delay4_bin2,pe-av-small_joint_Norm_HRF_Global_delay0_bin2,pe-av-small_video_NoNorm_HRF_Global_delay4_bin2,pe-av-small_video_Norm_HRF_Global_delay0_bin2
L_10d_ROI,Left,252,0.018611042,0.0048645935,0.0045053368,0.0,0.017489253,0.0,0.0129516795,0.0,0.008842848,0.020082215,0.020751009,0.011638113,0.01343888,0.0,0.010924161,0.0,0.014139967,0.0,0.01345469,0.0,0.008077947,0.0,0.014566554,0.0,0.014656073,0.0,0.009782582,0.2037829,0.13334411,0.20641376,0.19891284,0.06304372,0.029048916,0.06663602,0.05682277,0.10558027,0.15286243,0.12841485,0.15783913,0.10646211,0.1525947,0.13348618,0.1651688,0.106212065,0.14846623,0.13060987,0.17034936,0.01678671,0.046728257,0.031052021,0.04123484,0.018203495,0.04971808,0.033669084,0.045807716,0.019714661,0.04949182,0.033736795,0.049163993,0.19940616,0.16101454,0.21155426,0.2017219,0.039722454,0.07047682,0.053853042,0.066223085,0.17181697,0.13593303,0.17021538,0.16421372,0.184165,0.13755806,0.17220327,0.16118588,0.18964721,0.021876538,0.05689136,0.029976372,0.04309332,0.026392672,0.060689203,0.0350199,0.048831936,0.027665017,0.061457727,0.036118988,0.053250045,0.21285044,0.11574138,0.21358323,0.18222828,0.0482761,0.012697301,0.04274606,0.03154014,0.12462555,0.14070249,0.13970612,0.1560296,0.12810528,0.14283553,0.14654322,0.16004266,0.12770648,0.13994814,0.14468528,0.16387951,0.013864844,0.033791915,0.014771549,0.031483445,0.014519608,0.03526714,0.015007817,0.035383463,0.01398813,0.03426649,0.014632406,0.037102576,0.21556376,0.13604878,0.22490093,0.2026578,0.05764187,0.05372589,0.06512738,0.068692185,0.17884767,0.17566036,0.20443287,0.21097814,0.17968701,0.17430174,0.20206247,0.21536563,0.042964462,0.0561684,0.050727315,0.05689356,0.048042096,0.058538314,0.056609828,0.062306758,0.046982996,0.058274593,0.05491277,0.063628785,0.18356918,0.08310682,0.17846884,0.14992215,0.06167347,0.010365657,0.055932876,0.033945892,0.10662979,0.10338635,0.11569567,0.11144381,0.11217884,0.10613571,0.12262889,0.115456216,0.111149296,0.10509376,0.120833375,0.11829336,0.035295904,0.032339774,0.03887668,0.03758675,0.03763941,0.032621708,0.041108027,0.03975728,0.036258843,0.030787732,0.039562125,0.03943416,0.19938134,0.12259054,0.19917999,0.17994356,0.061827417,0.05295921,0.062236793,0.059720393,0.16391218,0.14940242,0.17702562,0.16973044,0.16068883,0.14678082,0.17333233,0.17253375,0.04825491,0.05157778,0.052019484,0.0545919,0.051577214,0.051656157,0.055111915,0.056755178,0.048597265,0.050025217,0.05156105,0.055383034,0.0,0.01756152,0.0,0.014252455,0.0,0.008155246
L_10pp_ROI,Left,270,0.0172175,0.0067790477,0.0064285076,0.0,0.013671053,0.0,0.010150036,0.0,0.0075445916,0.014933135,0.016251044,0.0068563246,0.009616502,0.0,0.007560201,0.0,0.013632344,0.0,0.011285831,0.0,0.0073944116,0.0,0.0143316705,0.0,0.011956143,0.0,0.008714384,0.16463532,0.1381797,0.1890015,0.20282486,0.032915488,0.022381166,0.03930587,0.042376608,0.0834635,0.14242615,0.11554719,0.13936919,0.086497426,0.15027107,0.118859224,0.14773381,0.08910029,0.15377343,0.11977543,0.15329273,0.006563801,0.037238415,0.018941205,0.030339899,0.008751108,0.03862942,0.019749297,0.032936122,0.00904484,0.03867628,0.01968922,0.03217694,0.14602777,0.1490537,0.17723489,0.18887721,0.024046052,0.061659165,0.03686976,0.047937367,0.11228775,0.088960536,0.1415237,0.11817074,0.14327724,0.0951414,0.1505381,0.12755828,0.15308827,0.013308909,0.04428449,0.019342382,0.031579606,0.01521,0.045495585,0.022365348,0.033866964,0.016057504,0.047328833,0.02484467,0.034267243,0.16807735,0.12925659,0.18996644,0.18100925,0.03391317,0.013041652,0.036143836,0.030549627,0.09736119,0.13062857,0.12410762,0.1399469,0.09976389,0.13491534,0.1275112,0.14184146,0.100640625,0.13593438,0.127218,0.14404902,0.010698662,0.032282744,0.015698407,0.023625316,0.011362505,0.03267068,0.013979092,0.024102775,0.009584519,0.031204801,0.012892275,0.023867583,0.1531341,0.1337652,0.18066709,0.1833313,0.03362534,0.0420883,0.044912864,0.04983396,0.117043674,0.14582022,0.14825547,0.16403505,0.12164864,0.15027821,0.15448536,0.16996443,0.024132235,0.044808384,0.033224884,0.040720787,0.026413623,0.04634788,0.036363255,0.043841135,0.026264273,0.045979895,0.037273277,0.044947598,0.15433694,0.092405416,0.1683068,0.15258676,0.043204796,0.022216067,0.04775219,0.03984578,0.08519452,0.11031253,0.10422836,0.11301858,0.0889566,0.11338968,0.108042195,0.11259827,0.08814962,0.11311756,0.10863134,0.113228105,0.025690796,0.035472862,0.03441377,0.036325403,0.026816579,0.035782702,0.034451615,0.037508406,0.026004648,0.033910275,0.03479942,0.03679396,0.15320173,0.124976076,0.17272307,0.171497,0.03708614,0.045778893,0.045511752,0.04716702,0.118006125,0.14439806,0.14222692,0.15578018,0.1166613,0.14495817,0.14378631,0.15670574,0.025939573,0.035944995,0.033177033,0.037758138,0.027778711,0.036483236,0.03465219,0.04044774,0.02668907,0.035161063,0.034484472,0.040708937,0.0,0.01437892,0.0,0.012441111,0.0,0.0063778264
L_10r_ROI,Left,245,0.0108849015,0.0047997762,0.0048099034,0.0,0.012574219,0.0,0.0080730105,0.0,0.006795235,0.012817694,0.013499541,0.0073609925,0.008445494,0.0,0.0068027102,0.0,0.0078496365,0.0,0.0072226045,0.0,0.006601079,0.0,0.0073798224,0.0,0.007639766,0.0,0.006518091,0.16893391,0.09903923,0.17946461,0.17115796,0.06151346,0.04858457,0.064925835,0.061981253,0.0916123,0.14080046,0.11769019,0.13364087,0.09314441,0.1399734,0.12057935,0.14207906,0.08934879,0.13248602,0.11726596,0.14299753,0.021570655,0.059621293,0.03629712,0.043722812,0.022369057,0.06331106,0.036667366,0.047281563,0.02016356,0.06172494,0.034403965,0.049010135,0.15840073,0.13698927,0.17410636,0.17164281,0.03728217,0.0804117,0.05201439,0.06138521,0.14766681,0.108996734,0.16205631,0.1366078,0.16091475,0.1098679,0.16069691,0.13660951,0.16169813,0.023015954,0.05994082,0.032651883,0.042281456,0.026046544,0.063314654,0.036811553,0.047817443,0.025026971,0.061983604,0.035538845,0.04831227,0.17812747,0.088206775,0.1860017,0.16040231,0.056557234,0.03609618,0.055592597,0.05447311,0.10608208,0.12601775,0.12766328,0.13690905,0.10719418,0.12950273,0.12896657,0.14286308,0.102607064,0.12132528,0.12533402,0.13838284,0.020137666,0.053684708,0.027169146,0.039682176,0.020586742,0.05492689,0.026467644,0.04444442,0.018366672,0.052023556,0.024062341,0.044373684,0.17628181,0.121261224,0.19099158,0.17537521,0.055031415,0.06541819,0.06645043,0.07267458,0.1539985,0.17067899,0.18418644,0.19615734,0.15153328,0.16465293,0.17886867,0.19163817,0.04282975,0.072116084,0.05558386,0.06362801,0.045508817,0.07423601,0.059362415,0.0684789,0.04296818,0.07167418,0.056834057,0.0672005,0.16004829,0.0675069,0.1596384,0.13460423,0.057028122,0.022744948,0.05291224,0.039266214,0.09214318,0.09060175,0.104678035,0.1073402,0.093114324,0.0921334,0.10705639,0.10695279,0.09038031,0.08612413,0.103289165,0.098075636,0.027446682,0.036453005,0.034054015,0.039462864,0.02626541,0.036160536,0.03472492,0.03920248,0.02371129,0.033424724,0.030977955,0.034144536,0.16918364,0.10837658,0.17585126,0.15947449,0.051461075,0.060381282,0.057569962,0.060545795,0.1451117,0.15030244,0.1655653,0.16762796,0.14332986,0.1406055,0.15949693,0.16242443,0.04442643,0.061002735,0.05226982,0.060152534,0.04370454,0.062709935,0.052663326,0.061745126,0.041377325,0.06182267,0.04988731,0.058905073,0.0,0.008962746,0.0,0.009214891,0.0,0.0042806887
L_10v_ROI,Left,268,0.010114743,0.0018360178,0.0024068921,0.0,0.008666995,0.0,0.0056283125,0.0,0.004022318,0.008728438,0.009531961,0.00558849,0.0064399056,0.0,0.003189191,0.0,0.008262835,0.0,0.0053883493,0.0,0.006013022,0.0,0.00872871,0.0,0.005526693,0.0,0.004715244,0.18633126,0.13093472,0.2042518,0.1992283,0.042324103,0.033113737,0.0513018,0.049435716,0.10651988,0.13647681,0.1360888,0.15022014,0.1129406,0.14522137,0.14742416,0.16352572,0.11248399,0.15019673,0.146201,0.17322029,0.018805671,0.039401427,0.032636065,0.041532703,0.021144254,0.04268188,0.03726687,0.044593975,0.020337803,0.044555843,0.036765143,0.04721932,0.18302931,0.16709062,0.20404868,0.20016287,0.03303266,0.050191198,0.038235255,0.042512592,0.14907606,0.12999794,0.18981111,0.16873373,0.1801407,0.13065565,0.19939552,0.16812289,0.19152126,0.023142815,0.052307103,0.026885929,0.034800902,0.02615645,0.055850767,0.03341868,0.038258314,0.027564544,0.056825582,0.034442212,0.042600602,0.18272245,0.111038364,0.19420096,0.17099667,0.034939896,0.021805247,0.035471257,0.03230308,0.107980125,0.13644353,0.12769789,0.14265996,0.11096514,0.14284162,0.13622643,0.15017264,0.1114874,0.1448841,0.13551039,0.15400483,0.01564569,0.03448873,0.01975698,0.028890517,0.016453812,0.035767376,0.02165808,0.029381556,0.016545786,0.03534538,0.02080207,0.030831818,0.18537794,0.15839475,0.20329182,0.1962272,0.04007703,0.034840573,0.043826427,0.040655896,0.15472257,0.20063211,0.18563008,0.19602312,0.15533815,0.20735829,0.18504085,0.20488378,0.0336359,0.051115904,0.03867105,0.046257284,0.03676139,0.051530544,0.04527926,0.04822868,0.03695768,0.049023964,0.044951484,0.050376575,0.15865096,0.08205039,0.16290076,0.14438102,0.033320367,0.016442293,0.03301857,0.024727145,0.085204475,0.096587285,0.0978693,0.10554642,0.08625419,0.09975535,0.102215245,0.10801249,0.08709265,0.10188277,0.10103249,0.10765047,0.01734748,0.022738148,0.0214801,0.025338518,0.017989915,0.022524908,0.022591393,0.025520938,0.017913291,0.02250966,0.022798564,0.024908198,0.16845213,0.13513148,0.18069224,0.18202174,0.03350521,0.032054126,0.036113188,0.033371996,0.13423727,0.17920782,0.15545619,0.17076166,0.13458091,0.18056941,0.1539171,0.17406215,0.030321237,0.045955982,0.032980587,0.039724268,0.03153375,0.045028538,0.036096577,0.04067045,0.030558307,0.04249123,0.035416976,0.041298673,0.0,0.010029336,0.0,0.0075955535,0.0,0.004686977
L_11l_ROI,Left,271,0.008938931,0.006016041,0.005925127,0.0,0.0036459293,0.0,0.005247146,0.0,0.0048654093,0.0029946931,0.003164168,0.0029349378,0.00526172,0.0,0.0067355037,0.0,0.001847209,0.0,0.0062453556,0.0,0.0065755886,0.0,0.0018180889,0.0,0.006278095,0.0,0.006675302,0.16514458,0.098139115,0.1684086,0.15084238,0.027703801,0.0069018505,0.02803292,0.022394285,0.09584613,0.11516057,0.10986288,0.118362956,0.09711523,0.11093436,0.11173522,0.11834032,0.093352094,0.108695425,0.108178385,0.11636616,0.011829622,0.024189848,0.015344174,0.013237404,0.012007578,0.022796169,0.0143165,0.013891259,0.011341586,0.020419255,0.011431478,0.014265879,0.15134363,0.11464168,0.15847935,0.14876163,0.015057999,0.019880569,0.017923558,0.017924283,0.13225366,0.10025745,0.10986384,0.11615598,0.1245362,0.09821741,0.11122681,0.11562864,0.12568925,0.013258449,0.018085154,0.017478477,0.020112408,0.012591797,0.017938737,0.017924737,0.021823274,0.011959197,0.017850222,0.01739287,0.02116291,0.17240345,0.07484537,0.17453168,0.13808058,0.047461275,0.019217694,0.04939443,0.032842215,0.11527895,0.09377701,0.12729415,0.12195913,0.1188396,0.094554074,0.13154115,0.122532204,0.11222373,0.09438686,0.1272285,0.12030967,0.026872175,0.044795524,0.03472808,0.03072056,0.026372876,0.041326936,0.033987015,0.033347763,0.02353886,0.036586996,0.030694086,0.032940652,0.16139351,0.09863354,0.16589811,0.14652635,0.031236056,0.02901126,0.035845637,0.02956177,0.13962875,0.12050068,0.15350561,0.14774026,0.13611789,0.12112879,0.15081704,0.14889312,0.028542535,0.033362918,0.036245715,0.038082276,0.030336265,0.03288691,0.039647758,0.0412634,0.028657448,0.03201577,0.03751117,0.039844543,0.1500456,0.03836358,0.14344393,0.11309617,0.05024087,0.008781497,0.045952708,0.02825762,0.08992134,0.05559165,0.09502016,0.08702654,0.09363742,0.058184803,0.099117436,0.08909804,0.08956634,0.060988426,0.09746271,0.08790673,0.02021912,0.032333974,0.025465753,0.02830447,0.02044119,0.029149448,0.025346518,0.029383283,0.018396216,0.02563511,0.024037866,0.026483836,0.15960251,0.0923766,0.16093229,0.14354949,0.031407956,0.028888669,0.032876138,0.02948587,0.13943636,0.124369,0.151106,0.14575066,0.13723661,0.12727201,0.15004863,0.15245888,0.026736807,0.034515787,0.030269194,0.033040594,0.029247677,0.03313317,0.033528835,0.03518736,0.027578635,0.0307104,0.03174646,0.03413382,0.0,0.003823755,0.0,0.0056867637,0.0,0.0048645916
L_13l_ROI,Left,272,0.0039284,0.005274893,0.0055645173,0.0,0.0053468565,0.0,0.0030705475,0.0,0.0019734707,0.0050249915,0.00582295,0.0018486662,0.0028289855,0.0,0.0022123493,0.0,0.008754449,0.0,0.0048309113,0.0,0.0031325854,0.0,0.0073175505,0.0,0.004979176,0.0,0.002852274,0.14393301,0.08244447,0.16200168,0.14089832,0.03202519,0.036849644,0.039977945,0.042630732,0.07676748,0.11431576,0.09956963,0.111913905,0.083146535,0.11256709,0.10381023,0.11874286,0.082767375,0.10621381,0.103069186,0.12334643,0.018111942,0.05158542,0.026694726,0.03509368,0.020660345,0.053685263,0.02892977,0.039265245,0.02086889,0.053296607,0.028202927,0.040121075,0.12558019,0.10367882,0.14789669,0.14086792,0.020521343,0.036473915,0.023276003,0.0275403,0.10139157,0.08496021,0.12877145,0.10802533,0.13180615,0.08838333,0.12944613,0.11465444,0.14273831,0.014643203,0.030378554,0.019514391,0.02618619,0.0152929695,0.031099636,0.019533018,0.027595598,0.015558017,0.031780664,0.01992931,0.027810967,0.15075457,0.079269275,0.16769433,0.13989963,0.046955146,0.040789694,0.054815196,0.052295633,0.09278617,0.10442258,0.11315092,0.11784615,0.09881402,0.10949931,0.11954188,0.12510584,0.09813267,0.107677184,0.117855996,0.1294196,0.032139532,0.056822732,0.0426503,0.050615296,0.034706526,0.058309264,0.045169044,0.05576922,0.033819668,0.05829699,0.04285605,0.055704553,0.13540128,0.10785138,0.1553588,0.14459902,0.04001158,0.03784934,0.046441127,0.043434758,0.1091018,0.14698713,0.13321258,0.14985767,0.11178874,0.14482546,0.13964489,0.15895383,0.02706372,0.041927163,0.03555596,0.044190202,0.029779518,0.04247032,0.03889193,0.04620453,0.029502202,0.04168396,0.038531523,0.04480224,0.12678781,0.04875399,0.13035384,0.10804505,0.040663663,0.034422666,0.042532325,0.041256532,0.072173305,0.06210835,0.080995716,0.08337954,0.074169785,0.0668689,0.08434541,0.08598458,0.07342314,0.06909162,0.08268646,0.08978809,0.022605645,0.03794729,0.028488435,0.03672496,0.02386929,0.03908483,0.030843336,0.040337343,0.024163466,0.03992927,0.029702026,0.04012685,0.1282233,0.09627404,0.14198212,0.13581988,0.03082124,0.039263315,0.03478788,0.037202667,0.101746224,0.13652728,0.12294312,0.13776277,0.101820596,0.13345087,0.12370597,0.14279243,0.025164545,0.046495646,0.03157991,0.03963822,0.026877824,0.04806944,0.0337819,0.042489424,0.026171114,0.04788248,0.03258466,0.043593526,0.0,0.0042253765,0.0,0.003676772,0.0,0.0025192515
L_1_ROI,Left,231,0.0054098894,0.0005260388,-0.0006124428,0.0,0.0039618053,0.0,0.0011984725,0.0,0.0012396366,0.0053052045,0.003948752,0.0031398458,0.002329983,0.0,0.0013312957,0.0,0.0041409074,0.0,0.0032940428,0.0,0.0013015812,0.0,0.0036274553,0.0,0.0029432287,0.0,0.001688386,0.11484238,0.0510395,0.11639012,0.10360933,0.013965966,0.014517109,0.012597282,0.013616686,0.07471393,0.10642862,0.08555047,0.09147187,0.0710832,0.10340944,0.08304305,0.09096004,0.06733698,0.09756868,0.076478556,0.09357668,0.011187927,0.016686786,0.015783725,0.022955274,0.008769295,0.017550673,0.013366073,0.020250767,0.0067398245,0.017140854,0.009699582,0.020143175,0.112437375,0.046816085,0.11576716,0.10145788,0.016491368,0.011050821,0.01733129,0.014674393,0.14778444,0.079406425,0.10225543,0.091460936,0.091799855,0.07531305,0.10244003,0.08450401,0.09125238,0.015048618,0.015553358,0.01718932,0.018950375,0.013143092,0.016427772,0.015733447,0.017351836,0.011496798,0.01709555,0.012503898,0.015377911,0.15253484,0.080224454,0.15498422,0.1310556,0.022739768,0.0067142774,0.021593317,0.018338604,0.1390915,0.14380263,0.15066001,0.1503569,0.1367737,0.13869122,0.15035461,0.14511989,0.12490257,0.1313639,0.13714135,0.1424626,0.02148008,0.027772103,0.022095041,0.030220155,0.01973583,0.026719961,0.020764006,0.029103758,0.0165061,0.022400169,0.017444178,0.024934307,0.14653765,0.07175053,0.1494602,0.12355303,0.026458949,0.01734103,0.027238969,0.021483388,0.14498593,0.1383964,0.16045547,0.1473274,0.1296947,0.13366474,0.14383186,0.14356901,0.033786092,0.033289485,0.036826916,0.038091715,0.031204788,0.030850438,0.034697544,0.03455318,0.023946686,0.027305922,0.027387736,0.029065391,0.14994784,0.066932134,0.15043914,0.121382944,0.017802212,0.0061842767,0.017600868,0.01261644,0.13545108,0.124125995,0.14824066,0.1406937,0.13465106,0.11639797,0.14833748,0.13480024,0.11997618,0.11312936,0.13196233,0.13029134,0.019534713,0.02657598,0.024180127,0.03209386,0.018086886,0.024008336,0.022286253,0.02745553,0.013868446,0.022454415,0.016124172,0.023658514,0.14533532,0.057674162,0.14391217,0.107941985,0.023972603,0.016560527,0.022674214,0.01829559,0.15267527,0.12290503,0.1671305,0.14640236,0.13428046,0.11682514,0.1476668,0.14195122,0.031815257,0.02866355,0.034460135,0.03489912,0.030066187,0.026922612,0.03255094,0.031796955,0.022979932,0.024123637,0.024626525,0.026332371,0.0,0.0048975116,0.0,0.002713446,0.0,0.0011836367
L_23c_ROI,Left,218,0.011870689,0.002710808,0.0026621579,0.0,0.010298075,0.0,0.009041137,0.0,0.0061256816,0.009563087,0.011370169,0.008386118,0.009601811,0.0,0.007974707,0.0,0.010143249,0.0,0.008301146,0.0,0.00814917,0.0,0.009618924,0.0,0.009229591,0.0,0.009102935,0.1893827,0.10960055,0.18119118,0.16090797,0.052413587,0.03508275,0.04945604,0.04071084,0.12811895,0.14731811,0.14450751,0.1638539,0.1300652,0.1457711,0.14580788,0.16234551,0.120527536,0.13701323,0.13478088,0.15448286,0.036575373,0.050777968,0.044332325,0.054377433,0.03563699,0.05253804,0.04448378,0.054084394,0.031055745,0.05098253,0.038720835,0.048729282,0.20748161,0.13256456,0.21002129,0.17946546,0.048904937,0.049915053,0.053249355,0.04973449,0.23583193,0.16293517,0.19633539,0.18831873,0.20832632,0.15163496,0.19154732,0.17866424,0.20287201,0.04653925,0.06437237,0.05694795,0.06810008,0.0455143,0.06520808,0.056944553,0.06877119,0.037723117,0.0633682,0.049951185,0.06294839,0.22272848,0.12462428,0.21330006,0.17781186,0.062206037,0.019427743,0.05717923,0.03832248,0.18140343,0.18541108,0.19597603,0.20848148,0.17798884,0.1772396,0.19307175,0.20337084,0.15980037,0.16426253,0.1741484,0.18637039,0.05682347,0.05747551,0.06295966,0.06977414,0.05326079,0.055144563,0.05906915,0.06576115,0.0424967,0.051550265,0.047871154,0.057009928,0.2333646,0.15249227,0.2307992,0.19711211,0.07514752,0.040477745,0.07772834,0.05794764,0.23247713,0.24559599,0.2571838,0.27016997,0.20837712,0.23247838,0.23425849,0.25237343,0.08737172,0.084136024,0.10174321,0.10590771,0.08309544,0.08196101,0.09810924,0.10464168,0.06703284,0.078322686,0.08285668,0.0931706,0.2000168,0.100819856,0.19140387,0.15931734,0.049523648,0.015259698,0.045126002,0.029601423,0.15525092,0.17341843,0.16869044,0.17943954,0.14976886,0.16336145,0.1638463,0.17577592,0.13424526,0.1513408,0.14730963,0.15857014,0.042002756,0.04951328,0.048985217,0.054910164,0.04008567,0.04927767,0.047474347,0.052308183,0.033582814,0.048955657,0.039252795,0.046829205,0.21719323,0.13978687,0.21222574,0.18339624,0.0646444,0.048790276,0.06503014,0.051987708,0.21396583,0.23541778,0.23394482,0.24728711,0.1907176,0.21885514,0.2105046,0.22861761,0.07548286,0.0747513,0.08317431,0.08665435,0.07118445,0.075140305,0.080183856,0.08612571,0.058227185,0.07617823,0.06727721,0.07867705,0.0,0.0131095955,0.0,0.008621118,0.0,0.006073252
L_23d_ROI,Left,212,0.0149061065,0.0048973523,0.004632541,0.0,0.010895701,0.0,0.007958151,0.0,0.0045633316,0.014487626,0.014118621,0.0075802016,0.008062512,0.0,0.006214582,0.0,0.010878679,0.0,0.009787855,0.0,0.006404697,0.0,0.011418936,0.0,0.010504387,0.0,0.007540476,0.14703263,0.0970096,0.15388046,0.1487182,0.032537926,0.0061250417,0.031894423,0.022162216,0.069124416,0.12491596,0.08749337,0.11714662,0.07360103,0.12108714,0.09267344,0.1228518,0.07749845,0.11496333,0.09670108,0.12793826,0.005825789,0.03015041,0.013352828,0.019157158,0.007972993,0.033916082,0.016058221,0.021207528,0.008278497,0.03548472,0.015645504,0.020878138,0.14822556,0.11765356,0.16670845,0.16553618,0.024706094,0.05136427,0.038445,0.05333748,0.13121496,0.098648004,0.13087475,0.1250148,0.15062416,0.10277689,0.12927231,0.12901488,0.15161298,0.013553796,0.04101703,0.022558916,0.03840944,0.017513707,0.04455131,0.02757707,0.040511664,0.018981867,0.046203792,0.02792616,0.040651117,0.15720989,0.09294703,0.16453095,0.13985111,0.029080613,-0.0040168394,0.025586244,0.011019847,0.10317267,0.11140507,0.119419284,0.12721844,0.106777735,0.107380934,0.12241059,0.1311251,0.10632615,0.10411657,0.12170189,0.1346748,0.011526495,0.021140901,0.0134655675,0.019935952,0.010998311,0.023472426,0.013256953,0.021993238,0.007947567,0.023255592,0.010629743,0.021478193,0.16093607,0.10417735,0.177861,0.16665635,0.04486274,0.03601678,0.055136744,0.057519384,0.13920239,0.13674198,0.16566536,0.17128052,0.13748744,0.13184714,0.1634941,0.17412685,0.03157552,0.041181404,0.040699836,0.048362337,0.03627695,0.045218,0.04650897,0.051170267,0.035876762,0.04568858,0.04569095,0.051728956,0.14702603,0.069825895,0.15068413,0.12517181,0.049561623,-0.0014036148,0.046366546,0.024248479,0.09891408,0.09004242,0.112346284,0.108047664,0.1026393,0.08961755,0.116907224,0.113504395,0.102440104,0.08954329,0.11484038,0.11827808,0.033508804,0.021996962,0.038165648,0.035536073,0.03634375,0.024227215,0.040654488,0.035892304,0.035116132,0.024261354,0.03892914,0.03451911,0.15237929,0.09697649,0.16033232,0.14722489,0.050858296,0.04233599,0.05385629,0.050175574,0.12748945,0.12754937,0.14604549,0.14860843,0.12566185,0.12243969,0.14176334,0.15212347,0.035992555,0.035484944,0.039637964,0.044505447,0.039417777,0.037181467,0.043376744,0.04646742,0.038589653,0.037318308,0.042818397,0.046225835,0.0,0.012928618,0.0,0.00935798,0.0,0.0042181048
L_24dd_ROI,Left,220,0.004263111,-0.002294186,-0.0021317196,0.0,0.0050992435,0.0,0.0013019043,0.0,-3.4345787e-05,0.0029796963,0.0046519632,0.0009815579,0.0021043571,0.0,-0.0005285359,0.0,0.0046988623,0.0,0.0015406656,0.0,0.0004321658,0.0,0.0051527177,0.0,0.0021540446,0.0,0.0013963634,0.09037254,0.054526497,0.0848331,0.07547883,0.02066737,0.020742917,0.019215723,0.018456388,0.06533792,0.055910766,0.073453285,0.074145444,0.06217491,0.05649902,0.07099707,0.07658487,0.056892216,0.05360907,0.062189214,0.07126797,0.021571727,0.02647949,0.025741877,0.027419394,0.020631807,0.02462324,0.025327826,0.027400542,0.018252512,0.023033218,0.021241218,0.022823086,0.088499844,0.07671828,0.087001234,0.083114035,0.024861947,0.023175787,0.021852555,0.020272011,0.13092504,0.061000098,0.06766849,0.07267313,0.077285536,0.05889536,0.07125307,0.06595729,0.07716021,0.01990208,0.030442677,0.021287417,0.025671752,0.019626968,0.031761352,0.022072162,0.026389392,0.01803933,0.031046782,0.019426923,0.023495605,0.11788167,0.086674795,0.111297645,0.10034883,0.028117305,0.017483743,0.026687032,0.020825861,0.108696066,0.090323,0.11310589,0.11481666,0.09966407,0.090061925,0.10598423,0.11444149,0.08592136,0.08838424,0.08832348,0.1017416,0.04151317,0.039847,0.043168552,0.042323306,0.03550777,0.03529313,0.038246233,0.041380186,0.02683958,0.030728152,0.028265769,0.03536022,0.12222049,0.09498132,0.12069441,0.11151443,0.042837314,0.03171804,0.042300057,0.03153782,0.121692464,0.114478536,0.1351461,0.13551185,0.105753094,0.11486717,0.116200365,0.12671044,0.05293762,0.053821266,0.058007725,0.056276094,0.046234127,0.051784977,0.0540966,0.054692693,0.03500012,0.047989927,0.041687667,0.04949575,0.113498464,0.08144772,0.1098215,0.09842612,0.02198773,0.018885065,0.022691457,0.017583368,0.10684605,0.10851837,0.11286702,0.11346665,0.09583404,0.10494336,0.10511016,0.11496332,0.08031895,0.106793664,0.08646215,0.1029119,0.033092793,0.03922826,0.036400817,0.03646145,0.028331367,0.03582993,0.033111542,0.035693582,0.020362958,0.032696757,0.024202162,0.03250498,0.13539767,0.10474969,0.13529567,0.11991863,0.042536322,0.04159453,0.042657237,0.035482295,0.14311013,0.152267,0.15849574,0.16354708,0.11925996,0.15007211,0.13469288,0.15190282,0.058309805,0.06531758,0.06383151,0.06084948,0.051037144,0.064472504,0.058579333,0.059637703,0.03794311,0.06201218,0.04499447,0.057096943,0.0,0.004667654,0.0,0.0013890625,0.0,0.00095239264
L_24dv_ROI,Left,221,0.004532354,0.0004182875,0.00021798025,0.0,0.0019430182,0.0,-0.00095442106,0.0,-0.0018607061,0.0023565267,0.0024166154,-0.00016553672,-0.00026498636,0.0,-0.0015543883,0.0,0.0017630802,0.0,0.0008991936,0.0,-0.0017581048,0.0,0.0018311809,0.0,0.00075092085,0.0,-0.000761276,0.058609374,0.08763244,0.08020811,0.08790096,0.00967989,0.0113453735,0.013519377,0.011563993,0.038468212,0.08116159,0.058978394,0.076199755,0.034761164,0.08686669,0.05398046,0.08310729,0.037459068,0.082069665,0.05864917,0.08328256,0.008429573,0.014152963,0.012247662,0.012466087,0.0068959766,0.012997741,0.010504939,0.0126055945,0.0069907308,0.0110467225,0.010475002,0.014644154,0.05521609,0.081594005,0.07774556,0.082489796,0.011650935,0.024912933,0.016766312,0.01826853,0.06795872,0.03528863,0.08796083,0.052882824,0.07951212,0.036406457,0.08232465,0.057866212,0.07329031,0.0074247587,0.022064107,0.01085415,0.01724057,0.0063715987,0.02427937,0.0105051985,0.017042404,0.0058936407,0.022717712,0.010453605,0.016703561,0.07309477,0.10679824,0.09936969,0.11604181,0.014587893,0.01614372,0.021089781,0.01785187,0.06669655,0.11100723,0.09399894,0.11950819,0.06130313,0.10699136,0.09001684,0.11700736,0.057641305,0.10956663,0.08583285,0.11280179,0.013880533,0.03131687,0.02018999,0.026286526,0.013436398,0.029498395,0.020518107,0.026458291,0.01148674,0.027205806,0.01807931,0.025634931,0.067726016,0.08922317,0.094059214,0.10536228,0.017317906,0.033637006,0.02584985,0.028478907,0.06119335,0.10635238,0.08959223,0.11803903,0.056740794,0.1056661,0.084853284,0.10826452,0.016726514,0.040197406,0.024598407,0.035873163,0.015116712,0.040641874,0.024134284,0.035018716,0.011767394,0.03874045,0.020102268,0.030814478,0.06939591,0.06787005,0.09009922,0.10313326,0.011647465,-0.00037896025,0.015036062,0.011729031,0.06065351,0.11754642,0.085549824,0.11077476,0.05693399,0.109682195,0.08362823,0.103147104,0.051468607,0.102462,0.07492011,0.09859836,0.008665037,0.020799993,0.01364842,0.022326577,0.0090133995,0.018268926,0.015137737,0.021051211,0.008061919,0.015220466,0.011759772,0.019424181,0.068450704,0.0709603,0.0908014,0.1046986,0.01482066,0.025422815,0.020103468,0.023976903,0.06631987,0.122824214,0.095009804,0.11719546,0.057904076,0.10655307,0.08342759,0.11038454,0.01688286,0.035886582,0.02411935,0.033228084,0.015868453,0.03635861,0.023982361,0.031544767,0.012081467,0.034111843,0.017938167,0.028258605,0.0,0.0019480751,0.0,0.00023912781,0.0,-0.00025888305
L_25_ROI,Left,344,0.0073812692,0.0026902012,0.002442295,0.0,0.009298748,0.0,0.007340788,0.0,0.0050687897,0.00929439,0.009529384,0.0074434318,0.007979936,0.0,0.005463208,0.0,0.0058694207,0.0,0.008741776,0.0,0.0056249867,0.0,0.0062348945,0.0,0.008517307,0.0,0.0056589358,0.07014442,0.09150853,0.09717592,0.120821424,0.02078871,0.026611993,0.030577213,0.037232425,0.040305324,0.1129302,0.06696731,0.109277345,0.040778,0.106494896,0.07105559,0.115704864,0.04028239,0.103042446,0.0636483,0.10981328,0.011258892,0.03440061,0.021069953,0.030027201,0.011486254,0.038809337,0.024442581,0.035196684,0.011494561,0.042752054,0.021787038,0.036815632,0.06535964,0.11066769,0.09375796,0.1192856,0.015280424,0.042658735,0.02582987,0.039100017,0.06326479,0.045183998,0.13238531,0.07516607,0.12425364,0.042882346,0.13164838,0.06832122,0.119993016,0.010964235,0.051121496,0.020222785,0.036690623,0.010814189,0.055771068,0.021207914,0.03916613,0.009509387,0.055489086,0.01800592,0.037212852,0.0777058,0.09078494,0.108015016,0.12513988,0.021178553,0.025459062,0.029262116,0.03144582,0.05195315,0.12659064,0.081175484,0.112342715,0.052639294,0.12103236,0.08341088,0.120026015,0.049260378,0.11419758,0.07642061,0.118315905,0.013872053,0.036793005,0.02220188,0.033113386,0.014830393,0.03960536,0.024109561,0.03788085,0.012724865,0.042470504,0.021846412,0.038460743,0.07410188,0.11099449,0.10264051,0.12770331,0.022651317,0.037120182,0.03346617,0.04012545,0.064849064,0.17230979,0.09904096,0.14720687,0.06069104,0.16504543,0.09074224,0.14065646,0.01959597,0.05722966,0.031307686,0.046346262,0.020840285,0.058215145,0.033121277,0.047926474,0.018537866,0.058405735,0.030049877,0.048319805,0.07020764,0.06476163,0.09115271,0.10558901,0.020440478,0.0033476704,0.0251878,0.01906873,0.044982206,0.09611602,0.064555466,0.08518187,0.044669546,0.09164284,0.065440945,0.088030994,0.042050548,0.08664667,0.060577873,0.08599536,0.011960206,0.02210606,0.018253645,0.020018222,0.01324086,0.022578694,0.018645238,0.023164516,0.0122584095,0.023032954,0.017796416,0.024111653,0.07352406,0.104926266,0.09590436,0.115516864,0.021933762,0.027502868,0.029258238,0.029715648,0.06544934,0.15285268,0.09273946,0.12842827,0.060776524,0.14161348,0.08608933,0.120641716,0.019641316,0.048818592,0.029241214,0.0410139,0.0217505,0.044375475,0.03020546,0.041384947,0.01933931,0.04196805,0.02845021,0.040297233,0.0,0.009232393,0.0,0.008806932,0.0,0.0049625514
L_2_ROI,Left,232,0.0012618992,-0.0077273063,-0.00851067,0.0,0.0043231207,0.0,0.0035856534,0.0,0.002355488,0.0029550546,0.0038352204,0.003813999,0.0041901777,0.0,0.003301906,0.0,0.0034849136,0.0,0.0038728449,0.0,0.0033134762,0.0,0.0024317133,0.0,0.003717506,0.0,0.0039584604,0.12995525,0.08134484,0.1253498,0.12087218,0.022233976,0.020770555,0.024366183,0.029790502,0.08637272,0.10445399,0.09452529,0.10533076,0.08451342,0.10984116,0.09550864,0.11335386,0.076535694,0.108584344,0.08822442,0.108718805,0.019354697,0.017549261,0.02434796,0.031470537,0.01795359,0.020079078,0.024062488,0.029340884,0.014501644,0.02169408,0.021315828,0.024915062,0.12257736,0.07137394,0.11776008,0.10762501,0.02424163,0.015332415,0.021442477,0.017229535,0.17424951,0.09150022,0.1193201,0.10000683,0.11222417,0.08764797,0.12252046,0.09728468,0.11461831,0.018152503,0.023379456,0.019805895,0.02408916,0.018759144,0.027271274,0.020933375,0.024858436,0.016650284,0.029160338,0.019649014,0.022343637,0.17712508,0.11813627,0.16681701,0.15107562,0.02978564,0.01576533,0.026542427,0.026102528,0.15661682,0.15385963,0.16088061,0.16566192,0.15186344,0.15897186,0.1599687,0.1689564,0.13546401,0.15744802,0.14388376,0.1562065,0.04048967,0.043336816,0.039572526,0.05117586,0.03500517,0.044874303,0.035471965,0.04674682,0.025444938,0.04234523,0.026827473,0.0384867,0.16478989,0.10270305,0.15974893,0.14255165,0.040796146,0.027461993,0.03854598,0.028346376,0.17183481,0.18088534,0.18371576,0.1870321,0.15579444,0.18180127,0.16876268,0.17664887,0.055431485,0.05820238,0.05824485,0.060472243,0.049582448,0.06170282,0.054709844,0.057432447,0.037129484,0.060123798,0.043811366,0.048629977,0.1725985,0.10359187,0.16547967,0.13965012,0.01907652,0.009246617,0.016852593,0.0106316665,0.15335388,0.15319692,0.16195084,0.1562715,0.1480032,0.15112095,0.15919054,0.15753877,0.13002937,0.14523767,0.14144184,0.14687906,0.03454019,0.03374973,0.03698121,0.039856743,0.0291618,0.03722028,0.032382395,0.034992848,0.02013561,0.035841335,0.02284141,0.029209217,0.17855954,0.09199439,0.17145,0.14024468,0.0430631,0.033741474,0.04064518,0.03267839,0.19488837,0.18822029,0.20751011,0.20094849,0.17241275,0.1821028,0.18535323,0.1872262,0.058751203,0.057874847,0.06114949,0.059598166,0.05188808,0.061327457,0.05636921,0.05825598,0.03920587,0.05918492,0.04384419,0.05164799,0.0,0.0038426733,0.0,0.005393544,0.0,0.0042243213
L_31a_ROI,Left,342,0.015287288,0.004512453,0.004023761,0.0,0.016936501,0.0,0.01570311,0.0,0.004589232,0.017240634,0.018607764,0.01333285,0.016077949,0.0,0.007891859,0.0,0.016452678,0.0,0.014524208,0.0,0.006175608,0.0,0.019259872,0.0,0.015286104,0.0,0.009190694,0.16305955,0.12874998,0.17583376,0.16966592,0.03774875,0.0443396,0.048563838,0.04840046,0.102649994,0.15661047,0.1295799,0.15149458,0.108470626,0.15950257,0.13270986,0.15408486,0.10602009,0.15917313,0.13054948,0.15189326,0.025050865,0.05224505,0.040098246,0.05035924,0.0278136,0.058108024,0.04328617,0.055090837,0.027906056,0.05926392,0.04290934,0.054984096,0.17418858,0.16142909,0.19635648,0.1879643,0.040129606,0.08012662,0.054731335,0.06122213,0.15428795,0.13040954,0.21087025,0.16354162,0.19645199,0.12755837,0.20957981,0.16260727,0.19335903,0.028742073,0.07657225,0.040485177,0.05646459,0.032362983,0.08010168,0.04454037,0.06281933,0.031150818,0.07873886,0.044354916,0.06352087,0.16847683,0.117042296,0.18132126,0.16257238,0.037822783,0.03649592,0.04324395,0.04482521,0.11731921,0.14004491,0.13974474,0.15274882,0.12246234,0.14344639,0.14616878,0.15360475,0.117016606,0.14263268,0.14006673,0.14936389,0.026899474,0.05299705,0.03479335,0.047328617,0.029190747,0.056929827,0.038167324,0.051945206,0.02770509,0.056659136,0.03638411,0.051742367,0.18137036,0.13699174,0.19958875,0.18125536,0.051671915,0.059243925,0.06509262,0.06826376,0.16228044,0.20476891,0.19209303,0.20994543,0.15659112,0.2008238,0.1882441,0.20399894,0.041648384,0.07294804,0.054386325,0.06649206,0.044963244,0.07580275,0.059252866,0.07209142,0.04320508,0.07541073,0.058256797,0.07197004,0.14609069,0.07413178,0.14858542,0.13287108,0.027231593,0.01900076,0.028154878,0.0276964,0.095126405,0.09281692,0.1064369,0.10815929,0.09904912,0.097209185,0.110644355,0.1097148,0.09434843,0.09784007,0.10656411,0.10699498,0.01943183,0.029205246,0.022960275,0.028236689,0.020565154,0.033019025,0.024633141,0.030141294,0.019878807,0.03509966,0.024333747,0.029840978,0.16627689,0.111253746,0.17281887,0.15706296,0.042266373,0.056026734,0.048881516,0.053691447,0.1471758,0.16140644,0.16400145,0.17116997,0.13989429,0.15654856,0.15769398,0.16460194,0.03663127,0.059933774,0.043643653,0.055101156,0.03861432,0.060101114,0.046025775,0.057917245,0.035859745,0.060326166,0.0437294,0.056537844,0.0,0.017993994,0.0,0.016230239,0.0,0.0070897294
L_31pd_ROI,Left,341,0.012861038,0.003284731,0.0029303625,0.0,0.009022045,0.0,0.0054235104,0.0,0.0015199453,0.0097536985,0.010336411,0.004849435,0.0051925816,0.0,0.002931616,0.0,0.009162275,0.0,0.004237149,0.0,0.001795733,0.0,0.008603536,0.0,0.004650105,0.0,0.0031480715,0.182421,0.13944829,0.19194132,0.1800972,0.06751538,0.052119795,0.072935686,0.06582595,0.11730938,0.16200529,0.14894435,0.16451769,0.11605678,0.16045357,0.14800908,0.17350328,0.108658366,0.16083518,0.13664296,0.16828325,0.036254194,0.06127601,0.054477915,0.06568558,0.035556477,0.064629786,0.055663172,0.06932861,0.031027878,0.06878532,0.047642704,0.067142434,0.15674748,0.10813487,0.16642907,0.13785838,0.03372646,0.041883826,0.039001107,0.03508136,0.1616045,0.12596323,0.1424677,0.15004313,0.16104068,0.11705632,0.13995144,0.14126027,0.15846132,0.03222212,0.035227783,0.03804045,0.04125991,0.031319767,0.036092255,0.03857061,0.043197747,0.025716517,0.037839975,0.032707896,0.041220266,0.19662103,0.12509131,0.2007222,0.17462966,0.053292964,0.030965718,0.05029142,0.042025182,0.14072014,0.15569237,0.16396214,0.17740867,0.14107059,0.14949349,0.16290013,0.18263525,0.13139333,0.14578173,0.15234263,0.17380151,0.025823845,0.043697868,0.031961076,0.04669683,0.025661517,0.04367348,0.032064524,0.049462214,0.022208968,0.043816715,0.02734163,0.046139542,0.1702056,0.09791454,0.1747631,0.1425357,0.0440114,0.042199083,0.046346806,0.04252818,0.16349319,0.14603652,0.18519658,0.18899956,0.15270054,0.13999799,0.17523623,0.18518937,0.04992886,0.05345115,0.058181882,0.061847847,0.047782596,0.054134957,0.058735713,0.06422737,0.04023525,0.054596614,0.049012233,0.06174023,0.16964701,0.0972109,0.16879772,0.14864482,0.049072523,0.020677522,0.0448203,0.03277951,0.112992145,0.13885319,0.12674965,0.13280834,0.11236703,0.12837888,0.12606049,0.13352533,0.10622384,0.12058938,0.11980067,0.12631203,0.029418124,0.036147248,0.036449734,0.040901776,0.027080737,0.035930578,0.033880655,0.04067979,0.022957763,0.036426753,0.028392887,0.03659519,0.15382788,0.08802735,0.1526431,0.12750241,0.040324856,0.0473612,0.040653225,0.037832137,0.1402192,0.12988842,0.15317486,0.14988203,0.13338788,0.12116791,0.14698601,0.14675786,0.0433856,0.04257522,0.04864445,0.049404923,0.042104222,0.042316977,0.048638515,0.050479393,0.036610395,0.042576507,0.040523857,0.048693087,0.0,0.008738735,0.0,0.006391279,0.0,0.0022241732
L_31pv_ROI,Left,215,0.0067019938,0.0036294293,0.0040528714,0.0,0.0039206576,0.0,0.0057767546,0.0,0.008494264,0.004158176,0.004624267,0.0047822143,0.00572854,0.0,0.009500756,0.0,0.00557523,0.0,0.004807482,0.0,0.008178763,0.0,0.0037113714,0.0,0.005136591,0.0,0.009784881,0.14758278,0.1076759,0.16060986,0.14632058,0.029081421,0.038548805,0.041443326,0.037390824,0.082233295,0.11270797,0.10260728,0.117780805,0.089363486,0.11620796,0.11179294,0.12735876,0.08674134,0.11568938,0.11043604,0.13037618,0.0206008,0.035774764,0.032379653,0.040602658,0.023458721,0.041887403,0.036174834,0.041924875,0.023772817,0.048109174,0.03754422,0.044578023,0.14961818,0.12512241,0.16791658,0.15502009,0.027957475,0.06635535,0.043074865,0.05366049,0.14862642,0.100975275,0.1337404,0.13364589,0.15054344,0.098389976,0.13214694,0.13061862,0.15360977,0.0173277,0.046511233,0.029241838,0.042527076,0.020759623,0.050328195,0.035131805,0.045907665,0.02081352,0.05313322,0.03589762,0.04864465,0.17244202,0.09711983,0.18021178,0.14671479,0.044477943,0.03531042,0.049918197,0.04173431,0.11878238,0.11788716,0.13262047,0.12634063,0.12646161,0.118843816,0.14278348,0.13342495,0.1187334,0.11298432,0.13608943,0.13762604,0.03958181,0.049932055,0.0457471,0.051748417,0.04314784,0.055396765,0.049977638,0.05428325,0.04003932,0.05760138,0.04814386,0.054357838,0.17950471,0.11846301,0.18896013,0.16270089,0.05677403,0.056824416,0.06284856,0.06034822,0.1589745,0.15111811,0.18159531,0.17407268,0.15318352,0.14337838,0.17599365,0.1772712,0.046613898,0.061070006,0.055020485,0.059140526,0.051946137,0.064403586,0.061545696,0.06388618,0.048294414,0.06455808,0.059029955,0.06469475,0.16301014,0.07539828,0.16547932,0.13551618,0.04798104,0.02644038,0.049640454,0.04155537,0.110099256,0.10828335,0.1173599,0.11033066,0.11675824,0.10693036,0.12476041,0.1162888,0.111057386,0.099894285,0.1204139,0.11984077,0.04154797,0.03940072,0.04618353,0.0487524,0.044356845,0.04403244,0.04764412,0.049302105,0.04257612,0.046225164,0.046278004,0.047190662,0.1832357,0.10881143,0.18460226,0.15860346,0.06445349,0.05321066,0.06462019,0.06151703,0.16293326,0.14783245,0.17456427,0.16506894,0.15482457,0.1369568,0.16715203,0.16711585,0.054541092,0.053438246,0.05748522,0.059405807,0.058456305,0.053983636,0.06038792,0.062058445,0.0547825,0.051974833,0.056727257,0.059833273,0.0,0.0070297187,0.0,0.007968752,0.0,0.008595468
L_33pr_ROI,Left,238,0.0067887506,0.003138673,0.0026874198,0.0,0.008439118,0.0,0.0087726405,0.0,0.004175862,0.006896387,0.009191252,0.007065201,0.009435259,0.0,0.0058829198,0.0,0.0049016355,0.0,0.007871622,0.0,0.0036488674,0.0,0.0069083865,0.0,0.008508173,0.0,0.0047801705,0.11384536,0.09183054,0.1304672,0.13794434,0.022607444,0.025121784,0.024498107,0.027976524,0.075456284,0.10435696,0.09722005,0.11457146,0.073163934,0.10555186,0.098724216,0.1227535,0.06940965,0.0993982,0.09275024,0.12144241,0.01874962,0.028563667,0.022393676,0.021748187,0.017831217,0.03090337,0.020932915,0.026519446,0.015385629,0.031139974,0.018650465,0.024288379,0.11126957,0.11237876,0.12719119,0.12661695,0.02303279,0.040882006,0.026965884,0.033365823,0.11199849,0.078051895,0.1284943,0.108000085,0.13922843,0.07418961,0.12812899,0.10013579,0.13506268,0.018567204,0.04074235,0.026569402,0.03592275,0.018346027,0.0406588,0.025584463,0.038954698,0.014748706,0.04052994,0.02195717,0.036337372,0.119398795,0.0997664,0.13667126,0.13546516,0.028213145,0.015842436,0.029845597,0.019504981,0.091196366,0.12426822,0.11450369,0.13488488,0.08959579,0.12208558,0.11346892,0.1350867,0.08206669,0.116800874,0.10502947,0.1209647,0.021652091,0.029898893,0.02802956,0.023772953,0.021436965,0.028792525,0.027359262,0.026814695,0.01753797,0.026069969,0.023419255,0.022872692,0.1215335,0.10969968,0.13898188,0.13332501,0.024839032,0.029559769,0.030141154,0.026824327,0.1143627,0.15726459,0.14322467,0.17370501,0.105374426,0.14862071,0.13369317,0.15833156,0.029239764,0.04275508,0.040034093,0.04707092,0.029058134,0.040966775,0.040726557,0.048561502,0.022793105,0.039207973,0.03326992,0.042377748,0.10768144,0.07599667,0.120498024,0.11753094,0.022684906,-0.00016942825,0.020328473,0.0077023082,0.074355826,0.10755154,0.09399149,0.11000303,0.073869914,0.107497595,0.09126518,0.10430689,0.06706271,0.106183015,0.08637556,0.093401454,0.00867497,0.012157684,0.012418674,0.012899678,0.007699768,0.011144945,0.0119115915,0.012066584,0.006034148,0.009647153,0.008886357,0.010042416,0.12102737,0.102682754,0.13528825,0.12924376,0.019389547,0.025129227,0.021648856,0.019730026,0.118120864,0.16244623,0.14174171,0.16240239,0.107994914,0.1524246,0.1338789,0.14816487,0.025550336,0.035235554,0.031041022,0.033624545,0.024971819,0.033761874,0.031952485,0.033828814,0.019832136,0.033184975,0.024973853,0.03112335,0.0,0.008064931,0.0,0.0076985164,0.0,0.005209828
L_3a_ROI,Left,233,0.019740233,0.0069074286,0.0064309384,0.0,0.0061302874,0.0,0.00038766747,0.0,0.0005155664,0.0061481516,0.0070743123,0.0007629553,0.0016981678,0.0,0.0021192722,0.0,0.0062074075,0.0,0.0045644115,0.0,0.0030492893,0.0,0.007327691,0.0,0.0045979726,0.0,0.0040393174,0.1438439,0.054483894,0.15015025,0.11682719,0.04443454,0.0061285184,0.04377613,0.01961434,0.12653498,0.1016727,0.15073703,0.14571743,0.10847198,0.10132707,0.12819885,0.13666369,0.09444663,0.09600865,0.11387922,0.12842688,0.04340336,0.034188066,0.057608508,0.04857456,0.035554994,0.033915438,0.046009906,0.04358053,0.028549338,0.03179008,0.037095256,0.03886553,0.13692223,0.07769622,0.1433332,0.12436038,0.04589068,0.035248768,0.04696878,0.041163057,0.1601752,0.11451327,0.1375526,0.13454394,0.1487403,0.09469879,0.1302173,0.11415463,0.13820061,0.05621663,0.052641064,0.06425857,0.062386934,0.042189304,0.052480042,0.049986303,0.056869946,0.02995585,0.04900184,0.036936473,0.04853925,0.14025664,0.042968072,0.14318748,0.10341596,0.038795322,-0.0038142216,0.039196853,0.012177928,0.1374486,0.09152959,0.15294597,0.13982691,0.121386394,0.088205524,0.13617854,0.12840444,0.10491233,0.08330812,0.120012954,0.119856484,0.036528092,0.02087243,0.042851206,0.03430699,0.02785033,0.018875511,0.035053667,0.02923694,0.021078823,0.015964435,0.025312142,0.02450708,0.13740875,0.06578868,0.14358668,0.12385537,0.04441134,0.024567945,0.046999924,0.038780864,0.14144084,0.13706411,0.16017318,0.15992759,0.11874889,0.12519611,0.1375405,0.14785407,0.061801624,0.050824694,0.07147846,0.0687857,0.049150255,0.04774895,0.05846454,0.06289468,0.034542862,0.043117292,0.042885687,0.05243692,0.11500477,-0.009067192,0.11369794,0.06954646,0.029121142,-0.023097947,0.02779234,0.0025496748,0.0936525,0.048346397,0.10256953,0.08772469,0.08767014,0.03650484,0.09575946,0.077173725,0.07418293,0.034334898,0.083978415,0.071899526,0.02042387,0.0050928504,0.024385853,0.01548264,0.015751077,-0.0011014631,0.019639594,0.013729393,0.009791582,-0.0020932294,0.011482261,0.01255508,0.11817069,0.047309216,0.12092035,0.096335456,0.02912368,0.022168206,0.030669557,0.026221275,0.11854618,0.0921691,0.13098566,0.11855541,0.10271342,0.08248984,0.11752784,0.11023224,0.033308893,0.035672214,0.038932536,0.042761624,0.029676631,0.032674365,0.035289776,0.040612698,0.023412269,0.03019422,0.02788469,0.035544958,0.0,0.006632629,0.0,0.0028891026,0.0,-0.00020372149
L_3b_ROI,Left,189,0.009090715,0.0096246,0.009472947,0.0,0.0028165728,0.0,0.00014468045,0.0,0.0016029223,0.0023089964,0.0027571078,0.0009161847,0.0012013557,0.0,0.0029943534,0.0,0.0034717638,0.0,0.003725625,0.0,0.0023645153,0.0,0.0041143545,0.0,0.0033979923,0.0,0.0026341423,0.13971782,0.069849245,0.13955879,0.114969365,0.028887061,0.008725874,0.023718435,0.0061224555,0.096208565,0.07332211,0.10585661,0.099233195,0.09383201,0.071980834,0.10472136,0.09769809,0.088911004,0.06761992,0.099369235,0.09622102,0.023696857,0.015521266,0.022425069,0.011487442,0.022211354,0.017227562,0.020716235,0.01240258,0.0204682,0.017276945,0.019565236,0.012030595,0.12804954,0.058712877,0.12687568,0.10848171,0.02471149,0.021006148,0.024849396,0.025840594,0.14133573,0.08833807,0.085827924,0.101086125,0.09834779,0.08273398,0.08835929,0.094322175,0.096551314,0.021441458,0.027230887,0.026215253,0.029628173,0.020015923,0.027850736,0.024990465,0.02888387,0.017332165,0.026767863,0.021915555,0.027597563,0.15514502,0.069795184,0.15014936,0.1151945,0.050898973,0.009352568,0.05136765,0.019245135,0.13069008,0.09624756,0.13746177,0.12674858,0.12745711,0.096718244,0.1352986,0.11795577,0.11507004,0.08852666,0.12306518,0.1059642,0.041419834,0.03330496,0.04887202,0.032282997,0.03814916,0.03430457,0.046676524,0.030606585,0.031944156,0.030699734,0.03931829,0.027304832,0.1450858,0.05816992,0.13906266,0.112557,0.039103936,0.017133936,0.03871054,0.029951498,0.13965511,0.10457842,0.14483915,0.12537366,0.12479877,0.101828404,0.13110314,0.11757078,0.045192335,0.045493774,0.050550673,0.048568185,0.043256786,0.042455252,0.04886612,0.04718288,0.035256248,0.037499104,0.041094426,0.043205168,0.13552369,0.021360181,0.12690078,0.09019567,0.040712964,-0.0043881005,0.036756404,0.015926046,0.09524016,0.07194758,0.10163254,0.09580117,0.094769254,0.070446186,0.102396175,0.08724052,0.08391326,0.062728584,0.09021424,0.07528656,0.017243685,0.023706513,0.02287747,0.023422316,0.015650762,0.023572443,0.022378998,0.02310217,0.011152148,0.022340702,0.016374124,0.021818416,0.14204414,0.053661164,0.13480844,0.103284135,0.037105605,0.02540389,0.036195245,0.03158003,0.14079429,0.103172705,0.1458674,0.12578182,0.12560977,0.099985786,0.13163604,0.11923142,0.04365274,0.047493365,0.04689194,0.047350004,0.042976405,0.045911416,0.046161633,0.048161533,0.035678197,0.042708006,0.039297104,0.045930985,0.0,0.0035850503,0.0,0.0010383845,0.0,0.00087118533
L_43_ROI,Left,279,0.019946117,0.0057028257,0.0048726643,0.0,0.013417331,0.0,0.009455058,0.0,0.0015956097,0.015250844,0.016314479,0.008752247,0.009321432,0.0,0.0018417536,0.0,0.013294368,0.0,0.008110985,0.0,0.0021046945,0.0,0.015083474,0.0,0.009170212,0.0,0.0040527866,0.16729553,0.11737779,0.17219462,0.16807486,0.05520885,0.028407048,0.056762997,0.04751755,0.15593743,0.18776892,0.19556397,0.21018445,0.1352216,0.18516685,0.17111024,0.20537478,0.11085683,0.17328805,0.13588993,0.17977099,0.05189049,0.051466104,0.073521204,0.07514111,0.04061289,0.05059108,0.06002825,0.06986959,0.030920021,0.04818625,0.042783774,0.055312026,0.1597455,0.10598138,0.1631764,0.14774202,0.04882601,0.030966131,0.04847453,0.04012503,0.18129115,0.15065561,0.17370585,0.18151413,0.20047234,0.119878516,0.16867897,0.14141652,0.17575729,0.065763064,0.04768293,0.0710647,0.061473552,0.05055983,0.04482859,0.05772167,0.057446133,0.035667587,0.041319754,0.040007863,0.046852812,0.14647867,0.10059559,0.15149792,0.13882457,0.024506425,0.0019087755,0.02057436,0.013109512,0.15075883,0.15028013,0.17574127,0.18470344,0.13442151,0.14799935,0.15845872,0.1793213,0.11219024,0.14018787,0.13306238,0.16024905,0.020343736,0.016302587,0.020818554,0.031273358,0.014585033,0.01633446,0.01590913,0.029563239,0.010489318,0.014680895,0.01041185,0.02306859,0.14498894,0.08689949,0.14966998,0.12452779,0.03537209,0.021955248,0.038023643,0.030756418,0.16087419,0.16165698,0.19065545,0.19838454,0.13247333,0.15196677,0.15700294,0.17288725,0.057188764,0.03908363,0.06426472,0.059448715,0.04458739,0.03489657,0.05321524,0.05584616,0.031713884,0.03172212,0.038483366,0.0462274,0.101929046,0.039868176,0.101881,0.08562734,0.0118538,-0.006384217,0.010949148,0.0026989162,0.08774652,0.07205302,0.09565354,0.08966592,0.081980586,0.070108354,0.08931767,0.08756617,0.073089935,0.06690386,0.08125332,0.07880958,0.010567428,0.0023120746,0.012469424,0.008967716,0.007741353,0.0015642975,0.009257076,0.00740336,0.0057415725,0.001216768,0.0070324107,0.005069844,0.10494483,0.05368835,0.10587669,0.08352463,0.015200106,0.01504788,0.015229124,0.014064311,0.10685105,0.09950534,0.11830978,0.114355825,0.094917715,0.08984887,0.10722851,0.102378316,0.021338308,0.019826705,0.023171568,0.023529766,0.016975036,0.018994542,0.019330101,0.021664774,0.012264673,0.01863798,0.014533733,0.017319903,0.0,0.013903012,0.0,0.00931348,0.0,0.00210472
L_44_ROI,Left,254,0.035662048,0.0080257645,0.0053854077,0.0,0.04068777,0.0,0.034757774,0.0,0.018721504,0.047529753,0.047934435,0.03270921,0.03475009,0.0,0.019356146,0.0,0.043693747,0.0,0.038068768,0.0,0.019087153,0.0,0.044723757,0.0,0.03884998,0.0,0.02465689,0.2885152,0.20064163,0.29106453,0.26736227,0.17015623,0.097913936,0.17293663,0.14886199,0.24164817,0.29393396,0.29717875,0.32904217,0.23691592,0.2896476,0.29322293,0.3331801,0.20380168,0.28057286,0.25046396,0.31109998,0.14311837,0.160375,0.17636572,0.19087622,0.13746725,0.1555226,0.17255248,0.19040152,0.11337588,0.14574204,0.1442905,0.17604075,0.27636817,0.22131693,0.28200153,0.24953921,0.14206621,0.11500835,0.1399191,0.12344787,0.24772145,0.2518718,0.27598238,0.29242897,0.31101325,0.22337195,0.27232414,0.2583495,0.29399487,0.13508202,0.13726239,0.14387448,0.14861788,0.1303819,0.13191347,0.14211729,0.15067005,0.10713243,0.12466424,0.11920295,0.1390524,0.24189207,0.15462103,0.24360523,0.21308218,0.10051442,0.039609954,0.097058356,0.08183457,0.20796193,0.22732565,0.24029544,0.2641461,0.20362747,0.22201444,0.23900601,0.26300976,0.17893124,0.2141961,0.20899253,0.24810374,0.09129375,0.08729084,0.09944374,0.116409436,0.08718967,0.08487416,0.09681892,0.117218606,0.071797065,0.078096196,0.08148549,0.10969996,0.24728212,0.18501136,0.25403056,0.21994375,0.10063922,0.061712183,0.10654397,0.094578035,0.24886231,0.24544789,0.2842085,0.29420927,0.2269305,0.24043213,0.25824094,0.28146383,0.10970884,0.09530051,0.12190115,0.1190029,0.10484786,0.09033596,0.118886895,0.12011292,0.08746928,0.08477071,0.10150385,0.11270018,0.16017908,0.08630593,0.15420593,0.13495316,0.04031452,0.014193962,0.037795924,0.030578544,0.116076656,0.1298305,0.12111989,0.13097404,0.11475135,0.12172526,0.12175678,0.12681922,0.10679131,0.1139997,0.11398333,0.11935622,0.03687536,0.039703142,0.040105484,0.04745483,0.035156682,0.03738677,0.03860146,0.04478008,0.030182928,0.032476906,0.03368816,0.040190015,0.17440332,0.12878402,0.1711881,0.15017173,0.048373085,0.040810194,0.047533866,0.045441892,0.15622519,0.15553997,0.16439499,0.16409038,0.14757858,0.1533463,0.15595405,0.16000794,0.044147603,0.05138872,0.045027144,0.05274688,0.041341495,0.047112767,0.0433225,0.04929954,0.034930866,0.04274878,0.037569568,0.0445098,0.0,0.04392978,0.0,0.036498126,0.0,0.019084314
L_45_ROI,Left,255,0.027321884,0.0066107307,0.0045179767,0.0,0.0274255,0.0,0.024674417,0.0,0.015082235,0.033510324,0.03336995,0.022653982,0.024055462,0.0,0.014212746,0.0,0.032425277,0.0,0.027828015,0.0,0.014993956,0.0,0.033737715,0.0,0.027085396,0.0,0.018604647,0.27958083,0.19409035,0.28632173,0.26130626,0.14342245,0.09437615,0.15012336,0.13123773,0.22521311,0.28082183,0.27797168,0.31076333,0.22480026,0.28263742,0.2787244,0.31668195,0.19793846,0.27148366,0.24698475,0.2957263,0.12914133,0.15601335,0.15922081,0.17812397,0.12562479,0.15373264,0.15876369,0.17929031,0.10403746,0.14447224,0.13627759,0.16492037,0.2378382,0.1666223,0.24163109,0.21832341,0.10704363,0.08031375,0.107907884,0.09865336,0.21577881,0.20661259,0.23959349,0.23928505,0.2562751,0.18144764,0.23530532,0.20896977,0.23671196,0.108924754,0.12360906,0.120805375,0.12778437,0.1012721,0.12418768,0.11657644,0.1255157,0.081660874,0.12018072,0.09640503,0.1139587,0.23877762,0.13871133,0.24396802,0.20753545,0.09181534,0.042446353,0.09312271,0.08079548,0.19920753,0.22311498,0.22931847,0.24787901,0.19762269,0.22111584,0.22884105,0.24784611,0.17629156,0.21271665,0.20767666,0.23372914,0.09169927,0.09294756,0.10285814,0.11846506,0.089172885,0.09165354,0.100832425,0.118683584,0.07411505,0.08552517,0.087200545,0.10885969,0.218456,0.1362081,0.22292908,0.19293593,0.07701033,0.054236945,0.07966637,0.075166576,0.2095102,0.23089649,0.23880856,0.2502997,0.1906127,0.2235643,0.21570756,0.2340131,0.08784336,0.09594549,0.09702671,0.09785295,0.08215644,0.09411394,0.0935109,0.09621405,0.067408726,0.089118235,0.07745779,0.08733253,0.15526795,0.06929683,0.15171506,0.12965754,0.033638068,0.016515343,0.03224587,0.030613234,0.112576276,0.120208055,0.11739029,0.11966173,0.11148215,0.119002685,0.11658597,0.11662449,0.10413981,0.114425145,0.11201287,0.112208165,0.0320394,0.037971664,0.03412742,0.044058114,0.031362712,0.03558714,0.034017835,0.041825317,0.027312908,0.031794105,0.030159352,0.036060154,0.16797343,0.10079461,0.1659639,0.15222214,0.037013,0.03647605,0.037312537,0.042227358,0.14714922,0.16722217,0.15585922,0.1639259,0.13685676,0.16253921,0.14708476,0.15848032,0.035157375,0.04921951,0.036561612,0.044085063,0.03334695,0.046597682,0.03512633,0.04350338,0.028351206,0.04309373,0.030987758,0.03863598,0.0,0.028007712,0.0,0.024761114,0.0,0.01493259
L_46_ROI,Left,264,0.010220728,0.0010026429,0.0009759997,0.0,0.007853058,0.0,0.0060073184,0.0,0.0029614535,0.006591723,0.009877572,0.00411865,0.0065840823,0.0,0.004331749,0.0,0.01247315,0.0,0.006211661,0.0,0.0029926691,0.0,0.012853152,0.0,0.0060996674,0.0,0.003452308,0.18807085,0.13530089,0.18417406,0.17746903,0.030507352,0.020882566,0.030188616,0.029673308,0.11191714,0.13541494,0.12215698,0.144166,0.110149115,0.13919267,0.1231186,0.14683568,0.105492026,0.13862227,0.11831485,0.14757824,0.018519953,0.033694085,0.021992613,0.026154222,0.017605955,0.03367406,0.021464657,0.028204793,0.015531849,0.032006286,0.018630132,0.02714822,0.17878616,0.114543304,0.17880593,0.16283251,0.025093164,0.024174927,0.025063459,0.026778208,0.18103625,0.11818492,0.1277757,0.13356328,0.14798832,0.11435911,0.13087474,0.13075888,0.15270926,0.020194644,0.03679151,0.024533572,0.031473577,0.019407984,0.036930192,0.024902612,0.03271881,0.01815483,0.03543563,0.022168035,0.03064743,0.22668105,0.15322983,0.22706798,0.2072163,0.03220803,0.019311765,0.032771412,0.02709007,0.16181673,0.17722145,0.17380735,0.19540301,0.16471,0.17932536,0.17735025,0.19497515,0.15649639,0.17609954,0.16922426,0.19087362,0.023937995,0.029004754,0.027820757,0.031481374,0.023996009,0.029413376,0.02854832,0.0324043,0.021851154,0.028800974,0.025697099,0.030907543,0.21478394,0.14543188,0.21571437,0.19643417,0.043122564,0.044089016,0.046058904,0.045212593,0.18468407,0.18732646,0.20063719,0.21255064,0.1755042,0.18761311,0.19288015,0.21268703,0.040389333,0.056634888,0.0481131,0.0571401,0.041152827,0.056318324,0.05008152,0.058418926,0.038212772,0.05530703,0.0465099,0.055267178,0.21704955,0.13842022,0.21478562,0.19851093,0.030954393,0.019375999,0.030866837,0.028476153,0.14929998,0.18223064,0.16273266,0.17882553,0.15297124,0.17973144,0.16613935,0.18036744,0.14658925,0.1728954,0.15905568,0.17550817,0.023184836,0.03183108,0.026428854,0.031058885,0.02375728,0.031619556,0.027240954,0.032907132,0.022179738,0.0311209,0.02514207,0.033503402,0.21522833,0.14242938,0.21290642,0.19573891,0.04305817,0.041912075,0.045838837,0.046556007,0.18615995,0.20306031,0.19975843,0.21324137,0.17755218,0.19708255,0.19166075,0.21224113,0.03765872,0.046750735,0.041919146,0.048081063,0.039424233,0.046850145,0.044009794,0.05045084,0.03687911,0.045857627,0.041849952,0.05104269,0.0,0.01332687,0.0,0.0059851403,0.0,0.004104138
L_47l_ROI,Left,256,0.024397882,0.0057090297,0.004671439,0.0,0.020962235,0.0,0.0189276,0.0,0.013167829,0.023993703,0.024911162,0.016451012,0.019073619,0.0,0.016086755,0.0,0.022395551,0.0,0.020554138,0.0,0.014374108,0.0,0.022943636,0.0,0.01990485,0.0,0.017601077,0.22787221,0.15205038,0.24012373,0.22172166,0.084917076,0.043080427,0.0938253,0.08316798,0.15474524,0.20021965,0.19708632,0.21620537,0.15950061,0.20740558,0.20210774,0.2267482,0.14784302,0.20813438,0.18743001,0.22647454,0.058682602,0.08414669,0.08307147,0.09290402,0.05935621,0.0846672,0.084698565,0.09755279,0.052321214,0.083285056,0.07450174,0.09662814,0.19892755,0.15352823,0.21471961,0.19437005,0.05668003,0.060796853,0.064582214,0.06268591,0.17610648,0.16057329,0.22116372,0.20156135,0.22201116,0.1480497,0.21475728,0.18481256,0.21437043,0.05811386,0.08740974,0.06880068,0.081618376,0.05453593,0.08685593,0.068653755,0.0810123,0.044525973,0.0816895,0.057348784,0.075628266,0.20116591,0.10209275,0.20972641,0.17515002,0.06300269,0.018002365,0.064210944,0.051204965,0.14042832,0.16020751,0.1658204,0.17747903,0.14486639,0.16489087,0.17218956,0.18227354,0.13450168,0.16348389,0.16321465,0.18067431,0.036531296,0.059880182,0.046237033,0.06036127,0.037000764,0.059853658,0.04743112,0.062891595,0.03157458,0.055937108,0.042136252,0.061108723,0.18589552,0.12565827,0.19851562,0.17013273,0.050982192,0.04206097,0.05827618,0.053615972,0.17853764,0.21491319,0.21262424,0.22011513,0.16731146,0.20447515,0.19863442,0.21171883,0.060391128,0.082606025,0.0724657,0.08112366,0.057626184,0.07976251,0.071841344,0.07973116,0.047779564,0.07246595,0.06158674,0.074253455,0.14376959,0.041756216,0.13889886,0.1119822,0.047493286,0.0055319676,0.04326467,0.027606212,0.08828836,0.07980685,0.09337915,0.08982409,0.088389106,0.07677432,0.09495994,0.089516975,0.08458873,0.07594107,0.09371899,0.088701494,0.023940263,0.031894203,0.02916211,0.031757265,0.023373168,0.026834903,0.028334653,0.03041962,0.020510806,0.02267703,0.025794031,0.028066983,0.14752112,0.079386756,0.14733389,0.12722717,0.038131114,0.033535477,0.03980828,0.036622435,0.13263643,0.14237656,0.14417951,0.14602241,0.12694035,0.13648416,0.13842037,0.14235784,0.03866238,0.05568284,0.043288685,0.050438635,0.03772941,0.05294878,0.04181325,0.04898871,0.033039458,0.047244206,0.037703652,0.04659221,0.0,0.022092713,0.0,0.02071074,0.0,0.01336147
L_47m_ROI,Left,246,0.008247243,0.006571998,0.0066088173,0.0,0.014425093,0.0,0.013803619,0.0,0.010975376,0.015632305,0.016744329,0.010422245,0.011539886,0.0,0.0092625525,0.0,0.011736047,0.0,0.015255677,0.0,0.00870914,0.0,0.01290655,0.0,0.015356083,0.0,0.009300007,0.1627905,0.15066183,0.1798486,0.17331375,0.052440424,0.05975238,0.067073405,0.066645995,0.110033885,0.15736234,0.14455383,0.17430124,0.11478562,0.1559347,0.1494016,0.1863978,0.10753766,0.15218182,0.14637013,0.1842191,0.03720583,0.07683489,0.056697045,0.07625421,0.041024473,0.08145243,0.059267234,0.08172958,0.03630788,0.08480179,0.057598744,0.07884914,0.16653384,0.16571505,0.19470027,0.18180564,0.056556616,0.08212617,0.07374054,0.077183045,0.18214385,0.12949765,0.18062086,0.17105548,0.21135974,0.12379468,0.18108386,0.17110349,0.21446905,0.042418987,0.088828355,0.057479903,0.07861554,0.04628071,0.087449044,0.06306744,0.08625538,0.04137291,0.08585548,0.05952102,0.08416394,0.17255594,0.120491125,0.17882521,0.15113735,0.06840656,0.045997724,0.07438737,0.06291123,0.1397011,0.14282858,0.15998587,0.16237858,0.14127576,0.13315694,0.1608655,0.1701023,0.123489976,0.12637968,0.1483022,0.16264758,0.05901286,0.08848354,0.07212122,0.08586472,0.05952952,0.08978981,0.07177735,0.08657557,0.04979341,0.08692566,0.06440226,0.081878215,0.1868849,0.13058192,0.20057236,0.17407437,0.084010646,0.06184885,0.09512391,0.08304099,0.18616115,0.1919581,0.21676858,0.2370404,0.16565678,0.17967224,0.20212229,0.2307845,0.082275726,0.103184745,0.100526914,0.105439186,0.08249581,0.098176785,0.10197121,0.10823821,0.06814567,0.09069828,0.08854645,0.10208209,0.1387024,0.07381095,0.13149983,0.10428265,0.053022835,0.0263556,0.050529063,0.036084875,0.11364499,0.07662694,0.11691312,0.10124439,0.11239185,0.065916955,0.11665127,0.10336855,0.09739764,0.062076062,0.102562524,0.09698917,0.04717989,0.044522185,0.05304807,0.057022817,0.04718467,0.043625534,0.05237939,0.054176573,0.04029867,0.042350993,0.045639962,0.048169475,0.17357506,0.10047995,0.16979495,0.13911438,0.07745804,0.060332105,0.07590961,0.061636273,0.1749916,0.15536398,0.18779735,0.18360107,0.14873086,0.14386989,0.16425456,0.17177233,0.081746526,0.07595466,0.088298164,0.088777415,0.07849744,0.072164595,0.08447084,0.08496799,0.062965386,0.06635203,0.06950402,0.074981935,0.0,0.013511434,0.0,0.014079927,0.0,0.008228054
L_47s_ROI,Left,274,0.023067083,0.001811274,0.00078794075,0.0,0.015473418,0.0,0.016630875,0.0,0.012831715,0.017846853,0.019067135,0.013993115,0.017468803,0.0,0.0152122425,0.0,0.015415723,0.0,0.017364023,0.0,0.016588213,0.0,0.016479913,0.0,0.017607212,0.0,0.019095158,0.16458283,0.15751784,0.18672031,0.19257765,0.03861551,0.03246215,0.04552967,0.04009208,0.096583664,0.16507004,0.12710348,0.16092366,0.098001264,0.17142107,0.13178168,0.16903572,0.09511269,0.1768361,0.1289848,0.16573796,0.017851265,0.037620213,0.030629423,0.036649026,0.017848223,0.042057145,0.031095086,0.039558783,0.016983883,0.043715585,0.029432114,0.038390264,0.15964082,0.18667987,0.19372101,0.209923,0.033621874,0.06010258,0.04433302,0.05519962,0.12684342,0.11029877,0.21489568,0.15215556,0.19610742,0.10845301,0.22133866,0.15123561,0.19688195,0.025409486,0.059491098,0.036169972,0.050683446,0.02656755,0.061827607,0.03723128,0.053656425,0.024228225,0.061536018,0.036416642,0.052838825,0.14529926,0.10971463,0.16105224,0.14555784,0.035652943,0.02910114,0.039215542,0.029206961,0.09227463,0.11927074,0.11037259,0.12797081,0.09323589,0.12194971,0.11524846,0.13091312,0.08785775,0.12914075,0.11075584,0.12797473,0.012631764,0.034362916,0.018204713,0.025131779,0.013294761,0.03768365,0.02026935,0.027425343,0.012897056,0.03871876,0.018497687,0.027522566,0.15190822,0.15525965,0.17918971,0.18354057,0.036625925,0.048240773,0.047894698,0.051534273,0.13189518,0.2034673,0.16675636,0.19392535,0.12666883,0.21164368,0.16317202,0.19344278,0.03383965,0.06189544,0.046660952,0.058809172,0.03550535,0.06324365,0.048912562,0.059531983,0.0314627,0.061715867,0.04481846,0.057370957,0.11314741,0.043924805,0.11793349,0.09947958,0.034895845,-0.0013429952,0.03592523,0.019397259,0.0637067,0.060349572,0.07185628,0.076602146,0.063517585,0.05611207,0.0736676,0.07304393,0.05875714,0.06098796,0.07078805,0.06932055,0.011340696,0.02049557,0.016831333,0.01778102,0.011920686,0.019264407,0.01766463,0.017149847,0.010740944,0.015931144,0.015629621,0.014751332,0.12925892,0.110968,0.14409213,0.14784518,0.030425485,0.029952973,0.03583316,0.03281919,0.10785401,0.16201141,0.12739788,0.14559619,0.10165573,0.16558455,0.12460886,0.1418082,0.027076246,0.046710163,0.034166187,0.043432884,0.028295571,0.046592705,0.03530306,0.04294755,0.024864756,0.04312468,0.0323999,0.03984508,0.0,0.015655128,0.0,0.01549453,0.0,0.014303894
L_4_ROI,Left,188,0.023232406,0.0057973894,0.004876837,0.0,0.010006792,0.0,0.0041468963,0.0,0.0011099122,0.01008643,0.011939143,0.0037256617,0.0057650213,0.0,0.0020927112,0.0,0.01008228,0.0,0.00843232,0.0,0.0025984892,0.0,0.011912511,0.0,0.0077179647,0.0,0.0032336498,0.18138562,0.07761139,0.17310166,0.14148319,0.06819402,0.015738592,0.06393342,0.036470503,0.19021581,0.16469362,0.20870376,0.20786664,0.15613258,0.16073976,0.17712592,0.1998395,0.12314359,0.15269484,0.13770029,0.17062187,0.084271036,0.06451076,0.09330028,0.082740314,0.06509746,0.059944626,0.075792566,0.07553221,0.0460918,0.0531171,0.055015028,0.06178504,0.17083815,0.098040774,0.16286322,0.14287232,0.058634087,0.024339715,0.052005507,0.03908219,0.20132057,0.14993905,0.165187,0.16823944,0.1862365,0.121042244,0.16208176,0.13470402,0.1648057,0.07258343,0.053583592,0.07193833,0.06362539,0.055883832,0.05103842,0.05867582,0.058213007,0.038678475,0.047898404,0.041844074,0.048593078,0.17374845,0.07285971,0.16818641,0.13565359,0.050941125,0.0015276885,0.04924133,0.02420401,0.192951,0.1403097,0.20700553,0.19513105,0.16377199,0.13661505,0.18109629,0.18428062,0.13124098,0.1328516,0.1444689,0.1613482,0.069449194,0.0406656,0.07123624,0.06305438,0.052931312,0.036528617,0.058712065,0.05619901,0.035282962,0.031400952,0.03972238,0.045868225,0.16770734,0.08637597,0.1637453,0.14409874,0.05321302,0.020179462,0.052984707,0.0390662,0.17416595,0.1655646,0.19439851,0.19385089,0.14054105,0.1588364,0.15627488,0.1732458,0.07662449,0.056710664,0.08262557,0.076395325,0.060508892,0.049929224,0.06930279,0.06895466,0.04086471,0.042588953,0.049279906,0.056630377,0.13554896,0.024097249,0.12876664,0.09443402,0.024995632,-0.013706423,0.024238022,0.0051808273,0.11761475,0.080470614,0.121806875,0.10837933,0.10751634,0.075279355,0.111717194,0.09759256,0.09090812,0.07440794,0.096260935,0.08953599,0.028102288,0.016781362,0.031137137,0.027653363,0.022173662,0.0110403,0.024946425,0.022886362,0.01499188,0.008670354,0.01728199,0.019374494,0.14105774,0.055205945,0.13530861,0.10923694,0.02919722,0.019340575,0.02813072,0.021719456,0.13902304,0.111996256,0.1484351,0.12896979,0.115849055,0.10592028,0.124711625,0.12114683,0.038511075,0.036639597,0.042221185,0.042207967,0.03212101,0.031178284,0.036254257,0.03596098,0.022292264,0.02611589,0.025532242,0.029689338,0.0,0.009607033,0.0,0.007027283,0.0,0.00070916425
L_52_ROI,Left,283,0.0430919,0.006000611,0.0036298095,0.0,0.030431088,0.0,0.022920746,0.0,0.0075758165,0.030200627,0.032484617,0.020495558,0.023156317,0.0,0.008610583,0.0,0.029604034,0.0,0.022465568,0.0,0.008409294,0.0,0.031292032,0.0,0.022259401,0.0,0.011802146,0.21185824,0.15209462,0.22115079,0.21351875,0.109823935,0.07519471,0.113192506,0.10212665,0.19938923,0.24634777,0.24891631,0.26455256,0.17029284,0.23296997,0.21088076,0.24544658,0.13838941,0.21948431,0.17172445,0.21182992,0.09073567,0.10719019,0.13141806,0.13823439,0.071163096,0.099986225,0.10551895,0.13168818,0.052394897,0.092578284,0.07919547,0.11325158,0.18528916,0.1745233,0.20673528,0.20926501,0.090516835,0.07638141,0.09132454,0.08105225,0.16989945,0.16543692,0.23299268,0.20966099,0.25407138,0.14037055,0.22685507,0.18173768,0.23107539,0.09960681,0.101675324,0.11096395,0.11328157,0.08273984,0.09686479,0.0950669,0.1071691,0.06485724,0.09412339,0.07687221,0.09253155,0.1473142,0.10808564,0.15581946,0.14798178,0.050085273,0.026121471,0.041542497,0.04249824,0.12907624,0.17522825,0.15939729,0.18933855,0.11518737,0.16519241,0.14236574,0.17429651,0.09556181,0.15518028,0.12044484,0.15091811,0.026578814,0.036097508,0.028705355,0.052405365,0.019929804,0.03362381,0.020551963,0.05202829,0.014160542,0.030547198,0.015597395,0.045403197,0.15694128,0.1508937,0.18363777,0.18657075,0.06161019,0.04834598,0.07246148,0.069610745,0.16112816,0.23957624,0.20994696,0.25450245,0.14467289,0.23098543,0.18804666,0.23464574,0.081587225,0.095399275,0.1021844,0.112473354,0.06839615,0.092092246,0.08756208,0.10762872,0.053577658,0.085442066,0.07184461,0.09450503,0.074368596,-0.0037885879,0.07216543,0.048512235,0.01623304,-0.015644366,0.012509594,-8.712258e-05,0.043095384,0.022338811,0.04569662,0.040969636,0.040636357,0.013059138,0.04497784,0.033259902,0.033334944,0.007548128,0.036436036,0.022938238,-0.0015193493,-0.0068738763,0.00071764184,-0.002901366,-0.0022790078,-0.0098791765,-0.00087606825,-0.0035316406,-0.0027992264,-0.013701194,-0.0014133307,-0.0059550405,0.107730225,0.1022948,0.12263821,0.12832685,0.022638742,0.029376643,0.026395645,0.028331855,0.10600738,0.17394672,0.13048214,0.15173103,0.10092479,0.1672449,0.12590943,0.14740144,0.028038207,0.060438845,0.036911953,0.050351527,0.024940379,0.057566915,0.031956237,0.047407262,0.020384418,0.052164022,0.027318481,0.04212639,0.0,0.029921899,0.0,0.022721244,0.0,0.0090479115
L_55b_ROI,Left,192,0.025354315,0.0074924226,0.006357462,0.0,0.011461744,0.0,0.0062699253,0.0,0.0033283345,0.011265382,0.012163816,0.005436283,0.0056372704,0.0,0.0039052009,0.0,0.012369791,0.0,0.007817693,0.0,0.0044346866,0.0,0.012744888,0.0,0.007837656,0.0,0.004721036,0.22753501,0.14837335,0.22026536,0.19229046,0.082464,0.06659997,0.083168454,0.07561537,0.20269671,0.2135533,0.23372518,0.2502246,0.18630873,0.21277726,0.21448089,0.24590442,0.15598857,0.20198882,0.18110892,0.22196199,0.09376952,0.109658055,0.11527575,0.12462439,0.07985706,0.10628129,0.101216614,0.117416605,0.059667237,0.098541096,0.077472635,0.1028804,0.18780707,0.12856592,0.1799483,0.1533094,0.056316465,0.05415013,0.05492229,0.053422786,0.19117342,0.16094033,0.17687997,0.17469801,0.19094731,0.13891418,0.17084588,0.1533934,0.17570518,0.07069407,0.08465391,0.076835446,0.084815025,0.057503168,0.08233114,0.0663976,0.07929641,0.041631997,0.07547366,0.05049986,0.06602309,0.20010506,0.11735143,0.19441965,0.1613598,0.05648742,0.03489636,0.054961894,0.052077346,0.19370481,0.17169777,0.21320294,0.21694137,0.17735726,0.1693218,0.19743098,0.20992826,0.15055282,0.15905504,0.16727649,0.18863247,0.07394182,0.06795361,0.08006817,0.09383006,0.06542697,0.06648042,0.07296726,0.09169267,0.051051877,0.062219325,0.058037642,0.08071541,0.17682219,0.10979654,0.17370655,0.14731859,0.06094838,0.043391153,0.062089384,0.055355847,0.17528734,0.15757926,0.19079828,0.19457628,0.15184563,0.147166,0.16624717,0.17765379,0.07438293,0.06833198,0.0825078,0.08571647,0.06414839,0.065519534,0.07503492,0.08152228,0.04941082,0.060689516,0.05917791,0.06950227,0.14210314,0.070396475,0.13423108,0.111926734,0.025681376,0.01760641,0.027102064,0.024402784,0.112785466,0.10451478,0.11690898,0.11428274,0.10641824,0.10642219,0.11128343,0.110482335,0.09607328,0.10060559,0.101082504,0.10383664,0.030898934,0.03008704,0.035373565,0.04033384,0.03029828,0.032262985,0.035474878,0.04093602,0.027543377,0.031857505,0.032075386,0.037691873,0.14232641,0.087667875,0.13560666,0.116480425,0.040503606,0.04337383,0.042973015,0.0432901,0.13154936,0.118402176,0.138121,0.13279146,0.11614763,0.1079514,0.12228285,0.12503685,0.040297274,0.04696947,0.045482233,0.051312484,0.036423743,0.046263073,0.04351512,0.051290907,0.030747872,0.043969188,0.036150966,0.046134796,0.0,0.009827646,0.0,0.007366535,0.0,0.005024008
L_5L_ROI,Left,219,0.017142588,0.0020471509,0.00081923686,0.0,0.0097701475,0.0,0.0029629355,0.0,-0.00018517135,0.0080349,0.010947091,0.0027127864,0.004400358,0.0,0.0016131268,0.0,0.009517818,0.0,0.0027157308,0.0,0.0009947959,0.0,0.009291627,0.0,0.0033860647,0.0,0.0028942996,0.10960865,0.04565519,0.10873924,0.09089789,0.030905403,0.012754062,0.033045296,0.029388553,0.06971956,0.05999488,0.08212648,0.085646816,0.06936098,0.06770481,0.08241373,0.082360685,0.069270395,0.06949463,0.081680164,0.07523823,0.025407316,0.0146203805,0.03228014,0.032603443,0.026718643,0.013148742,0.033950415,0.029348927,0.025079327,0.012161747,0.030718563,0.024307713,0.09201111,0.044275288,0.09198068,0.07282763,0.025522577,0.0199606,0.024148466,0.020974487,0.12311481,0.056205977,0.06877409,0.0664133,0.072536126,0.05741964,0.07065838,0.067183055,0.06713257,0.017533122,0.027641822,0.021022934,0.028850192,0.017790211,0.028624287,0.02080989,0.027856579,0.016984265,0.029551648,0.019355658,0.023086715,0.1459885,0.0824462,0.14091296,0.12309285,0.036496315,0.0113104405,0.034996424,0.027727127,0.11945256,0.09565292,0.12924565,0.13472863,0.11792233,0.101998694,0.12481369,0.13248613,0.10875881,0.10525174,0.11720895,0.121444665,0.035584223,0.03148699,0.03725877,0.03662327,0.035049353,0.031895667,0.036291476,0.03721076,0.03070177,0.02812281,0.03203463,0.03474512,0.12721781,0.05841524,0.122279875,0.09865868,0.037195433,0.030063726,0.038129006,0.029911904,0.120726146,0.09394035,0.12794037,0.1256007,0.10972718,0.0957243,0.11672915,0.11404871,0.03966361,0.047649633,0.045409452,0.051451895,0.038953573,0.05075239,0.044822894,0.049589463,0.03337389,0.05047568,0.038990345,0.044514883,0.14052738,0.07789331,0.13737872,0.123617396,0.021959405,-0.0071805487,0.019325737,0.0067518526,0.11117436,0.094316825,0.121591374,0.12264251,0.10816686,0.09947909,0.11582054,0.12716486,0.0979026,0.10493287,0.107494235,0.117503926,0.020863265,0.011858232,0.024131466,0.017620591,0.019753594,0.012195356,0.021996574,0.019679341,0.015200643,0.009404607,0.01652248,0.01752028,0.14038002,0.08055096,0.13850044,0.1191862,0.03168315,0.029082475,0.033815116,0.03188332,0.13805202,0.12030863,0.14906918,0.15327896,0.122646675,0.12338758,0.13491073,0.14459407,0.039276306,0.047686636,0.045215596,0.04743896,0.037546605,0.051714025,0.043967895,0.049133595,0.031432036,0.051677953,0.037680235,0.048246276,0.0,0.010525345,0.0,0.004133564,0.0,0.0018374714
L_5m_ROI,Left,216,0.008389795,0.0023510528,0.002131401,0.0,0.0018496179,0.0,0.0021008572,0.0,0.0030180512,0.0027338343,0.0027212647,0.0021959448,0.002815775,0.0,0.0035126691,0.0,0.0024225307,0.0,0.0024057557,0.0,0.0033679034,0.0,0.002039066,0.0,0.0034003032,0.0,0.003202894,0.06113523,0.027968584,0.075750634,0.070519164,0.0064583845,-0.0066250837,0.008733956,0.0071348394,0.03663092,0.034966193,0.045594685,0.04693311,0.034487154,0.034921266,0.047023896,0.04307824,0.036598627,0.039867647,0.045351207,0.05090398,0.0033363278,0.0009894737,0.003326541,0.00021562383,0.003338015,0.001816346,0.0031924362,0.002864543,0.003937479,-0.00017822,0.0045752497,0.004277908,0.0605045,0.04896318,0.07404988,0.07666791,0.0058116238,0.009540961,0.007945596,0.010842861,0.05647449,0.038289513,0.06035145,0.055989984,0.06286765,0.04005393,0.06293916,0.049908187,0.0630743,0.0050108256,0.018344473,0.0059404154,0.013218492,0.0042966683,0.018343981,0.006031985,0.013455645,0.004159738,0.01745084,0.0065819346,0.01110431,0.06818242,0.039603285,0.084477946,0.07805021,0.011661763,-0.0019295104,0.01608308,0.011438811,0.049850885,0.034144614,0.0644337,0.073102646,0.04906524,0.034035146,0.065223515,0.07043309,0.0496614,0.042252816,0.061733883,0.07389844,0.0065316926,0.002985269,0.00979063,0.006058502,0.0059894207,0.0056313155,0.008344904,0.008016303,0.006280864,0.005629246,0.008487374,0.008162858,0.064639345,0.056623932,0.08087515,0.08125388,0.01036624,0.014076312,0.013829335,0.01609984,0.05522873,0.06490137,0.07528507,0.08743262,0.054722074,0.06754805,0.069163814,0.0820695,0.011091768,0.023925195,0.016941335,0.02382664,0.009775466,0.021957617,0.01563211,0.023201127,0.0078056236,0.019798664,0.012911289,0.020716462,0.06645555,0.03265765,0.08162154,0.07433783,0.010262629,-0.015700491,0.012931173,0.0060616634,0.044225033,0.025105087,0.057560686,0.06681579,0.04398369,0.020570932,0.05778819,0.06570829,0.044254724,0.030879883,0.05685461,0.06800342,0.0064720684,0.00048459406,0.009536908,0.007471815,0.005998082,-0.0019193074,0.009181523,0.008371012,0.0054449667,-0.0026392336,0.0071881865,0.008702947,0.06463207,0.07211436,0.07998251,0.08622717,0.01049745,0.014989078,0.013989673,0.01557289,0.055823687,0.06531125,0.073442586,0.087627225,0.05325022,0.06892424,0.068025045,0.08319176,0.011206584,0.02810842,0.017639976,0.025765093,0.011286428,0.026239345,0.017044384,0.026795747,0.009495177,0.024250757,0.013962115,0.024727505,0.0,0.0027988816,0.0,0.0027788603,0.0,0.0026696923
L_5mv_ROI,Left,217,0.011478436,-0.0009503887,-0.0013707523,0.0,0.0056958823,0.0,0.0019616436,0.0,0.0020206554,0.0033942212,0.006097236,0.001323717,0.0035889014,0.0,0.0026727493,0.0,0.006493976,0.0,0.0027581248,0.0,0.0028324723,0.0,0.005775191,0.0,0.003320594,0.0,0.00353337,0.13259842,0.060138524,0.12838033,0.10904853,0.03645497,0.020676672,0.033621404,0.023011955,0.085711755,0.080659024,0.09672063,0.101031356,0.08668181,0.084612854,0.09839755,0.10375797,0.08179366,0.07863295,0.093395755,0.09932309,0.026641836,0.034907904,0.030035524,0.032428976,0.026757352,0.03650404,0.029996013,0.029908475,0.024679743,0.036943235,0.027536325,0.026217248,0.118764564,0.07808243,0.11982102,0.103338555,0.026205607,0.037592404,0.027065037,0.027428573,0.15383974,0.081379265,0.09143195,0.09376923,0.09973241,0.079064414,0.09416696,0.09120052,0.09930825,0.02053006,0.038151182,0.024629997,0.032720357,0.020659126,0.039040864,0.024928274,0.031304147,0.018924668,0.04131898,0.023981841,0.02827081,0.16749407,0.10533715,0.16040891,0.13605794,0.043588188,0.021673132,0.04149296,0.030886421,0.14291395,0.1192022,0.15188491,0.15928091,0.13777998,0.12392522,0.14684936,0.15727077,0.12047311,0.12021277,0.13003346,0.14256322,0.049285974,0.05181721,0.052930716,0.058391288,0.045279328,0.049985137,0.047911085,0.05469946,0.035521477,0.04756197,0.039455775,0.048086826,0.15120184,0.10856071,0.15013345,0.12882297,0.047635663,0.040430382,0.04842955,0.036950953,0.15053935,0.14022446,0.1649991,0.17018889,0.13345517,0.13861403,0.14871141,0.15815452,0.056936514,0.06636631,0.06457966,0.07027447,0.052554715,0.064540684,0.060705125,0.065149516,0.041646644,0.06150362,0.050700095,0.058176346,0.16009557,0.094612844,0.1550705,0.13222227,0.03618456,0.017163925,0.035589844,0.025646599,0.13470522,0.12890236,0.14574833,0.15078072,0.12870207,0.12783664,0.14001265,0.15020299,0.1118143,0.12291779,0.123503104,0.13603798,0.040845927,0.04719815,0.047762185,0.050474253,0.038208187,0.046361834,0.04457662,0.048662484,0.03081486,0.044791732,0.036984384,0.044401437,0.15988968,0.120111234,0.15845467,0.1353112,0.052813116,0.05073574,0.055317383,0.044288095,0.16470037,0.172361,0.18103789,0.1914452,0.14418176,0.1655115,0.15922405,0.17622286,0.06261849,0.073210284,0.071504764,0.07499257,0.058173478,0.07442038,0.068213046,0.07360576,0.04761874,0.072206154,0.056803912,0.06985733,0.0,0.0054762545,0.0,0.003301053,0.0,0.002489777
L_6a_ROI,Left,276,0.0017799499,0.0017321421,0.0014545314,0.0,0.0025535189,0.0,0.0033841005,0.0,0.005509854,0.0024624316,0.0028811686,0.0022828,0.00330492,0.0,0.005771891,0.0,0.0064481418,0.0,0.0037921963,0.0,0.006964135,0.0,0.0032546574,0.0,0.0045596436,0.0,0.0072181793,0.16661252,0.11312796,0.15717217,0.1428988,0.025329728,0.023582013,0.026934387,0.024867442,0.1128198,0.1410967,0.12373424,0.14315185,0.11303026,0.1508728,0.124963805,0.14520825,0.10560826,0.1492399,0.11525102,0.14038463,0.021962762,0.02935773,0.026256325,0.029492734,0.021228343,0.038091123,0.026120482,0.03033202,0.018844353,0.040900793,0.024611516,0.028735824,0.17026398,0.07982994,0.16502844,0.12916633,0.025251748,0.027452724,0.03105909,0.031355176,0.18716171,0.12963697,0.14196059,0.14324,0.15126313,0.12087909,0.14092505,0.13271452,0.14598845,0.023977177,0.03860021,0.028663646,0.033154834,0.02338633,0.04686775,0.028777748,0.035097532,0.020147545,0.048186306,0.02657758,0.03549428,0.18526931,0.10945021,0.17737986,0.15113093,0.032496903,0.015093098,0.031539228,0.022516578,0.16620496,0.15950379,0.17115603,0.17740922,0.16059366,0.15799071,0.1677462,0.1706035,0.1432365,0.14838494,0.15164974,0.15822186,0.04056826,0.037893865,0.043109093,0.04319835,0.03814328,0.04141456,0.04066399,0.042210225,0.030617606,0.037967894,0.03418713,0.037878405,0.18445267,0.09163403,0.1742587,0.13952997,0.04667454,0.030175755,0.047460314,0.036677636,0.18192627,0.16651522,0.19012968,0.18629716,0.16321659,0.1562611,0.1729802,0.17302607,0.055428214,0.0515913,0.058582686,0.058648825,0.05235424,0.057400927,0.05676901,0.059501223,0.04252046,0.05440354,0.04872855,0.05533139,0.15952335,0.082344696,0.15107957,0.12671447,0.026570557,0.010756402,0.024089186,0.017181145,0.14419161,0.14397226,0.14642952,0.14661361,0.13603209,0.13719259,0.13898884,0.13763082,0.11928554,0.12590192,0.124190524,0.12536812,0.033205573,0.024793789,0.034487985,0.033052895,0.031178843,0.027481714,0.032896433,0.032455735,0.025536017,0.024771454,0.026782991,0.028875383,0.17267896,0.08255679,0.16111325,0.127431,0.05067434,0.033835553,0.046983793,0.036109414,0.17168619,0.16248286,0.17419086,0.16783771,0.15294622,0.14817071,0.15868565,0.15446521,0.058479007,0.0457331,0.059750818,0.055300362,0.05412692,0.04834697,0.05597244,0.054939408,0.044515256,0.043816708,0.046208203,0.051023908,0.0,0.0060596624,0.0,0.0042601274,0.0,0.006123234
L_6d_ROI,Left,234,0.0056530423,-0.003074204,-0.004542437,0.0,0.005121603,0.0,-0.0023133045,0.0,-0.003470434,0.0036611,0.0050716917,-0.0013401116,-0.0011370498,0.0,-0.002437888,0.0,0.004889475,0.0,-0.001029265,0.0,-0.0021194692,0.0,0.004350983,0.0,-0.00046406308,0.0,-0.0013453207,0.09472127,0.08209355,0.09425395,0.10415345,0.014852262,0.029231591,0.017623378,0.02810918,0.0658131,0.11110457,0.07638853,0.09879512,0.060719974,0.106652424,0.0706579,0.10013367,0.054869775,0.10346125,0.06439328,0.086334206,0.015836876,0.015148504,0.023478173,0.031509396,0.010321424,0.016307756,0.018197112,0.025509972,0.006293728,0.016907109,0.0140444245,0.019044286,0.09389692,0.07140018,0.09352949,0.09056461,0.012774221,0.014877296,0.010658,0.010062628,0.1455121,0.06806387,0.104490094,0.07569297,0.09795158,0.066028096,0.107622206,0.07619661,0.09391046,0.013430687,0.014437414,0.0151495915,0.018100737,0.012716374,0.018658802,0.013389615,0.017882824,0.010066427,0.023690253,0.012537142,0.013884834,0.13820745,0.10458161,0.13698454,0.13383974,0.020903097,0.008764761,0.017099889,0.021126457,0.12826796,0.14578928,0.13809039,0.14763069,0.11993737,0.14361273,0.13101947,0.14445764,0.10350747,0.13941859,0.11480535,0.12587416,0.031277627,0.035712067,0.030091595,0.041154746,0.025708152,0.034887444,0.02471714,0.036241923,0.017338496,0.030574275,0.017585978,0.027311329,0.13475014,0.0900712,0.13581754,0.12646918,0.027953077,0.023828983,0.0269385,0.021377178,0.13998541,0.1647561,0.15407096,0.16560154,0.12472485,0.16143632,0.14030388,0.15045106,0.041444067,0.0464887,0.045285236,0.051252246,0.036368124,0.047584955,0.04106206,0.047658794,0.027091643,0.045849677,0.033161703,0.038351785,0.13586685,0.09594287,0.13567807,0.12228193,0.009339566,0.004696242,0.0072479364,0.0028725623,0.1259787,0.13540272,0.13862036,0.13510491,0.11822538,0.13112639,0.13291818,0.13300873,0.10040973,0.12893917,0.114204355,0.12117743,0.024247216,0.031273168,0.02777863,0.032989018,0.019948754,0.032272883,0.02368247,0.027017968,0.0125778755,0.029235533,0.014514128,0.021861818,0.14630255,0.08402932,0.14460833,0.12146639,0.032105856,0.027751712,0.03140026,0.027388278,0.16054495,0.17423223,0.1769829,0.1755812,0.13969623,0.1670693,0.15691555,0.16212799,0.043360535,0.0453307,0.046684172,0.049052157,0.038815614,0.046501573,0.04366797,0.047386415,0.029699279,0.045051362,0.034159396,0.040419307,0.0,0.0053114,0.0,-0.00011541963,0.0,-0.00087270525
L_6ma_ROI,Left,224,0.0071648145,0.0027819278,0.0026202032,0.0,0.0029754362,0.0,0.003201176,0.0,0.005312446,0.0030109629,0.004476419,0.0021235214,0.0032616905,0.0,0.006079169,0.0,0.004161835,0.0,0.004350338,0.0,0.00641455,0.0,0.003941778,0.0,0.003860395,0.0,0.0073100002,0.16612838,0.11766295,0.16016483,0.14680113,0.015213455,0.0070183417,0.015275105,0.012821259,0.10978417,0.1259646,0.12356035,0.13915083,0.10981953,0.12478078,0.1202967,0.13976191,0.100253984,0.12448215,0.10948552,0.13663733,0.01235308,0.015080517,0.0146855125,0.014431392,0.01128223,0.01686856,0.012883679,0.014749927,0.0088226525,0.016815007,0.01029279,0.013897435,0.16658577,0.11089202,0.16367508,0.14048336,0.012513925,0.010155455,0.01245556,0.014900776,0.17174782,0.12446509,0.12673713,0.14313532,0.16062796,0.11300822,0.12782668,0.13012779,0.15504217,0.014683146,0.015700985,0.017831966,0.019217644,0.012866757,0.016481355,0.015432551,0.017422644,0.010490193,0.016173137,0.011571773,0.0149451345,0.16955325,0.119293824,0.16873954,0.1503918,0.01827182,0.0026727773,0.0184827,0.0065691425,0.14115623,0.13910939,0.15271735,0.1605984,0.13804545,0.13538788,0.14850411,0.15705203,0.12400046,0.1336317,0.13531256,0.14427403,0.018624457,0.011757015,0.021194156,0.016054826,0.017493796,0.010273097,0.019464506,0.015580708,0.014074458,0.009000569,0.0164157,0.013555704,0.17100506,0.12090893,0.1681015,0.14748645,0.023533674,0.021022325,0.024614656,0.018015165,0.16835882,0.16372551,0.18393253,0.19102968,0.15034321,0.1594996,0.16590379,0.1774138,0.032052666,0.031600703,0.038153466,0.0380671,0.029825838,0.03064539,0.03615806,0.036598362,0.024557298,0.029924067,0.030215653,0.031995226,0.14955103,0.09756925,0.14624618,0.13361992,0.020771023,0.005153313,0.020031225,0.014544551,0.11836199,0.12787627,0.12534916,0.13198943,0.11440409,0.12765789,0.11968493,0.12712191,0.10369042,0.12740241,0.111081585,0.1126727,0.017540485,0.013052992,0.019583557,0.018625703,0.016832327,0.012419335,0.018574998,0.01803951,0.014170503,0.012686582,0.015668795,0.016503798,0.15797545,0.11406948,0.15470076,0.13932215,0.027029667,0.024279123,0.027071599,0.023455933,0.15061629,0.15609232,0.159314,0.16387029,0.13618529,0.1514045,0.14787582,0.15099691,0.031754848,0.030605318,0.03474815,0.03451943,0.029516038,0.029064368,0.032828677,0.033860173,0.02416117,0.028702894,0.026963266,0.030528238,0.0,0.005230725,0.0,0.003971864,0.0,0.0061619296
L_6mp_ROI,Left,235,0.0052956566,-0.004349111,-0.0063819434,0.0,0.0018412557,0.0,-0.0018549244,0.0,-0.001978819,0.0005417001,0.0019961668,-0.001165123,-0.00055055885,0.0,-0.0017584929,0.0,0.0023783126,0.0,-0.00025827132,0.0,-0.0010429993,0.0,0.0022363714,0.0,0.00086705387,0.0,-0.0008428667,0.089504674,0.05435961,0.091103144,0.08182107,0.016437722,0.006498776,0.017998962,0.008848662,0.05698065,0.065248966,0.06588807,0.072614715,0.055706423,0.06829185,0.06720398,0.07258654,0.052750092,0.06242873,0.060521483,0.06816209,0.015400391,0.0022143743,0.018414915,0.013764008,0.013387652,0.0016141759,0.018601393,0.009262778,0.011639447,0.0009924005,0.01512988,0.0060801446,0.08148081,0.05311634,0.084608085,0.076457165,0.013658522,0.017813029,0.011720722,0.0097333705,0.11742795,0.057441596,0.063004896,0.07041322,0.07849047,0.05628214,0.064698346,0.06661032,0.0790799,0.012130475,0.015282029,0.014806868,0.019190442,0.012064842,0.020498024,0.014864897,0.017445952,0.010137317,0.024493484,0.012167991,0.015186847,0.12439465,0.09686399,0.1254655,0.117604986,0.022880433,0.005500916,0.023077883,0.017661525,0.11035745,0.10629133,0.12183141,0.12582289,0.10702964,0.1074059,0.12205744,0.123517044,0.093849264,0.10530237,0.10465896,0.11035167,0.026511163,0.025675168,0.026748598,0.030373486,0.024782766,0.024401456,0.027685823,0.029198518,0.02027437,0.019816697,0.022419501,0.02320673,0.11345552,0.07449632,0.11670605,0.10424792,0.024812223,0.026775388,0.025803747,0.01985688,0.11575732,0.107865535,0.13271607,0.13727507,0.10337244,0.10924588,0.11876062,0.12619202,0.03263543,0.04045518,0.038889848,0.04597932,0.030085083,0.043903414,0.03713349,0.04271257,0.023897203,0.044212535,0.030294022,0.036815215,0.12475289,0.09052427,0.12570201,0.11266958,0.012100055,-0.0036894977,0.010362648,-0.00034416668,0.10650314,0.10676011,0.119341485,0.11976708,0.10107883,0.110600986,0.11582566,0.11924727,0.08888709,0.11336414,0.10048214,0.10662268,0.017565003,0.018261721,0.021162363,0.021679876,0.015280828,0.01651703,0.018049905,0.019613743,0.011318257,0.011421294,0.013004573,0.016073793,0.12889968,0.08141654,0.13080525,0.111402236,0.026432702,0.027210085,0.02876548,0.027384762,0.13227464,0.129341,0.15218043,0.15512116,0.11721094,0.13189416,0.13447198,0.14224336,0.03431991,0.043788135,0.040514685,0.045586802,0.032309126,0.047226924,0.03882468,0.044116013,0.025000561,0.046074767,0.031255465,0.040331405,0.0,0.0020648434,0.0,0.000591767,0.0,-0.0001270527
L_6r_ROI,Left,258,0.0058111795,0.0022329532,0.0021828006,0.0,0.006389795,0.0,0.008988962,0.0,0.006855287,0.005166528,0.007242056,0.007636832,0.009117829,0.0,0.007943935,0.0,0.007948168,0.0,0.008467094,0.0,0.006604806,0.0,0.008470746,0.0,0.008699738,0.0,0.0065949634,0.19245745,0.12190496,0.19556761,0.16965152,0.036688004,0.023415871,0.037645128,0.02847174,0.13790348,0.15359695,0.15919955,0.1698971,0.13633907,0.15329482,0.16116318,0.17637421,0.12691116,0.14921181,0.14928898,0.17906098,0.03275746,0.023896458,0.03658711,0.03471956,0.03208965,0.026044069,0.036003,0.033677664,0.027959462,0.027137963,0.031213759,0.032007985,0.19377822,0.11787351,0.19337931,0.16008292,0.036812935,0.036523584,0.034540884,0.033041872,0.20793349,0.14895329,0.17196353,0.17867278,0.19424811,0.13959037,0.17161958,0.16541997,0.1985767,0.035019193,0.034398783,0.040182658,0.04403859,0.034128543,0.0350005,0.040995244,0.042912778,0.029817821,0.03598264,0.035379916,0.04256421,0.20012982,0.11821984,0.19342615,0.1599896,0.041236944,0.024752745,0.04232993,0.02429552,0.17259361,0.147217,0.17897008,0.17502768,0.16690204,0.14658858,0.17825225,0.17404366,0.14627455,0.1443696,0.15807913,0.16443275,0.046143875,0.030520918,0.05150253,0.04739477,0.044298116,0.02795171,0.0498339,0.044715207,0.03627468,0.026814364,0.041790012,0.039543767,0.20319152,0.12208737,0.19704603,0.1636413,0.050122578,0.042291284,0.050969917,0.037656747,0.20539275,0.19868849,0.22354363,0.2269581,0.18238156,0.19668555,0.20036961,0.21961711,0.06087144,0.05543745,0.07160164,0.07351796,0.0598337,0.05346399,0.0723803,0.07118165,0.04995941,0.05319554,0.06157196,0.06572004,0.16198048,0.06718867,0.14997339,0.121575125,0.026231112,0.0018749124,0.022958247,0.011119483,0.13667057,0.112553805,0.13686801,0.120422855,0.12945035,0.11646127,0.13216473,0.121071376,0.11127232,0.115363955,0.11610392,0.109127514,0.026171267,0.022554431,0.02784919,0.026324542,0.023832947,0.020352047,0.026179083,0.025627704,0.019409595,0.019046308,0.021976626,0.02378503,0.18592374,0.104494445,0.17454982,0.14433052,0.040857755,0.033833176,0.03923557,0.03201926,0.19137527,0.18885475,0.19629286,0.19054438,0.16838506,0.18821734,0.17717099,0.17872022,0.050392285,0.054764334,0.052836344,0.057129677,0.048794385,0.05266201,0.052306935,0.054789945,0.03958279,0.051690124,0.04383733,0.050222322,0.0,0.008003578,0.0,0.00711061,0.0,0.007934883
L_6v_ROI,Left,236,0.010325409,-0.0037180807,-0.0047850274,0.0,0.0074946275,0.0,0.0051479232,0.0,0.0019692325,0.0055375504,0.0071578096,0.004390507,0.005608274,0.0,0.0035607996,0.0,0.0061856853,0.0,0.0053299475,0.0,0.0033139323,0.0,0.0056851995,0.0,0.0054567284,0.0,0.00446863,0.15454364,0.11161921,0.15524708,0.14697158,0.034864932,0.034008954,0.035735,0.034073412,0.12577765,0.13219368,0.15038362,0.16225944,0.11822674,0.1312571,0.1402671,0.17023295,0.09817141,0.13754833,0.11860238,0.16018625,0.033498697,0.030182574,0.042387698,0.046106186,0.030345444,0.030888662,0.03960761,0.04380213,0.022755785,0.030110503,0.03020114,0.04042906,0.16112304,0.11465301,0.16110083,0.14466605,0.03552055,0.02599882,0.028264083,0.017678617,0.19764669,0.14351402,0.15186475,0.17133215,0.18893827,0.11991352,0.15970337,0.14354362,0.17847146,0.044019908,0.028329903,0.047331277,0.04081342,0.03811796,0.028298382,0.04284721,0.040204458,0.027969223,0.02991124,0.03234929,0.0373438,0.16877663,0.11424907,0.16261758,0.13859302,0.028540615,0.021428488,0.027370187,0.02561181,0.1587448,0.13970649,0.1690251,0.17147063,0.14777999,0.135211,0.15971543,0.16630723,0.1246927,0.13595888,0.13628078,0.15007806,0.038523886,0.041438077,0.039206114,0.051154215,0.033259604,0.039685555,0.03572795,0.04839123,0.023550138,0.037182324,0.025863381,0.04318014,0.17222916,0.115069516,0.17072752,0.14598645,0.043693773,0.040139943,0.04230973,0.030279713,0.18690288,0.18785699,0.20938332,0.21877219,0.15840967,0.18393305,0.1800269,0.19965576,0.063438766,0.05722391,0.07213752,0.07302652,0.056886792,0.055646397,0.06742186,0.07216351,0.041047126,0.056034587,0.052295793,0.06551314,0.14254391,0.0849687,0.13544439,0.10423727,0.018149441,0.011630112,0.018264012,0.012223972,0.12722185,0.11773638,0.13032778,0.115208976,0.1203643,0.11136842,0.1269363,0.10959565,0.103800505,0.105572544,0.11082541,0.105438806,0.03198338,0.030889284,0.03476917,0.035381127,0.027199833,0.03056706,0.031202776,0.03349307,0.01909538,0.02986754,0.022286851,0.03128645,0.15415107,0.09114499,0.14825536,0.12291694,0.03645693,0.04035002,0.03605103,0.033660956,0.16239756,0.17205243,0.17004895,0.16581619,0.14232317,0.15834883,0.15340543,0.15764683,0.04537397,0.053275898,0.049735125,0.054579616,0.039951116,0.05239447,0.04507771,0.054990117,0.029504437,0.05333146,0.03521337,0.052532032,0.0,0.0056921504,0.0,0.0053054653,0.0,0.004865903
L_7AL_ROI,Left,222,0.008709535,0.00395406,0.0034152272,0.0,0.0070434143,0.0,0.0047218804,0.0,0.0037939472,0.004333105,0.006732501,0.003695447,0.0048610196,0.0,0.003636996,0.0,0.007298992,0.0,0.0061050495,0.0,0.002838288,0.0,0.006352978,0.0,0.004995887,0.0,0.003398447,0.15407908,0.09475859,0.15193902,0.13742068,0.040153947,0.03837406,0.038468156,0.031974405,0.098390914,0.0919426,0.1144141,0.11668411,0.09998351,0.096126236,0.116887726,0.12721145,0.09466413,0.094332196,0.11266742,0.124947116,0.03114581,0.030394556,0.034736548,0.037746042,0.030341517,0.02993909,0.033771448,0.03897493,0.028381381,0.031076038,0.031165749,0.035141025,0.12680614,0.069160275,0.12556744,0.11099342,0.034929227,0.034599952,0.03103178,0.033386976,0.17527398,0.0851581,0.105033144,0.09871135,0.11492927,0.08152162,0.10520536,0.095683865,0.10697901,0.026081448,0.04119834,0.031495996,0.041220702,0.024787322,0.044680063,0.029982978,0.041726626,0.022739438,0.046188477,0.028849447,0.03686001,0.19200905,0.11996575,0.18190114,0.15790306,0.048766565,0.029125541,0.049463004,0.036143154,0.16273007,0.14122418,0.170732,0.16856451,0.16122581,0.14186282,0.1695715,0.17458148,0.14491208,0.1349796,0.15496258,0.16218936,0.055588495,0.042957895,0.060286354,0.05774457,0.054700926,0.040180005,0.05988516,0.05864949,0.047431227,0.037490334,0.052689455,0.053529967,0.17607716,0.09426973,0.16613269,0.14474687,0.061605565,0.038291983,0.058237143,0.042573124,0.17535396,0.17505753,0.18288185,0.1944908,0.15906963,0.17110734,0.16899756,0.1764513,0.06802267,0.07148487,0.074513,0.07682979,0.06746637,0.07376419,0.07464632,0.07644999,0.05812157,0.07218965,0.06628769,0.068469755,0.1709425,0.0969078,0.16052885,0.13905632,0.032344133,0.011769666,0.031059798,0.021419315,0.14833121,0.14017533,0.1543236,0.14518714,0.14724822,0.1383572,0.15334846,0.15216461,0.1311611,0.13190106,0.1384747,0.14188574,0.035967886,0.02969352,0.039421443,0.03773051,0.03669015,0.029049963,0.04010308,0.038612034,0.030970702,0.02733456,0.034601215,0.03681639,0.18447708,0.10075787,0.17405555,0.15299965,0.059001103,0.03398167,0.056490347,0.047681805,0.2003685,0.22036047,0.20751302,0.21869805,0.17920172,0.21439016,0.18754825,0.19672188,0.07100397,0.07237567,0.074691035,0.07657454,0.0719465,0.07505769,0.075842924,0.07774325,0.060959123,0.073537104,0.06575681,0.07146972,0.0,0.008013019,0.0,0.0041454807,0.0,0.0038781404
L_7Am_ROI,Left,225,0.0061092777,0.0067846305,0.007283933,0.0,0.0043468284,0.0,0.00693709,0.0,0.008358881,0.004095222,0.0050677946,0.004813652,0.0067847962,0.0,0.009400324,0.0,0.006827622,0.0,0.008534042,0.0,0.011020557,0.0,0.0065466533,0.0,0.008748361,0.0,0.010564139,0.19119956,0.12799145,0.18513879,0.1703472,0.030659556,0.028395234,0.032251503,0.025187997,0.12284566,0.11980426,0.14082047,0.15150872,0.12520422,0.11959362,0.13835123,0.15176377,0.12278808,0.12026668,0.13239762,0.14972924,0.0186708,0.021886481,0.026457459,0.024920138,0.018139737,0.023333477,0.023043917,0.026937412,0.016355306,0.024340179,0.020337148,0.027025094,0.18091288,0.09754554,0.17520419,0.14137448,0.020933706,0.023770768,0.025163142,0.021258373,0.19426632,0.13169493,0.13369048,0.14409183,0.14953944,0.12880221,0.13826467,0.13729776,0.1435633,0.016325425,0.025674788,0.02177025,0.024499595,0.01657438,0.02809429,0.021971423,0.02417213,0.0153931575,0.030082403,0.020973772,0.023067476,0.21009637,0.11392368,0.19999072,0.1596941,0.041486613,0.03163972,0.041446038,0.026729325,0.16950098,0.13064602,0.18039593,0.16729496,0.16999945,0.12628159,0.18023755,0.16461812,0.15775609,0.12266933,0.16666307,0.1558294,0.039244227,0.033448644,0.04450562,0.0400101,0.040099952,0.031394668,0.04553545,0.039510302,0.035645124,0.030875089,0.040455814,0.03787228,0.20226319,0.10467879,0.18953921,0.14538339,0.044580735,0.041785426,0.045633428,0.031269245,0.19657947,0.16708113,0.20538242,0.19276783,0.1833254,0.16293618,0.19131991,0.17947723,0.048268862,0.041608807,0.0531053,0.050720517,0.04952472,0.04289656,0.05512133,0.050062355,0.043719552,0.043012496,0.05001885,0.04680989,0.17179748,0.05703175,0.15933254,0.123556145,0.03310815,0.0047769067,0.03113375,0.01770796,0.13849494,0.10445925,0.1435416,0.1278813,0.1389886,0.10223222,0.14430736,0.13004492,0.12564489,0.09943556,0.13235404,0.12227455,0.029390277,0.020998854,0.03185123,0.0273982,0.031815536,0.01905289,0.034624103,0.029696496,0.029953828,0.018355366,0.03302571,0.029113064,0.1857256,0.09272956,0.17361595,0.1337644,0.048158653,0.03215557,0.047376134,0.03221231,0.18471123,0.15460679,0.19238354,0.18164,0.16831908,0.14815079,0.17819211,0.1691513,0.05419491,0.046663973,0.057914633,0.055756826,0.055049483,0.045590103,0.0591206,0.054735158,0.04781898,0.04291069,0.052760664,0.05067843,0.0,0.009012132,0.0,0.010785387,0.0,0.011336604
L_7PC_ROI,Left,227,0.003134085,0.00032609163,0.0005482951,0.0,0.008285803,0.0,0.009043467,0.0,0.008997877,0.004850994,0.0067540305,0.0067203944,0.008603314,0.0,0.007174634,0.0,0.0068105306,0.0,0.008069806,0.0,0.006858774,0.0,0.0057772403,0.0,0.007434085,0.0,0.0066459808,0.15362132,0.11757312,0.15912773,0.14778712,0.038818885,0.039808165,0.040517543,0.03709861,0.10610282,0.10351075,0.12128965,0.12796246,0.10890786,0.10658632,0.12609366,0.13853283,0.104680456,0.10882842,0.12502967,0.1435143,0.030474802,0.035139617,0.033327878,0.03940268,0.0320301,0.03756367,0.034441356,0.041190114,0.029008348,0.039600167,0.033381738,0.04078808,0.12664126,0.101777986,0.13362527,0.11855073,0.033953816,0.034101214,0.036526274,0.036331378,0.15575813,0.08943821,0.11035567,0.10728977,0.11940143,0.085042655,0.11483136,0.10487491,0.11895617,0.023571812,0.047550056,0.030531164,0.04507592,0.024090664,0.05106065,0.03135755,0.04597607,0.022572549,0.054020885,0.031874895,0.042591665,0.17778434,0.1115687,0.17249382,0.14385234,0.048694074,0.038826637,0.05046195,0.038618136,0.15774246,0.13289297,0.16359664,0.14862253,0.15355037,0.13145614,0.16203341,0.1529354,0.13464023,0.13157205,0.1465825,0.14977539,0.055582125,0.05202204,0.06005112,0.059932016,0.05439525,0.052160878,0.059162118,0.057979695,0.045249287,0.052431647,0.05140427,0.052295204,0.15265076,0.088513754,0.14912716,0.12106149,0.052419133,0.03648937,0.053076465,0.037268367,0.15343665,0.13460587,0.16361119,0.15540272,0.1368584,0.13555507,0.14922224,0.14577833,0.05665409,0.06383914,0.06282196,0.06448918,0.056047745,0.06172041,0.06262264,0.06300533,0.04774887,0.059450377,0.056048244,0.0570953,0.1488415,0.062166754,0.13817155,0.10593276,0.033162367,0.01693575,0.030320223,0.021239309,0.13381383,0.11294877,0.13718353,0.11892265,0.12703441,0.10531719,0.13227014,0.11948096,0.1062165,0.100841746,0.113313995,0.113149256,0.03364364,0.0313089,0.035755035,0.03629282,0.031495687,0.030979073,0.03466427,0.034084555,0.025606457,0.03035987,0.02881913,0.032342948,0.15530302,0.08142787,0.1453508,0.11359511,0.047154356,0.027850559,0.04495739,0.034186304,0.16766022,0.16183458,0.17241417,0.1640352,0.14470147,0.15836552,0.15112425,0.15000558,0.059405215,0.060057934,0.061560936,0.060937423,0.05789834,0.05589115,0.060471747,0.060961284,0.047867384,0.051054817,0.051623993,0.056256123,0.0,0.0075978423,0.0,0.007263348,0.0,0.007753041
L_7PL_ROI,Left,226,0.0051417244,0.006302004,0.0063105104,0.0,0.002579797,0.0,0.0049368697,0.0,0.006263242,0.0020127727,0.0034677447,0.0041403593,0.0060609546,0.0,0.008144392,0.0,0.001997691,0.0,0.0059666582,0.0,0.00826919,0.0,0.0019317947,0.0,0.0063477405,0.0,0.007452307,0.13221109,0.060682233,0.11340487,0.09729349,0.014021977,0.005201854,0.0066674273,0.0004011872,0.07547195,0.06413757,0.07627928,0.079943836,0.07610053,0.064309776,0.07515008,0.08831422,0.07538969,0.06774652,0.06997299,0.085439496,0.0046097576,0.010865526,0.0030188097,0.0007140778,0.0029465125,0.0146084875,-0.00024955903,0.0037992478,0.0023424358,0.014889407,-0.0021739102,0.0030480807,0.13364314,0.056838468,0.11965645,0.08932579,0.011734417,0.01615,0.010915903,0.0103520835,0.1494261,0.09867908,0.07680577,0.09935016,0.09347372,0.09704601,0.084339365,0.09445559,0.08929973,0.012044244,0.007715739,0.013001123,0.007844868,0.010995677,0.011146279,0.012334348,0.0083795795,0.009256958,0.01527539,0.009923815,0.00898803,0.14842512,0.061838873,0.13227299,0.100871384,0.021118665,-0.010055326,0.015257198,-0.0062161856,0.12798895,0.07760024,0.12661289,0.10638221,0.12506782,0.07297152,0.12124145,0.107903205,0.113293685,0.07416115,0.109240614,0.100539014,0.020025726,0.003083385,0.020670265,0.010932652,0.017302768,0.0018691098,0.017327432,0.0113430405,0.013010518,-0.00087686896,0.012056269,0.006956258,0.15405282,0.07230836,0.13976254,0.10819675,0.022915795,0.0042569204,0.020364225,0.010419032,0.1486535,0.110989936,0.1494535,0.13919543,0.13794713,0.11413968,0.13812031,0.12787364,0.03343734,0.019335583,0.0351987,0.03186008,0.030727973,0.019899521,0.033187114,0.030997459,0.024808405,0.018874686,0.026611444,0.028438786,0.12928316,0.0520431,0.12096329,0.094672225,0.027025208,-0.007997258,0.02352148,0.01022695,0.113671295,0.07546252,0.11904692,0.10149451,0.110086165,0.07117082,0.112804875,0.10199569,0.097392544,0.07162664,0.10012805,0.09594265,0.020739311,0.01261134,0.02322894,0.018447397,0.020952981,0.011391236,0.023435375,0.021684494,0.01954912,0.008575141,0.0208233,0.020377992,0.14021316,0.070454895,0.13253857,0.104053535,0.030669006,0.014181776,0.027963292,0.016709918,0.1390432,0.1154565,0.14464746,0.13726875,0.12675071,0.11791973,0.1322989,0.1289611,0.037200727,0.027466342,0.040323522,0.035855114,0.034794986,0.027926138,0.037919372,0.035265233,0.027939888,0.026270065,0.02972462,0.031739585,0.0,0.0062663904,0.0,0.004915785,0.0,0.0061108544
L_7Pm_ROI,Left,209,0.012959155,0.0034072695,0.0029760967,0.0,0.012041254,0.0,0.012914052,0.0,0.0052025053,0.012681741,0.014059599,0.011596223,0.012683941,0.0,0.0072312974,0.0,0.009604839,0.0,0.012025427,0.0,0.00437984,0.0,0.011408886,0.0,0.011870159,0.0,0.004963815,0.18801631,0.11786171,0.18365467,0.16552001,0.05279728,0.0274446,0.053271715,0.042972412,0.117648266,0.12895866,0.13187148,0.14731675,0.118518904,0.13061225,0.13349704,0.15118255,0.115715444,0.12597658,0.12901798,0.14809585,0.026111657,0.043459784,0.03221946,0.03943957,0.028342905,0.044184648,0.034089796,0.043022998,0.028420502,0.042215217,0.03411133,0.039764214,0.1788303,0.112579376,0.17765674,0.15253937,0.049053267,0.059399497,0.05125218,0.054034967,0.17505252,0.12612799,0.116086,0.14454885,0.15036009,0.122469395,0.11488089,0.13943267,0.14672653,0.03058198,0.05106909,0.03411229,0.045605227,0.032924972,0.053957574,0.037001558,0.04933963,0.033819895,0.052522458,0.03793048,0.046313256,0.21697418,0.13677576,0.21584128,0.18580593,0.052887388,0.01968581,0.052249394,0.038995687,0.15773183,0.16148852,0.16963048,0.17707086,0.16144778,0.1655296,0.17500688,0.17804156,0.1562054,0.16106246,0.16958342,0.17338122,0.03567905,0.045312624,0.038584206,0.04192341,0.037227236,0.044983383,0.040440187,0.04435789,0.03506994,0.04090244,0.038370434,0.0432145,0.20366426,0.11519403,0.20106079,0.17494763,0.06587171,0.050087422,0.06917638,0.06396701,0.17995563,0.1668166,0.19295949,0.19206385,0.1730423,0.1609589,0.18653117,0.18892929,0.053433456,0.06285124,0.05943014,0.06412094,0.057248995,0.064802535,0.06389899,0.067152195,0.055374492,0.062185593,0.06257487,0.064665854,0.2044347,0.103138186,0.20098329,0.17001322,0.059278905,0.021814972,0.05868006,0.04194495,0.14021511,0.15630338,0.15042233,0.1548657,0.14370894,0.15625688,0.1550283,0.15463975,0.13973086,0.1488668,0.1504908,0.14952728,0.04498843,0.045307163,0.049954712,0.048530497,0.048310474,0.04456963,0.05269236,0.04990857,0.04630602,0.040868018,0.0509402,0.048652146,0.20157412,0.1047813,0.19863613,0.17096648,0.06373332,0.050692506,0.06569923,0.05661499,0.17349873,0.17705204,0.18382725,0.181678,0.16580519,0.16666688,0.17687611,0.1785284,0.053725887,0.05465968,0.05826693,0.059010707,0.056623496,0.056115624,0.060979195,0.06086403,0.052459165,0.0545799,0.058167405,0.05962546,0.0,0.011787575,0.0,0.010807679,0.0,0.0032037336
L_7m_ROI,Left,210,0.010403816,0.00044339962,0.00066466915,0.0,0.008066394,0.0,0.005513623,0.0,0.004377583,0.010018763,0.011230946,0.003841571,0.006563738,0.0,0.0069523817,0.0,0.008623865,0.0,0.006001879,0.0,0.005224609,0.0,0.010342777,0.0,0.0076036756,0.0,0.006584703,0.18107535,0.13180624,0.18773724,0.1798128,0.043074276,0.026590195,0.04936287,0.04209372,0.09927588,0.13854021,0.118804686,0.13992065,0.10265948,0.14153534,0.1240508,0.15280272,0.10597466,0.13682865,0.12692927,0.16016553,0.019916663,0.043449022,0.031430706,0.040164977,0.023055015,0.04569997,0.03444482,0.04222807,0.022804547,0.045455575,0.033913594,0.043039855,0.17161094,0.11053918,0.18083867,0.160605,0.032968342,0.03938931,0.037782546,0.038791206,0.14370942,0.11251206,0.122621015,0.13532747,0.15109505,0.11950458,0.12386048,0.14133574,0.16203673,0.020368569,0.03547517,0.026041213,0.03514528,0.023513641,0.037453208,0.029126005,0.036497418,0.023093404,0.036859494,0.028632281,0.03627956,0.19990169,0.12986153,0.20410345,0.18868709,0.03819513,0.0136821335,0.038015682,0.027713802,0.12893574,0.14868371,0.14277293,0.16053408,0.1359427,0.15031636,0.15086497,0.17162202,0.13819821,0.14382587,0.15315406,0.17408493,0.022302002,0.03760192,0.025101468,0.034818027,0.023002075,0.037809152,0.026014702,0.035990093,0.0216228,0.035472166,0.025254682,0.035148393,0.18435359,0.11294769,0.1899533,0.17249584,0.042705275,0.03628489,0.04869339,0.049347553,0.15414149,0.13978587,0.17231882,0.18271792,0.15942599,0.14042892,0.17769653,0.1908179,0.036130194,0.049222775,0.04312175,0.0538603,0.038165852,0.050972704,0.046232164,0.05590496,0.03625661,0.04976382,0.044923775,0.05488142,0.18800184,0.12016272,0.1880587,0.17216454,0.049619295,0.023446172,0.049737766,0.040740717,0.12001019,0.1385739,0.13072397,0.1359731,0.12597257,0.14047508,0.13731228,0.14193322,0.12621765,0.13780099,0.13850786,0.14360021,0.03775838,0.042183872,0.042186078,0.044110224,0.038507223,0.04431936,0.042393133,0.04678813,0.036733005,0.044267442,0.040818766,0.046343293,0.1732252,0.110932216,0.17258307,0.15378995,0.04778725,0.04877698,0.051376905,0.049322546,0.14732872,0.13045742,0.15912467,0.15609539,0.14758812,0.13427736,0.16000952,0.16060948,0.03966498,0.044318702,0.04534054,0.049116764,0.040160414,0.04758844,0.04596266,0.053802904,0.037011568,0.050235692,0.043208715,0.05423569,0.0,0.01005209,0.0,0.005338587,0.0,0.003717385
L_8Ad_ROI,Left,248,0.027832033,0.0027661908,0.0014016802,0.0,0.027312847,0.0,0.024853112,0.0,0.012967913,0.028354734,0.031564057,0.021567019,0.025552569,0.0,0.016727882,0.0,0.027098032,0.0,0.024420736,0.0,0.013386936,0.0,0.029911451,0.0,0.02453235,0.0,0.018298997,0.19072494,0.1305804,0.19096583,0.18015985,0.05485839,0.024621783,0.05560219,0.052595403,0.12010013,0.14026773,0.14177272,0.15331505,0.12395037,0.14116023,0.14661899,0.15915516,0.11782742,0.140218,0.14135452,0.16187945,0.027375735,0.0409664,0.03982169,0.047505863,0.027103301,0.040857133,0.039559774,0.047325972,0.0245461,0.03997582,0.035309643,0.04717539,0.19788194,0.1572976,0.2059188,0.18545112,0.03921447,0.03915708,0.040103648,0.03522929,0.16551873,0.1493331,0.18050115,0.17253883,0.18811558,0.1449754,0.17839098,0.17033473,0.19263944,0.033427805,0.04963004,0.035446197,0.040547963,0.034352962,0.0484186,0.037072446,0.04128047,0.030195983,0.045971315,0.03376865,0.04168012,0.18601014,0.106300086,0.18696855,0.16368805,0.038562156,0.010231934,0.033688236,0.029178195,0.11915228,0.1341326,0.13475157,0.143553,0.122450314,0.1370237,0.14089203,0.14563331,0.11683011,0.13396074,0.13601395,0.1460841,0.014311002,0.03167889,0.014834628,0.026352225,0.01264532,0.03263026,0.013861959,0.025980897,0.010653452,0.032052994,0.011566633,0.025770284,0.1928951,0.13391767,0.19830863,0.17349698,0.03922392,0.031150756,0.042793207,0.04063221,0.17300096,0.19007851,0.19493154,0.20079368,0.16660216,0.18494406,0.1892855,0.20107263,0.04082191,0.054309014,0.04554427,0.05273569,0.04113651,0.053688828,0.047333144,0.052384194,0.03538024,0.051429745,0.04200471,0.050515708,0.15495554,0.06908662,0.1489651,0.1316085,0.03378984,-0.0007054442,0.029100182,0.016604247,0.089751475,0.09707307,0.09781342,0.102701195,0.08898736,0.10148886,0.09946232,0.101727575,0.083029024,0.10098814,0.09352271,0.096723065,0.016821083,0.014999662,0.018551825,0.016953604,0.014700412,0.015121464,0.017983584,0.01607706,0.011995087,0.015125231,0.014107824,0.014903347,0.1691265,0.10594248,0.16553085,0.14561926,0.032158192,0.030816935,0.032039344,0.030436186,0.14577863,0.1662862,0.15779385,0.16300014,0.13741373,0.16146229,0.1495739,0.15953277,0.034004837,0.043650396,0.035799026,0.040241245,0.032736957,0.043782193,0.035899706,0.04102732,0.02779266,0.042228695,0.030444615,0.040096637,0.0,0.030577544,0.0,0.023605205,0.0,0.013526757
L_8Av_ROI,Left,247,0.017808225,0.0058327974,0.0053818147,0.0,0.021654993,0.0,0.017895432,0.0,0.007833444,0.023001451,0.024156293,0.015700078,0.01812473,0.0,0.0098259,0.0,0.018245373,0.0,0.017907383,0.0,0.0077044815,0.0,0.020822627,0.0,0.01858373,0.0,0.010651646,0.21973266,0.14756629,0.22648498,0.21358055,0.06611408,0.045740277,0.07097489,0.068969846,0.15071659,0.17110434,0.18559621,0.19698112,0.15508904,0.17678404,0.19181006,0.21071717,0.14700243,0.17863698,0.178398,0.20910583,0.047292646,0.06220448,0.060465492,0.071021736,0.05050319,0.065585084,0.06610542,0.07642238,0.047467794,0.06625239,0.060444232,0.07543312,0.20495372,0.16632214,0.21964607,0.2057567,0.048469946,0.06477568,0.05693016,0.06048658,0.17917821,0.1598182,0.20561631,0.19414286,0.21693659,0.15347011,0.20356804,0.18373883,0.21878026,0.041033123,0.0652784,0.047229238,0.056864917,0.04290898,0.06643338,0.051148113,0.061179675,0.039091416,0.06425298,0.04697448,0.061110914,0.20244232,0.10759068,0.20645644,0.1733403,0.05653368,0.026131894,0.05782827,0.046319492,0.14022869,0.13724422,0.16253029,0.16808772,0.14417781,0.14143097,0.16924588,0.17622958,0.13842273,0.14104426,0.16133632,0.17338708,0.03833911,0.046287335,0.046471395,0.053432044,0.039858427,0.050303396,0.048857752,0.05714698,0.036714494,0.05155876,0.044374917,0.055489026,0.20367384,0.1341897,0.21403725,0.18644476,0.052317716,0.041866694,0.06111055,0.058232095,0.18503927,0.19699208,0.21365799,0.21701172,0.17960808,0.19200663,0.2059226,0.21678154,0.048869967,0.061670125,0.06060965,0.06478904,0.050408877,0.06314804,0.063756466,0.06840009,0.045555845,0.061744276,0.056999054,0.06767437,0.15051961,0.05000225,0.14406441,0.11957931,0.03993386,0.015756473,0.036195047,0.028911898,0.08863112,0.067123905,0.09506953,0.09636457,0.09201599,0.0713075,0.09934851,0.09728887,0.09036817,0.071080804,0.09832108,0.09292791,0.023760531,0.03276673,0.027227474,0.034562696,0.024175677,0.03355709,0.02699603,0.03440997,0.021957114,0.034021724,0.024957417,0.031835943,0.1752547,0.10877876,0.17350858,0.1529313,0.04631379,0.044359956,0.046659503,0.04578888,0.1489564,0.14584973,0.15982567,0.15786675,0.145682,0.14081669,0.15742306,0.15987988,0.041590862,0.057056606,0.04563665,0.052088905,0.042272344,0.055608377,0.0452107,0.05174364,0.03840274,0.053964585,0.04087657,0.04953875,0.0,0.0229417,0.0,0.017286314,0.0,0.007292655
L_8BL_ROI,Left,250,0.017856361,0.0067026503,0.0067926873,0.0,0.015335446,0.0,0.013788625,0.0,0.009874982,0.015984818,0.016793393,0.010466105,0.014141657,0.0,0.013367798,0.0,0.016022136,0.0,0.015734145,0.0,0.013455323,0.0,0.01616286,0.0,0.016295923,0.0,0.016364982,0.19808042,0.14133035,0.21038531,0.19591239,0.051849473,0.042518906,0.060220417,0.053478066,0.12850569,0.18034449,0.16255847,0.18276735,0.13083822,0.1826956,0.16490567,0.18683606,0.12609552,0.17729536,0.15811518,0.18667708,0.037666786,0.06207119,0.050218817,0.058468062,0.039902844,0.06588194,0.05314905,0.059720714,0.037394203,0.06455481,0.05041162,0.059549697,0.1892127,0.15597226,0.20503628,0.18516192,0.037608474,0.07325057,0.05036571,0.054037895,0.15756421,0.1384608,0.2151192,0.17187679,0.19426367,0.13708074,0.20928752,0.1670449,0.19701207,0.03155385,0.07474703,0.04388661,0.05545729,0.03326844,0.0741567,0.046276245,0.059460722,0.030380309,0.07091682,0.04346536,0.0607301,0.1819422,0.09746473,0.18847074,0.15326557,0.053480502,0.027270481,0.057698257,0.041458514,0.12196528,0.13270888,0.1459409,0.14443548,0.123950854,0.13228288,0.14952938,0.14715755,0.11834633,0.12861614,0.14325702,0.14586326,0.036416207,0.050619397,0.04640976,0.04892898,0.038011223,0.055140615,0.049578637,0.04935065,0.035358146,0.054629054,0.046625126,0.04833075,0.1864352,0.116554044,0.19862866,0.16238949,0.048541114,0.040130228,0.05749459,0.050355613,0.16066937,0.1894099,0.1886831,0.19039407,0.15805472,0.18331349,0.18526842,0.19258039,0.044060417,0.062195975,0.05690759,0.060003698,0.046337,0.061962962,0.06042195,0.06344694,0.042136382,0.0584618,0.055027425,0.06266944,0.13859856,0.037962828,0.13289678,0.103573486,0.036441483,0.0051197032,0.033090908,0.021052815,0.07662504,0.05681711,0.08413865,0.07834186,0.07914529,0.055119988,0.08687717,0.07839781,0.07567703,0.054094452,0.0847698,0.07616866,0.017542168,0.02689362,0.020507334,0.025339512,0.0178577,0.027036289,0.021635864,0.024181515,0.015840294,0.024587406,0.019379849,0.021287905,0.15653756,0.08850983,0.15713687,0.13040234,0.03791365,0.03396166,0.038709722,0.036360025,0.13048604,0.12210219,0.14082791,0.1343823,0.12792906,0.11959997,0.14118978,0.1372701,0.034988247,0.046405848,0.038455904,0.042582646,0.035810344,0.043908227,0.039565403,0.042725477,0.032085843,0.0401051,0.035067823,0.041109927,0.0,0.015890079,0.0,0.014045387,0.0,0.010548263
L_8BM_ROI,Left,243,0.007964433,0.005097792,0.005438309,0.0,0.015660673,0.0,0.014468925,0.0,0.0072917766,0.017458674,0.018197777,0.01409974,0.014473528,0.0,0.0076336525,0.0,0.013712505,0.0,0.014829232,0.0,0.0055779554,0.0,0.014391126,0.0,0.014163842,0.0,0.005909155,0.19757082,0.15380347,0.21035278,0.20613754,0.052055635,0.036721174,0.058342576,0.052600954,0.12244587,0.16190974,0.15231644,0.1694168,0.12926684,0.16109978,0.16157414,0.17623463,0.12607801,0.15609835,0.15697075,0.18324411,0.027879627,0.056995284,0.040845998,0.051035233,0.03056922,0.05594133,0.04433805,0.05522785,0.027510857,0.051307205,0.041268893,0.05504446,0.20465355,0.1835401,0.2203044,0.20858072,0.04764714,0.06637238,0.058425486,0.06174793,0.16448806,0.15592371,0.20432527,0.19157195,0.20307024,0.15579014,0.20545126,0.18872935,0.21467535,0.035600957,0.06329297,0.04382069,0.05420816,0.039807227,0.06281688,0.049852766,0.05938578,0.036790553,0.058513433,0.046699338,0.059633635,0.19003125,0.12091615,0.19729131,0.1743733,0.04971319,0.0335038,0.05197305,0.046319336,0.13062024,0.13809422,0.14833954,0.15545963,0.13691887,0.13531601,0.15786442,0.1601876,0.1318852,0.12926488,0.15165062,0.16266157,0.034249756,0.056377936,0.04026927,0.051267296,0.03617623,0.055605583,0.042836722,0.054672837,0.03312802,0.051025975,0.03891267,0.055027336,0.19444112,0.14444266,0.20623648,0.18596055,0.061671756,0.04956164,0.07048212,0.06729505,0.1743981,0.18762803,0.20221198,0.20712091,0.16995671,0.18297666,0.19638783,0.21281499,0.050220396,0.06288004,0.062387824,0.06537496,0.054740973,0.062770724,0.068191074,0.07095062,0.05075087,0.059594087,0.06327174,0.07232655,0.15346994,0.077068426,0.14731713,0.12584244,0.042686928,0.03386468,0.04154778,0.036525358,0.09931974,0.08639818,0.10344398,0.09989783,0.102756314,0.0840667,0.108877644,0.103230774,0.09969295,0.07961266,0.10532739,0.10397843,0.036036976,0.047168244,0.039412104,0.044999298,0.03706599,0.0468936,0.04083412,0.04544788,0.035226576,0.04462772,0.038287003,0.04315659,0.16638936,0.110340774,0.1625278,0.1456834,0.053413007,0.056068957,0.055240564,0.057895064,0.14345448,0.1380204,0.15232481,0.15080497,0.13759637,0.12995091,0.14573514,0.15144104,0.04433795,0.060925823,0.048309095,0.0567233,0.04522349,0.05955367,0.04976288,0.058131486,0.041846387,0.05706136,0.045334842,0.056875985,0.0,0.012611792,0.0,0.013383046,0.0,0.006308255
L_8C_ROI,Left,253,0.01122768,0.0023179871,0.0016789766,0.0,0.013771677,0.0,0.011766165,0.0,0.004684917,0.014872075,0.0153705785,0.010701704,0.01166637,0.0,0.0046165185,0.0,0.0100729065,0.0,0.010224035,0.0,0.0034787855,0.0,0.010739819,0.0,0.011042507,0.0,0.0043392507,0.17272176,0.09956794,0.18043737,0.17442526,0.05835116,0.045870427,0.061956685,0.06435608,0.108717166,0.12009491,0.13577409,0.14511372,0.11393242,0.12669913,0.13981651,0.15365623,0.11251949,0.12650633,0.13493715,0.1514237,0.034652647,0.06362881,0.04903049,0.058473952,0.03715374,0.064370506,0.050130505,0.063314624,0.03520564,0.064008586,0.046011467,0.063082695,0.1730747,0.15965323,0.186467,0.1826752,0.04488591,0.0687313,0.054510612,0.063087575,0.1676707,0.13495159,0.18942451,0.16468957,0.18862446,0.13166575,0.18263859,0.15783457,0.18657346,0.037916195,0.067113236,0.04579711,0.05733051,0.040008027,0.06737316,0.04905104,0.061764535,0.036445238,0.065993726,0.04629645,0.062587395,0.16855599,0.069015816,0.16939242,0.14734314,0.05137372,0.0269801,0.049274925,0.044791605,0.11876251,0.09428088,0.13290295,0.13560334,0.12150415,0.09844923,0.13581498,0.13885975,0.117457114,0.09803374,0.13129258,0.12957847,0.02593812,0.046648595,0.03173924,0.040108543,0.027949097,0.04906317,0.033252366,0.045394424,0.028222742,0.04980797,0.03275147,0.044591688,0.17689703,0.119174585,0.18410797,0.16726948,0.050083693,0.05084186,0.058752872,0.054700587,0.17118213,0.17807291,0.19278423,0.19964433,0.16316095,0.17149092,0.18420537,0.19176753,0.047355484,0.060399704,0.058471065,0.06213802,0.04863627,0.061592955,0.061007384,0.06513548,0.044140793,0.06061397,0.05588829,0.063921265,0.13871765,0.034880612,0.13225856,0.1135621,0.034346104,0.012079107,0.029296968,0.023372093,0.0897275,0.054315846,0.09441363,0.09152699,0.09148268,0.05883187,0.09600625,0.09499579,0.08823836,0.061160617,0.09456126,0.086005226,0.012462781,0.028686952,0.016998349,0.021548932,0.012564003,0.030023338,0.016918724,0.025534429,0.012438969,0.030413333,0.016192105,0.023801964,0.1709969,0.098392844,0.16866961,0.15159412,0.037574805,0.048352655,0.038564257,0.04193511,0.16208711,0.15806407,0.17130235,0.16986457,0.15369628,0.15009041,0.16460659,0.16472574,0.03818235,0.0571926,0.042371295,0.04760333,0.037090313,0.054725546,0.041558094,0.047877826,0.032175522,0.051498763,0.03541801,0.044658158,0.0,0.013353555,0.0,0.0098056495,0.0,0.0038780312
L_9-46d_ROI,Left,266,0.0050804415,0.007171653,0.007758198,0.0,0.0021047632,0.0,0.002183035,0.0,0.0020851642,0.0020442822,0.0032981446,0.0026439957,0.0028057874,0.0,0.0022759584,0.0,0.0025422645,0.0,0.0026130595,0.0,0.0015717471,0.0,0.0025221948,0.0,0.0028672023,0.0,0.0016077699,0.19133998,0.14788778,0.19369027,0.18932827,0.015482979,0.0035234739,0.013832076,0.012647848,0.112127766,0.14729746,0.12634243,0.14227878,0.11369857,0.1500039,0.13003562,0.15133493,0.108176455,0.15138687,0.1251311,0.15158306,0.008539319,0.008135525,0.00684126,0.0066342577,0.009347828,0.009051794,0.008097252,0.008311109,0.00915268,0.009962386,0.008110239,0.008516228,0.18565655,0.14352927,0.19240619,0.18372199,0.01651841,0.02428088,0.018179458,0.025056835,0.16245016,0.12710743,0.1401484,0.15026456,0.17081358,0.12068601,0.143041,0.14502351,0.16919161,0.011766969,0.016226476,0.01399425,0.019387454,0.013057256,0.017828988,0.015434874,0.021528607,0.013573671,0.018718371,0.015607173,0.020719174,0.20426296,0.13918267,0.2092068,0.19252864,0.025776366,0.00058036554,0.027616229,0.015699847,0.14649619,0.15520215,0.16231422,0.16839194,0.14808473,0.15499263,0.16445035,0.17276469,0.13914907,0.15550758,0.1560626,0.17007919,0.018191162,0.015102522,0.02174819,0.016895907,0.019551396,0.014100089,0.02322659,0.017575746,0.018252494,0.012157337,0.021145243,0.016057072,0.19318633,0.12901723,0.19864014,0.18165872,0.03651167,0.029197296,0.037721034,0.03493902,0.16556185,0.15265192,0.1841528,0.18635964,0.15652777,0.15181625,0.17567243,0.18338987,0.029760625,0.032083303,0.03255877,0.033096444,0.032594685,0.033152133,0.03649688,0.036088403,0.03159467,0.03228228,0.035459362,0.036023945,0.18427682,0.10600885,0.18238762,0.16674879,0.028445672,0.017766545,0.02937812,0.026597532,0.12016606,0.1247356,0.1303003,0.13144703,0.122450866,0.12667678,0.13222328,0.13417742,0.11845875,0.12787318,0.12826167,0.13430643,0.020356564,0.02976325,0.023821367,0.027713004,0.02190436,0.029337455,0.024889559,0.028128713,0.021613585,0.028989285,0.024522018,0.028189095,0.18353112,0.119310744,0.18145172,0.16825557,0.03976861,0.040274803,0.0410169,0.040813446,0.15111016,0.14412281,0.16190839,0.16108298,0.14584056,0.14230646,0.15616016,0.1592629,0.032789346,0.031639032,0.03575638,0.03466047,0.03528423,0.031752653,0.03872266,0.036626898,0.033619925,0.031574182,0.03663636,0.037595384,0.0,0.0035214438,0.0,0.0019640888,0.0,0.0019349913
L_9a_ROI,Left,267,0.03668103,0.0056410995,0.0041528204,0.0,0.03466572,0.0,0.027878357,0.0,0.016011579,0.03857065,0.040808737,0.024989644,0.028332533,0.0,0.019266445,0.0,0.034079976,0.0,0.030895542,0.0,0.018492322,0.0,0.037431687,0.0,0.031172285,0.0,0.02370122,0.23391654,0.14864801,0.24017835,0.22275463,0.0824149,0.045554034,0.08789765,0.081402674,0.1414997,0.20127045,0.1793623,0.21307613,0.14938478,0.201583,0.19145837,0.22207765,0.14589077,0.19884862,0.18594563,0.2246793,0.04026622,0.070038386,0.06039238,0.0781876,0.04371527,0.06885137,0.06553446,0.08246428,0.041230045,0.06691593,0.062822305,0.08442746,0.21781991,0.1766495,0.22876772,0.21171191,0.05738804,0.06434928,0.06005991,0.059978604,0.17469001,0.17165072,0.21571024,0.19920734,0.22126533,0.16822562,0.20955585,0.19758882,0.22258805,0.04662401,0.069887884,0.04861644,0.061839838,0.05098303,0.06882328,0.053961862,0.063303046,0.046572175,0.06530631,0.05144883,0.062499408,0.19840454,0.1003348,0.20148544,0.16930227,0.051010717,0.01449932,0.048017554,0.03846606,0.1206877,0.14564976,0.14268273,0.16215403,0.12755,0.14673287,0.15289764,0.16903277,0.12337044,0.14504972,0.15032789,0.16838244,0.015858246,0.039939124,0.0193057,0.03810239,0.016950222,0.040619895,0.02147363,0.03970199,0.015325287,0.03896796,0.020660954,0.039819565,0.20084932,0.1353177,0.20921293,0.17987621,0.04977783,0.038540523,0.054932564,0.053023536,0.18619144,0.19598898,0.20989586,0.21888721,0.18155333,0.18655923,0.20875964,0.21953714,0.047535952,0.060289573,0.052036133,0.06094542,0.050717838,0.058670588,0.056433152,0.061864097,0.046537697,0.054796416,0.053783335,0.06116559,0.14825687,0.045054853,0.14171411,0.11061513,0.03842434,-0.010256427,0.033141125,0.012630306,0.08320172,0.079042375,0.092159875,0.09232718,0.086623356,0.07969337,0.09664677,0.09528378,0.08261161,0.07941182,0.09411198,0.09375005,0.015886411,0.012175961,0.018360551,0.015537022,0.016658628,0.012130692,0.01914963,0.014249831,0.014046356,0.010713101,0.016605468,0.0129362475,0.15861395,0.10386574,0.15470685,0.13133262,0.036254145,0.02624704,0.0349702,0.029915784,0.13653876,0.13670637,0.14347945,0.14564195,0.13092153,0.1304443,0.14140381,0.14692676,0.03029603,0.040244367,0.031345177,0.03444438,0.032040253,0.04007189,0.032261427,0.034081053,0.02891454,0.03779719,0.029832745,0.03383934,0.0,0.03730414,0.0,0.02988249,0.0,0.017488195
L_9m_ROI,Left,249,0.03387863,0.005268876,0.0039824564,0.0,0.032361683,0.0,0.024740858,0.0,0.015430406,0.035515763,0.03789073,0.022024982,0.025145367,0.0,0.016012806,0.0,0.03313299,0.0,0.02525175,0.0,0.016684169,0.0,0.03463239,0.0,0.024888067,0.0,0.020611906,0.26147625,0.18460318,0.2618074,0.24228959,0.10198422,0.058316614,0.1050613,0.09202059,0.15926455,0.21878362,0.19909942,0.24126412,0.16677913,0.21872398,0.20797,0.2525024,0.1590678,0.21596457,0.19796273,0.25151742,0.05055412,0.08778328,0.07178884,0.092054,0.054854725,0.087779574,0.07754833,0.09686251,0.050395668,0.08550769,0.074265115,0.098543376,0.25342512,0.17396188,0.25863048,0.22592807,0.06717492,0.06415557,0.07111282,0.06729799,0.2114444,0.20006225,0.21826948,0.23276329,0.25960127,0.19164647,0.2184703,0.22240008,0.25777924,0.05445659,0.06546645,0.05775666,0.06644631,0.057537965,0.06605063,0.062094178,0.069977656,0.04967543,0.064841785,0.0565921,0.0702768,0.24347934,0.15626131,0.24279615,0.21230377,0.062388096,0.028871296,0.057553794,0.049936526,0.16157074,0.2005049,0.18467496,0.22015275,0.1682058,0.1973071,0.19338056,0.22620997,0.1588379,0.19126399,0.1839005,0.2254146,0.035267163,0.055655368,0.03711656,0.06042791,0.03635937,0.054996964,0.038887195,0.06265987,0.031573758,0.051318713,0.0349869,0.062677175,0.23903747,0.1492329,0.24170394,0.20796445,0.06261294,0.047040764,0.063935935,0.061136544,0.2224219,0.2207177,0.24982436,0.26354071,0.21234538,0.21465787,0.2377144,0.26262328,0.06255394,0.064845875,0.06711895,0.07057644,0.06348861,0.063562945,0.0694479,0.071721345,0.054562893,0.059458647,0.060714595,0.07077654,0.19501565,0.115707524,0.18774022,0.16302319,0.053324185,0.015750982,0.04886982,0.032613512,0.12748982,0.1573438,0.13812359,0.14965954,0.13057534,0.15467812,0.14308257,0.15121976,0.1241654,0.14805709,0.13639304,0.15079972,0.04578411,0.032161508,0.04791996,0.043242298,0.04555209,0.031656854,0.048620068,0.041065693,0.0401421,0.029745733,0.042403217,0.039748468,0.18463454,0.10840524,0.17790844,0.15536381,0.04946464,0.038624737,0.046017297,0.04042181,0.16038784,0.1676369,0.16901101,0.17596503,0.15297194,0.15891713,0.16136773,0.17492665,0.045107022,0.04641669,0.045523588,0.046773434,0.04433205,0.044452902,0.045483712,0.04472163,0.037869126,0.040873412,0.03808235,0.04210879,0.0,0.031612705,0.0,0.025177164,0.0,0.016363459
L_9p_ROI,Left,251,0.035629645,0.005398421,0.0035813835,0.0,0.03198103,0.0,0.024720646,0.0,0.013671366,0.034129355,0.035953943,0.022445083,0.0252433,0.0,0.016797991,0.0,0.027414978,0.0,0.025010044,0.0,0.01501567,0.0,0.030170444,0.0,0.024928106,0.0,0.019502014,0.20289539,0.12875532,0.20751616,0.19547516,0.07486927,0.017601127,0.072354674,0.060705874,0.12766816,0.15748392,0.16489483,0.17964609,0.1323442,0.15718655,0.1710694,0.19362378,0.12621783,0.15655716,0.16059698,0.19796933,0.033745117,0.050240282,0.050382823,0.05682485,0.035996865,0.048907313,0.052171644,0.062965445,0.033900455,0.046317704,0.046644542,0.06405724,0.1889248,0.15730666,0.20054935,0.19070889,0.045564387,0.04605519,0.04467168,0.04364231,0.15031573,0.15422976,0.20015468,0.18297352,0.20241201,0.14665131,0.19211411,0.17478965,0.20065245,0.039910667,0.05256,0.040664814,0.0475324,0.042122684,0.050719496,0.04359579,0.049814764,0.03631633,0.04773517,0.039293595,0.050174203,0.16050072,0.06746999,0.16147815,0.13198245,0.04892442,0.0003129176,0.04464301,0.031938143,0.09660722,0.086538844,0.11645543,0.12026792,0.100876935,0.08917362,0.123004496,0.12642053,0.09513396,0.092821434,0.11669623,0.12768342,0.012450629,0.027381953,0.016397415,0.029533062,0.011404811,0.031314615,0.015880257,0.03199965,0.008641242,0.031305123,0.013528563,0.031479985,0.16621108,0.11320597,0.17421377,0.15245543,0.042882316,0.029202908,0.04680827,0.043168757,0.15817027,0.16803469,0.1841117,0.18929265,0.15147606,0.162619,0.17621875,0.186262,0.044238538,0.05268068,0.050606422,0.05657902,0.04571184,0.051985417,0.0527103,0.056630213,0.039379425,0.04933601,0.046680395,0.055432703,0.11554926,0.009792671,0.10729473,0.07865078,0.042776573,-0.013135412,0.035639383,0.012456309,0.0600985,0.032028355,0.06720679,0.060008574,0.061811656,0.032667458,0.07025189,0.05900174,0.058162604,0.034205176,0.066415966,0.057670496,0.013636705,0.00810997,0.016864147,0.0125776315,0.011424156,0.0073432024,0.014662953,0.009381599,0.0075994805,0.0066721286,0.009995997,0.0066249142,0.12857647,0.076813474,0.12587987,0.10727014,0.03207868,0.029097881,0.031759106,0.029022321,0.11236432,0.11246602,0.121853,0.12512596,0.1084178,0.1091503,0.118266635,0.12316538,0.029522125,0.041905586,0.031902663,0.036060266,0.029282777,0.041744318,0.031607952,0.03533672,0.025195654,0.038747575,0.027730767,0.0336872,0.0,0.032593448,0.0,0.024434226,0.0,0.014014835
L_A1_ROI,Left,204,0.014073255,0.005423866,0.0044909692,0.0,0.0077541294,0.0,0.0019481237,0.0,0.0018401538,0.008169158,0.00869002,0.0014850111,0.002018614,0.0,0.0009244891,0.0,0.009647563,0.0,0.003429253,0.0,0.0015035865,0.0,0.008116888,0.0,0.002625357,0.0,0.0018416176,0.11933327,0.035294984,0.11318789,0.08389959,0.053478576,0.024370488,0.047551554,0.039613456,0.12907366,0.101533584,0.14753902,0.13912582,0.11166864,0.09537082,0.12945151,0.13057841,0.0923205,0.081624255,0.10070331,0.11236212,0.065081924,0.052712653,0.07328446,0.07112009,0.051832248,0.052521493,0.06158467,0.068018794,0.03903886,0.045611303,0.043881707,0.060152903,0.09707785,0.03733064,0.089939944,0.06261337,0.03806919,0.030578105,0.035425976,0.03332135,0.095979996,0.09209587,0.08884207,0.10971618,0.11661367,0.07781046,0.07456117,0.08587811,0.096148066,0.043955434,0.05887469,0.053989112,0.056914687,0.037394386,0.055495124,0.044620126,0.054619733,0.028419316,0.049102154,0.03335423,0.047921203,0.09007406,0.006128262,0.08775721,0.0559817,0.032713782,0.016990183,0.02998527,0.02619086,0.094224885,0.049927823,0.106241174,0.104250014,0.08367861,0.04932779,0.099161826,0.09466808,0.07087194,0.0442973,0.08071083,0.07922987,0.032905523,0.043692816,0.03686256,0.04837805,0.028682439,0.039725147,0.032428112,0.04657663,0.023361271,0.03170196,0.02533333,0.040525965,0.083233364,0.02548435,0.08185136,0.053634465,0.029098753,0.020339519,0.029748257,0.026764065,0.088932134,0.07693733,0.10655081,0.1076581,0.0765026,0.06383817,0.08596074,0.08851651,0.034643736,0.0526873,0.044475645,0.052966483,0.031270962,0.0500195,0.038672555,0.05019742,0.025229484,0.04311891,0.030225819,0.044115435,0.053935226,-0.03686112,0.04695752,0.015801158,0.011970726,-0.0017070501,0.009733776,0.0013354404,0.0394018,-0.009961262,0.038067635,0.028551804,0.035363846,-0.0075606783,0.03717834,0.018911587,0.031370778,-0.010148055,0.03097244,0.012987272,0.004716645,0.0047065653,0.0046280585,0.0030785655,0.0031166703,0.0022368883,0.0037848179,0.0035956027,0.0018578025,-0.0010532786,0.0019409242,0.0030537045,0.057698753,0.026300224,0.055746697,0.039769858,0.0075312196,0.0074997325,0.008123663,0.009960891,0.05688569,0.05749542,0.06468695,0.066964254,0.05028481,0.0467818,0.054918233,0.05969414,0.008866476,0.02236773,0.011323889,0.015277664,0.008892817,0.021558616,0.011210653,0.01660308,0.007892357,0.017619012,0.009542903,0.015159476,0.0,0.008471774,0.0,0.0043502944,0.0,0.002017299
L_A4_ROI,Left,355,0.04226506,0.009690243,0.006527048,0.0,0.0187176,0.0,0.012040096,0.0,0.0077127605,0.019874671,0.020644931,0.009631209,0.010972574,0.0,0.008190578,0.0,0.018223256,0.0,0.01587236,0.0,0.00909236,0.0,0.01935172,0.0,0.014600067,0.0,0.008734488,0.34000233,0.19796304,0.3215395,0.26724958,0.20424053,0.11935722,0.19407181,0.15677416,0.3259755,0.30712628,0.3653293,0.36349443,0.31418648,0.3038447,0.35663635,0.3660162,0.2633851,0.29276893,0.29631472,0.33254856,0.20878586,0.18609437,0.22930066,0.22324443,0.1986593,0.17570795,0.22305028,0.22506206,0.16166437,0.16781816,0.18227795,0.20189159,0.26186013,0.17527427,0.24524374,0.1941096,0.12532584,0.094683476,0.11514904,0.09562807,0.2118961,0.2216811,0.22232266,0.24537225,0.25528926,0.2011657,0.21012937,0.22125293,0.23953202,0.09760464,0.124552876,0.10453442,0.11898709,0.1020353,0.12543786,0.11483061,0.12850894,0.093353346,0.12074816,0.10245178,0.12331377,0.24745789,0.14645325,0.24040978,0.19363204,0.1303834,0.059247985,0.12446463,0.09909978,0.23617868,0.23037502,0.26087508,0.27260014,0.22887753,0.22625916,0.2558336,0.2659309,0.19336554,0.21451026,0.21656945,0.24119687,0.14569879,0.110568054,0.14983654,0.14948499,0.14115907,0.10751541,0.14792848,0.1523601,0.11636843,0.1018989,0.12360786,0.14122775,0.21168901,0.13643284,0.20463012,0.15901567,0.094755396,0.06836679,0.09648587,0.07869754,0.21131425,0.20738372,0.2301727,0.22936012,0.18893959,0.18919896,0.20580561,0.20956177,0.09040045,0.10414109,0.10049842,0.11500613,0.09211236,0.104004785,0.10784381,0.11831855,0.083097994,0.099220045,0.09660171,0.11054652,0.12705399,0.06894734,0.11865272,0.09646569,0.03240949,0.01874134,0.03266614,0.033402335,0.09024179,0.09294476,0.09168782,0.10290717,0.08914727,0.08692882,0.09187012,0.09570521,0.08177582,0.08417904,0.08509354,0.08748228,0.031154757,0.04010997,0.034345295,0.041769058,0.030554408,0.039204318,0.034110468,0.043797914,0.026739925,0.036316335,0.030386925,0.039404698,0.13681887,0.09738849,0.13170724,0.10898777,0.03841215,0.04607841,0.04107204,0.04242684,0.13624933,0.14209808,0.1414577,0.13920449,0.122492194,0.13234277,0.12882993,0.12920383,0.040048853,0.059067547,0.045800723,0.056580476,0.039807547,0.058335666,0.04610219,0.058672607,0.035702195,0.057410054,0.04106777,0.05517751,0.0,0.016589675,0.0,0.013524219,0.0,0.009158912
L_A5_ROI,Left,305,0.037565246,0.008524139,0.0064787646,0.0,0.0061289887,0.0,0.0034476127,0.0,0.0010379818,0.005920202,0.0067163846,0.0031927528,0.0028506583,0.0,0.0028060214,0.0,0.008505292,0.0,0.003984511,0.0,0.001949493,0.0,0.008774127,0.0,0.0036787072,0.0,0.002635831,0.28445625,0.17518964,0.28037357,0.22934768,0.13510609,0.078088805,0.13194488,0.09856028,0.24543425,0.2520624,0.2862419,0.30558118,0.24977219,0.2530332,0.2896411,0.30704913,0.22111621,0.25360683,0.25576535,0.2966161,0.12667646,0.13150755,0.15317549,0.15665594,0.12684083,0.1300661,0.15173386,0.15715529,0.11015266,0.12624764,0.13038315,0.14799641,0.15158863,0.121625595,0.152213,0.13315456,0.030929942,0.053882807,0.034730047,0.035605464,0.16004649,0.13088031,0.15667625,0.14827727,0.16607809,0.118307725,0.1533433,0.13753639,0.16486283,0.038090292,0.07393509,0.041008845,0.047217153,0.030442148,0.07618367,0.03721157,0.05145973,0.025669295,0.07383922,0.032091107,0.0501574,0.22689758,0.13831069,0.22799848,0.17485327,0.0825559,0.041451003,0.08140512,0.06694585,0.21332511,0.2029613,0.24215649,0.2556398,0.21676412,0.20139481,0.24617739,0.25218102,0.1922335,0.19718052,0.21936539,0.24176429,0.082202606,0.07569654,0.091046326,0.10705369,0.08613516,0.07862906,0.09527853,0.11299794,0.07650942,0.077749886,0.085502446,0.10963023,0.154572,0.120469,0.15849485,0.12989339,0.046638843,0.056945655,0.051314417,0.047456093,0.16063996,0.16391252,0.17981437,0.1837865,0.14693524,0.15579472,0.16668805,0.17553139,0.0507961,0.0753935,0.056941155,0.06522447,0.049398754,0.07708079,0.05846164,0.071178555,0.044770557,0.07501361,0.053501435,0.06922379,0.1294671,0.055031177,0.12323844,0.08711393,0.02400636,0.00831166,0.025288982,0.019070094,0.10255112,0.09863519,0.10546362,0.108347826,0.103691764,0.09894271,0.10670001,0.104547486,0.09418395,0.09001182,0.098379366,0.10242086,0.024728699,0.029411765,0.028660735,0.03205833,0.027495207,0.032876786,0.031348202,0.036030512,0.025546147,0.03211635,0.030062234,0.036607224,0.12978335,0.08569462,0.12894163,0.10310225,0.03791542,0.047878534,0.042627882,0.04242083,0.13331933,0.12894163,0.14143796,0.13999571,0.12219956,0.11818593,0.13214137,0.13024187,0.036135614,0.05678112,0.042254403,0.05291292,0.040531565,0.058127332,0.04755616,0.058281098,0.0380673,0.05594447,0.044720624,0.056830876,0.0,0.008311245,0.0,0.0035709082,0.0,0.0033629446
L_AAIC_ROI,Left,292,0.010301429,0.0038876303,0.0037142858,0.0,0.005268507,0.0,0.0047711222,0.0,0.0029218146,0.0057615084,0.006374452,0.0038341687,0.004962358,0.0,0.004471923,0.0,0.0049627586,0.0,0.004076497,0.0,0.0032224408,0.0,0.0046532615,0.0,0.004149843,0.0,0.0045922436,0.09545279,0.08767996,0.11876702,0.13010812,0.016737971,7.071568e-05,0.018242003,0.009574574,0.05079159,0.116979934,0.07119463,0.0954408,0.04958627,0.11174162,0.0732689,0.10157989,0.0500532,0.111267306,0.070839986,0.108104706,0.0026985076,0.014198095,0.0027366611,-0.0007643909,0.0039044195,0.014720452,0.0049266503,-0.0001928948,0.0024383974,0.014521716,0.0016730631,0.0035100705,0.08047675,0.086006574,0.10371411,0.115605004,0.006228176,0.021325948,0.010670794,0.018713698,0.06806606,0.048007023,0.11362672,0.07774065,0.102463834,0.05243479,0.122458845,0.07632287,0.10686504,0.0035320763,0.024569863,0.008750882,0.018367646,0.004129858,0.024001572,0.008855633,0.019094393,0.004069255,0.023121446,0.008111951,0.019455606,0.09077132,0.06901673,0.112194836,0.103100784,0.022683902,0.0033842158,0.026960397,0.007446969,0.06149499,0.08662488,0.08257809,0.092532314,0.058176693,0.0835752,0.078561895,0.09247256,0.053243957,0.08527506,0.07362759,0.09376727,0.010354528,0.027028209,0.014876443,0.010590531,0.009384647,0.024832755,0.015104057,0.009021246,0.0059978953,0.021669848,0.010266754,0.009426873,0.0795198,0.06421861,0.09759904,0.10160392,0.016941668,0.021723129,0.022082144,0.027028743,0.06706406,0.097383395,0.09340758,0.11042516,0.06505641,0.10676058,0.087724544,0.11065569,0.013643831,0.039077893,0.021786377,0.030853478,0.014066908,0.03698916,0.022095667,0.03188844,0.012383023,0.03218328,0.019851053,0.030044124,0.08333061,0.041447937,0.09844928,0.08678448,0.03640041,-0.0025008053,0.04179069,0.024680523,0.053239536,0.06392271,0.07288569,0.079046525,0.050972145,0.060319588,0.0662836,0.07804364,0.045639284,0.059005618,0.06305865,0.07232374,0.020567153,0.02410106,0.028720768,0.030291162,0.020520018,0.020975206,0.028281886,0.027732551,0.017349165,0.019668892,0.02407398,0.02571771,0.07653359,0.057643965,0.08909291,0.089428954,0.023875995,0.02442904,0.028094562,0.028972475,0.063688174,0.08831518,0.08105744,0.10107559,0.060139436,0.09043896,0.077119716,0.0969596,0.017771207,0.032913767,0.023634527,0.03186064,0.01790348,0.03003655,0.023731653,0.031779736,0.01580154,0.02688761,0.020842327,0.02749928,0.0,0.0060208873,0.0,0.004042711,0.0,0.0029436927
L_AIP_ROI,Left,297,0.0039062337,0.0023306822,0.0021962936,0.0,0.0039486885,0.0,0.004978902,0.0,0.0062266216,0.0035207602,0.004729317,0.0035180904,0.004784997,0.0,0.007943979,0.0,0.0060170484,0.0,0.00605719,0.0,0.0094550485,0.0,0.0036576542,0.0,0.0073249857,0.0,0.009834512,0.14791359,0.07444975,0.13869545,0.11215449,0.03194126,0.0140060065,0.03718219,0.029783342,0.09593624,0.10290254,0.10664575,0.11374518,0.10009288,0.10594583,0.11016599,0.11649764,0.09145849,0.10246813,0.102200866,0.114284664,0.016333463,0.02552004,0.024740636,0.0325492,0.0187004,0.030267593,0.026900187,0.035078973,0.019159283,0.0335938,0.027917022,0.03479953,0.14931889,0.05495596,0.14149104,0.105442576,0.026019396,0.032793265,0.031173898,0.036463883,0.1552301,0.11952388,0.116834156,0.12906727,0.12193567,0.10729279,0.1150112,0.11585164,0.119733274,0.021448985,0.039065767,0.024986135,0.033950735,0.022310259,0.041834656,0.025572313,0.03464374,0.02156945,0.041181806,0.026174175,0.034306042,0.16468146,0.08375275,0.15568374,0.12628648,0.03184248,0.0071505117,0.030275295,0.015543238,0.1371336,0.11087214,0.13739243,0.13833766,0.14055201,0.11355708,0.1419208,0.13859658,0.12610286,0.1105889,0.13060854,0.12851618,0.030716764,0.019389445,0.031152133,0.030559259,0.032014575,0.0220273,0.032871217,0.030648524,0.028593773,0.022965271,0.029854419,0.028243456,0.15745021,0.06594147,0.15056099,0.12045589,0.039579637,0.024953334,0.04020092,0.034110393,0.15941627,0.15290596,0.16395558,0.1554528,0.14403309,0.15290143,0.15016063,0.1497841,0.041134585,0.04088298,0.0425495,0.045894973,0.04158701,0.042328417,0.04325921,0.04572034,0.036785524,0.040904015,0.039686214,0.04178142,0.14891507,0.0770654,0.14125504,0.11280148,0.034912404,0.011564179,0.032574885,0.021767259,0.12560046,0.10859786,0.12587716,0.120599404,0.12735425,0.11024898,0.128475,0.12020224,0.117179744,0.10995942,0.12018775,0.112464346,0.03392005,0.021698374,0.0340082,0.029598717,0.03552397,0.023985606,0.036009274,0.032198694,0.032791108,0.024860743,0.0331104,0.029744022,0.15236665,0.067277096,0.14388797,0.11205919,0.04427173,0.03362499,0.04190273,0.03468695,0.14993916,0.14484943,0.15101868,0.13944934,0.1388509,0.14462712,0.14132836,0.13568738,0.041569825,0.040621713,0.042274587,0.041611273,0.041930135,0.04248105,0.043142885,0.043734733,0.03697412,0.04151968,0.03797522,0.041105714,0.0,0.0064450786,0.0,0.005601976,0.0,0.0056386925
L_AVI_ROI,Left,291,0.0096725095,0.0018323709,0.0015256321,0.0,0.0072765946,0.0,0.009848618,0.0,0.0053369333,0.0075029065,0.008332981,0.0074902317,0.009812336,0.0,0.005983432,0.0,0.0056552747,0.0,0.009499535,0.0,0.005724671,0.0,0.0057033673,0.0,0.008700141,0.0,0.00608915,0.1260351,0.09102164,0.14137581,0.14621867,0.015461947,0.023972979,0.019011471,0.022239992,0.079067275,0.106474884,0.10034137,0.11122462,0.07556715,0.10330562,0.09858173,0.11407651,0.07437324,0.09784481,0.09324624,0.11250515,0.009493855,0.026869748,0.0125733055,0.013707861,0.008983698,0.028769648,0.013490214,0.015920432,0.00906126,0.027315075,0.013759238,0.01696073,0.1284717,0.14276204,0.14583658,0.15564191,0.012927199,0.051323485,0.022088079,0.03749191,0.12616527,0.091530815,0.1502101,0.12209816,0.15118496,0.08824731,0.14599635,0.11514077,0.15017264,0.009656086,0.04505158,0.016081508,0.027910145,0.00953339,0.045288358,0.018715112,0.031165522,0.009710137,0.04245127,0.018918961,0.031391118,0.13006207,0.0721625,0.14005864,0.12392308,0.026517445,0.024626292,0.02780524,0.022714453,0.09186044,0.08466251,0.10679023,0.10866641,0.092353396,0.07654542,0.107356265,0.10865075,0.08816025,0.07178316,0.10398948,0.1083981,0.016410127,0.031099832,0.0205515,0.017046435,0.017053658,0.03243328,0.02118476,0.020310877,0.01671516,0.030829612,0.020274725,0.022511031,0.14054084,0.12046719,0.15252538,0.14474475,0.030986672,0.047071975,0.035675783,0.038097877,0.12877527,0.13011883,0.15038222,0.15944888,0.122549675,0.12578262,0.14376676,0.15938427,0.027983515,0.04436796,0.03513243,0.036135674,0.02873357,0.044080164,0.03663969,0.03894764,0.026198357,0.043183107,0.033565946,0.038886555,0.11139869,0.04746765,0.11376987,0.09605824,0.022515927,0.0066704587,0.021609211,0.0145593565,0.06955534,0.04415165,0.07740463,0.068592966,0.07218039,0.04183371,0.07999332,0.07111875,0.06833952,0.03994578,0.07843994,0.07428536,0.010534375,0.020267686,0.014590978,0.014222146,0.010878326,0.02063357,0.014350074,0.016144639,0.009484723,0.019137155,0.013575448,0.018634027,0.14006153,0.11562429,0.14477259,0.13299748,0.034055203,0.04289548,0.03652057,0.038434513,0.12989636,0.11407699,0.14212137,0.14066838,0.12301662,0.10701497,0.13685003,0.14021516,0.03181904,0.044635292,0.036867235,0.037840676,0.03276584,0.042152774,0.036975894,0.040705796,0.028849386,0.038455915,0.033242047,0.040667698,0.0,0.005978365,0.0,0.006971284,0.0,0.005230608
L_DVT_ROI,Left,322,0.0053951275,0.010302062,0.010842759,0.0,0.008934987,0.0,0.008689071,0.0,0.0037972091,0.0092467135,0.00956424,0.008007384,0.008129527,0.0,0.004853869,0.0,0.009352475,0.0,0.007921339,0.0,0.0039378763,0.0,0.008778782,0.0,0.0071954015,0.0,0.0041027847,0.16555244,0.10736459,0.15606667,0.13138177,0.02566366,0.022535607,0.020914033,0.018851694,0.11464945,0.10939359,0.124789186,0.1329699,0.11032571,0.11137946,0.11914158,0.12641127,0.10327421,0.112400584,0.109803855,0.11818414,0.01687224,0.023556024,0.016073031,0.022318872,0.015774302,0.027420493,0.01471824,0.019118123,0.013438439,0.029302942,0.011076839,0.01708397,0.14952104,0.07482348,0.14243339,0.10924982,0.020711124,0.01885791,0.018754901,0.015624904,0.19406782,0.11202598,0.10361947,0.12582475,0.12245406,0.105603814,0.10145474,0.11659426,0.11589976,0.013402745,0.023872744,0.01603227,0.01809995,0.014033169,0.026853705,0.017088128,0.01800926,0.01297041,0.027486518,0.0149434805,0.01715653,0.20054224,0.10375453,0.1839276,0.13763975,0.047434732,0.023682253,0.04376575,0.02814981,0.18005852,0.14867674,0.18564531,0.17174812,0.17005001,0.14620283,0.17847076,0.16264535,0.14713253,0.13974597,0.15327169,0.14872633,0.04575049,0.04710175,0.05148548,0.048729353,0.041726194,0.048870202,0.04726133,0.045489453,0.033027485,0.048040606,0.037340343,0.041665997,0.18283075,0.08647487,0.16671953,0.12085496,0.04193405,0.031878117,0.038696162,0.027774485,0.18580674,0.148116,0.1952484,0.17128731,0.16261613,0.13701534,0.16955934,0.15320495,0.049724057,0.04522482,0.054010183,0.0498534,0.046901517,0.04769447,0.052079387,0.048815135,0.037968572,0.04668983,0.042290807,0.04541678,0.18173788,0.06915096,0.1644321,0.11877273,0.041869756,0.019281687,0.03822592,0.026692752,0.16419612,0.1498903,0.1696869,0.16244994,0.15327883,0.14593606,0.16213994,0.15221979,0.12760271,0.13892335,0.13342057,0.13627338,0.04120853,0.048274778,0.047358073,0.051008992,0.037512034,0.05049946,0.044851277,0.048134632,0.029141992,0.050118595,0.03474092,0.043357335,0.17881025,0.0730158,0.15997082,0.11362314,0.04372766,0.030832125,0.04115131,0.029370455,0.18908927,0.157717,0.19775663,0.1762829,0.15975796,0.14450209,0.16515125,0.15730427,0.05915044,0.051750485,0.06473306,0.05835875,0.05460915,0.05431477,0.061540484,0.056568448,0.042271137,0.053807292,0.04797813,0.052445855,0.0,0.008865885,0.0,0.007952396,0.0,0.0040986133
L_EC_ROI,Left,298,0.00489611,0.0032575678,0.0034580727,0.0,0.006532642,0.0,0.006339144,0.0,0.0040020808,0.0069670198,0.007575586,0.005231927,0.0059528463,0.0,0.004288088,0.0,0.0062078065,0.0,0.005893396,0.0,0.003499441,0.0,0.006187622,0.0,0.005302237,0.0,0.0049919966,0.094439775,0.12480779,0.12597635,0.13916725,0.019575242,0.028792035,0.025834125,0.030478993,0.06725412,0.12569332,0.09636718,0.11866379,0.065469466,0.13147439,0.10277687,0.1253221,0.063564986,0.12899216,0.09405604,0.11959523,0.018894425,0.035196718,0.025790084,0.03489536,0.017121578,0.036282703,0.026305068,0.035330825,0.01636357,0.03295379,0.022374498,0.030493207,0.09022457,0.13204655,0.12592885,0.14411224,0.02504719,0.036400896,0.034132008,0.040630393,0.082640536,0.061963283,0.13786915,0.10287528,0.13753808,0.06079577,0.13783784,0.0968805,0.13381852,0.019910889,0.05372672,0.02862572,0.05092439,0.017874401,0.053520706,0.033167835,0.04996821,0.018013543,0.04669243,0.028794516,0.04435841,0.10175482,0.117689475,0.1353241,0.14698729,0.031702135,0.017013477,0.04080762,0.0365123,0.075250365,0.13234249,0.10755815,0.13399285,0.07441292,0.1370096,0.11276884,0.14020076,0.0702506,0.13756318,0.10508263,0.1331285,0.021658422,0.033807546,0.03432568,0.04581738,0.021665368,0.03373402,0.03536116,0.045650613,0.01961055,0.032143146,0.031017642,0.040701564,0.09275706,0.12619793,0.12611388,0.14419691,0.031348575,0.03793581,0.04245231,0.043237142,0.08371462,0.14296757,0.12592687,0.15828837,0.078837104,0.14695284,0.11779118,0.15252176,0.033194166,0.060527697,0.047595527,0.06855737,0.032164898,0.05908378,0.050573062,0.0691374,0.028681908,0.056212697,0.044825442,0.06458796,0.09139693,0.09808732,0.11634262,0.12845759,0.022131773,0.0118284505,0.025640322,0.02731807,0.06350523,0.118989065,0.08739793,0.10934671,0.06304978,0.12838231,0.08975379,0.11463685,0.05691492,0.13569948,0.0833521,0.1131041,0.00958451,0.030417595,0.015783269,0.029803231,0.008522052,0.030274766,0.01581164,0.03155581,0.0067526107,0.030208735,0.012750484,0.02813594,0.08669406,0.11646648,0.111279264,0.12883916,0.021909181,0.035574738,0.028270092,0.03124091,0.08402861,0.14318256,0.11531761,0.14066432,0.0747989,0.14973398,0.105057895,0.13748641,0.02753538,0.04414702,0.037554927,0.049481586,0.027950652,0.044051882,0.03977127,0.051740192,0.024088366,0.04398494,0.033653017,0.05022601,0.0,0.0074133603,0.0,0.0052680676,0.0,0.0040591117
L_FEF_ROI,Left,190,0.0075726663,0.0053640567,0.0048452006,0.0,0.010981658,0.0,0.008265688,0.0,0.006012109,0.011888521,0.012847362,0.00803917,0.008291684,0.0,0.008314469,0.0,0.010320294,0.0,0.009938634,0.0,0.006255615,0.0,0.009358311,0.0,0.009459926,0.0,0.005860443,0.1699237,0.10164343,0.16007191,0.12956749,0.058262166,0.036775682,0.050712354,0.033515748,0.13502957,0.14122134,0.15257584,0.1614594,0.12972365,0.13409914,0.14816223,0.1575072,0.112177484,0.12054425,0.1269543,0.14648962,0.053908207,0.05594822,0.059857376,0.06206366,0.05046258,0.05324036,0.056224562,0.057087842,0.03983706,0.047812853,0.043499805,0.0468385,0.18096745,0.11839524,0.17560863,0.13995044,0.059397094,0.05454009,0.056080125,0.048395686,0.21468845,0.15455139,0.17429602,0.17905097,0.1883887,0.13602133,0.16354771,0.15562482,0.1756011,0.06378736,0.0670355,0.07533061,0.08328241,0.05820662,0.065383695,0.07019736,0.07772184,0.044402935,0.05993896,0.05374497,0.0634479,0.18485142,0.115629956,0.17133442,0.13057457,0.06862785,0.031358145,0.062316064,0.037130862,0.1820004,0.14854562,0.19355606,0.18493092,0.1643759,0.14174427,0.17860736,0.17293726,0.13506687,0.13103642,0.14530097,0.15445036,0.07227255,0.06631296,0.07913308,0.075405546,0.06425172,0.06018529,0.071364895,0.070244834,0.04831505,0.050479345,0.052747775,0.05898533,0.18646526,0.11094754,0.17684506,0.13764577,0.0734107,0.043478783,0.07047432,0.051297363,0.19582783,0.17334625,0.21587397,0.21149537,0.16198145,0.15958035,0.17797051,0.18828827,0.09638739,0.07938153,0.11134039,0.11015851,0.08357197,0.073911555,0.099137135,0.10219906,0.060480453,0.06392955,0.07228651,0.08319823,0.15289454,0.0963838,0.1386695,0.10943437,0.0443277,0.022577282,0.038084686,0.023361878,0.14005734,0.11633595,0.14502548,0.13972159,0.12193388,0.11023731,0.12887359,0.12870948,0.09861249,0.10371284,0.104322076,0.1142803,0.0365057,0.04747648,0.043901056,0.047586054,0.03148991,0.044486757,0.038570914,0.04528565,0.023733906,0.039228767,0.028738957,0.040023442,0.15819764,0.093400605,0.14628087,0.11250959,0.052197345,0.0476529,0.050558653,0.043036915,0.16206776,0.13433781,0.17022967,0.16817404,0.1299689,0.12303971,0.13881274,0.14799775,0.07061791,0.063474394,0.07474301,0.07330597,0.059232265,0.062832244,0.06564235,0.06994059,0.04257277,0.058099754,0.048014726,0.061329935,0.0,0.009730651,0.0,0.009549766,0.0,0.006003883
L_FFC_ROI,Left,198,0.0037874987,0.010565206,0.011019476,0.0,0.0044938587,0.0,0.00562061,0.0,0.006168976,0.0038867537,0.0044586873,0.0052028284,0.0055863233,0.0,0.006063845,0.0,0.004862094,0.0,0.008290675,0.0,0.005415324,0.0,0.006421159,0.0,0.008943005,0.0,0.005802032,0.15720491,0.10437561,0.15605922,0.14174376,0.055969656,0.04486028,0.057839256,0.051686015,0.106961355,0.115101695,0.123389214,0.13345674,0.1075816,0.11982564,0.1268107,0.14048599,0.10294616,0.1167374,0.121472135,0.13889305,0.03772625,0.053671364,0.0464556,0.05889402,0.04010455,0.059719224,0.049920935,0.06107947,0.038416244,0.063245796,0.047846496,0.05810538,0.14874944,0.10670293,0.15280753,0.13586786,0.05396636,0.05766237,0.057027936,0.054327667,0.2183057,0.10901268,0.12149149,0.13163808,0.14644802,0.10587692,0.11959788,0.12642321,0.14203656,0.04033892,0.050459918,0.05000819,0.06261956,0.04260429,0.05567715,0.05251473,0.06404465,0.039273873,0.05991666,0.04855808,0.059944544,0.20586671,0.10381221,0.19125465,0.14186344,0.08441598,0.048452448,0.079348564,0.057664517,0.20100842,0.14446312,0.20464112,0.18484232,0.19490962,0.14507033,0.20111422,0.18142554,0.1663334,0.13949612,0.17512436,0.16642049,0.09311331,0.082044005,0.09526711,0.09168588,0.09094357,0.0842331,0.09472476,0.09090474,0.074413136,0.08268703,0.07873072,0.08208435,0.19788328,0.096518084,0.18794227,0.13894798,0.09192612,0.05129162,0.08903754,0.06332311,0.21419457,0.15975858,0.22401449,0.2054936,0.18381599,0.1527569,0.19756986,0.18898046,0.10320494,0.08185689,0.1107227,0.10286395,0.10073333,0.08400728,0.109384485,0.10248179,0.08062301,0.082066126,0.09077145,0.093338214,0.19320366,0.06593018,0.17464472,0.11422472,0.07925253,0.039188094,0.07254878,0.048477266,0.1933928,0.12471324,0.19292213,0.15955034,0.18642312,0.12084399,0.18652312,0.15499188,0.15280347,0.109846294,0.15749799,0.14234813,0.09397452,0.068969525,0.09485016,0.08218228,0.09091632,0.07197459,0.09240712,0.0805654,0.073577195,0.070490174,0.07681978,0.07395303,0.20652018,0.08562482,0.18861851,0.12964112,0.08571266,0.05015511,0.07666268,0.05484841,0.23806697,0.18009706,0.24039707,0.21125638,0.19493139,0.1686318,0.20350064,0.18989538,0.11016239,0.077893846,0.10882187,0.09755814,0.10443114,0.07767473,0.10278458,0.09380472,0.08082678,0.075197116,0.08238073,0.08258963,0.0,0.005410953,0.0,0.0058699516,0.0,0.0048442422
L_FOP1_ROI,Left,293,0.004508316,0.00013584133,1.7788927e-05,0.0,0.0029021394,0.0,0.0017889021,0.0,-0.00014805509,0.0026285062,0.0034956674,0.0018701892,0.0024498308,0.0,0.00048833736,0.0,0.004029698,0.0,0.00212646,0.0,0.00096615433,0.0,0.0031089806,0.0,0.0008728473,0.0,0.0013605763,0.10156168,0.08080948,0.11751712,0.11880188,0.020356717,0.01521957,0.024277601,0.018085338,0.079895884,0.13628137,0.10798855,0.13030589,0.07519798,0.1402068,0.103949524,0.13370873,0.06749455,0.13506669,0.09008846,0.11989853,0.025276704,0.022173379,0.03687158,0.03854963,0.021976043,0.023098566,0.03266692,0.033563897,0.01668581,0.02342175,0.024274066,0.026983263,0.097970836,0.0678658,0.106357634,0.09877051,0.02191479,0.013142789,0.019272812,0.008165917,0.1140118,0.0810791,0.14576095,0.11009012,0.1330684,0.071218856,0.14633378,0.09505658,0.1229835,0.02863636,0.027097236,0.035360184,0.034357086,0.024774034,0.029212281,0.031343486,0.03293787,0.018023567,0.029056747,0.022639925,0.027340906,0.10470809,0.07983673,0.117247574,0.110243976,0.0143132545,0.008689228,0.016037956,0.011135015,0.09687374,0.12744544,0.11873464,0.13390945,0.09173267,0.13244608,0.113045365,0.13360117,0.07993706,0.12920628,0.10039064,0.11794552,0.0207135,0.021064214,0.024588669,0.031396184,0.018442532,0.019040681,0.022393193,0.02912516,0.013652115,0.017571183,0.017143011,0.024540503,0.1037854,0.06588175,0.11277621,0.09854295,0.02252117,0.02589612,0.024788847,0.016224697,0.10775722,0.1420554,0.13612984,0.15250385,0.094032176,0.13760962,0.118888415,0.13724846,0.033959005,0.037144594,0.04377619,0.0488504,0.030686872,0.03684289,0.041553464,0.048819195,0.0231093,0.036015574,0.03217849,0.042883817,0.090904415,0.061337713,0.09919133,0.09262337,0.006428238,0.00845357,0.0069505703,0.0070271706,0.077632874,0.09419357,0.09197426,0.093105294,0.073987246,0.09559127,0.086499035,0.092053816,0.06598118,0.09384698,0.07908917,0.08286461,0.010558801,0.0134232305,0.012856969,0.014142593,0.010360918,0.013282177,0.012794573,0.01498923,0.008815907,0.014610275,0.010708133,0.01579024,0.09565586,0.04401536,0.1015127,0.08598211,0.016057327,0.018980192,0.017699184,0.016715765,0.09664017,0.10870391,0.114363216,0.120270275,0.08658358,0.101837784,0.102554314,0.11171124,0.019944472,0.021896768,0.02446092,0.025764357,0.019630954,0.02360168,0.024071606,0.026806226,0.015695803,0.026478477,0.019252434,0.02768564,0.0,0.0028906504,0.0,0.0019181569,0.0,0.0011381987
L_FOP2_ROI,Left,295,0.004679777,0.0020505057,0.002127774,0.0,0.0023859548,0.0,0.0038427573,0.0,0.0036583531,0.00093319645,0.0024291012,0.0025406494,0.0042921384,0.0,0.003575567,0.0,0.004087098,0.0,0.0034741375,0.0,0.0029801612,0.0,0.0046262965,0.0,0.0041262815,0.0,0.0036690768,0.09846521,0.11285686,0.11731863,0.12825954,0.015388686,0.006411145,0.017133446,0.014024451,0.06458962,0.10910522,0.09156184,0.115952484,0.06480147,0.113320716,0.094216816,0.11934114,0.06151788,0.11040334,0.085128024,0.117193185,0.008771406,0.007703587,0.012846305,0.0130852,0.009518346,0.007851235,0.013369725,0.016058493,0.008555276,0.0074640135,0.011175046,0.013987679,0.09139733,0.09078671,0.105130665,0.11765722,0.014425517,0.023511173,0.015577856,0.020070076,0.11163962,0.067474715,0.11123813,0.09353077,0.11785372,0.06465071,0.11348606,0.08460916,0.11972805,0.011162342,0.024830539,0.015697537,0.020722238,0.013131087,0.02594054,0.01873572,0.022687618,0.011616497,0.027041623,0.016704235,0.022122536,0.1179781,0.11819502,0.13048746,0.13445769,0.02346768,0.01120931,0.025068568,0.014760788,0.09582568,0.1152172,0.11262535,0.1254439,0.094701126,0.121702515,0.117188424,0.12505306,0.082165666,0.121368565,0.102549665,0.11832877,0.018124508,0.02900249,0.02217682,0.023317587,0.01926191,0.027325364,0.02399396,0.021904277,0.017411958,0.022394272,0.02246809,0.017166631,0.112843715,0.10167236,0.12564471,0.13224757,0.024803583,0.03151631,0.028718801,0.026733069,0.1136992,0.15240845,0.1433978,0.16276589,0.10153925,0.14983012,0.12641095,0.15768865,0.026960192,0.051733855,0.034796778,0.042806264,0.02863863,0.04954189,0.039311763,0.042690016,0.024505945,0.04688897,0.035065237,0.039362673,0.101258434,0.06273382,0.10763455,0.09853609,0.018028142,-0.0070733554,0.015082241,0.002515919,0.08008583,0.06256805,0.09134205,0.08347101,0.07631219,0.06225878,0.09334489,0.084465876,0.06398876,0.06824719,0.07743514,0.08237272,0.012563639,0.015200402,0.016846772,0.018312948,0.01196082,0.012983054,0.015625257,0.015317901,0.010171564,0.012597277,0.013878633,0.012162791,0.1170888,0.091561265,0.12598096,0.122913726,0.025187315,0.023695478,0.027139725,0.023797812,0.11883366,0.15306544,0.14750722,0.1539428,0.10575842,0.15085422,0.12572385,0.15287377,0.027131857,0.037951894,0.032866724,0.03650602,0.02632892,0.035406284,0.032968577,0.035468902,0.022033017,0.034396086,0.027444435,0.0335966,0.0,0.0026439293,0.0,0.0031374444,0.0,0.004394635
L_FOP3_ROI,Left,294,0.00064187875,-0.0008129757,-0.0012973512,0.0,0.0015399981,0.0,0.0010430114,0.0,0.0009292175,0.0015284341,0.0019710772,0.0011668976,0.0020603635,0.0,0.0023728218,0.0,0.001704484,0.0,0.0013585666,0.0,0.00096878235,0.0,0.0017610322,0.0,0.0012120735,0.0,0.0005040854,0.092055,0.10026574,0.112133205,0.13152082,0.014200555,0.0066048927,0.01645212,0.009578443,0.04949532,0.09745223,0.0750106,0.10950342,0.055205256,0.1005165,0.078182146,0.12282601,0.052783664,0.11399696,0.076355465,0.12766616,0.008068092,0.0062624877,0.01121936,0.00978673,0.009412805,0.006870397,0.01083032,0.010900776,0.008293958,0.011003228,0.0110739535,0.011295192,0.07971604,0.07630457,0.093500674,0.10174281,0.014505982,0.010709576,0.015140192,0.01245371,0.10156844,0.058239784,0.09733333,0.07618972,0.11229326,0.053680357,0.11418247,0.075840764,0.11580775,0.010812166,0.015390082,0.014507534,0.018353507,0.011427728,0.016257342,0.013848923,0.021757156,0.01053191,0.019925807,0.013982023,0.018346295,0.1085311,0.107526064,0.12393115,0.12726429,0.018089216,0.009186969,0.02127606,0.00918514,0.08345573,0.105643146,0.10261442,0.12239333,0.08656348,0.10845522,0.10562719,0.13164933,0.07762025,0.12098089,0.09735233,0.1297125,0.018436557,0.015053873,0.024473667,0.023693278,0.017975854,0.014088882,0.022380456,0.022969302,0.014095761,0.014931253,0.01927561,0.019729892,0.104552224,0.09544509,0.12062773,0.12049536,0.021092623,0.020856855,0.023234542,0.01758296,0.10587439,0.13264528,0.1326744,0.16079262,0.096727476,0.14015552,0.12472036,0.15376289,0.02767758,0.03332203,0.036165018,0.039821386,0.026946463,0.033521026,0.034854084,0.040508565,0.022432473,0.035364386,0.030317996,0.0348062,0.09966306,0.06422462,0.109439954,0.095002756,0.019815154,0.0040029353,0.019949064,0.013580223,0.07546121,0.09519395,0.09018433,0.093230784,0.07760059,0.09055085,0.09353065,0.09744018,0.07026472,0.09343153,0.08655597,0.0970845,0.019058853,0.019384386,0.023605075,0.025862804,0.019606667,0.01946871,0.023321856,0.023825353,0.016505238,0.021674298,0.019479152,0.021883981,0.10584027,0.0719081,0.1174311,0.099015065,0.023371827,0.014988624,0.024005344,0.018282946,0.111687705,0.13132977,0.13697937,0.14906561,0.10090941,0.12894332,0.12734044,0.14129958,0.025277674,0.023166101,0.03118929,0.033870075,0.026143864,0.02355325,0.031444125,0.03313772,0.021746676,0.0253826,0.026385996,0.030317036,0.0,0.001460285,0.0,0.0014054058,0.0,0.0009949338
L_FOP4_ROI,Left,288,0.0175928,0.0010375372,0.0004402298,0.0,0.01791963,0.0,0.010883539,0.0,0.004889868,0.018476874,0.01995099,0.008186959,0.010653416,0.0,0.0053795944,0.0,0.017190294,0.0,0.011755868,0.0,0.00815285,0.0,0.017811313,0.0,0.012457078,0.0,0.011330277,0.1758602,0.16645645,0.19373177,0.20440906,0.03874392,0.03708208,0.04708678,0.047660027,0.11292624,0.16741124,0.1467217,0.17645124,0.11501047,0.16855788,0.1533655,0.18305013,0.11048484,0.16299666,0.14332543,0.18434593,0.026032774,0.04140825,0.04189225,0.050845023,0.027318796,0.04100884,0.04312181,0.05025041,0.026211856,0.039550845,0.03990953,0.047850315,0.1816636,0.1826605,0.19903073,0.19517645,0.03647364,0.049696866,0.042261016,0.045578398,0.1672876,0.13616085,0.18531416,0.17346622,0.20123006,0.12758541,0.1817282,0.16331457,0.20178382,0.03147089,0.052305937,0.039847612,0.049083926,0.031062922,0.050665278,0.039753176,0.047831,0.028177856,0.04714819,0.036631115,0.04389406,0.17503025,0.15737817,0.19036886,0.18927702,0.032460537,0.02309354,0.034401923,0.03343194,0.1271509,0.17004545,0.14905718,0.17197242,0.13094772,0.17064817,0.15659606,0.17545436,0.12301957,0.16441229,0.14869355,0.16974619,0.028018124,0.031589836,0.031994108,0.040546093,0.028715672,0.032638848,0.032533113,0.04156035,0.026039353,0.03302828,0.030442629,0.03965659,0.18695371,0.17146826,0.2052326,0.19725086,0.05106556,0.0490585,0.05980837,0.05730402,0.17189741,0.20997304,0.2047663,0.22553413,0.15959285,0.20163877,0.19445707,0.21832514,0.044277728,0.054555956,0.05413093,0.059886344,0.04514382,0.055404786,0.05457408,0.0601418,0.040693942,0.053227525,0.051434938,0.056688793,0.15280032,0.108924575,0.1562768,0.14681032,0.02358979,0.009762344,0.024613174,0.018886343,0.10452476,0.13054729,0.115390465,0.1224072,0.10815429,0.13080667,0.1199133,0.124733575,0.10208023,0.12764624,0.11557908,0.119244926,0.022524104,0.020474091,0.025821062,0.027646877,0.022429598,0.018318366,0.02521193,0.025796743,0.019905362,0.018196825,0.022609474,0.023845805,0.16943845,0.14292595,0.17463294,0.16364752,0.034084596,0.035896685,0.035336427,0.03281765,0.1569862,0.19296415,0.17263365,0.1852064,0.14613506,0.18645407,0.16567221,0.17739974,0.034530938,0.040895764,0.038577788,0.041988228,0.03548088,0.040793926,0.037339557,0.041714884,0.030916292,0.04060445,0.034444988,0.039668802,0.0,0.018180372,0.0,0.012875534,0.0,0.008324729
L_FOP5_ROI,Left,349,0.02341989,0.0032869312,0.0018410021,0.0,0.020108804,0.0,0.017120168,0.0,0.007626668,0.023065118,0.02458653,0.0159826,0.017700244,0.0,0.008903436,0.0,0.018002568,0.0,0.017164798,0.0,0.009382616,0.0,0.020406526,0.0,0.01768017,0.0,0.012991382,0.16225193,0.1350276,0.17717113,0.17070246,0.062859,0.034869317,0.0712907,0.06624339,0.10058649,0.16017415,0.13634326,0.16591418,0.10518122,0.15883194,0.14468168,0.1734285,0.09893024,0.15619893,0.1339108,0.16571744,0.029341262,0.052981142,0.053819925,0.070177324,0.032159925,0.04896409,0.058276054,0.07681494,0.03021289,0.045005802,0.05190555,0.07137991,0.1585715,0.15128607,0.17531897,0.16404437,0.04175347,0.049665995,0.05039645,0.04986045,0.14615858,0.13307899,0.16239133,0.16671556,0.19079138,0.123563714,0.16093893,0.15593915,0.18290883,0.037974413,0.058156896,0.04726011,0.05748803,0.040565945,0.05362683,0.0506775,0.059423186,0.035448108,0.04844541,0.044691112,0.05418905,0.14852557,0.08216268,0.15579922,0.13384551,0.040427726,0.015994398,0.037910253,0.034900818,0.10847163,0.11351,0.12736456,0.14382453,0.109942384,0.10923289,0.13088198,0.14557695,0.099642806,0.107169494,0.11960287,0.13526754,0.021410586,0.036669422,0.024725972,0.043210708,0.020462662,0.035827514,0.024001013,0.046144895,0.016891673,0.03263259,0.018813463,0.042443737,0.15144627,0.11789721,0.16546865,0.14789164,0.049579803,0.039534148,0.057890747,0.05401793,0.14862859,0.13972996,0.18089665,0.19247961,0.13639347,0.13713287,0.16745925,0.18236415,0.04944764,0.06058856,0.06115076,0.06709886,0.0488837,0.05558039,0.062392823,0.06817737,0.041409753,0.0508511,0.053155567,0.062230803,0.12167278,0.027088076,0.12039417,0.0904137,0.034117304,0.00038058564,0.032293748,0.020449378,0.089053184,0.056489695,0.09615541,0.0865642,0.08829385,0.050080188,0.09646892,0.0858256,0.078766435,0.047631916,0.08753148,0.08045535,0.027605446,0.019644706,0.03060797,0.028455557,0.025401697,0.01710402,0.029214734,0.028038543,0.020970136,0.015741624,0.0242119,0.025590006,0.12654266,0.080543764,0.1287692,0.110576175,0.035718504,0.036993187,0.03653476,0.035422057,0.11909811,0.099323064,0.13229093,0.12856574,0.106501624,0.09419698,0.12043452,0.12310445,0.034231793,0.04713493,0.039228875,0.044554833,0.03158393,0.041702155,0.036308948,0.04373056,0.026092399,0.037788425,0.029664455,0.039531313,0.0,0.020269843,0.0,0.016285418,0.0,0.00795178
L_FST_ROI,Left,337,0.008922702,0.008560711,0.008528456,0.0,0.0046118866,0.0,0.005647554,0.0,0.0034975905,0.0047625517,0.0036395001,0.0064025964,0.005058278,0.0,0.002510844,0.0,0.004061596,0.0,0.007513733,0.0,0.002722777,0.0,0.0044467007,0.0,0.0074561755,0.0,0.0033124615,0.15075752,0.07613034,0.13996582,0.11703109,0.031139225,0.029007934,0.02344777,0.022793144,0.09131742,0.09380829,0.09755252,0.09603141,0.092341036,0.091782466,0.09576466,0.09630713,0.087874435,0.08862428,0.09198875,0.0962047,0.009565801,0.041937765,0.008560686,0.01857099,0.009409043,0.043106142,0.007492213,0.019084735,0.009990639,0.044498272,0.0073765204,0.016154777,0.16144024,0.13036165,0.15964472,0.13949099,0.02012025,0.039828293,0.023017034,0.027836455,0.20031174,0.121365674,0.15335774,0.13480452,0.14007103,0.11370348,0.15384792,0.12640837,0.13935876,0.013037177,0.049739987,0.016162032,0.026580855,0.013181543,0.050314214,0.018089537,0.030282687,0.012854895,0.049861625,0.017483281,0.029571716,0.17829177,0.081510484,0.16554882,0.120354295,0.05555857,0.02827298,0.049878735,0.03634784,0.15078564,0.11469444,0.15699363,0.14149213,0.15177907,0.105381235,0.15548098,0.13914558,0.13407636,0.09611028,0.14061725,0.12917767,0.048868533,0.053945776,0.051848024,0.052550334,0.047276445,0.054891568,0.048967954,0.05154509,0.038966678,0.05615563,0.0407916,0.045272082,0.1911578,0.12549031,0.18309225,0.14272638,0.0459466,0.035917096,0.04689679,0.037583087,0.20252764,0.17508988,0.21270034,0.20131628,0.17877686,0.16687977,0.19050272,0.1927819,0.055889226,0.05502283,0.060374323,0.058355067,0.053570766,0.05400158,0.05843327,0.060875714,0.04238721,0.05373996,0.048912622,0.056902345,0.16380522,0.042358626,0.14743592,0.093378834,0.061568324,0.026182445,0.057365134,0.036577556,0.13713531,0.07995002,0.13941278,0.12193665,0.13816226,0.0650614,0.14001653,0.121379845,0.118741885,0.055777762,0.12436283,0.10950997,0.05790091,0.052629754,0.06312084,0.057630718,0.057517882,0.051945865,0.063082635,0.058271285,0.048280925,0.05251878,0.055375464,0.054791432,0.17884424,0.087723225,0.16568872,0.11439097,0.05240814,0.035414755,0.051354237,0.03639898,0.1975829,0.13938355,0.20304802,0.18376127,0.17116846,0.12580289,0.17916717,0.16964972,0.06787468,0.05793069,0.07063747,0.065276735,0.06489419,0.053320937,0.068051755,0.06490364,0.051485766,0.049401272,0.056493264,0.059965823,0.0,0.0043740156,0.0,0.006201358,0.0,0.0036606404
L_H_ROI,Left,300,0.014222543,0.0065001524,0.0058853277,0.0,0.0041013183,0.0,0.0055317874,0.0,0.0061270227,0.0055840085,0.005742738,0.003651757,0.005180344,0.0,0.0067263916,0.0,0.0030008482,0.0,0.005012031,0.0,0.0063867723,0.0,0.0033086431,0.0,0.005406514,0.0,0.007470361,0.09503345,0.09075164,0.12190625,0.12384617,0.02814091,0.020445552,0.027386934,0.024581222,0.0508784,0.11944986,0.078556456,0.09318685,0.050413925,0.11438727,0.07845475,0.08733805,0.05097545,0.11678984,0.075583085,0.09384188,0.0051717614,0.008206931,0.006089884,-0.0070362366,0.0032932912,0.009998651,0.004280432,-0.0064209765,0.004451852,0.014913116,0.0011714285,-0.0016942485,0.08252384,0.12349712,0.11401906,0.12874088,0.011803393,0.05797021,0.02047554,0.039365686,0.08506384,0.05699609,0.15054275,0.08873652,0.12428403,0.057731047,0.15039769,0.08690222,0.124649994,0.0076536606,0.039426975,0.013728585,0.027847504,0.008681916,0.03922624,0.016173184,0.030375034,0.010169821,0.039714452,0.016841946,0.029059373,0.105504505,0.092804655,0.13439965,0.12770392,0.041569404,-0.0014875076,0.046263438,0.022600088,0.05836618,0.12728289,0.08761979,0.11504006,0.0572775,0.12183901,0.09062623,0.11000714,0.05431889,0.120380074,0.08670468,0.10695044,0.00040210976,0.017349552,0.0058282246,0.008450866,8.3696046e-05,0.015269685,0.0073100384,0.0055483063,-0.0010971605,0.010591628,0.0035384903,0.002532238,0.09625832,0.12037171,0.12855719,0.14442608,0.025623115,0.042372774,0.037815444,0.04274941,0.08646261,0.17277169,0.12718204,0.16314134,0.08323651,0.1721711,0.12283873,0.1592469,0.024192523,0.055167776,0.03709811,0.054098293,0.023601392,0.056360964,0.03945818,0.056067336,0.022405464,0.053013902,0.036810867,0.052635863,0.09965623,0.06878698,0.12105048,0.12021796,0.04683059,-0.005861203,0.049139258,0.026920822,0.049172577,0.11663186,0.07678008,0.10679173,0.046096504,0.1155248,0.07498185,0.10327175,0.03943332,0.10675029,0.06582583,0.09436666,-0.0017727634,0.02316752,0.004094503,0.01614869,-0.00414259,0.020781606,0.0039420086,0.014962361,-0.005872324,0.017696258,-0.0024666188,0.011081273,0.0981315,0.11400583,0.12654196,0.14313291,0.026138304,0.05433045,0.03734275,0.047509663,0.09224583,0.17492351,0.13316295,0.16604379,0.084258035,0.16753182,0.12401687,0.15834926,0.027369035,0.060461387,0.040060215,0.057821624,0.027068313,0.06238348,0.042426925,0.06044541,0.02446742,0.060371634,0.037866537,0.058264688,0.0,0.0050183544,0.0,0.006718039,0.0,0.005608174
L_IFJa_ROI,Left,259,0.023351012,0.005274043,0.0038339896,0.0,0.014328196,0.0,0.012641772,0.0,0.0076633166,0.0146633675,0.015005255,0.011706683,0.011754843,0.0,0.0077859582,0.0,0.018386796,0.0,0.013473243,0.0,0.0072581638,0.0,0.01629493,0.0,0.014235219,0.0,0.0075238096,0.23815879,0.13488828,0.2367312,0.20271395,0.13123144,0.07706321,0.13365614,0.10932397,0.22136511,0.2195796,0.2639032,0.26826814,0.2078546,0.21824242,0.25096825,0.2750681,0.17535913,0.20726871,0.21392593,0.25724152,0.13247894,0.14679731,0.16234608,0.16735087,0.12089591,0.14238109,0.15102042,0.16918099,0.09518791,0.12588438,0.12091922,0.15122244,0.22220658,0.14777198,0.22354937,0.18287899,0.10901999,0.07746612,0.10963829,0.0951251,0.22117056,0.1964675,0.20832863,0.2326896,0.25676623,0.17271881,0.20129904,0.2064376,0.23668566,0.11255655,0.1318448,0.13157706,0.1456652,0.102930896,0.12653258,0.1231494,0.14249302,0.08148499,0.11117018,0.09944593,0.12231862,0.20470856,0.11004435,0.19959068,0.1585634,0.096786566,0.03593674,0.092898734,0.073342435,0.19918944,0.17073421,0.22210859,0.22046337,0.18518244,0.1715977,0.2105112,0.22150578,0.15850516,0.16699563,0.18071651,0.20687905,0.10526721,0.09476524,0.11646915,0.121918395,0.09642179,0.091792814,0.10864902,0.121731564,0.07610367,0.07974593,0.08631063,0.108925894,0.2012361,0.123007104,0.20025024,0.1583528,0.09556007,0.05434307,0.09875692,0.078307934,0.20904659,0.18311486,0.23624061,0.24543642,0.18291198,0.18119156,0.20835604,0.22823715,0.11279163,0.11061942,0.13144112,0.1360805,0.10274506,0.10449069,0.12360359,0.13242391,0.08146937,0.09179176,0.098566964,0.11618961,0.13411236,0.076352894,0.12475443,0.10076331,0.031782746,0.014350639,0.028205562,0.023988228,0.10962867,0.1091028,0.11225771,0.11170208,0.103935,0.109228484,0.11016571,0.11254461,0.09254112,0.10325336,0.09761573,0.10943621,0.024773343,0.037634026,0.030124964,0.040045682,0.022879364,0.036297705,0.028816132,0.040396962,0.018384261,0.032664955,0.022508876,0.036148492,0.15258752,0.10400601,0.14646177,0.121782854,0.04108873,0.042320196,0.042160954,0.03990054,0.15290429,0.14182927,0.16169062,0.16696186,0.13389494,0.14239745,0.14420438,0.16124855,0.05202762,0.06404518,0.058340266,0.064750195,0.047056105,0.062341377,0.053904794,0.06288689,0.036446296,0.05601329,0.042305794,0.054931644,0.0,0.01489851,0.0,0.013775169,0.0,0.008493676
L_IFJp_ROI,Left,260,0.0077050063,0.0024791376,0.0020750733,0.0,0.0068639303,0.0,0.008685423,0.0,0.0031383228,0.0054642954,0.0073704286,0.0067587695,0.008914079,0.0,0.005813552,0.0,0.005859051,0.0,0.008000626,0.0,0.004326516,0.0,0.008804076,0.0,0.008713874,0.0,0.0050879936,0.14635892,0.07463132,0.15171792,0.1399194,0.030749971,0.03731187,0.033633262,0.036606018,0.104558766,0.13208869,0.13204531,0.1506445,0.10340934,0.1284902,0.12691231,0.14680806,0.097949766,0.11975944,0.117536865,0.1423909,0.016618576,0.030580476,0.028918698,0.037506856,0.016402321,0.032838922,0.02641221,0.03863433,0.015014404,0.033745915,0.022497183,0.035982553,0.14150113,0.08658568,0.1468754,0.12792547,0.013877319,0.016650233,0.013396132,0.01285929,0.14756185,0.11033238,0.13259788,0.12996703,0.14863148,0.10443648,0.13390373,0.11929821,0.14068544,0.017002467,0.019820696,0.018287068,0.016428147,0.016395437,0.023226807,0.017119007,0.01682448,0.013638685,0.025587507,0.013892554,0.01574392,0.14261468,0.048316,0.1420982,0.11065062,0.029353142,0.011284628,0.024463708,0.022885626,0.1221958,0.10655329,0.13635825,0.14245671,0.1154166,0.09952152,0.12933438,0.13336702,0.10228405,0.092381135,0.114857465,0.12137321,0.02360863,0.02525732,0.02523157,0.03181344,0.020077044,0.023302417,0.02198811,0.030979719,0.013427054,0.019623691,0.014110731,0.025386479,0.14485897,0.075089514,0.14952011,0.11675432,0.024913637,0.015026006,0.02569669,0.020732667,0.14269446,0.12811099,0.16113578,0.1723709,0.12944981,0.12581159,0.14836285,0.16016385,0.035051353,0.027499717,0.041336853,0.03859395,0.031640377,0.027044013,0.036720168,0.037490074,0.023314545,0.02555558,0.027808566,0.031039633,0.114479184,0.033503197,0.110649206,0.07904185,0.02188603,-0.00046364547,0.018306905,0.0076956963,0.10074347,0.06928776,0.10872994,0.0988779,0.09101979,0.062255077,0.09902505,0.09433314,0.07536703,0.0565263,0.08556477,0.0868179,0.020546729,0.019795569,0.023361642,0.02013348,0.016523192,0.016961023,0.020099308,0.018055985,0.011104293,0.013189063,0.014068371,0.013311302,0.12642886,0.06113579,0.12817097,0.095317125,0.021426877,0.017613726,0.022100873,0.018706137,0.12287612,0.098655865,0.13465618,0.13592732,0.10861344,0.096551225,0.12604882,0.13204663,0.033341106,0.033478174,0.03764346,0.035490457,0.028353661,0.03179508,0.032832436,0.03390969,0.020524448,0.028416181,0.024939343,0.027628265,0.0,0.0070561008,0.0,0.008063367,0.0,0.0046941554
L_IFSa_ROI,Left,262,0.0063228365,0.0053034513,0.005324728,0.0,0.0125294,0.0,0.0128034,0.0,0.005236868,0.01207956,0.013617115,0.011643985,0.012520932,0.0,0.0062542674,0.0,0.010751892,0.0,0.012791088,0.0,0.004480421,0.0,0.011507901,0.0,0.013001379,0.0,0.0055633173,0.18933393,0.12539843,0.19238131,0.18064487,0.045071606,0.035863362,0.04587713,0.045897327,0.13277352,0.14061713,0.1537937,0.16032779,0.13543192,0.14815764,0.15851271,0.16938742,0.12609054,0.14643012,0.14797369,0.16927476,0.03578196,0.04097548,0.04059234,0.042281576,0.035596445,0.043968886,0.041051976,0.045615133,0.03034659,0.04488749,0.03573537,0.04540101,0.1990065,0.14919218,0.2042683,0.18169524,0.0397007,0.050300714,0.042033784,0.040932294,0.19060348,0.15878491,0.18536398,0.1853523,0.20094997,0.14878094,0.18379688,0.17584579,0.2011306,0.03722979,0.04447409,0.040361255,0.047569636,0.0381431,0.044429276,0.04347888,0.049897525,0.032788802,0.04369258,0.03851705,0.047173295,0.19305816,0.10182918,0.19005086,0.15514791,0.056506798,0.03334135,0.055594984,0.0453035,0.15070163,0.12634584,0.16158544,0.15766314,0.15306377,0.13244173,0.16547354,0.16122489,0.13955006,0.13219345,0.1546192,0.1549526,0.04218971,0.05116569,0.048901945,0.05035885,0.04242392,0.048996534,0.048921946,0.05294513,0.0359768,0.045583814,0.04245355,0.048479848,0.19847913,0.11261834,0.19788732,0.16405785,0.056910016,0.03837909,0.061099693,0.047759302,0.195884,0.18445599,0.21319132,0.2157743,0.1791847,0.1787832,0.19992717,0.20804483,0.058208995,0.049468342,0.068028085,0.06750006,0.059197728,0.046651967,0.06987398,0.06979852,0.049568962,0.043560814,0.060616817,0.06333888,0.15195796,0.051767096,0.14019558,0.10785024,0.039094355,0.011850886,0.03286406,0.019050622,0.109577075,0.07806152,0.112786345,0.10169887,0.1100925,0.08655757,0.1129943,0.10332878,0.09922983,0.08695955,0.1049774,0.09863359,0.019068444,0.031953126,0.0229752,0.025200265,0.019007556,0.030171193,0.022441018,0.025792986,0.01631841,0.026760716,0.0201364,0.022286667,0.17288798,0.07944918,0.16366857,0.13551122,0.041628513,0.039198402,0.041120462,0.035503753,0.1685935,0.14937651,0.17496145,0.17212243,0.15350533,0.14242002,0.16205204,0.16319297,0.049780987,0.0527626,0.052563578,0.054186035,0.04884456,0.048707094,0.05151787,0.05518599,0.04042617,0.04472372,0.04400489,0.049574744,0.0,0.01063812,0.0,0.01186154,0.0,0.007401288
L_IFSp_ROI,Left,261,0.011357377,0.005853073,0.0052398243,0.0,0.01672881,0.0,0.0122103365,0.0,0.005919723,0.018655246,0.018002644,0.012017736,0.011557487,0.0,0.0061065936,0.0,0.017690526,0.0,0.014119227,0.0,0.0065177605,0.0,0.01682287,0.0,0.014881606,0.0,0.0057298476,0.23789275,0.1681291,0.2445117,0.21433295,0.11731446,0.078551896,0.12573183,0.10274719,0.19339572,0.23512651,0.23930955,0.26293728,0.19367264,0.24073336,0.24248321,0.27326077,0.17382126,0.23270231,0.21687585,0.26167703,0.10495631,0.13293426,0.1344522,0.15299477,0.104568705,0.12995017,0.1350778,0.156512,0.08822132,0.11978343,0.11492485,0.14350083,0.23302671,0.17534602,0.24715759,0.21454313,0.11444436,0.0953019,0.12660961,0.11686149,0.20925523,0.20147277,0.23493937,0.24524696,0.27888346,0.18531753,0.23152359,0.22685178,0.26173693,0.1040398,0.13350664,0.12832189,0.15166377,0.10504134,0.12806308,0.12801597,0.15332435,0.08814754,0.115277186,0.110365026,0.13910949,0.20886925,0.119762965,0.21051237,0.17339821,0.092460446,0.04523664,0.09395374,0.07291943,0.17767179,0.18142451,0.20159964,0.2142083,0.17632508,0.18625481,0.20416115,0.21619363,0.15898551,0.18279535,0.18322897,0.20356216,0.091015495,0.0936451,0.10518996,0.11618371,0.09006512,0.09059251,0.103222124,0.11739158,0.076142915,0.08118732,0.08823024,0.10625069,0.21205345,0.12918366,0.21818586,0.18273902,0.10516093,0.058463536,0.115298994,0.09401651,0.2101535,0.2051257,0.24131098,0.25505474,0.1903421,0.20430191,0.22040404,0.23668364,0.10549373,0.10488001,0.12761295,0.13262357,0.105465055,0.09930205,0.12757856,0.13367377,0.08905156,0.08763699,0.11009659,0.12101966,0.13940431,0.06642104,0.13209268,0.10918778,0.037505545,0.024014475,0.03437144,0.028117022,0.103692934,0.10870753,0.10503541,0.10723277,0.10405757,0.110288344,0.10773922,0.105396815,0.09711127,0.10429108,0.10009838,0.10179351,0.0324128,0.04480213,0.0357101,0.043155037,0.032403976,0.0421059,0.036209557,0.04447205,0.028596789,0.036480583,0.03151915,0.04102154,0.15933168,0.094795175,0.15418547,0.13264976,0.054042067,0.04666514,0.05369745,0.05012075,0.15036117,0.14356649,0.15693963,0.16007681,0.13491619,0.13969146,0.14257397,0.15184413,0.054662533,0.060318585,0.05843887,0.062195517,0.052441467,0.055094827,0.055820502,0.06291908,0.04279475,0.0475378,0.046998028,0.05564343,0.0,0.016031114,0.0,0.014286785,0.0,0.006603427
L_IP0_ROI,Left,326,0.0047531757,0.009376421,0.009508654,0.0,0.0026642277,0.0,0.001446871,0.0,0.0012429828,0.0026700238,0.0022858048,0.0015934558,0.0018140858,0.0,0.002549881,0.0,0.0026760593,0.0,0.0016517325,0.0,0.0016701614,0.0,0.0019259007,0.0,0.0020111466,0.0,0.0016718225,0.13684209,0.07109402,0.12149993,0.09992896,0.022027003,0.021585857,0.010374574,0.0050196084,0.095418975,0.08194704,0.09723635,0.095297396,0.093986094,0.082109004,0.09443706,0.09690762,0.08928413,0.07352039,0.08749789,0.0878108,0.022936432,0.025160372,0.016553175,0.011545555,0.021965493,0.028210904,0.013807682,0.012712037,0.019337995,0.02944053,0.011117185,0.010874494,0.13860656,0.063264795,0.12833829,0.09640716,0.010634164,0.015395617,0.009730355,0.01348268,0.16583015,0.10043457,0.09953648,0.106777795,0.111359596,0.09719558,0.09455532,0.10002394,0.10519115,0.009006144,0.018753465,0.007287094,0.010975446,0.009409427,0.019597601,0.007921028,0.012396735,0.009397252,0.020505054,0.00883338,0.011390293,0.15978912,0.08337531,0.13946034,0.09452473,0.047011856,0.020505318,0.04115247,0.018803118,0.16376933,0.110842355,0.1645537,0.13776565,0.15002753,0.104039185,0.15278986,0.12799229,0.12416829,0.08916365,0.12668145,0.10825295,0.04888334,0.0403617,0.053656753,0.042231593,0.0446825,0.03966203,0.049070887,0.042142507,0.036332905,0.036248926,0.04035182,0.036655635,0.1585307,0.07881159,0.14429878,0.10754395,0.030641012,0.019398507,0.028043745,0.019165263,0.15564786,0.12316517,0.16106045,0.15384597,0.1371423,0.11207775,0.14120759,0.13659786,0.036249083,0.03181363,0.036660068,0.038037553,0.03228214,0.03229758,0.033784494,0.036533125,0.025803717,0.031063871,0.027429497,0.03192666,0.1373011,0.059643533,0.117171906,0.06908219,0.029808676,0.008057475,0.023444995,0.013245078,0.13740519,0.09783444,0.13617481,0.121045716,0.122200884,0.08879507,0.12438789,0.107930146,0.094453014,0.076239415,0.09720116,0.08960029,0.019103125,0.032901708,0.023149788,0.024464536,0.016973587,0.032311656,0.021806903,0.026805745,0.013333007,0.029664066,0.016725732,0.025189484,0.15001127,0.07427288,0.13639428,0.09569055,0.031681113,0.025334036,0.029657809,0.020849189,0.1551958,0.11070171,0.15921544,0.14965793,0.12991622,0.097938955,0.13428642,0.12865683,0.0436526,0.040498767,0.046460215,0.04289801,0.03680158,0.040161792,0.040101983,0.041495446,0.027246745,0.038517203,0.02953389,0.037010487,0.0,0.0016638042,0.0,0.0016073118,0.0,0.0019479662
L_IP1_ROI,Left,325,0.0077657695,0.0066871834,0.006463261,0.0,0.010786344,0.0,0.00964702,0.0,0.008038461,0.0095198145,0.011106529,0.0069804923,0.010163004,0.0,0.009835959,0.0,0.009080246,0.0,0.009843521,0.0,0.0073731067,0.0,0.009202665,0.0,0.009222955,0.0,0.0075748586,0.18627465,0.12108265,0.18553476,0.15461755,0.037483633,0.025513522,0.0351048,0.022641772,0.124913655,0.1385231,0.14219686,0.15395832,0.12875368,0.14001632,0.14809914,0.15191099,0.12757553,0.13477339,0.14463118,0.1510477,0.029333977,0.022998936,0.031922333,0.026617428,0.030452168,0.024002967,0.032679673,0.026634416,0.02995375,0.026441412,0.03004112,0.024729053,0.17521901,0.11902299,0.17930244,0.14958015,0.036355756,0.045958605,0.036996752,0.03770831,0.17120753,0.12542583,0.1531823,0.15139093,0.16386306,0.12333707,0.15186408,0.14820626,0.16122174,0.02726172,0.036886044,0.032886196,0.044470105,0.029598227,0.03758755,0.035486005,0.045386173,0.029737253,0.0387145,0.03491699,0.045053925,0.18546005,0.10654675,0.18287347,0.14345078,0.045552798,0.021722466,0.045881376,0.024614727,0.14361763,0.1261865,0.15599343,0.15253046,0.14953268,0.12830172,0.16282406,0.14687233,0.14095855,0.1266401,0.15515172,0.14234951,0.032284796,0.03226358,0.039578762,0.03235555,0.033293065,0.0323792,0.041662447,0.03181812,0.030219184,0.03202134,0.03668341,0.029519787,0.18679023,0.09711345,0.18217877,0.14464101,0.045396432,0.043635566,0.047525406,0.038076866,0.17900297,0.16373551,0.19344546,0.18405572,0.1692119,0.15998995,0.18411335,0.1779841,0.04415481,0.047128487,0.0518511,0.053800706,0.04765778,0.048858315,0.055953212,0.054832134,0.04395157,0.04903406,0.051391065,0.05334498,0.15557231,0.06241756,0.14571157,0.11354151,0.034043685,0.0036872758,0.0291408,0.012814918,0.109167375,0.080140896,0.11418878,0.107400544,0.11311213,0.08530588,0.11839409,0.103621244,0.104199685,0.089779496,0.11043964,0.10237629,0.008234701,0.009605429,0.010892925,0.009141766,0.0084553575,0.010531714,0.011762173,0.0070418636,0.0072010537,0.011422293,0.009450793,0.007980101,0.18158318,0.093027465,0.17172858,0.14049295,0.036905658,0.036863327,0.036901176,0.033813424,0.18022951,0.15390076,0.18736881,0.16920006,0.16752413,0.15184517,0.17412221,0.16620149,0.040125486,0.035489116,0.043100927,0.041270312,0.041938633,0.03537413,0.045349248,0.04219085,0.037116937,0.03608923,0.03994441,0.041259434,0.0,0.010066929,0.0,0.009422481,0.0,0.007481411
L_IP2_ROI,Left,324,0.004956379,0.0031912746,0.0028898062,0.0,0.0035595999,0.0,0.003149134,0.0,0.00014722296,0.0033215152,0.0045198794,0.0025374368,0.00434744,0.0,0.0015542608,0.0,0.0045060897,0.0,0.0027458332,0.0,-0.00093200797,0.0,0.004891379,0.0,0.003262814,0.0,-0.00036452926,0.16097708,0.09966147,0.16008112,0.1463181,0.0197928,0.006690786,0.018950028,0.010730044,0.09348374,0.105434455,0.10840892,0.12294638,0.09512055,0.11223026,0.11023769,0.12830374,0.09480767,0.11180855,0.10926539,0.13386779,0.010621076,0.012313443,0.011215211,0.0051806914,0.011098236,0.01472962,0.011721906,0.005719535,0.011025315,0.015061322,0.0118805785,0.008166178,0.1402593,0.07681285,0.13987374,0.112412,0.01594566,0.026617814,0.01718185,0.016379433,0.13608563,0.09609996,0.09543591,0.10963929,0.110008,0.093401514,0.10362326,0.105362095,0.11680783,0.009844006,0.023075439,0.011211725,0.014011127,0.011111749,0.025628109,0.013103534,0.015316171,0.011602596,0.027683022,0.013762278,0.017712131,0.15664102,0.0912537,0.15557946,0.12860835,0.022413928,0.0050843013,0.021638352,0.007823513,0.11672642,0.0983571,0.12560537,0.12460754,0.122187875,0.10305999,0.12994981,0.1234896,0.119004935,0.10138733,0.12616529,0.12188606,0.014758676,0.021230787,0.01731391,0.010707217,0.015616983,0.021788418,0.01835292,0.010559843,0.015285109,0.01910198,0.01735785,0.012091909,0.15569901,0.073427044,0.15367171,0.120017126,0.023893086,0.02601415,0.02652913,0.022973647,0.14266302,0.115876816,0.1519981,0.14173076,0.13912559,0.11814785,0.14536548,0.14197895,0.022065192,0.031630326,0.026530733,0.02799884,0.024608348,0.03250867,0.029285002,0.029165162,0.02420766,0.032023847,0.028769286,0.029472837,0.13078274,0.06392681,0.1268356,0.09946857,0.025154514,-0.005902767,0.022084892,0.009478076,0.09685009,0.06914795,0.10333695,0.088906184,0.10188115,0.071590915,0.107246324,0.087871015,0.09782035,0.070083916,0.10330855,0.085820206,0.014591533,0.012842011,0.016919883,0.013749818,0.015001865,0.010433881,0.017421614,0.012456951,0.013587842,0.00857667,0.015349776,0.011766204,0.15409768,0.07388614,0.14987251,0.11818885,0.023651227,0.016015217,0.022917412,0.018855898,0.1436261,0.104033574,0.15149303,0.12755284,0.13941139,0.10241087,0.14577313,0.12914433,0.024458852,0.023649126,0.026634859,0.025045766,0.026117068,0.022680786,0.028014041,0.025832063,0.02480331,0.02136168,0.026019098,0.025592284,0.0,0.004722886,0.0,0.0030013027,0.0,-4.0346902e-05
L_IPS1_ROI,Left,197,0.0024225435,0.003678344,0.0039602583,0.0,0.0054287952,0.0,0.0068669613,0.0,0.0020617615,0.0050626164,0.004980776,0.005969006,0.0063751037,0.0,0.0028395392,0.0,0.0058055143,0.0,0.003268437,0.0,0.002701842,0.0,0.005793283,0.0,0.0033603439,0.0,0.0013584108,0.14347644,0.07517576,0.13843817,0.113829136,0.0192007,0.024940144,0.01723905,0.017515766,0.10593589,0.11082095,0.116380595,0.11775439,0.10349272,0.106051385,0.11366642,0.11289332,0.096506104,0.100224175,0.106417194,0.107871346,0.017603919,0.022500843,0.01724828,0.02512036,0.017707122,0.023381665,0.017306399,0.023775829,0.01627007,0.026320223,0.01705124,0.019340942,0.14314303,0.079191156,0.14309485,0.117646985,0.015173806,0.0069450745,0.01463878,0.01456236,0.18663119,0.111498475,0.14538099,0.12640508,0.13035886,0.099570915,0.14468035,0.1121968,0.11825832,0.012531147,0.019509336,0.012965756,0.01964091,0.0128242355,0.020291911,0.014068834,0.019805549,0.011836163,0.02337578,0.01378359,0.01663147,0.1587945,0.06864778,0.14582835,0.10809845,0.035085566,0.026147563,0.030932501,0.02304593,0.15283796,0.12004397,0.15657766,0.14868562,0.14396594,0.11132162,0.14971577,0.13542283,0.12195805,0.100950934,0.12701315,0.118302956,0.046698995,0.04109021,0.046129882,0.047478173,0.04325925,0.040799487,0.04385503,0.045408163,0.0346859,0.040898945,0.035928696,0.03848362,0.16663815,0.08643431,0.15552461,0.120052226,0.0433495,0.022053825,0.038486324,0.026711376,0.17468676,0.16378191,0.18424095,0.17290427,0.14916497,0.15795192,0.15732989,0.15280245,0.05447099,0.046573743,0.053105544,0.053389575,0.049765892,0.04666787,0.050493658,0.052319944,0.038980965,0.046209525,0.041264832,0.045701846,0.14492725,0.052381143,0.12782675,0.0838668,0.030128628,0.02064459,0.025479423,0.01657378,0.13646975,0.09440863,0.13462937,0.12612697,0.12621891,0.08297332,0.12751646,0.11687269,0.10408973,0.07289483,0.105729155,0.10042047,0.03777509,0.03298113,0.038209133,0.036646467,0.03312499,0.03233009,0.035763897,0.035235066,0.025298879,0.032593694,0.027294409,0.030109437,0.16842294,0.08153444,0.1521432,0.10648721,0.043792117,0.027962802,0.03893281,0.02384281,0.18007849,0.14981067,0.18346143,0.1738113,0.15270807,0.14183402,0.1560164,0.15650594,0.0615826,0.049097165,0.061669033,0.057171166,0.054215495,0.047800813,0.056459166,0.055031452,0.041559502,0.046174034,0.044052195,0.049058396,0.0,0.0044689,0.0,0.0038915982,0.0,0.0021466184
L_Ig_ROI,Left,348,0.0033658328,0.0019394058,0.0016540459,0.0,0.005545427,0.0,0.0045948685,0.0,0.0014140597,0.0050232965,0.006075378,0.0033125577,0.004847363,0.0,0.002423945,0.0,0.0064560208,0.0,0.0053676646,0.0,0.0018118734,0.0,0.0064245285,0.0,0.004808757,0.0,0.0019077586,0.07441151,0.09153765,0.10148609,0.121572845,0.01647372,0.019281834,0.021661133,0.018061815,0.049529668,0.108702466,0.078448065,0.10350812,0.052988555,0.10153984,0.079806454,0.120619304,0.045227792,0.092386134,0.075692885,0.11395895,0.015072269,0.017815368,0.022215052,0.02396547,0.017423252,0.016742425,0.023705902,0.02682747,0.013841516,0.014417746,0.020659076,0.023692645,0.06624392,0.07529343,0.08915435,0.101513155,0.01677947,0.024588717,0.021464108,0.023624646,0.08257254,0.051364,0.109144874,0.07748247,0.11666918,0.045886282,0.105078265,0.07502038,0.110395625,0.01475566,0.026374225,0.023579253,0.034828443,0.017228499,0.026267232,0.027356984,0.036936823,0.013816439,0.025413785,0.02455711,0.032207247,0.08207952,0.099905305,0.10547889,0.117633924,0.019399466,0.015373387,0.02650231,0.015866049,0.06881105,0.12726425,0.094683275,0.11476906,0.069185555,0.12305205,0.096405394,0.12383455,0.059783615,0.11436749,0.08749437,0.11523323,0.02174985,0.028758379,0.033078462,0.03300402,0.022793222,0.02381628,0.033682033,0.032838274,0.018087557,0.020181162,0.0284937,0.028676037,0.08033234,0.09399212,0.10298592,0.11152554,0.021111442,0.027975377,0.027903842,0.02478036,0.08359659,0.15288614,0.11949758,0.1530868,0.07324416,0.14480056,0.107425265,0.1393624,0.02574445,0.047488257,0.041338403,0.054329786,0.027891576,0.046262674,0.043312315,0.05371296,0.022170227,0.041933663,0.03666006,0.04675061,0.07138464,0.06755188,0.09022809,0.09562623,0.013205638,-0.004501686,0.013885939,0.002155452,0.057190415,0.10571808,0.07805251,0.08981656,0.05506426,0.101535454,0.077903815,0.08996801,0.047672633,0.09127747,0.068306305,0.08921402,0.010973135,0.013036213,0.016091203,0.01645304,0.010801314,0.00901324,0.015242951,0.014811037,0.007941856,0.005927804,0.011466838,0.013210298,0.08021983,0.08691648,0.10079967,0.10297959,0.016223727,0.015745876,0.019599115,0.014372038,0.08461811,0.15031368,0.11949974,0.14381601,0.0738362,0.14171572,0.105169415,0.13767546,0.020177318,0.030662047,0.028015044,0.03733277,0.020102218,0.028757436,0.028413119,0.032811526,0.015618654,0.027809383,0.022618456,0.029335933,0.0,0.0052915323,0.0,0.004429325,0.0,0.002451211
L_LBelt_ROI,Left,354,0.027369568,0.005144739,0.0032071178,0.0,0.008559199,0.0,0.004741774,0.0,0.0011756894,0.009137844,0.009849813,0.0031023752,0.0043143467,0.0,0.000551878,0.0,0.008808595,0.0,0.0047007264,0.0,0.0018854253,0.0,0.008190748,0.0,0.0042396737,0.0,0.0021380256,0.14632563,0.0861755,0.14460957,0.12633783,0.07437879,0.046939403,0.073841155,0.061143205,0.16416773,0.17755102,0.19408767,0.20838208,0.13597967,0.16544019,0.16377936,0.19571985,0.10734334,0.15115684,0.12707782,0.16436924,0.090752974,0.08476292,0.10763453,0.11031398,0.07219771,0.08131382,0.090494685,0.10596329,0.0542509,0.073999874,0.067227975,0.08975738,0.11498321,0.06705487,0.10894317,0.080342,0.050252408,0.035793785,0.04445664,0.0325467,0.11436391,0.10981943,0.12060666,0.12732899,0.1518338,0.09012751,0.114522494,0.10340499,0.12821358,0.061828926,0.072958395,0.07007335,0.07045603,0.04772831,0.067424394,0.055556186,0.06639161,0.036138874,0.061923116,0.042440813,0.057392128,0.10885177,0.036207467,0.10758728,0.08561671,0.038107734,0.01707837,0.036952212,0.032854233,0.12331027,0.11835738,0.13948894,0.15510413,0.10551573,0.111798905,0.123388916,0.14319599,0.08583224,0.101839006,0.09920412,0.11434034,0.049690902,0.049376678,0.053991366,0.06463609,0.03909636,0.047481477,0.042798907,0.06259118,0.02883984,0.042834308,0.0321526,0.0542559,0.093453825,0.034794483,0.091915496,0.06375959,0.035432063,0.01650365,0.03520942,0.023937076,0.09936077,0.094276786,0.115239404,0.12994882,0.08319574,0.08752019,0.09609381,0.10480478,0.04857284,0.055869054,0.059140813,0.06299888,0.038651284,0.053425707,0.047228076,0.0589198,0.029759852,0.048424743,0.037064243,0.049284197,0.06266791,-0.0114496425,0.05826033,0.0357427,0.0067011975,-0.007836206,0.006859629,0.00022514495,0.050930258,0.03811984,0.05000004,0.048265208,0.046762813,0.04074926,0.048673715,0.043562382,0.042156193,0.036724515,0.045181833,0.033594597,0.009000826,0.0010463507,0.010065403,0.0054024085,0.0070518963,0.0005170562,0.008035957,0.0054586,0.00430584,0.00021881005,0.005263232,0.0047281864,0.05464114,0.015489619,0.051997818,0.032328475,0.006026093,0.005318913,0.0065673995,0.0057373084,0.055490978,0.05432583,0.060048725,0.06240645,0.049040794,0.049073454,0.0551958,0.051520437,0.010423719,0.01858933,0.012367891,0.014200055,0.009422043,0.019181067,0.011621018,0.014985202,0.0073419674,0.017730119,0.009311564,0.013736965,0.0,0.009759479,0.0,0.006729283,0.0,0.0021339802
L_LIPd_ROI,Left,275,0.012058278,0.0063971686,0.0056352406,0.0,0.009782293,0.0,0.010105732,0.0,0.006737776,0.0088233445,0.010713705,0.008433954,0.010859637,0.0,0.008237681,0.0,0.00963962,0.0,0.010515319,0.0,0.006400414,0.0,0.010467685,0.0,0.01097428,0.0,0.0071098595,0.13808668,0.066465035,0.12906507,0.113754116,0.02044407,0.0124425385,0.011207876,0.010419218,0.09135701,0.06224392,0.09892777,0.103654146,0.09114045,0.06651801,0.09525895,0.10660852,0.0855553,0.074841276,0.08902675,0.10440816,0.018009072,0.0015734825,0.014011926,0.006063952,0.01619233,0.0066658356,0.011177393,0.00825493,0.012882671,0.014075106,0.007520861,0.008222091,0.13477227,0.069688074,0.13075352,0.10452113,0.011524147,0.01632799,0.00834357,0.011336466,0.15210891,0.09515545,0.07830841,0.10113255,0.10365117,0.089680016,0.07848741,0.094715014,0.10156977,0.015139819,0.016719317,0.015068756,0.010618328,0.013481926,0.017946845,0.013217282,0.012104289,0.010265165,0.018539935,0.009339347,0.011467445,0.14528655,0.08227241,0.13586947,0.10642502,0.03311812,0.021329617,0.028178101,0.010915245,0.12517303,0.08498056,0.13329032,0.12318431,0.11714423,0.087165825,0.12522447,0.11709966,0.101098396,0.093265705,0.10869464,0.10745808,0.026757509,0.021183869,0.031470448,0.021922572,0.023664696,0.022212787,0.027974464,0.020120975,0.01935331,0.021817068,0.022748502,0.016818492,0.15268265,0.08523072,0.14540008,0.11622012,0.029892627,0.014233783,0.029575272,0.020928994,0.14655484,0.116183616,0.15398595,0.15031335,0.12941052,0.11016845,0.1372207,0.1390062,0.04168072,0.036431275,0.04770223,0.042521052,0.03706718,0.033623453,0.043472204,0.04275639,0.028585443,0.027754078,0.03436497,0.039164282,0.1205498,0.04690659,0.10894693,0.07986568,0.026712392,-0.002195556,0.0210941,0.006475699,0.09927828,0.072697945,0.10372291,0.08996205,0.0892426,0.07619684,0.095469534,0.083088756,0.07317157,0.07796859,0.078864045,0.07550562,0.008507789,0.016716745,0.014146792,0.011160872,0.007324317,0.0163542,0.011918381,0.011676481,0.0066083358,0.013814282,0.010352113,0.012748629,0.14504017,0.07551427,0.13751782,0.1085756,0.0327982,0.020376397,0.031790942,0.023104027,0.14115605,0.11782491,0.1521723,0.14266536,0.12308347,0.10912335,0.1327702,0.13079323,0.04419375,0.04567909,0.049013447,0.044547077,0.038773984,0.04318907,0.043355238,0.043570455,0.029690314,0.038551867,0.033688128,0.039697945,0.0,0.011467658,0.0,0.010355406,0.0,0.006815135
L_LIPv_ROI,Left,228,0.0032774326,0.0038232298,0.004074736,0.0,0.003812727,0.0,0.003083564,0.0,-0.00019751921,0.00430134,0.0041484456,0.0032344586,0.002953859,0.0,0.00048848474,0.0,0.005046181,0.0,0.0020728393,0.0,-0.0002878046,0.0,0.0052383994,0.0,0.0026897734,0.0,-0.00097626826,0.117497206,0.067911446,0.112920776,0.10285193,0.010127138,0.012197659,0.009606623,0.014686211,0.08654308,0.09969595,0.093302965,0.0980414,0.0807336,0.08917345,0.08847593,0.09706706,0.07102019,0.07986546,0.07946589,0.09444184,0.011613331,0.017202787,0.011507408,0.017117238,0.010196395,0.016951585,0.011190202,0.015780987,0.007826164,0.01654437,0.008645357,0.012691989,0.110726945,0.053089257,0.104910545,0.08467461,0.00977037,0.011872427,0.008891621,0.009768237,0.16594958,0.086013384,0.078840114,0.09363906,0.097808175,0.07522655,0.06959965,0.081495374,0.09009611,0.010585428,0.013921193,0.011972525,0.015726494,0.009939048,0.013904081,0.011862665,0.015083215,0.008130535,0.013452902,0.009331317,0.012374214,0.14273663,0.059053443,0.13265334,0.10217441,0.021944653,0.012281584,0.01774737,0.01381713,0.14478384,0.124081805,0.14560376,0.13880157,0.13319348,0.11198641,0.13697098,0.13186009,0.11023049,0.10218532,0.11563338,0.11870252,0.034081552,0.027308878,0.032854397,0.030704524,0.029352399,0.02603981,0.029977681,0.027506277,0.021282438,0.02385174,0.02133694,0.022659015,0.13984984,0.05643287,0.12801869,0.090732604,0.028884724,0.022879068,0.025158212,0.015749915,0.15166245,0.107525006,0.15670238,0.14607956,0.12428612,0.09605361,0.1309228,0.1274663,0.04500622,0.028581318,0.04521416,0.039165948,0.038200576,0.027296368,0.041166108,0.036871295,0.02720451,0.02471632,0.029646156,0.031393375,0.13428213,0.047080085,0.12108748,0.08454155,0.019142134,0.010646533,0.016065374,0.008095217,0.13485037,0.11942719,0.13511358,0.1219344,0.12428482,0.109191954,0.12663622,0.11300017,0.10180641,0.09756343,0.104595594,0.098213136,0.029624952,0.024056591,0.03037611,0.027188573,0.025858339,0.022069884,0.027863873,0.024981324,0.019132445,0.01994238,0.021227973,0.021376597,0.14009352,0.048496023,0.1229623,0.07951274,0.029979829,0.028624268,0.026709858,0.017855467,0.15476978,0.1151762,0.15706748,0.13862735,0.1256354,0.10427403,0.12845345,0.11996956,0.049607717,0.030081434,0.0492287,0.040739194,0.04113293,0.026096568,0.04327304,0.038345817,0.02829801,0.022518413,0.030790465,0.032459643,0.0,0.004214318,0.0,0.0023612406,0.0,0.0006311251
L_LO1_ROI,Left,200,0.0025019,0.008393764,0.008812348,0.0,0.0081865555,0.0,0.014727103,0.0,0.014235481,0.0082397945,0.007950133,0.01376634,0.013063908,0.0,0.0121163055,0.0,0.006824731,0.0,0.015008906,0.0,0.012084123,0.0,0.008345731,0.0,0.015074152,0.0,0.012493575,0.11917921,0.09455941,0.11599991,0.10960111,0.031553067,0.025010945,0.034168404,0.03288294,0.08001156,0.12296392,0.09475828,0.10794619,0.07477471,0.12534177,0.08638884,0.107431374,0.06797236,0.11882175,0.07873021,0.104668066,0.018471131,0.049468614,0.025470372,0.040828582,0.017832236,0.05254915,0.024043936,0.038940553,0.0166348,0.0514376,0.021860247,0.03549501,0.1240545,0.098913826,0.1264257,0.106982164,0.02727229,0.0305155,0.029474987,0.030875918,0.19671956,0.09348776,0.12469521,0.10707015,0.1145738,0.08601187,0.12308456,0.099595256,0.11716656,0.019795246,0.05757196,0.023466537,0.034578048,0.019556267,0.056398436,0.023878075,0.035240024,0.017604042,0.0524631,0.021329636,0.033367112,0.16823389,0.081625834,0.1530642,0.11341934,0.05100963,0.022634447,0.04860254,0.038782965,0.17332587,0.15155663,0.1765006,0.15350738,0.16127336,0.14076905,0.16594067,0.15122397,0.13214579,0.1253582,0.13783847,0.13701053,0.06491072,0.06200429,0.06476729,0.06436942,0.059182324,0.065757066,0.06068611,0.06444564,0.043689333,0.060680795,0.045953706,0.05505024,0.16873911,0.087018326,0.15688844,0.11630615,0.062130224,0.030829076,0.0594971,0.04663512,0.18360169,0.16092077,0.19129524,0.17693575,0.15142483,0.1471961,0.16226101,0.16500644,0.07390617,0.07233159,0.07535116,0.07062593,0.06661566,0.071502216,0.07238654,0.07069999,0.04969393,0.06530687,0.056630887,0.06438297,0.16790974,0.051183023,0.14974615,0.0950546,0.061355732,0.031879164,0.058039974,0.040279638,0.18240662,0.13506693,0.17944963,0.14934367,0.17017405,0.12308871,0.17159763,0.1469913,0.13862137,0.104734816,0.14173333,0.13043392,0.08482878,0.0610405,0.0840128,0.06801836,0.079469964,0.06373352,0.08097728,0.0687895,0.062049724,0.056903724,0.06574002,0.06332903,0.17672592,0.06735237,0.15759514,0.09910847,0.07469271,0.036507968,0.06915417,0.04643511,0.1995063,0.15002646,0.20452781,0.18189618,0.1605764,0.13161054,0.16870466,0.15943968,0.09063879,0.06593924,0.08936707,0.07662145,0.081028245,0.06255533,0.08367225,0.07417801,0.06068181,0.055562284,0.065463565,0.06569884,0.0,0.008375016,0.0,0.01286638,0.0,0.012595715
L_LO2_ROI,Left,201,0.0032462678,0.008278883,0.008622497,0.0,0.0061678593,0.0,0.009353071,0.0,0.008595512,0.004986448,0.0063571003,0.007742671,0.008727583,0.0,0.008051083,0.0,0.005569117,0.0,0.011224614,0.0,0.0069484618,0.0,0.007866501,0.0,0.011178504,0.0,0.007831002,0.13335206,0.11076289,0.12759605,0.11000124,0.03301982,0.037700053,0.029710965,0.028153142,0.09054978,0.103740096,0.10129627,0.10449969,0.089764945,0.10630247,0.0994285,0.117855504,0.08383339,0.108788475,0.094036214,0.11720241,0.014757677,0.043454316,0.016156094,0.028161157,0.016517388,0.042318966,0.018060016,0.031959243,0.016981449,0.042845406,0.01843277,0.030351283,0.13910723,0.109036796,0.13782787,0.11262551,0.03210697,0.038919114,0.03290434,0.029642614,0.21277827,0.10287727,0.11533288,0.12021526,0.13281459,0.095244415,0.12107039,0.11024429,0.12457429,0.024069382,0.038285043,0.028113792,0.03603205,0.02460304,0.038245015,0.029814154,0.036579944,0.023477705,0.037141472,0.027211867,0.034280285,0.18604405,0.1025333,0.17061982,0.12574059,0.06362272,0.027796285,0.059748027,0.038639612,0.17902534,0.14078528,0.18405175,0.15901686,0.17355356,0.13721049,0.1782789,0.16279472,0.14791764,0.13223135,0.15606366,0.15276659,0.07059781,0.055787668,0.07304853,0.061659016,0.067033045,0.055316422,0.07061889,0.06395478,0.052997194,0.053412683,0.05660025,0.06021325,0.1915401,0.110400885,0.17886424,0.12941435,0.0766889,0.038486734,0.07312426,0.047773585,0.20357229,0.17123875,0.21284066,0.20278324,0.17053255,0.16965556,0.18318152,0.18128712,0.08845884,0.07397883,0.09360579,0.086979136,0.08431179,0.07681158,0.091687866,0.086822025,0.06625525,0.07464623,0.074569404,0.078831784,0.18460496,0.07889665,0.16680583,0.11946576,0.07222396,0.035174027,0.06828075,0.050965074,0.17662056,0.13690874,0.17710951,0.15447389,0.17048465,0.13393487,0.170995,0.15157467,0.14281744,0.13066876,0.14824538,0.13775899,0.08043124,0.07105093,0.08370149,0.07563988,0.07741729,0.07047396,0.08210755,0.0779025,0.0629118,0.06680112,0.069636285,0.07275144,0.19716917,0.08624788,0.17837542,0.119702235,0.079739064,0.04618454,0.0739869,0.049974665,0.2199613,0.17641997,0.22298983,0.19649021,0.17846087,0.16794862,0.18709567,0.177317,0.10057814,0.0831904,0.102664515,0.09352514,0.09508897,0.085770875,0.09887223,0.09187364,0.07394764,0.08358444,0.07966583,0.083520405,0.0,0.006569683,0.0,0.009512778,0.0,0.007648017
L_LO3_ROI,Left,339,0.0062305857,0.015428469,0.015784217,0.0,0.013929726,0.0,0.0183621,0.0,0.0152982,0.012763712,0.013265743,0.017263578,0.017312579,0.0,0.013813929,0.0,0.0125999395,0.0,0.018607734,0.0,0.0134112425,0.0,0.013857458,0.0,0.018767813,0.0,0.014266324,0.14208356,0.07809598,0.13376103,0.11947984,0.04805435,0.02758674,0.047319375,0.04029249,0.0913475,0.10610902,0.10301288,0.109427445,0.08817845,0.11277115,0.098507285,0.111624055,0.082668334,0.114899054,0.09312519,0.11041399,0.027981004,0.059213404,0.034593835,0.052363332,0.028033864,0.06729473,0.034973312,0.04926329,0.025278343,0.06654357,0.0313283,0.045174833,0.13974595,0.0786216,0.13882767,0.1165869,0.047277085,0.036917392,0.048214067,0.046099365,0.22392899,0.09938295,0.1043724,0.113847956,0.11719225,0.09352577,0.107166335,0.10630867,0.113835454,0.03467742,0.06511114,0.040760357,0.061724503,0.03453107,0.0647481,0.041717794,0.058571767,0.030372964,0.061277498,0.036051765,0.05143524,0.19327761,0.07555473,0.17474917,0.124152556,0.07261356,0.035777647,0.06728404,0.049527925,0.19930486,0.14368412,0.1992619,0.17099346,0.18887953,0.13637464,0.19067001,0.16678168,0.15665151,0.12821148,0.16234194,0.1524223,0.087013826,0.0771695,0.08489837,0.087538525,0.08073131,0.08292432,0.08072344,0.08244422,0.06206781,0.08091565,0.063471,0.071019225,0.19163741,0.065813005,0.17467669,0.11940065,0.08914826,0.038900692,0.08253737,0.059551653,0.21027069,0.15437539,0.21694954,0.19113116,0.17294781,0.14038263,0.183015,0.16935591,0.10371918,0.090715915,0.104786076,0.104647264,0.095307305,0.08987606,0.09944465,0.09904292,0.07295342,0.08265518,0.0791244,0.08519971,0.18824631,0.049129967,0.1665003,0.102845795,0.08153161,0.039287314,0.0747203,0.05113978,0.20312493,0.12841198,0.19760102,0.17033471,0.19261041,0.11845303,0.19198424,0.1649671,0.1557601,0.10717571,0.15780325,0.14492968,0.10504719,0.06807462,0.10111877,0.086962216,0.10017638,0.07569833,0.09923931,0.081559636,0.08080447,0.07238721,0.081447884,0.07234717,0.20310019,0.054828297,0.17910808,0.10973113,0.09385996,0.042180203,0.08242751,0.052974008,0.23796135,0.17594604,0.24125652,0.21371497,0.1883944,0.15365815,0.1954653,0.18396804,0.11535323,0.07655326,0.11131419,0.09884768,0.10450934,0.074169755,0.10234366,0.09073259,0.07860257,0.06692466,0.07967941,0.0778295,0.0,0.013700795,0.0,0.015478298,0.0,0.013557429
L_MBelt_ROI,Left,353,0.033584625,0.006102322,0.0036092817,0.0,0.01375471,0.0,0.005845436,0.0,0.003351101,0.014512509,0.01608138,0.004738908,0.0063729077,0.0,0.003450583,0.0,0.013461509,0.0,0.008733743,0.0,0.0030914198,0.0,0.013849751,0.0,0.00765101,0.0,0.0039000479,0.22615403,0.125702,0.21593171,0.17734864,0.12134728,0.06488669,0.11479451,0.09360654,0.24596831,0.24950407,0.2835348,0.2854962,0.2093664,0.23891135,0.24251936,0.2638991,0.16072723,0.21169247,0.18631093,0.21633567,0.13482003,0.11560309,0.15818268,0.15709537,0.108943895,0.11160664,0.13081205,0.14579831,0.07726795,0.10166293,0.09510481,0.11919731,0.18022847,0.101264104,0.16748893,0.12817943,0.085444145,0.0626759,0.07358253,0.060886245,0.1752125,0.17604709,0.1710117,0.19421051,0.20195016,0.13906571,0.15574157,0.15376747,0.17053282,0.09735358,0.10017879,0.09990664,0.10099315,0.08298483,0.09664025,0.08669328,0.096830264,0.06155836,0.086215675,0.06618743,0.08298921,0.16316192,0.0831156,0.16040611,0.12555738,0.05740269,0.02439709,0.05142376,0.046142913,0.17780101,0.17309606,0.20048197,0.21176694,0.1562273,0.16625027,0.1774125,0.19518718,0.12493512,0.14740193,0.1436563,0.16034736,0.066724285,0.061006855,0.06950987,0.087001435,0.053271715,0.058189467,0.05744312,0.08286684,0.037737418,0.051766276,0.040594812,0.06808064,0.15096878,0.076050706,0.14959939,0.11303314,0.062036395,0.041844126,0.063113615,0.055053387,0.15926537,0.15627626,0.17922597,0.18324347,0.13295868,0.14187412,0.14976119,0.15289006,0.07855415,0.08434545,0.09029005,0.09604294,0.0679888,0.08148279,0.080435574,0.0924272,0.052524183,0.07234062,0.06335958,0.077805884,0.088423915,0.010765957,0.0849489,0.049905147,0.014356084,-0.010843484,0.014118324,0.0045712544,0.07200999,0.04733537,0.07567995,0.06835546,0.068328194,0.045670085,0.069549255,0.06371031,0.062006585,0.04041978,0.06685036,0.053741455,0.016947059,0.004493916,0.019245505,0.014040512,0.013990255,0.0022834335,0.015852813,0.013700141,0.010195717,0.00021927501,0.011783046,0.008047991,0.093241245,0.04201132,0.093014054,0.068900116,0.017476363,0.016420875,0.019036118,0.01978396,0.087278895,0.09555895,0.09501369,0.093785234,0.08134002,0.0873962,0.089454524,0.08107471,0.019975023,0.032954805,0.022995587,0.028659161,0.018480139,0.032022227,0.022253875,0.02849779,0.015020651,0.026960991,0.018756218,0.024957713,0.0,0.013444458,0.0,0.008393911,0.0,0.0038157091
L_MIP_ROI,Left,230,0.0070724036,0.007203108,0.0070758075,0.0,0.0046003917,0.0,0.004147108,0.0,0.0020466687,0.0052389065,0.0067767953,0.0034913213,0.0044244034,0.0,0.0030857378,0.0,0.005276968,0.0,0.0039200904,0.0,0.0029994636,0.0,0.004597734,0.0,0.004927135,0.0,0.0029184169,0.13130812,0.0644464,0.12037761,0.09090531,0.010956028,0.010371992,0.007892331,0.0020357221,0.0970201,0.060352948,0.10345351,0.09033949,0.093825236,0.06405352,0.09564148,0.084857605,0.08259345,0.06695795,0.08575595,0.078830466,0.012326247,0.0072514936,0.009799299,0.0043532574,0.010708617,0.010707579,0.0069589065,0.004076332,0.007983254,0.013713099,0.0052881893,0.00347244,0.11676156,0.05504157,0.11104493,0.08362581,0.0038755052,0.018182635,0.00545396,0.010284203,0.14296305,0.089601874,0.06347912,0.0945273,0.089747444,0.077250846,0.06438271,0.08115895,0.082222156,0.006502189,0.0072759134,0.0063375663,0.005931363,0.0056629404,0.007938842,0.0055665774,0.006776821,0.004440734,0.009361716,0.0054573473,0.0061206887,0.14462395,0.07756376,0.13257363,0.10236701,0.02319385,0.009733252,0.02298686,0.0076937564,0.13668238,0.08967601,0.14068748,0.12546346,0.12753895,0.08937067,0.12888338,0.11741194,0.107536435,0.08773559,0.11007203,0.10250804,0.02883892,0.010039324,0.032061778,0.01987684,0.026267448,0.010444192,0.028679227,0.019899918,0.020598069,0.0129286945,0.024005147,0.015647009,0.14049564,0.07505852,0.12927034,0.1074174,0.017804341,0.010743402,0.017436508,0.014192797,0.13597128,0.10426903,0.13980186,0.14264762,0.117761396,0.10227248,0.12146668,0.12553401,0.024532225,0.014849215,0.025895832,0.02400909,0.022424953,0.013855339,0.023911728,0.024968581,0.018117074,0.012931158,0.0200374,0.021829132,0.12847161,0.04323965,0.117099665,0.08627205,0.017409354,-0.0007891374,0.015432414,0.006670318,0.11442839,0.08074857,0.11538219,0.09774332,0.105823226,0.080620475,0.105905294,0.09263037,0.08973155,0.07467478,0.090877965,0.0827039,0.014038683,0.012128117,0.015359803,0.013212246,0.013427518,0.009917042,0.014766728,0.014377312,0.011506416,0.00867374,0.012681486,0.012821862,0.14226781,0.07070562,0.13204414,0.10838788,0.02389386,0.017381819,0.022805244,0.018790144,0.13440686,0.1064001,0.1369881,0.13526025,0.11854699,0.10307182,0.121869825,0.12237138,0.02841541,0.024681775,0.030089913,0.026733374,0.025181968,0.021967834,0.0267231,0.027560825,0.019364122,0.01918192,0.020843849,0.024242308,0.0,0.0060449387,0.0,0.004554286,0.0,0.0014449351
L_MI_ROI,Left,289,0.0051752175,-0.00052824704,-0.0009995925,0.0,0.0023142176,0.0,0.00251275,0.0,0.0037963286,0.0030224994,0.0035572122,0.0013834424,0.0030925474,0.0,0.0058207586,0.0,0.0044739703,0.0,0.0041531436,0.0,0.0046866285,0.0,0.0038954613,0.0,0.004222433,0.0,0.00519645,0.15998973,0.13950406,0.18673111,0.19779326,0.029438894,0.024291458,0.037419595,0.03169704,0.10034065,0.16071118,0.13474011,0.16364841,0.09748763,0.16252767,0.13178708,0.16568354,0.0908469,0.16281468,0.12646997,0.16932341,0.023839409,0.03196079,0.034348637,0.036230817,0.023531778,0.033258464,0.033476006,0.036883023,0.01936251,0.035171088,0.029281914,0.03611042,0.15230584,0.14392762,0.17585778,0.18637758,0.033858534,0.04487772,0.03977215,0.043882463,0.15970185,0.105871804,0.17288391,0.14183189,0.18105806,0.09723796,0.17269866,0.1347617,0.18182366,0.027910883,0.049292568,0.038636852,0.04941906,0.027384311,0.048681565,0.038872767,0.049561076,0.022622729,0.04911983,0.034139924,0.046758994,0.17666772,0.13499734,0.20060012,0.19182847,0.03658503,0.019772632,0.04399984,0.030258954,0.1319843,0.1635871,0.15913187,0.17436406,0.13349926,0.1671956,0.16004495,0.17488338,0.12333657,0.1662813,0.1523246,0.17103937,0.03547882,0.036085468,0.044383794,0.04222112,0.03609707,0.036385328,0.04511625,0.043557577,0.031245338,0.034987982,0.04073199,0.042367917,0.1767717,0.14305073,0.20148994,0.19468682,0.046944443,0.043366797,0.05600479,0.05092335,0.16053583,0.19519478,0.19537619,0.21462396,0.14854008,0.19205315,0.1870121,0.21096903,0.04777069,0.056277063,0.06247574,0.066719525,0.048791826,0.0561343,0.06511353,0.06836481,0.04168314,0.054434456,0.05755173,0.06482332,0.15614663,0.10861675,0.17009187,0.15836298,0.028539868,0.0072610313,0.029904205,0.020028492,0.11093648,0.1346604,0.12794408,0.13012812,0.11375236,0.13885106,0.12992765,0.13214494,0.10686469,0.13844056,0.12543236,0.1274825,0.024646752,0.025391843,0.028175352,0.030439483,0.025918778,0.02578265,0.030313103,0.031653613,0.0236411,0.02456075,0.027433956,0.03069414,0.1681331,0.12738524,0.18163995,0.16814095,0.040566217,0.03768929,0.042363945,0.04094157,0.15565185,0.17229946,0.1777273,0.17827071,0.14531441,0.16742662,0.1706994,0.17464988,0.037940137,0.03840684,0.04342857,0.04655426,0.03963507,0.037421048,0.04544163,0.04864521,0.035326123,0.036225352,0.04056181,0.047090583,0.0,0.0041382127,0.0,0.0037865997,0.0,0.004127904
L_MST_ROI,Left,182,0.005361669,0.006035157,0.0060676034,0.0,0.008703605,0.0,0.008724385,0.0,0.005132112,0.007184614,0.0076741395,0.007859168,0.0074203056,0.0,0.0039384402,0.0,0.0075276014,0.0,0.010291046,0.0,0.0032125881,0.0,0.009085503,0.0,0.00976679,0.0,0.0035580439,0.13512982,0.072596796,0.13241182,0.11160398,0.031432394,0.023114843,0.03217119,0.03194234,0.09644217,0.10826065,0.104349606,0.1257592,0.09370529,0.105636105,0.102900855,0.12279607,0.08924008,0.09728183,0.101030044,0.11642908,0.016975747,0.045504153,0.020639986,0.039201126,0.017501876,0.04498494,0.021740306,0.036401577,0.016529506,0.038916107,0.021258043,0.032854345,0.12649433,0.045364235,0.12415742,0.09158051,0.029607985,0.027957687,0.03165326,0.028708344,0.1853061,0.09844337,0.08711626,0.111501865,0.12368894,0.09402852,0.07857538,0.107053824,0.11339586,0.01899775,0.045925554,0.02382694,0.036266,0.020784272,0.043376148,0.026189808,0.036988594,0.020593164,0.036770776,0.024953682,0.0333321,0.16153635,0.05877828,0.1523955,0.10808863,0.047393944,0.02688502,0.04610249,0.0374195,0.1714785,0.12825264,0.17628412,0.16364914,0.16159391,0.12280119,0.16886927,0.1521406,0.1366621,0.10880732,0.14638397,0.13461071,0.05517018,0.06327242,0.05699637,0.05974006,0.05219468,0.06478097,0.054037325,0.059041146,0.041090872,0.057570126,0.043783974,0.054028206,0.1504156,0.025786446,0.13990046,0.08521367,0.055593558,0.036651477,0.055270586,0.039062414,0.17135286,0.11492141,0.18066034,0.16077234,0.14248508,0.09342628,0.15468347,0.13678195,0.06644783,0.058688276,0.07257954,0.066594236,0.06165182,0.059780937,0.06919811,0.06425286,0.047832914,0.053590115,0.055585418,0.056846447,0.14434625,0.021570835,0.13069151,0.07785458,0.04323801,0.02906755,0.04320773,0.030382767,0.15879883,0.10122348,0.16195132,0.13455887,0.14833178,0.09437466,0.15435205,0.12511851,0.12045931,0.079072244,0.12653996,0.10471927,0.059728768,0.04783165,0.06312484,0.056640834,0.05537209,0.049654335,0.059923027,0.05444071,0.04356128,0.04507113,0.048586044,0.049440496,0.14225821,0.018609783,0.12660398,0.068831004,0.051653333,0.028797792,0.04805571,0.030672187,0.1754509,0.107729964,0.18158421,0.14423607,0.13756794,0.079862654,0.14445446,0.120335944,0.07279242,0.046559457,0.07478701,0.062165312,0.066509984,0.044491556,0.0693028,0.05850217,0.050215546,0.037174884,0.053481817,0.05006653,0.0,0.008779478,0.0,0.008005499,0.0,0.0042235632
L_MT_ROI,Left,203,0.006208906,0.0055805845,0.005394661,0.0,0.003537945,0.0,0.00340032,0.0,0.0016705261,0.002953833,0.0032318537,0.0037434357,0.0034705421,0.0,0.0015280378,0.0,0.0020504931,0.0,0.0037078143,0.0,0.0021662496,0.0,0.0026455538,0.0,0.0036328188,0.0,0.002818899,0.10760901,0.009184054,0.09163277,0.056066576,0.02253085,0.0031309242,0.016391523,0.0042821714,0.05611923,0.016827112,0.052368928,0.047860138,0.054387577,0.016516097,0.049342114,0.041596238,0.051450785,0.01299216,0.046274867,0.038456216,0.0010521808,0.020089343,-0.0012063333,0.002286756,-2.0940168e-05,0.020737521,-0.00302285,0.0015097598,-0.00040992693,0.020664798,-0.0036982049,-0.00085128966,0.08372317,0.012138447,0.07395664,0.046466295,0.0065137786,-0.0036323932,0.006761312,0.0048465817,0.13779862,0.06402621,0.020227866,0.06695313,0.0562875,0.057187647,0.017011233,0.05948352,0.051979624,0.0059496863,0.013208917,0.0067148726,0.009976001,0.0056763184,0.011291652,0.005973796,0.008372872,0.0046789297,0.009319057,0.005124853,0.0067659607,0.14723764,0.028593943,0.13167202,0.078303866,0.051921584,0.019816805,0.046233956,0.029977376,0.13627326,0.06010771,0.13555478,0.11464231,0.12666792,0.0582773,0.12829942,0.10602633,0.10870977,0.049150795,0.11052114,0.09621938,0.04389862,0.041764177,0.042597644,0.040783677,0.041328005,0.039353177,0.040326007,0.03883865,0.033114377,0.035914734,0.03162296,0.03305304,0.11613191,0.013747541,0.10297109,0.060941853,0.03583196,0.017070716,0.033843156,0.023101972,0.12692143,0.056273453,0.13199979,0.10797434,0.10746484,0.049907856,0.111804485,0.09463603,0.0389735,0.034281578,0.040335167,0.0402872,0.036544174,0.036537297,0.038478054,0.03881072,0.02992463,0.036223732,0.032348234,0.033873294,0.15006272,0.025102291,0.13306014,0.07592862,0.0584279,0.016369341,0.05419403,0.032309856,0.134145,0.07376385,0.13560583,0.11892884,0.12308268,0.07459268,0.12716196,0.112422,0.10284256,0.06847066,0.10725199,0.10168801,0.05275685,0.031726036,0.05155175,0.038404744,0.050304677,0.035393033,0.05049468,0.037054595,0.041412912,0.034808025,0.042861264,0.03525106,0.12678422,0.02727347,0.11377818,0.06942498,0.032836318,0.017867848,0.030267728,0.01879502,0.14221412,0.0981982,0.15141894,0.13623688,0.1190626,0.095370874,0.12736048,0.12362321,0.0422128,0.026659701,0.04390192,0.037613433,0.038667228,0.029051315,0.040772676,0.036065705,0.030387256,0.02870253,0.03266394,0.031691816,0.0,0.0037525226,0.0,0.0039775465,0.0,0.0025561992
L_OFC_ROI,Left,273,0.009352437,0.004181367,0.003837892,0.0,0.0072808834,0.0,0.006316355,0.0,0.005213652,0.0073852423,0.008857299,0.0051526898,0.007868865,0.0,0.008205674,0.0,0.0057155592,0.0,0.010180677,0.0,0.0069203367,0.0,0.0066500264,0.0,0.011239901,0.0,0.007673978,0.09688366,0.11430863,0.1267721,0.1522942,0.023991195,0.024730328,0.032184873,0.03682885,0.03758789,0.12488805,0.068262495,0.102256894,0.039257523,0.12756762,0.06713071,0.10557956,0.03633148,0.121592775,0.063046515,0.108512335,0.0054155574,0.038300287,0.013457419,0.021661168,0.0059261993,0.036806017,0.013491338,0.022531837,0.0060314997,0.033905547,0.011928049,0.023298744,0.09569413,0.16377501,0.13336878,0.17299616,0.014425518,0.058855873,0.024821736,0.040543616,0.082442455,0.061206136,0.1397076,0.09261109,0.1327367,0.059097104,0.13956808,0.090662606,0.13615583,0.009189276,0.04352158,0.016207872,0.027137835,0.009900211,0.041324895,0.016360266,0.027227882,0.009476455,0.0372963,0.014656112,0.02747959,0.105039224,0.13279334,0.13809015,0.15864074,0.022483928,0.01484194,0.02752632,0.029117554,0.051293314,0.13598321,0.079911046,0.1288817,0.051997814,0.13836126,0.08081382,0.12837411,0.050006635,0.13810314,0.07938712,0.1281451,0.0053885356,0.032989733,0.008479246,0.020327335,0.0056306007,0.03155412,0.007671532,0.021040006,0.005236481,0.030495819,0.007286665,0.02203889,0.1081754,0.17885958,0.14689188,0.18636335,0.020531163,0.04460145,0.030655175,0.04335265,0.08698261,0.18113896,0.12600712,0.17223561,0.08623307,0.1840414,0.12558924,0.1779369,0.015574509,0.0503389,0.025490342,0.036173988,0.016391603,0.0466966,0.025477793,0.036344085,0.015283669,0.046252187,0.023879975,0.03698331,0.11431081,0.14895535,0.14890729,0.16736026,0.031238375,0.017930029,0.039942574,0.03676295,0.06299247,0.15541911,0.097013116,0.14199243,0.06494976,0.1553215,0.099965215,0.14170323,0.062396165,0.16187239,0.09757663,0.1402678,0.017320063,0.037679303,0.027101958,0.035286635,0.017278759,0.034021974,0.027061354,0.035702676,0.01691745,0.034004003,0.025576323,0.03736792,0.11234839,0.18218361,0.14777876,0.18119572,0.023346428,0.044775665,0.031253453,0.041821,0.08699249,0.17964354,0.12292474,0.1660809,0.0852911,0.18576884,0.12221127,0.16809045,0.016645255,0.044269137,0.024863617,0.037735846,0.017289953,0.043920614,0.025400894,0.037697762,0.016639527,0.043954007,0.024107505,0.038556665,0.0,0.008543012,0.0,0.009414741,0.0,0.0062506315
L_OP1_ROI,Left,281,0.0060670236,-0.0071153305,-0.0077197137,0.0,0.0028597063,0.0,0.0013473103,0.0,0.0013323397,0.0015272417,0.0025594253,0.0020354548,0.0022995542,0.0,0.002089392,0.0,0.0023742316,0.0,0.0011076762,0.0,0.0025802378,0.0,0.0024055396,0.0,0.0017459241,0.0,0.0027806868,0.10782544,0.08394702,0.107146524,0.11388164,0.022788899,0.03093997,0.02305999,0.026361719,0.08046712,0.11343152,0.092126355,0.11403848,0.07482871,0.11453908,0.08806932,0.115230024,0.06371757,0.11003469,0.07646369,0.093867354,0.023046829,0.02389035,0.03124656,0.039017227,0.019115109,0.02243511,0.027107405,0.03511756,0.013797006,0.02150604,0.020805158,0.026401803,0.10258649,0.079641595,0.10042805,0.09562028,0.01871969,0.017542383,0.013470896,0.009819823,0.15543973,0.07966188,0.106649995,0.08853285,0.10491053,0.07199991,0.108287215,0.08320534,0.098268345,0.020808976,0.016969863,0.022406869,0.023602135,0.018830907,0.019468563,0.019630834,0.021994406,0.014069101,0.021304024,0.016090106,0.017281545,0.14480186,0.11509293,0.14345177,0.14008012,0.021514507,0.019020302,0.018006582,0.024821956,0.13362049,0.15633734,0.14426109,0.16191454,0.12800969,0.15891543,0.14086913,0.16014451,0.11186641,0.15335174,0.12407591,0.14112069,0.032707453,0.04030929,0.03326794,0.04903921,0.0276789,0.037867513,0.02873649,0.046133425,0.019652316,0.03419241,0.019878339,0.037201345,0.14436911,0.10749005,0.1459687,0.13067532,0.031146176,0.025380148,0.028292632,0.018867083,0.15020964,0.17468697,0.16760442,0.18022333,0.1347318,0.17260256,0.15387525,0.1666945,0.046745334,0.05040669,0.052101634,0.056176823,0.041529574,0.050395917,0.047356457,0.0522703,0.030589147,0.04866046,0.037007906,0.042957943,0.14083362,0.0985987,0.14040059,0.12492173,0.0132671585,0.012834945,0.012461675,0.008882147,0.12760286,0.14926748,0.13987717,0.13527684,0.12412336,0.14990436,0.13658568,0.13631406,0.10931123,0.1423181,0.12205376,0.13009807,0.03122745,0.032077253,0.035098895,0.038464434,0.026546426,0.031986024,0.030376451,0.033745356,0.018500173,0.030215248,0.021418678,0.028889183,0.15669301,0.107069485,0.1571735,0.13230167,0.032411538,0.024180098,0.031395234,0.026857734,0.17074935,0.1914139,0.18900084,0.18905222,0.15322249,0.18741693,0.17343546,0.1809885,0.04396177,0.048740204,0.04780814,0.049656592,0.040360525,0.049902357,0.045679994,0.047841497,0.03155836,0.048843432,0.035808034,0.04236039,0.0,0.0020718765,0.0,0.0025912866,0.0,0.0027459923
L_OP2-3_ROI,Left,282,0.018788822,0.004013661,0.0030531732,0.0,0.009560647,0.0,0.007905922,0.0,0.004841711,0.0101324245,0.010917755,0.007480044,0.009191415,0.0,0.005617352,0.0,0.009247633,0.0,0.007943102,0.0,0.0040071914,0.0,0.009363654,0.0,0.0083054025,0.0,0.0052165436,0.09343313,0.0720753,0.11502558,0.10972655,0.0384461,0.02583435,0.043938298,0.027730087,0.07126231,0.12860511,0.10151334,0.12664214,0.060548168,0.12043887,0.08479733,0.119007096,0.050754458,0.10743915,0.07440717,0.10583264,0.024128241,0.04671964,0.036071982,0.036860146,0.019727346,0.043271348,0.02814463,0.036599733,0.014546989,0.03864964,0.023870904,0.03329829,0.08216443,0.07989749,0.10020984,0.10403468,0.029452905,0.031998362,0.034126617,0.03297591,0.08761967,0.06895646,0.13319536,0.09495259,0.118417144,0.05685717,0.122689754,0.08027344,0.10258878,0.034342676,0.05798413,0.043312695,0.050548136,0.027038816,0.054551326,0.036405854,0.04634443,0.021063788,0.050752614,0.02917138,0.042935133,0.09120635,0.07922807,0.115530364,0.11383483,0.029672677,0.014914283,0.034525916,0.014263161,0.0699241,0.121622995,0.09806727,0.12737952,0.06266571,0.11827768,0.08710553,0.11651646,0.05508162,0.10756789,0.0821052,0.105697796,0.01694374,0.03181174,0.023736494,0.029130483,0.013852777,0.03101477,0.020028893,0.02457561,0.009685598,0.025344925,0.014510767,0.020996038,0.08123214,0.08120455,0.10394751,0.10689205,0.02366659,0.024569975,0.029700508,0.028291943,0.07845741,0.1351485,0.108446665,0.13171864,0.068219826,0.12100241,0.09839802,0.11698686,0.03334427,0.04885832,0.04359695,0.05198482,0.02704922,0.045169022,0.038386736,0.046062652,0.020579696,0.041215383,0.029890135,0.04343838,0.07502886,0.029308897,0.09134248,0.07806842,0.0256625,-0.013355626,0.027478157,0.004958858,0.046663523,0.060755398,0.061302267,0.070906,0.044406544,0.05950401,0.058803815,0.064149864,0.039932955,0.055636574,0.056179617,0.059515055,0.011210428,0.0111691225,0.013620354,0.011326321,0.008183392,0.00912141,0.01348216,0.0085941,0.006882709,0.00578083,0.009303135,0.0060135955,0.070316434,0.054913998,0.08630801,0.08113063,0.01429581,0.013963642,0.015686722,0.013974657,0.0640043,0.088673964,0.08403671,0.09462698,0.05695677,0.07497967,0.07850387,0.08792777,0.016919991,0.025828553,0.02004812,0.024468021,0.014669918,0.026343908,0.02035846,0.022332441,0.011244448,0.024275076,0.015689583,0.020958554,0.0,0.009645829,0.0,0.008375894,0.0,0.0035096002
L_OP4_ROI,Left,280,0.021468295,-0.0020814831,-0.003544014,0.0,0.015324469,0.0,0.0070125316,0.0,-0.0019077347,0.017036078,0.017972138,0.0068289735,0.007582412,0.0,-0.0004959275,0.0,0.016588474,0.0,0.00952184,0.0,-1.3808531e-05,0.0,0.018713022,0.0,0.009071179,0.0,0.0023355316,0.17148033,0.11862446,0.17439774,0.16399983,0.052616615,0.055728734,0.051532924,0.05133531,0.14652935,0.17354676,0.17588404,0.19242312,0.13315496,0.17248395,0.16466263,0.19400045,0.111613415,0.16539142,0.13858354,0.17477523,0.051879805,0.053580582,0.07211733,0.07792431,0.04213587,0.054006975,0.061214767,0.07309363,0.029176388,0.052273873,0.043099634,0.06250452,0.18351865,0.11998594,0.18537477,0.15962389,0.06237324,0.04109505,0.05409732,0.040819436,0.19963966,0.16687073,0.17675443,0.19465515,0.20858657,0.14065455,0.17869142,0.16860248,0.19397704,0.07480067,0.044862274,0.0788048,0.0686376,0.06363974,0.04728887,0.06921356,0.067175135,0.046541598,0.048441023,0.050564807,0.057815712,0.16901365,0.11393039,0.17276825,0.15664598,0.029160997,0.015987989,0.023614796,0.02487475,0.16184977,0.17682372,0.18008944,0.19963929,0.15391505,0.17505637,0.17519155,0.19630249,0.13193223,0.16476682,0.15277937,0.17531028,0.029791702,0.033140652,0.030175148,0.052618567,0.024882795,0.03214622,0.027151976,0.048481576,0.017762367,0.030489618,0.017990591,0.04020781,0.1824974,0.12283863,0.19028054,0.16541548,0.052732773,0.037562255,0.052769355,0.039645188,0.19375117,0.21265371,0.22424965,0.24067235,0.16746055,0.20763925,0.19940825,0.22183037,0.07354795,0.056572743,0.08377738,0.08314918,0.06488218,0.056164496,0.07741452,0.079223886,0.048651155,0.0554616,0.058940765,0.068843946,0.13959348,0.07915328,0.1405828,0.11559078,0.009021164,0.004616468,0.008208455,0.003930633,0.12026337,0.12361551,0.1302863,0.13053527,0.11821842,0.124204725,0.12914883,0.12761948,0.105622895,0.1166489,0.117277354,0.11863605,0.017437113,0.018088847,0.020785658,0.030447843,0.015123486,0.01846151,0.019125292,0.024508998,0.010471001,0.019441754,0.012821908,0.019854514,0.14890908,0.08669959,0.15236892,0.1288401,0.023430685,0.022484358,0.023524383,0.020315671,0.15084541,0.16747333,0.16699883,0.17414744,0.13821495,0.16274203,0.15666363,0.16551937,0.02979797,0.03211981,0.033998065,0.041979033,0.028408354,0.032084636,0.032921914,0.037668772,0.022408886,0.03329574,0.0256856,0.03196407,0.0,0.01616704,0.0,0.008796586,0.0,0.00082777534
L_PBelt_ROI,Left,304,0.04518377,0.008697076,0.0058211023,0.0,0.015452556,0.0,0.010288813,0.0,0.006641694,0.016493833,0.017792387,0.0074870083,0.009679495,0.0,0.006591619,0.0,0.014985903,0.0,0.011699036,0.0,0.0060649435,0.0,0.014693497,0.0,0.010680393,0.0,0.006177542,0.28957233,0.16744302,0.27509108,0.23006585,0.17761368,0.082721174,0.16543427,0.123399116,0.29237178,0.29404828,0.33919522,0.34051272,0.26872516,0.29477838,0.31109765,0.3289925,0.21812235,0.2765903,0.24972728,0.2910049,0.17382158,0.14322937,0.2015674,0.195465,0.15728535,0.13660046,0.18447198,0.18769218,0.1229675,0.12582876,0.14468752,0.15996969,0.21337186,0.12905203,0.19561242,0.1434703,0.09757239,0.06988487,0.083179176,0.05981074,0.19278322,0.19988874,0.19032188,0.21918893,0.2274517,0.1681796,0.18179701,0.18128873,0.20050351,0.09342892,0.09583038,0.09637129,0.10091815,0.09154946,0.094347365,0.094594486,0.097283855,0.075091004,0.086230695,0.077844605,0.08548772,0.20219994,0.09458984,0.1950138,0.15112449,0.08930511,0.03242037,0.07929612,0.062218573,0.20180537,0.1902758,0.2249952,0.23662123,0.18772294,0.19285332,0.21124063,0.22358203,0.15172249,0.17755222,0.17212267,0.1983273,0.08813816,0.07060267,0.08945701,0.10404877,0.07994141,0.06679604,0.083851025,0.10189786,0.06072002,0.061389167,0.06364266,0.09073421,0.17206502,0.09276544,0.16587831,0.11614541,0.06958907,0.04611522,0.06934841,0.05186936,0.18275338,0.166602,0.20273101,0.20075656,0.15515853,0.15838332,0.17047046,0.17501573,0.07831678,0.0810139,0.08788555,0.09833122,0.07541944,0.07727004,0.08587812,0.09369057,0.06256542,0.07024675,0.071680605,0.08196149,0.097341,0.011468664,0.08908016,0.054005023,0.02138035,-0.0057627033,0.01953292,0.008778543,0.07270949,0.03568373,0.073156945,0.06726062,0.069557674,0.03818203,0.070506215,0.05822947,0.06082395,0.032421105,0.06439393,0.051241275,0.018072965,0.010186839,0.020026416,0.019294772,0.01522103,0.0071560354,0.017517634,0.016277045,0.010669268,0.005260245,0.01304937,0.011711082,0.10144657,0.052804172,0.09652836,0.06854461,0.019801639,0.026069133,0.021507548,0.022037951,0.103824265,0.0921724,0.10808147,0.10032693,0.089109294,0.08907985,0.095994994,0.090960935,0.024228947,0.036644544,0.027560484,0.034744654,0.021201031,0.034199603,0.024312662,0.032730874,0.016158598,0.029576752,0.019881515,0.028750954,0.0,0.01726027,0.0,0.013281084,0.0,0.0077617117
L_PCV_ROI,Left,207,0.021326514,0.0064109936,0.005050826,0.0,0.02803975,0.0,0.028054927,0.0,0.010896204,0.028831732,0.030848082,0.026147464,0.027997172,0.0,0.014264188,0.0,0.025750581,0.0,0.027182056,0.0,0.010937305,0.0,0.028480275,0.0,0.025620254,0.0,0.014164533,0.21700194,0.16321598,0.2173932,0.20497596,0.09842307,0.05570996,0.10034406,0.08170428,0.14526962,0.18039334,0.17356437,0.19839966,0.14367177,0.18531263,0.17656493,0.20127288,0.13269714,0.1899649,0.15998253,0.18958592,0.06607968,0.08699681,0.084613144,0.09288519,0.06425154,0.08531184,0.0876113,0.09641005,0.057645995,0.083835825,0.07769737,0.09136872,0.22785497,0.16586854,0.23279183,0.19969715,0.09767134,0.061117817,0.09275891,0.06990082,0.22198261,0.18462637,0.20085679,0.22197893,0.22753644,0.1715751,0.20717612,0.20452185,0.21747445,0.08265501,0.08941887,0.08642435,0.0875532,0.08107989,0.08732912,0.08995838,0.09009677,0.0709675,0.08425744,0.07836678,0.08353562,0.23428273,0.15992618,0.2300416,0.20285742,0.081935816,0.04209998,0.07856018,0.06711281,0.17637731,0.19717324,0.1921574,0.21187882,0.17450759,0.19971755,0.19532678,0.21184528,0.15852368,0.1987665,0.17735459,0.19838203,0.061078195,0.08158857,0.065708145,0.08109205,0.059550423,0.08017414,0.06734323,0.08429288,0.051181007,0.07574617,0.05782482,0.07860357,0.23644005,0.16465642,0.23558787,0.20368879,0.099130616,0.061142985,0.10367916,0.08496831,0.22421098,0.22621424,0.25324115,0.26164144,0.2057881,0.22641543,0.23268172,0.2492142,0.09824894,0.110805444,0.11051862,0.11543717,0.096854836,0.109038584,0.11390052,0.11965667,0.083107926,0.103164054,0.09906369,0.11098606,0.19982897,0.115035996,0.19143474,0.16664349,0.053806644,0.027746024,0.050203264,0.037816435,0.14161672,0.16461743,0.14846049,0.15860009,0.14081633,0.16155955,0.14994988,0.15548323,0.12863813,0.15406035,0.13815261,0.14553016,0.044001453,0.057142235,0.049121972,0.053025525,0.041620973,0.056613922,0.047905177,0.051252373,0.035318248,0.052086346,0.040886585,0.046497643,0.20393011,0.11958603,0.19634221,0.1718512,0.05752242,0.04919445,0.056266703,0.048869576,0.18324755,0.19648682,0.19418092,0.19968726,0.16926216,0.18798433,0.1808709,0.19048381,0.061568696,0.0738365,0.06616706,0.06792718,0.05933044,0.072309025,0.0649485,0.067202635,0.050549023,0.06839205,0.055445474,0.061402775,0.0,0.029414406,0.0,0.029354662,0.0,0.011502877
L_PEF_ROI,Left,191,0.004696328,0.0045522978,0.004486071,0.0,0.0029840097,0.0,0.0038493467,0.0,0.0018465372,0.0036041583,0.0035802717,0.003824541,0.003167774,0.0,0.0022237953,0.0,0.0032153074,0.0,0.0035301219,0.0,0.0021322088,0.0,0.002295359,0.0,0.0036095877,0.0,0.0018403166,0.13700376,0.08910988,0.13495071,0.111211844,0.02726948,0.030032227,0.024508564,0.022578908,0.10554778,0.12798226,0.12199194,0.13075614,0.100527875,0.123007044,0.11668171,0.13217033,0.0881249,0.109045096,0.10239906,0.12745522,0.027576584,0.029392669,0.030231502,0.037011344,0.02534854,0.031204853,0.028814035,0.034913298,0.020670928,0.03319332,0.022001816,0.027051585,0.13692199,0.0693008,0.13509615,0.10134166,0.019946573,0.022855017,0.019351916,0.019578414,0.16866206,0.10900814,0.11782964,0.12544644,0.13356917,0.095479995,0.11077166,0.10986708,0.12677966,0.022570197,0.026368575,0.025865661,0.030434119,0.021821244,0.028321961,0.024747208,0.030766223,0.017030656,0.029928071,0.019151853,0.024179164,0.14421248,0.084282815,0.1353042,0.1032784,0.03624973,0.023251457,0.033144537,0.023666691,0.147851,0.13090616,0.15287162,0.14172126,0.13457274,0.1206822,0.14117657,0.13458343,0.10944461,0.105201796,0.11761238,0.122476235,0.046233773,0.038397048,0.049216453,0.048727747,0.041123983,0.034617994,0.04444547,0.046041146,0.029751364,0.031078842,0.032231633,0.036842566,0.14845319,0.073701985,0.1407054,0.10344773,0.033237282,0.019727798,0.031305317,0.02348079,0.15512474,0.12407957,0.16849028,0.16087586,0.12829657,0.11039512,0.14030828,0.1443129,0.046787225,0.0319659,0.05262544,0.05059809,0.042466436,0.030929174,0.04825658,0.050627407,0.030499147,0.029185547,0.035384893,0.041887786,0.12096883,0.054551058,0.10927878,0.07961822,0.02166791,0.0060730097,0.01763081,0.008585557,0.12632535,0.096733615,0.12687631,0.10683723,0.112142526,0.087249994,0.11410647,0.10165692,0.09071189,0.07443882,0.09360954,0.088298246,0.027546452,0.022563126,0.030049529,0.028564926,0.024120523,0.020283522,0.026674764,0.02751192,0.017191483,0.017978802,0.019107504,0.022031475,0.13271804,0.059613485,0.11959408,0.08487457,0.025589053,0.017037116,0.024220942,0.018245878,0.14303397,0.09779627,0.14754428,0.13510047,0.118364826,0.08396873,0.12287407,0.11704551,0.04092839,0.029452149,0.04310813,0.039651852,0.03544953,0.02935246,0.038135976,0.038882937,0.02537195,0.02779798,0.028414842,0.032017503,0.0,0.0031388237,0.0,0.004463214,0.0,0.0032225144
L_PF_ROI,Left,328,0.01013793,0.0042852084,0.00446835,0.0,0.007960233,0.0,0.006397258,0.0,0.005874359,0.007831917,0.009287537,0.005184933,0.006015959,0.0,0.0073556732,0.0,0.008133254,0.0,0.007076425,0.0,0.0074289986,0.0,0.0073741106,0.0,0.0077710073,0.0,0.008259493,0.21350463,0.1343087,0.20842554,0.19583341,0.035597775,0.02674703,0.039127648,0.036136303,0.13198619,0.17165267,0.15042366,0.17530262,0.13563728,0.17063813,0.15506421,0.18519303,0.13265423,0.16910578,0.1491604,0.18346049,0.02293853,0.03816568,0.031725433,0.035154518,0.022963686,0.038923677,0.031697065,0.03907153,0.020689404,0.038900413,0.028304098,0.03873967,0.21311858,0.14297633,0.20947145,0.17747094,0.030153159,0.04619529,0.03362114,0.03653181,0.21090677,0.1562511,0.1807548,0.1750638,0.19169223,0.15272008,0.18126108,0.17113861,0.19243386,0.02837014,0.04863859,0.032028884,0.037741236,0.028043147,0.04968012,0.032563657,0.040616404,0.024486577,0.048431367,0.028897762,0.039981548,0.22187456,0.13957901,0.21475531,0.18498741,0.038791277,0.018837782,0.03863961,0.023534862,0.17081608,0.17744838,0.18048917,0.19105795,0.17591393,0.17584382,0.18535075,0.1946548,0.16725776,0.1726525,0.17660937,0.1870592,0.033056747,0.034720752,0.03693923,0.039479736,0.03424764,0.034621306,0.03837704,0.040741835,0.030292185,0.033122182,0.03436727,0.038021218,0.22727105,0.14704932,0.22096373,0.18285881,0.051963277,0.038662367,0.055683855,0.042926818,0.218649,0.21582247,0.23177245,0.23297647,0.20818308,0.21247366,0.22156586,0.22658278,0.054044165,0.06146936,0.062852874,0.06570266,0.05501735,0.062280916,0.06483171,0.0674726,0.047603782,0.059663966,0.05780751,0.06465734,0.19260266,0.10043847,0.18164304,0.15146956,0.039083302,0.01115518,0.0369266,0.026180636,0.14325123,0.13793346,0.14846085,0.14324762,0.14831555,0.1370583,0.15275432,0.14781447,0.14028697,0.13601647,0.1452458,0.14266255,0.034305383,0.035998907,0.037091587,0.03780234,0.034657422,0.034322087,0.03755938,0.037705276,0.031217616,0.032505963,0.034034673,0.034663,0.21110861,0.12733713,0.20113257,0.16597967,0.05039249,0.04230437,0.049682587,0.041184463,0.20264746,0.19348738,0.20916237,0.20167902,0.19257666,0.1897345,0.20033039,0.19762956,0.051418208,0.059868865,0.055834416,0.059818704,0.051235445,0.059534974,0.05595963,0.05971659,0.044268254,0.057637498,0.048966076,0.056176975,0.0,0.009355002,0.0,0.0072638174,0.0,0.006208304
L_PFcm_ROI,Left,285,0.006738915,-0.0014048731,-0.0013658723,0.0,0.00719338,0.0,0.007536534,0.0,0.0067562265,0.0060556936,0.008105826,0.0068889936,0.008659681,0.0,0.0068341563,0.0,0.009181314,0.0,0.009041861,0.0,0.007266362,0.0,0.008037886,0.0,0.008373254,0.0,0.00750459,0.1268803,0.06840584,0.119319215,0.115040466,0.024710327,0.019165767,0.021710731,0.019865356,0.08446072,0.102213725,0.09462785,0.11200737,0.08151129,0.110032074,0.09323878,0.11118068,0.07195564,0.109031454,0.081674755,0.10176344,0.020472279,0.024372365,0.023606319,0.02801539,0.017059715,0.024268566,0.020137696,0.026111733,0.013463179,0.02356633,0.016102334,0.021090971,0.12747006,0.086555235,0.12744223,0.121633396,0.024143321,0.029983822,0.023945626,0.029032838,0.14700186,0.09742801,0.14934908,0.11731344,0.136145,0.0884985,0.14618368,0.106897645,0.13012342,0.026378898,0.04729724,0.033702623,0.040222563,0.023243709,0.04487001,0.029826492,0.041334663,0.017859586,0.039924543,0.025295181,0.036754433,0.14966784,0.09697919,0.1423899,0.13273805,0.02847588,0.01190064,0.025308076,0.019512393,0.12694754,0.1315654,0.13553774,0.14885044,0.1204387,0.14092666,0.13143982,0.14873707,0.1053024,0.14336608,0.11568929,0.13130654,0.03299112,0.033527933,0.0344224,0.03898398,0.02724145,0.031950522,0.030373367,0.03546865,0.020050092,0.029305454,0.02237111,0.02854279,0.14397128,0.10101553,0.14203198,0.132223,0.03648546,0.030781684,0.035511237,0.0317089,0.14167623,0.17551398,0.161361,0.17581402,0.12616506,0.17122294,0.14294125,0.15921271,0.04815087,0.05844643,0.05497625,0.05909494,0.041244034,0.05489898,0.04915316,0.056410823,0.030886265,0.0476746,0.03849558,0.049175628,0.13514593,0.05741448,0.12541784,0.10987741,0.023650674,0.004436601,0.020702856,0.014283179,0.10573351,0.10285674,0.10950655,0.108939834,0.10029806,0.10811115,0.10660512,0.111199215,0.089048676,0.1093564,0.095213115,0.09720207,0.026287809,0.029173702,0.028461143,0.03278238,0.022132782,0.02688229,0.025690395,0.029291542,0.01675699,0.024836438,0.019438863,0.023361031,0.1375972,0.083586425,0.1336746,0.12299303,0.03723708,0.03629827,0.037546147,0.03793104,0.13706,0.16890796,0.14997305,0.15753591,0.12058395,0.16316132,0.13272089,0.14448407,0.044797555,0.06179511,0.050081305,0.057841744,0.03939881,0.062356163,0.046734635,0.056165285,0.0314619,0.057693087,0.036727767,0.050359223,0.0,0.0050162603,0.0,0.006661318,0.0,0.005586569
L_PFm_ROI,Left,329,0.009503618,0.0048826337,0.0053102174,0.0,0.0136430375,0.0,0.009636475,0.0,0.0048731165,0.016096514,0.016033437,0.009093827,0.009291282,0.0,0.006503604,0.0,0.015907472,0.0,0.009865819,0.0,0.0030043893,0.0,0.014973427,0.0,0.0116695035,0.0,0.004520599,0.19731626,0.146354,0.20275117,0.20028812,0.04587842,0.04169201,0.05170977,0.051197525,0.10814719,0.1564411,0.12925825,0.15280493,0.11316558,0.1550748,0.13525972,0.16060022,0.11569783,0.14860158,0.13627668,0.168298,0.022835875,0.05856381,0.033800513,0.044864167,0.025572304,0.0600692,0.036545,0.04969116,0.0271323,0.058937386,0.036837507,0.05236556,0.19598834,0.16789928,0.2045932,0.19569938,0.04315054,0.07924147,0.055948373,0.06933021,0.16517478,0.13552126,0.17323081,0.15872923,0.17974856,0.13967262,0.17263721,0.16159259,0.19255458,0.026676463,0.07047687,0.036404736,0.04940941,0.030855566,0.07190067,0.04130464,0.05686148,0.032929778,0.07009943,0.042578083,0.061381225,0.21219231,0.1314467,0.21543291,0.19358346,0.04802252,0.034652494,0.04911582,0.04601874,0.13448296,0.14792359,0.14900552,0.16123833,0.14320996,0.1482201,0.1577715,0.1679016,0.14626442,0.14400251,0.16032723,0.17391516,0.02884532,0.05036289,0.032977555,0.04452694,0.03259808,0.052281335,0.0364495,0.04889073,0.03452697,0.0525559,0.038043737,0.051743686,0.20883943,0.13564456,0.2171049,0.19675519,0.063948795,0.05954198,0.073841296,0.07652206,0.17695293,0.18214044,0.19447726,0.20348127,0.18107872,0.18265484,0.19921143,0.21524665,0.043684304,0.068338655,0.053700566,0.06211847,0.050551575,0.07067889,0.060873095,0.06963821,0.053253826,0.07036664,0.063218616,0.07345891,0.19138125,0.103363,0.18712027,0.16429137,0.05159919,0.036080457,0.05130524,0.046744063,0.1174529,0.11302397,0.12534651,0.12443946,0.12583612,0.118852526,0.13335492,0.13006948,0.1283166,0.120502576,0.13687527,0.13578212,0.038631074,0.047124203,0.042410277,0.04885685,0.042141814,0.04895914,0.04585703,0.051761866,0.04310324,0.050779086,0.046942946,0.052522596,0.20120932,0.122743934,0.19921134,0.17757598,0.064743385,0.06849681,0.068416186,0.07131293,0.1674099,0.16095982,0.17532459,0.17000708,0.16900714,0.16293983,0.17874648,0.18049876,0.045674518,0.062682636,0.050570983,0.059760388,0.04995803,0.063186005,0.0547663,0.06355471,0.050198376,0.06340371,0.054787178,0.06451489,0.0,0.01238921,0.0,0.008807405,0.0,0.0035692784
L_PFop_ROI,Left,327,0.007021646,0.0032229982,0.0029671302,0.0,0.0026599073,0.0,0.006076883,0.0,0.0050716633,0.002696685,0.0037213287,0.0063730036,0.007724927,0.0,0.0064215283,0.0,0.003644701,0.0,0.00712197,0.0,0.005785677,0.0,0.0032974144,0.0,0.0075632134,0.0,0.0078536635,0.16813204,0.101906,0.1721747,0.15261702,0.0252578,0.009895124,0.027181556,0.020453244,0.11641599,0.13240881,0.14172241,0.15352128,0.11363928,0.13024037,0.14043565,0.15074493,0.10481817,0.13110942,0.12531316,0.14690487,0.019722953,0.015666263,0.024315445,0.021627145,0.018567892,0.016659811,0.024810608,0.02222971,0.016345043,0.017323945,0.020961965,0.022296825,0.16150041,0.107997224,0.16537657,0.1510235,0.021842469,0.017925935,0.021385668,0.018923732,0.17025384,0.12300047,0.15074505,0.15162282,0.16198608,0.11196777,0.1488555,0.13475186,0.15332472,0.019816026,0.029857695,0.024036191,0.02938511,0.018882293,0.03030892,0.024247546,0.029415676,0.0160161,0.028265206,0.019784601,0.025931146,0.18134859,0.10355533,0.18164828,0.15057495,0.029198827,0.005965986,0.030943463,0.013761619,0.14491041,0.14969815,0.15891226,0.16931829,0.14515807,0.15001304,0.16100313,0.16475855,0.13071056,0.15236238,0.14543143,0.15605104,0.029077338,0.025079658,0.03394412,0.029945236,0.02865874,0.023448316,0.03454355,0.030157,0.02353021,0.021214217,0.028273217,0.029023116,0.17602819,0.119589634,0.1757288,0.15682475,0.029025475,0.023937525,0.030808209,0.023245184,0.1715709,0.19267604,0.19195132,0.20314069,0.15646636,0.1861733,0.17489192,0.19233885,0.036400933,0.038621485,0.044627104,0.04582581,0.03656862,0.036899455,0.046301074,0.047316436,0.030241279,0.033883747,0.03813839,0.043820832,0.15646586,0.059074737,0.15051886,0.11525563,0.026735881,-0.005208372,0.025440738,0.010672017,0.12127327,0.102174655,0.12702623,0.113351256,0.12159921,0.10787676,0.12971741,0.115631655,0.10868077,0.11329462,0.11596383,0.11394662,0.027066972,0.022129906,0.029803488,0.024873022,0.0261646,0.020318922,0.02883976,0.025486661,0.02086866,0.018690608,0.023542449,0.023280147,0.16702273,0.10955071,0.16299331,0.14362407,0.030716827,0.026649658,0.030360673,0.026177155,0.15960015,0.1778344,0.1710482,0.17295754,0.14516458,0.17536215,0.15640257,0.1704105,0.032062873,0.0379031,0.03488578,0.038208768,0.03213914,0.038793884,0.035688005,0.038769934,0.02621244,0.037234515,0.029438667,0.035453774,0.0,0.004909523,0.0,0.0072301426,0.0,0.00699951
L_PFt_ROI,Left,296,0.004718545,0.0012874119,0.001689546,0.0,0.0012809169,0.0,0.0047289967,0.0,0.0066598733,0.0012993764,0.002080821,0.0033002938,0.0053314464,0.0,0.00854948,0.0,0.0033868705,0.0,0.00557875,0.0,0.00866027,0.0,0.0044367923,0.0,0.007190362,0.0,0.011408799,0.16264172,0.081789635,0.16367197,0.14044552,0.036261324,0.0034076807,0.043367215,0.033242527,0.11254452,0.11487495,0.1300633,0.13573608,0.113667026,0.119356655,0.1343924,0.14033481,0.105545044,0.11412526,0.1272142,0.1415794,0.02199815,0.029551683,0.034501825,0.040910814,0.023899015,0.032597013,0.03512743,0.04156432,0.021300225,0.032221425,0.03212696,0.03955576,0.15134488,0.06338973,0.14839937,0.12015887,0.024125725,0.016703952,0.025894156,0.022001749,0.14847854,0.11516663,0.11846388,0.13231395,0.12991332,0.10612321,0.11055733,0.12226077,0.13018118,0.021425828,0.031831916,0.026589919,0.030211339,0.022181587,0.0336211,0.026996674,0.03025343,0.019530326,0.032413516,0.023845017,0.028518785,0.16961241,0.09102155,0.16616304,0.14165506,0.033234335,-0.0013763192,0.033003747,0.018622732,0.13815095,0.12778568,0.14388558,0.14985254,0.13751563,0.12592803,0.14748374,0.15211974,0.12475803,0.12095977,0.13593319,0.14430417,0.034668855,0.030742189,0.037254274,0.038098846,0.035425276,0.030766794,0.03821826,0.037509073,0.030016454,0.02729925,0.03313682,0.03304916,0.14973164,0.07554499,0.1467588,0.124353215,0.036274493,0.014162665,0.03793698,0.028948875,0.14563772,0.14618511,0.15625164,0.15504292,0.1324427,0.13668002,0.1440686,0.15254962,0.039220605,0.048505865,0.043303933,0.04676229,0.039570842,0.04863126,0.044973582,0.046774954,0.03304786,0.04478034,0.03969958,0.042028315,0.15079041,0.0725529,0.1453261,0.1200058,0.03315878,0.0033246356,0.033184234,0.02237976,0.12350795,0.115641706,0.12794878,0.124299504,0.12270496,0.11607799,0.12941737,0.12765314,0.11089694,0.115012005,0.11845382,0.119549915,0.037212394,0.035068218,0.040006947,0.03792119,0.0377509,0.0342232,0.040099867,0.040300183,0.033535868,0.030391773,0.036969308,0.038065318,0.14540543,0.08307029,0.13976608,0.11847231,0.038362134,0.026158093,0.037463166,0.030584384,0.13770284,0.1536858,0.14500146,0.1454284,0.12583734,0.15034749,0.13312207,0.14125465,0.038110934,0.04750463,0.039853357,0.044105593,0.038399067,0.04894319,0.041251693,0.045935236,0.0333853,0.046974562,0.036511958,0.0420498,0.0,0.00497304,0.0,0.0056721224,0.0,0.0074842097
L_PGi_ROI,Left,330,0.015164348,0.0029804667,0.0028107848,0.0,0.018308816,0.0,0.014342115,0.0,0.0084584225,0.018485961,0.020381484,0.011525469,0.013910439,0.0,0.01162286,0.0,0.02142161,0.0,0.014574229,0.0,0.010718583,0.0,0.020678326,0.0,0.015224528,0.0,0.012073233,0.19472507,0.115410775,0.19642545,0.17235522,0.05795271,0.03563115,0.058028694,0.047641106,0.123129256,0.1466843,0.14585558,0.15204024,0.13098179,0.14719881,0.15409327,0.16111052,0.13109459,0.14206098,0.15309311,0.16428411,0.04161149,0.06421232,0.050681725,0.04957918,0.047126815,0.06381727,0.054582894,0.05361054,0.047288913,0.06126301,0.05322521,0.055964943,0.19124529,0.14138673,0.19883107,0.17798401,0.051682264,0.05192835,0.05492311,0.051633198,0.16253556,0.1407088,0.18248358,0.16955353,0.18362549,0.13869953,0.17414485,0.16554011,0.1851821,0.041886948,0.079326786,0.05121213,0.060884293,0.044860717,0.07921495,0.055417065,0.065712154,0.04242804,0.07480947,0.05247082,0.06618701,0.1927683,0.115365475,0.19304182,0.16160558,0.05903088,0.02534428,0.05855751,0.03903624,0.12583852,0.14333521,0.14323533,0.15152507,0.13393359,0.14223993,0.15262927,0.15705739,0.13316226,0.13820292,0.15250681,0.15517797,0.03628233,0.048008516,0.044213593,0.046303276,0.03972516,0.051032897,0.048607945,0.049396463,0.038785093,0.050745748,0.047308084,0.04830027,0.19192179,0.1409347,0.19685198,0.17191248,0.055677574,0.04061708,0.06179357,0.051592067,0.17114595,0.18927272,0.19345939,0.19837289,0.16895583,0.18119933,0.19200997,0.19699433,0.05249808,0.08253061,0.06507717,0.07898802,0.055566423,0.08422248,0.07036208,0.08418373,0.0515316,0.0798766,0.06647055,0.08241649,0.1641854,0.07982696,0.15479602,0.13320324,0.046474006,0.009388999,0.039975464,0.025308374,0.090030625,0.10374394,0.09549582,0.10310649,0.09389017,0.101115026,0.100579605,0.104648784,0.09294746,0.09815718,0.10114074,0.10205587,0.017516749,0.03406868,0.022846851,0.027527694,0.01607263,0.03376762,0.023113636,0.028640458,0.013620539,0.031133741,0.020094974,0.026957653,0.17127731,0.114202395,0.167648,0.14629625,0.042841792,0.04011147,0.045677636,0.040289465,0.14837931,0.16261615,0.15610398,0.15577921,0.14750898,0.15607484,0.15748788,0.15612058,0.042124003,0.069359794,0.048513476,0.058955956,0.04248572,0.06833649,0.050566375,0.061324008,0.03797662,0.06337148,0.04623895,0.058607284,0.0,0.0154366335,0.0,0.013171027,0.0,0.008491523
L_PGp_ROI,Left,323,0.0055292174,0.010139332,0.010297018,0.0,0.0074123144,0.0,0.0076558962,0.0,0.0042575905,0.0065708654,0.0060870494,0.0074547594,0.0079689445,0.0,0.0047520963,0.0,0.0063316985,0.0,0.007172881,0.0,0.0045898003,0.0,0.006769414,0.0,0.008227992,0.0,0.0042308895,0.15413307,0.081517875,0.14451861,0.12695575,0.023808524,0.03527712,0.01842241,0.018143125,0.10618316,0.09054798,0.11569989,0.107837096,0.107306905,0.09685368,0.111700125,0.114093676,0.103003494,0.098439574,0.107018955,0.110942714,0.02279773,0.01915665,0.022828622,0.018290067,0.02272491,0.024402943,0.02052092,0.020899113,0.02088751,0.026633961,0.018174246,0.021950329,0.15784618,0.07902378,0.14866433,0.1119131,0.0140711805,0.03181117,0.015514536,0.018577212,0.17658079,0.11506877,0.1058793,0.11995949,0.109728225,0.11147396,0.10793126,0.117748596,0.1096021,0.012669966,0.02552924,0.013850206,0.013612524,0.013362252,0.029352922,0.015424864,0.01610376,0.0128769595,0.031201279,0.015239372,0.01876206,0.1730472,0.08352136,0.15719475,0.108502164,0.053793065,0.043814182,0.050233133,0.029678738,0.15888894,0.1026213,0.16284634,0.13023506,0.15645789,0.10248984,0.15989815,0.1277203,0.13572802,0.100750394,0.14126833,0.11963132,0.053822152,0.04513014,0.060059555,0.044914335,0.053068664,0.046342764,0.05788999,0.046017963,0.04503742,0.043279175,0.050257232,0.043492578,0.17946218,0.1048342,0.16511084,0.11807116,0.044817563,0.038537193,0.045935962,0.03319419,0.17802764,0.12989643,0.17986517,0.15190446,0.16062486,0.12603764,0.16440009,0.14284159,0.05008253,0.047315337,0.054183833,0.050977223,0.049181405,0.048013337,0.055419274,0.053555302,0.04225513,0.04510808,0.048189916,0.05223354,0.13513951,0.035904218,0.11636638,0.066160865,0.038322028,0.014089254,0.03289244,0.016735392,0.1177246,0.060994662,0.11467761,0.091215976,0.11441868,0.058912244,0.1144063,0.08636565,0.09256066,0.054004304,0.09345366,0.08283383,0.026654165,0.033787377,0.031635415,0.02635002,0.027166996,0.03506085,0.032552354,0.028821355,0.023652079,0.030840905,0.028512014,0.03008485,0.1667502,0.10589927,0.15196069,0.11052634,0.052415006,0.048882153,0.05179172,0.037225924,0.16885439,0.13925517,0.17230886,0.15783271,0.14637253,0.12909244,0.14995508,0.1451762,0.06040117,0.061610196,0.0651659,0.061699055,0.05732086,0.060428865,0.06338011,0.06173113,0.047940742,0.05464679,0.05337498,0.059238046,0.0,0.0067628543,0.0,0.0067579704,0.0,0.006272911
L_PGs_ROI,Left,331,0.017149959,0.0043123956,0.0035259465,0.0,0.020154856,0.0,0.017463269,0.0,0.0088538,0.02198283,0.023582099,0.014740603,0.017379522,0.0,0.011088662,0.0,0.02215466,0.0,0.016386425,0.0,0.009069233,0.0,0.020690173,0.0,0.017157365,0.0,0.010848617,0.21547857,0.15368167,0.2143823,0.20063923,0.06265273,0.038886722,0.06172239,0.052296408,0.13286735,0.15857859,0.1475891,0.15721683,0.1372768,0.15752883,0.15646265,0.16816568,0.13681103,0.15351853,0.15667258,0.17090976,0.036418684,0.054291673,0.041841175,0.04432986,0.03902733,0.0529745,0.045379397,0.045989804,0.039169163,0.051886942,0.04511099,0.046163686,0.21667765,0.15080936,0.22167648,0.19609408,0.058531903,0.059474546,0.06054846,0.06271296,0.19124351,0.15095545,0.17621899,0.17981206,0.19726214,0.15282616,0.17129065,0.17965804,0.19965614,0.038636874,0.067430265,0.044762827,0.059377484,0.041618172,0.06620849,0.049494587,0.06333158,0.041807923,0.06403905,0.049422566,0.064051084,0.23956284,0.15386748,0.23700789,0.21228935,0.059290778,0.018898385,0.057056613,0.04141253,0.16863954,0.18090037,0.17862871,0.18921413,0.1754124,0.17856883,0.18790269,0.19095458,0.17156674,0.17345048,0.18431944,0.18901968,0.03604767,0.043411225,0.03924593,0.044106245,0.038274847,0.04215074,0.04206639,0.045719918,0.036557104,0.040053103,0.0401575,0.044696216,0.230597,0.14603317,0.2292526,0.20118216,0.067514874,0.05339133,0.07009763,0.06537475,0.20172682,0.1996017,0.21970047,0.22480384,0.1992308,0.18919635,0.21750243,0.22559427,0.055989113,0.07520339,0.062284462,0.075529665,0.060574703,0.074058644,0.06846112,0.079650156,0.058724426,0.071063586,0.06679653,0.07903158,0.21719013,0.11864364,0.20807728,0.18666066,0.05565774,0.018524757,0.050838526,0.038525395,0.14152141,0.16277416,0.14778613,0.15976283,0.14731967,0.16174702,0.1552318,0.15732157,0.14297886,0.15752696,0.15051037,0.15138243,0.03146562,0.03512058,0.034259412,0.036635723,0.0328377,0.035783768,0.035597086,0.03806096,0.0309857,0.035308767,0.033433333,0.037246022,0.21759388,0.1295203,0.20810628,0.18139994,0.058284808,0.055326767,0.057703443,0.05416814,0.19063494,0.18815103,0.19869508,0.19539142,0.18390107,0.17843312,0.1922326,0.19109271,0.051617168,0.0517934,0.053481344,0.05642465,0.054824468,0.051231198,0.056777116,0.059775893,0.051497195,0.05083207,0.05343753,0.05919296,0.0,0.022769166,0.0,0.015252238,0.0,0.0073303217
L_PHA1_ROI,Left,306,0.00827225,0.0064097852,0.0065522194,0.0,0.009987352,0.0,0.007585415,0.0,0.006071948,0.011402479,0.012026634,0.0052512432,0.007992415,0.0,0.008728817,0.0,0.009255291,0.0,0.007833673,0.0,0.008400396,0.0,0.010454093,0.0,0.007766121,0.0,0.010594754,0.12836002,0.088263355,0.12533009,0.10423691,0.042036124,0.022844525,0.038726073,0.02705535,0.09100471,0.10880038,0.10284362,0.101761475,0.094176225,0.10743623,0.1068945,0.10200011,0.08734349,0.09603098,0.09787795,0.09424054,0.03361536,0.037571575,0.036397275,0.031750385,0.03519327,0.037216656,0.03859733,0.03330898,0.031850252,0.03463119,0.034626808,0.03231493,0.10797933,0.099122666,0.122423366,0.11337439,0.024840761,0.021732166,0.028762314,0.024340332,0.10361133,0.08194418,0.1083673,0.10923985,0.11356677,0.074835666,0.11197091,0.09871525,0.10750176,0.019710429,0.022884358,0.02355733,0.024096001,0.021246279,0.025005706,0.02566398,0.025072785,0.016917584,0.026672686,0.022040637,0.024836175,0.15464163,0.09025618,0.14990045,0.11928401,0.055326328,0.02398776,0.05319077,0.036423706,0.14453866,0.13506319,0.15458609,0.14590238,0.14058167,0.13408351,0.15171032,0.13609874,0.11822364,0.122690074,0.12911902,0.12161297,0.05225199,0.051395968,0.058185402,0.05899792,0.051331084,0.050104067,0.058201566,0.05630529,0.041960433,0.047988478,0.047646746,0.04990583,0.10669262,0.10066223,0.11712143,0.1143855,0.030809196,0.033455286,0.033294473,0.033295363,0.10140743,0.11318728,0.12345098,0.12051404,0.087418854,0.11671863,0.10808155,0.1083234,0.031574316,0.040321145,0.03469458,0.03663063,0.029900007,0.03991601,0.03400156,0.03587192,0.023883,0.03891631,0.027605485,0.03366298,0.13856456,0.07226631,0.13166654,0.10543652,0.037008766,0.0148419915,0.03337461,0.023792872,0.12840483,0.13467526,0.13436697,0.1339829,0.11991382,0.13283275,0.12814322,0.12357841,0.09556004,0.11962647,0.10320533,0.10993981,0.030617008,0.04034451,0.034989033,0.039180484,0.029193966,0.04088324,0.034428418,0.03758092,0.02174034,0.03957846,0.025712788,0.033357754,0.09846001,0.09703957,0.10355739,0.107586965,0.028024198,0.039762564,0.0291292,0.030791366,0.094265066,0.10186062,0.10825172,0.11132253,0.07944389,0.09867852,0.09248565,0.10006854,0.0318453,0.04692967,0.035772376,0.038710926,0.028210212,0.043898635,0.03306389,0.03733876,0.02276472,0.041531064,0.026799552,0.037034664,0.0,0.008886532,0.0,0.007670067,0.0,0.0072351545
L_PHA2_ROI,Left,335,0.012742325,0.007794704,0.007435795,0.0,0.019448737,0.0,0.015784971,0.0,0.006047402,0.020917252,0.02255877,0.013148056,0.0155032035,0.0,0.008702926,0.0,0.019949157,0.0,0.015505258,0.0,0.008139033,0.0,0.020360213,0.0,0.015703227,0.0,0.011959167,0.15745047,0.13766725,0.1658716,0.15660246,0.050598152,0.029595658,0.052644793,0.040673465,0.11212641,0.15075117,0.13262133,0.14960182,0.114419624,0.1491178,0.13441943,0.15067878,0.107553855,0.14708683,0.13035756,0.14440356,0.040310062,0.046406828,0.046961933,0.047693055,0.04222772,0.044536196,0.050021112,0.05102293,0.037774704,0.04322216,0.0454714,0.049868237,0.13611233,0.12966835,0.15606397,0.15892288,0.035188965,0.032475032,0.039942127,0.038755123,0.1350602,0.10409796,0.16465878,0.13340956,0.16324021,0.09979933,0.15443067,0.12826899,0.15253997,0.028253054,0.048772864,0.03473422,0.038910348,0.030227276,0.044924468,0.03733162,0.04049206,0.026269926,0.042885598,0.03152854,0.036697946,0.18635358,0.14557871,0.19360317,0.17891088,0.05601978,0.029197866,0.058531392,0.047957577,0.17158851,0.19176993,0.19067986,0.20018137,0.16601491,0.18709433,0.18533576,0.1924671,0.14353408,0.17916769,0.16452476,0.17571388,0.06318915,0.06600815,0.07059459,0.074885786,0.061724138,0.06427424,0.07123816,0.07647393,0.05150517,0.062073197,0.058883276,0.07054803,0.1369606,0.1332854,0.15341197,0.15319534,0.044578776,0.04047828,0.051977504,0.052310735,0.1343168,0.1844312,0.16313994,0.18056975,0.11846978,0.17173164,0.14615537,0.16939615,0.047343433,0.07326372,0.058659855,0.06352683,0.044411436,0.068920195,0.056782376,0.06513501,0.0358862,0.064915,0.046122316,0.059214704,0.16327837,0.11729998,0.16409858,0.15089132,0.035087753,0.021449238,0.034616377,0.02773938,0.15351784,0.18050428,0.16752753,0.17427817,0.14378233,0.17676872,0.15740266,0.16556191,0.1178764,0.16515756,0.13010214,0.14761227,0.045645956,0.045781463,0.050373476,0.049029432,0.044041455,0.044820845,0.049022175,0.049106125,0.035732854,0.042848375,0.039511893,0.04558415,0.12373481,0.1162321,0.13162613,0.1284883,0.033009954,0.036593117,0.034955826,0.035346035,0.12359758,0.15870385,0.14870012,0.15995106,0.10235775,0.14912194,0.12236441,0.15250513,0.04124358,0.05688578,0.0491096,0.05420346,0.035782572,0.05425903,0.044243395,0.05366853,0.027653424,0.049677663,0.033741154,0.048926037,0.0,0.02097571,0.0,0.015592786,0.0,0.006583989
L_PHA3_ROI,Left,307,0.0072838883,0.011405154,0.011592894,0.0,0.0070001334,0.0,0.004790575,0.0,0.00074908236,0.006755672,0.006683416,0.004092711,0.0046179667,0.0,0.0027758393,0.0,0.005300944,0.0,0.002484962,0.0,0.0036616514,0.0,0.00613181,0.0,0.0021648486,0.0,0.002695876,0.13576075,0.10918757,0.12831715,0.10768259,0.03650852,0.027315043,0.031325646,0.025238575,0.09519442,0.10538921,0.102353066,0.095499076,0.09389488,0.097883336,0.098755136,0.100072056,0.090605535,0.08849163,0.095137395,0.09756156,0.030267833,0.03536091,0.028204888,0.028752027,0.030417232,0.03536159,0.029018966,0.031042129,0.027786225,0.033755727,0.02680439,0.029497854,0.11535966,0.066162996,0.117660165,0.10245815,0.015240938,0.02224061,0.01609272,0.01717038,0.15626737,0.07833041,0.10575677,0.086862005,0.097631544,0.075824365,0.099774726,0.08207048,0.08673192,0.010541617,0.023851154,0.010710209,0.017696185,0.011319792,0.025447913,0.011271671,0.0180933,0.011412535,0.02680293,0.011843414,0.017481225,0.1805896,0.115428336,0.17196251,0.14196251,0.05679764,0.024063587,0.05420286,0.040386382,0.18245341,0.1577244,0.18984391,0.17385712,0.17061375,0.15163252,0.17789514,0.16837932,0.14213434,0.13937065,0.15211965,0.15141484,0.06684487,0.058846995,0.07049864,0.066734955,0.06281848,0.05850424,0.067363806,0.066789635,0.050613705,0.0547486,0.054827854,0.060334396,0.14276788,0.10590112,0.13919462,0.11821855,0.03859033,0.035419382,0.03696132,0.031743594,0.14592418,0.13906637,0.15642604,0.15468398,0.12193403,0.1322231,0.1323905,0.13811275,0.04787658,0.047468957,0.049157042,0.050561532,0.042084914,0.047658846,0.04482786,0.050122146,0.033154152,0.0467094,0.03586132,0.04681938,0.16522057,0.09659675,0.1548656,0.1271759,0.03702518,0.020360652,0.033009145,0.025261413,0.17308228,0.16659704,0.17737387,0.16758482,0.15773055,0.16423391,0.16369459,0.1609728,0.12442719,0.15350153,0.13249971,0.1412661,0.046456393,0.04734474,0.04831099,0.04550709,0.043594725,0.047657374,0.046321746,0.04563714,0.033445053,0.045977652,0.035575207,0.043096546,0.141305,0.11461511,0.137648,0.11147881,0.03409147,0.027694233,0.030895801,0.022727935,0.15316986,0.14301755,0.16846839,0.16663542,0.121764414,0.14119984,0.13584901,0.149829,0.04994257,0.045534246,0.052020725,0.04758422,0.042449158,0.04298542,0.04447532,0.044735055,0.030057617,0.03930343,0.031913675,0.039790504,0.0,0.006151087,0.0,0.004126578,0.0,0.0026470409
L_PHT_ROI,Left,317,0.0061226347,0.0066928263,0.006717213,0.0,0.0104738185,0.0,0.013244482,0.0,0.006440124,0.011364696,0.011851288,0.013204833,0.013067951,0.0,0.0077699306,0.0,0.010652036,0.0,0.012354128,0.0,0.007042975,0.0,0.0117049385,0.0,0.01307703,0.0,0.0071172565,0.24128067,0.1683055,0.2428517,0.21823105,0.05994481,0.047470953,0.06229299,0.05101794,0.15458003,0.21508172,0.17712486,0.19226086,0.16729142,0.22078569,0.19029202,0.21245621,0.16605067,0.21360093,0.18979533,0.21902873,0.044146735,0.053855702,0.051149793,0.053375307,0.048571188,0.055647075,0.05594462,0.06235159,0.045708593,0.0554197,0.05346419,0.06452574,0.24943528,0.18222348,0.25254995,0.20901443,0.06491068,0.062155135,0.06450557,0.05482567,0.2243607,0.18846646,0.22213674,0.21396345,0.22792387,0.18755777,0.21881045,0.21576937,0.23169756,0.050545163,0.06667615,0.05536966,0.05953366,0.0549345,0.06616002,0.06031118,0.067053095,0.049996804,0.06431294,0.05631153,0.06794028,0.24682112,0.1581717,0.24545598,0.2056098,0.070508614,0.04208256,0.07293659,0.05008165,0.18961819,0.21974272,0.20234083,0.20678164,0.20302312,0.22037564,0.2154154,0.22138534,0.19679466,0.21025765,0.21260333,0.22174498,0.0656868,0.06421309,0.07166731,0.07417986,0.07181407,0.06512858,0.078566134,0.079838656,0.06628388,0.06297393,0.07358372,0.07783308,0.2529595,0.16080241,0.25203702,0.20157829,0.09019314,0.054837223,0.094154865,0.0670762,0.24159561,0.24924669,0.25896382,0.2601416,0.23370238,0.23592971,0.25481558,0.2573988,0.082954824,0.08584643,0.095120534,0.09976847,0.090049565,0.08631688,0.10344773,0.105455585,0.08131481,0.083252445,0.09584393,0.10164124,0.19154392,0.09169574,0.1808031,0.14499462,0.05399793,0.021538215,0.05099982,0.034698576,0.1475774,0.1563842,0.1491891,0.14302945,0.15501045,0.15555775,0.15640977,0.15132202,0.14673102,0.14852215,0.15119667,0.1464431,0.05177986,0.05009769,0.05412912,0.055742376,0.05556297,0.050428774,0.058706455,0.05762754,0.051509023,0.047995456,0.05506331,0.053938005,0.21000305,0.11298115,0.19921406,0.15847908,0.07388413,0.04702416,0.07003557,0.050514966,0.20305406,0.19706309,0.20659652,0.20080216,0.19244334,0.1817692,0.20018911,0.1931093,0.07086003,0.07137901,0.07399009,0.07821176,0.074889176,0.070490606,0.07807718,0.07841328,0.06724072,0.06743988,0.07088211,0.0719381,0.0,0.011479833,0.0,0.013356286,0.0,0.006603027
L_PH_ROI,Left,318,0.0060000615,0.00654272,0.0066224714,0.0,0.005887912,0.0,0.009326867,0.0,0.0043896004,0.005853049,0.006217932,0.008443972,0.008274264,0.0,0.005716783,0.0,0.005690478,0.0,0.008131571,0.0,0.0054333815,0.0,0.0057835123,0.0,0.009046799,0.0,0.005190943,0.14937899,0.051225785,0.13639306,0.10795983,0.02519665,0.015574129,0.023651706,0.023498734,0.092170246,0.077915125,0.09863109,0.10642915,0.09649609,0.076196976,0.100337945,0.10506714,0.09007478,0.07153506,0.094272606,0.09881779,0.007831784,0.014005055,0.009968838,0.022938054,0.008856781,0.015963975,0.010685331,0.02344075,0.008507796,0.018465055,0.010256066,0.022236764,0.14777468,0.07361518,0.14206648,0.11017605,0.012478506,0.02267116,0.016203668,0.023169335,0.18023787,0.11242711,0.10077392,0.12168931,0.12654936,0.10453606,0.094743095,0.11187878,0.119823016,0.010967732,0.026897999,0.01252668,0.021566551,0.011284714,0.028888373,0.013540239,0.023860453,0.010711549,0.029567393,0.013136726,0.023665516,0.18344371,0.07509624,0.16762027,0.1163944,0.04132613,0.012445727,0.033818357,0.014647158,0.15900245,0.11282695,0.16170456,0.15417038,0.15978266,0.10935474,0.16197862,0.14796808,0.14139591,0.102969125,0.1435436,0.1333058,0.037579056,0.022514831,0.036166858,0.03063313,0.037125506,0.021534245,0.036851563,0.029323636,0.03032312,0.020645972,0.030225314,0.02664143,0.17717664,0.08734782,0.16549376,0.1221895,0.038260788,0.018578397,0.03733667,0.02860746,0.18107161,0.14136064,0.1862239,0.18005298,0.16313717,0.13188623,0.16726264,0.16701874,0.043628514,0.036325954,0.045866784,0.048564486,0.042944487,0.037865907,0.04700605,0.05019285,0.035854436,0.036740724,0.04005104,0.047289774,0.17547296,0.05947821,0.15879096,0.10403383,0.051431555,0.01657301,0.045267224,0.024564635,0.15595123,0.115473785,0.15814903,0.14629984,0.15293814,0.1142284,0.15726963,0.14167573,0.13351679,0.11126999,0.137606,0.12831977,0.049331963,0.040855404,0.05250334,0.046895064,0.048344906,0.038495954,0.05328316,0.046171922,0.040622465,0.035569277,0.044840615,0.042166334,0.17325236,0.07166202,0.15797731,0.10371577,0.04547474,0.030642688,0.043259922,0.03108921,0.17671154,0.13488543,0.17986487,0.15909007,0.1580638,0.12615524,0.16017629,0.14878096,0.052644853,0.04701036,0.054919653,0.051053543,0.050236985,0.045907676,0.054513816,0.051773015,0.04072881,0.042884056,0.044668,0.0482491,0.0,0.005220734,0.0,0.008520976,0.0,0.0059474213
L_PIT_ROI,Left,202,0.003945083,0.009263337,0.009763167,0.0,0.0069871345,0.0,0.006454258,0.0,0.006574728,0.005418132,0.0063504884,0.006365698,0.006551583,0.0,0.0056634806,0.0,0.006399926,0.0,0.009331717,0.0,0.0049362876,0.0,0.0077338023,0.0,0.009542177,0.0,0.0055179833,0.1363891,0.08754258,0.13294448,0.10598606,0.040130578,0.02682813,0.03447342,0.026554938,0.089985676,0.095812894,0.1039978,0.11177254,0.09248935,0.10370407,0.10715087,0.11713079,0.08822796,0.1022873,0.10444144,0.11228622,0.030555371,0.024968283,0.031874258,0.025838722,0.03246348,0.02634509,0.032410074,0.027577238,0.030623214,0.027454365,0.031563945,0.027762609,0.13150342,0.08833559,0.12946282,0.09635999,0.039457403,0.031839993,0.038173106,0.028834743,0.18672785,0.09546371,0.104415454,0.111586265,0.121004045,0.09164191,0.10611106,0.10822296,0.11571084,0.02952698,0.033525903,0.035897892,0.033244092,0.03159299,0.033206157,0.037085496,0.0373161,0.028617771,0.032829765,0.034404658,0.035196226,0.17067464,0.076303855,0.15453492,0.103744335,0.06826938,0.027879741,0.06480244,0.039321437,0.16299753,0.1229761,0.16693348,0.14990559,0.15556297,0.12308508,0.16371693,0.14694025,0.1315646,0.115192354,0.14046384,0.13213523,0.06743735,0.061323065,0.07301397,0.06298009,0.06491142,0.059077162,0.071326785,0.06266833,0.053672545,0.05500171,0.059732486,0.057094205,0.16789812,0.07381124,0.15668017,0.10508538,0.06849824,0.032257177,0.06872125,0.04304896,0.1813992,0.14166747,0.19149366,0.17369251,0.15336059,0.13495344,0.16647048,0.15714096,0.079819374,0.06912038,0.08909873,0.080769464,0.07667639,0.0678796,0.08823616,0.08223393,0.059869602,0.06366995,0.07293126,0.07363463,0.15014745,0.035493422,0.13316858,0.082045026,0.055167373,0.020342808,0.04943761,0.031102845,0.1459198,0.10752236,0.14702033,0.12703821,0.13552564,0.11023613,0.13994087,0.1205217,0.110762976,0.10315482,0.11569638,0.10933287,0.049892504,0.055103257,0.054372866,0.05201072,0.04726625,0.053820904,0.052476965,0.051943477,0.037395287,0.05024198,0.043316755,0.050102606,0.16771716,0.07125356,0.15369473,0.10153846,0.06185357,0.045620937,0.057723626,0.040015005,0.19374625,0.17067644,0.20043561,0.17819488,0.15757255,0.15934525,0.16802776,0.16191883,0.086500585,0.08327633,0.09059812,0.0823459,0.080083236,0.082460515,0.08556033,0.08040868,0.05991019,0.080532506,0.0669727,0.07355557,0.0,0.006826443,0.0,0.0083209835,0.0,0.006282178
L_PI_ROI,Left,358,0.050307486,0.009016275,0.006579303,0.0,0.039769355,0.0,0.032142434,0.0,0.014238415,0.04189778,0.045042723,0.027287126,0.03217195,0.0,0.016021164,0.0,0.04133797,0.0,0.035382554,0.0,0.016087053,0.0,0.044228885,0.0,0.035099432,0.0,0.02143264,0.30425063,0.20141253,0.31146333,0.27900264,0.18107937,0.12284966,0.18858811,0.17097722,0.24245714,0.2736552,0.29503497,0.32917073,0.24628878,0.2802978,0.3063461,0.333051,0.2195971,0.27156302,0.2732016,0.3139156,0.13902096,0.15608002,0.17944004,0.1906936,0.14047752,0.15564568,0.18453206,0.19918548,0.12325894,0.15126954,0.16188864,0.18817283,0.278235,0.22469425,0.28772613,0.25157902,0.16905546,0.13979632,0.16952226,0.14967953,0.2273443,0.25435686,0.25348386,0.29748455,0.31087467,0.2304623,0.25340608,0.2730998,0.29443678,0.14624466,0.15509804,0.15737672,0.16457202,0.15130872,0.15685464,0.16911386,0.17700052,0.1312014,0.15489922,0.15077214,0.16963099,0.22131717,0.124726295,0.22429551,0.19151793,0.09157299,0.05183386,0.08758784,0.08973259,0.16698755,0.20169578,0.19233483,0.23287967,0.16996107,0.20709993,0.19797856,0.23088898,0.15124546,0.19559087,0.17955112,0.21489345,0.06519621,0.081212945,0.06811049,0.1063544,0.06802238,0.0849933,0.07309873,0.112735026,0.059052978,0.085906856,0.066272266,0.10617279,0.2324636,0.18392564,0.24761403,0.21684445,0.12868793,0.0950362,0.14344181,0.12934507,0.23504665,0.24653217,0.27411783,0.2886252,0.21469519,0.24335386,0.25392905,0.2691311,0.12691896,0.13033663,0.14498906,0.15503342,0.13070728,0.13196127,0.1546268,0.16511928,0.11287523,0.12896018,0.14001988,0.15533078,0.12667175,0.041032862,0.1242652,0.096501,0.037024874,0.00952024,0.037676007,0.031226903,0.07932637,0.089089565,0.0859778,0.09517252,0.07732651,0.0911315,0.08488094,0.09055667,0.07177856,0.082734525,0.07946002,0.08178272,0.028261978,0.032065857,0.03375197,0.04021203,0.027778698,0.03130448,0.032865778,0.041876964,0.025050474,0.030195799,0.0304153,0.03623581,0.15209211,0.12975739,0.15820082,0.1475388,0.051151194,0.057659723,0.055539876,0.05673351,0.13541615,0.16967247,0.1512977,0.16580479,0.12540124,0.16831481,0.14102839,0.15470493,0.051144306,0.06901283,0.058489405,0.06944513,0.049374014,0.07180137,0.056578375,0.07135337,0.041877523,0.07089739,0.050196014,0.0652569,0.0,0.042822417,0.0,0.033770338,0.0,0.015886428
L_POS1_ROI,Left,211,0.009312035,0.0056088967,0.0055823727,0.0,0.0085675735,0.0,0.0051577697,0.0,0.004783333,0.0077374275,0.009613679,0.003515493,0.0057632225,0.0,0.0060656825,0.0,0.00873436,0.0,0.006714249,0.0,0.0053385645,0.0,0.008538061,0.0,0.006910208,0.0,0.0059754667,0.16475959,0.11801807,0.15457484,0.13282716,0.041359093,0.034872204,0.0383377,0.030078113,0.115175016,0.13674104,0.123865046,0.13129231,0.11733302,0.13368393,0.12481567,0.12264804,0.10923814,0.1277318,0.115287535,0.11601874,0.037662394,0.04282289,0.040247228,0.039810244,0.038234144,0.045118414,0.04082882,0.03838494,0.034784727,0.044282977,0.036083404,0.036965825,0.17631891,0.12177693,0.17576192,0.15236868,0.042353455,0.04504942,0.04561037,0.042089947,0.17752472,0.1277615,0.17283164,0.15314744,0.16532156,0.119974285,0.16327949,0.14099562,0.15662262,0.03338241,0.058502123,0.041935064,0.047428396,0.033935662,0.06094807,0.043329958,0.04750786,0.031039247,0.059281066,0.039531555,0.047136493,0.19182967,0.12308373,0.1843388,0.16031463,0.055744108,0.026094593,0.05210765,0.038421515,0.16721971,0.16881147,0.17928138,0.17707168,0.16033891,0.16378903,0.1710898,0.16760382,0.14043489,0.15333448,0.15122136,0.15355729,0.05283236,0.05543888,0.05929344,0.06109459,0.050860927,0.055626795,0.058192775,0.058679827,0.044783775,0.05363883,0.04956009,0.052763645,0.1851336,0.12681565,0.18212913,0.16219236,0.05227222,0.047142647,0.05321084,0.046361864,0.17396162,0.18458636,0.19114266,0.1890237,0.15505932,0.17450602,0.1708332,0.17681113,0.054300766,0.06954892,0.06044598,0.06293477,0.052622918,0.07086348,0.0609296,0.06273437,0.0463481,0.067708,0.05414267,0.05963027,0.17142008,0.10169407,0.16194166,0.13997124,0.03640196,0.016449243,0.031510774,0.023968985,0.14109418,0.14982103,0.15010728,0.15211008,0.13177036,0.1480913,0.13952182,0.14433661,0.1127733,0.13867033,0.121277586,0.1290921,0.027828492,0.036743253,0.03289998,0.037391968,0.026954923,0.040482495,0.032938622,0.038421087,0.023421798,0.04153695,0.027810305,0.03556004,0.17725968,0.121303685,0.17111863,0.1543467,0.04802515,0.05387253,0.0481962,0.047809083,0.17139153,0.16901073,0.18015002,0.1756343,0.15005317,0.16257167,0.1604614,0.16662438,0.055688374,0.061808117,0.060434345,0.06197174,0.053680953,0.0651456,0.059281513,0.06379654,0.045134116,0.06423505,0.050435603,0.061567917,0.0,0.012313651,0.0,0.006863214,0.0,0.004694012
L_POS2_ROI,Left,195,0.01572491,0.007340088,0.006510449,0.0,0.015198925,0.0,0.0153129315,0.0,0.0077805165,0.015044884,0.017425362,0.013417243,0.014689817,0.0,0.009359265,0.0,0.014903109,0.0,0.014889555,0.0,0.005556953,0.0,0.01613332,0.0,0.014343857,0.0,0.0063192816,0.19041446,0.11202991,0.18319556,0.15412436,0.052735083,0.013569544,0.04203671,0.02872016,0.106446154,0.12092285,0.11702827,0.1252851,0.10821379,0.118869536,0.11977814,0.12833628,0.10885792,0.11440002,0.118234836,0.13012792,0.019640619,0.034918774,0.019439587,0.017407192,0.019391041,0.032214288,0.018427996,0.017668458,0.018672405,0.029564671,0.015724862,0.018000508,0.20651563,0.14753641,0.2092832,0.17973456,0.05393265,0.05932283,0.0546606,0.053554215,0.20245694,0.14629719,0.18192625,0.17286979,0.19143032,0.14479184,0.18260725,0.17020616,0.19061859,0.036880966,0.06604215,0.043544,0.057286657,0.039469983,0.06530883,0.04690255,0.05956189,0.03885433,0.063466005,0.04500473,0.05865864,0.2054093,0.117240064,0.19824149,0.15681228,0.060853012,0.0032877363,0.055109877,0.026918452,0.14472787,0.12551852,0.1550089,0.14986138,0.14443018,0.12181822,0.15514462,0.14667337,0.13683225,0.11692142,0.14555621,0.14179394,0.022147773,0.042201158,0.028914688,0.027783873,0.01947367,0.036241937,0.026646825,0.026218738,0.015911847,0.029838772,0.022688787,0.025755225,0.22273275,0.14532979,0.21997215,0.1905004,0.072756514,0.052922424,0.07797334,0.06646347,0.20460819,0.20458594,0.22202013,0.22724222,0.19230725,0.19871923,0.21079764,0.22412054,0.06564408,0.08283121,0.07666109,0.08751692,0.06700892,0.080780365,0.07970276,0.08928068,0.061347786,0.07723447,0.07364785,0.08648653,0.1944761,0.10067062,0.18356381,0.14922176,0.07476053,0.015004992,0.06586101,0.042319216,0.13166879,0.1237601,0.14297888,0.1408844,0.13004924,0.120020375,0.1410353,0.13545385,0.12027327,0.11831223,0.13021903,0.12890613,0.027370987,0.04236819,0.036353882,0.040769126,0.025351848,0.040155068,0.034817748,0.040523414,0.022465019,0.039354593,0.03029882,0.040612716,0.2092139,0.1339149,0.20031048,0.17177758,0.060467537,0.06226089,0.062105782,0.05645782,0.19461174,0.18533346,0.20302694,0.19713101,0.17827685,0.17899619,0.18813775,0.1910856,0.06355857,0.06415772,0.069759265,0.07191198,0.062118895,0.062741995,0.06905066,0.074501865,0.053333122,0.062157158,0.06004,0.0722511,0.0,0.016375985,0.0,0.013261302,0.0,0.0051196
L_PSL_ROI,Left,205,0.025519865,0.0057469225,0.0045759943,0.0,0.012706541,0.0,0.011253461,0.0,0.006230638,0.01416383,0.014333291,0.009780296,0.011082888,0.0,0.0064250296,0.0,0.014727259,0.0,0.012337595,0.0,0.006638996,0.0,0.015835287,0.0,0.012029409,0.0,0.008157112,0.21883859,0.14448513,0.21308169,0.18589422,0.068444975,0.06398505,0.07071604,0.06463704,0.17761587,0.17787494,0.19961904,0.21210381,0.1688062,0.18494914,0.19061862,0.20645466,0.15005784,0.18502857,0.16768022,0.19100378,0.06697708,0.073939316,0.089441314,0.09470905,0.05944926,0.074370615,0.08028073,0.09267449,0.048007477,0.07395271,0.06307227,0.083291166,0.20758344,0.15440786,0.19691317,0.16845323,0.06937103,0.054840438,0.066335045,0.054350402,0.20585108,0.1787907,0.17460336,0.19043161,0.19520763,0.1546544,0.1727057,0.16727255,0.18021987,0.085613556,0.07529938,0.09004009,0.08330095,0.0732412,0.07443867,0.08003634,0.08099894,0.05491307,0.07091235,0.06169558,0.07105485,0.18512698,0.09919402,0.17976211,0.14470614,0.045366462,0.036471047,0.04249316,0.038598247,0.1619487,0.1349461,0.17632686,0.1757113,0.15619564,0.13727319,0.17076623,0.16707228,0.14017658,0.13464278,0.15414883,0.15575507,0.040651325,0.04119351,0.045817345,0.05397943,0.039783183,0.04627678,0.046071414,0.05630776,0.03528929,0.050524414,0.040776785,0.0534085,0.1951207,0.12681603,0.18946646,0.15518811,0.063497856,0.04098815,0.064037114,0.0486159,0.19558346,0.16951822,0.20890033,0.20257163,0.17412665,0.1623124,0.18776207,0.18641354,0.08489034,0.072469495,0.09088469,0.085583426,0.07574813,0.07112125,0.08510751,0.08386564,0.05966052,0.066951275,0.06968944,0.07477252,0.122479424,0.02511915,0.11438093,0.085767396,0.018996721,0.0039286795,0.017632065,0.012582333,0.08277989,0.057559077,0.08571737,0.08229642,0.0827641,0.059612732,0.0864308,0.07478279,0.07679763,0.05803616,0.0806517,0.07078566,0.013800627,0.014408575,0.01701137,0.017685069,0.014410042,0.0182883,0.018598685,0.019283654,0.013732834,0.021982998,0.017652614,0.020499185,0.16138573,0.086949416,0.15617509,0.12693225,0.037996177,0.03271771,0.03816579,0.032512244,0.15470374,0.14560147,0.16210696,0.15586708,0.14265053,0.14024375,0.15106009,0.14731874,0.043482807,0.050597865,0.04692453,0.050560698,0.04180528,0.051464893,0.046172276,0.05075676,0.036271878,0.05075904,0.04077709,0.048184045,0.0,0.01678619,0.0,0.009989976,0.0,0.0057008704
L_PeEc_ROI,Left,302,0.0089746555,0.012530761,0.012622033,0.0,0.013943968,0.0,0.01574597,0.0,0.013531122,0.012100193,0.014239993,0.012897575,0.015954733,0.0,0.014556542,0.0,0.012297998,0.0,0.016243158,0.0,0.012671367,0.0,0.010540227,0.0,0.016642544,0.0,0.013855023,0.17818183,0.16343443,0.19702363,0.19283722,0.05069117,0.036048867,0.050247885,0.040760934,0.12526248,0.17178437,0.1597636,0.16593169,0.12649941,0.16835068,0.16094622,0.16997671,0.122471176,0.16551803,0.1527656,0.17351292,0.03925889,0.044455506,0.04376269,0.040866558,0.041093934,0.04623867,0.045270085,0.043063868,0.03781633,0.047740445,0.040521957,0.04185575,0.15480064,0.18425256,0.18711106,0.20029806,0.048125878,0.07867217,0.058652088,0.06936051,0.19243522,0.111571394,0.19259636,0.15762009,0.18926093,0.11073467,0.1906382,0.1534904,0.19230296,0.034383345,0.075599305,0.04645409,0.07179065,0.03702182,0.07478197,0.053012628,0.07571498,0.03604361,0.07221203,0.05052853,0.07308594,0.21572748,0.16536485,0.22620915,0.19844961,0.08231223,0.04800838,0.08714799,0.05823606,0.18816644,0.21578857,0.21784264,0.22006083,0.18350385,0.20827796,0.21577008,0.21686576,0.15779725,0.19850822,0.19040826,0.20799272,0.069559395,0.08412839,0.08662094,0.08210622,0.06881784,0.08363248,0.08670211,0.08152591,0.057814002,0.078750886,0.073290035,0.07436279,0.19159691,0.16934924,0.21094207,0.20044892,0.074268505,0.07284023,0.085298344,0.0752731,0.19348565,0.22744982,0.23380037,0.24530649,0.17287567,0.21564555,0.2137143,0.24009733,0.07779378,0.104859814,0.097219005,0.11140606,0.07840397,0.10335402,0.101536155,0.114642635,0.06705428,0.09814533,0.08842337,0.10799732,0.18596864,0.10931488,0.1853218,0.1549554,0.067228444,0.024270315,0.063679405,0.040400326,0.15271142,0.16418895,0.16967528,0.16905007,0.14550933,0.1588235,0.16400298,0.1677401,0.11851455,0.14959477,0.13795446,0.15726508,0.041964207,0.052969437,0.05241119,0.055026524,0.039620418,0.053226642,0.05070289,0.055202957,0.030194435,0.05011891,0.04051666,0.051154193,0.19528554,0.15757626,0.20732903,0.18734066,0.06733775,0.068999045,0.072877035,0.0654692,0.20708916,0.24011514,0.23825982,0.24753876,0.1790406,0.22136588,0.21156439,0.2368188,0.07809707,0.09322463,0.0909945,0.099022985,0.07585541,0.09185017,0.08940114,0.098896995,0.061489742,0.08601711,0.07345404,0.09148431,0.0,0.014174983,0.0,0.015057219,0.0,0.012270903
L_Pir_ROI,Left,290,0.008918422,0.0042694537,0.00419779,0.0,0.008222825,0.0,0.0069604344,0.0,0.0058681034,0.00850658,0.008935182,0.0051620672,0.0071292943,0.0,0.0058600614,0.0,0.008549005,0.0,0.007920943,0.0,0.006566991,0.0,0.009601743,0.0,0.008233652,0.0,0.0072349464,0.09432934,0.18925662,0.1298019,0.17953874,0.039092273,0.05964714,0.054222025,0.06747158,0.050763823,0.18148291,0.085102454,0.13990463,0.05081904,0.1868702,0.09297262,0.1499398,0.046276327,0.18582928,0.085712366,0.15060697,0.01021688,0.074777104,0.023184,0.039951514,0.0120896725,0.07765885,0.02983278,0.052533068,0.011546389,0.07521617,0.027327476,0.05411915,0.088153966,0.17583525,0.12672795,0.17941621,0.02931738,0.09261529,0.047872573,0.07106333,0.08190866,0.06497943,0.18749653,0.10529912,0.16193806,0.06287152,0.18500517,0.10253854,0.16540562,0.01759471,0.07838635,0.02848519,0.05412358,0.021103604,0.07536378,0.034966078,0.061511762,0.021935815,0.07261186,0.035092738,0.061494105,0.09583178,0.14414476,0.12917125,0.15651214,0.030402778,0.03653549,0.037162397,0.039853387,0.06251426,0.15571414,0.09437138,0.15087794,0.06438154,0.15364134,0.101553336,0.14873324,0.059696134,0.1524578,0.09351796,0.14900579,0.010572673,0.048277285,0.012875558,0.03328549,0.009761699,0.045656793,0.014464287,0.03492259,0.007568133,0.043536894,0.011629589,0.034212857,0.095828414,0.15065345,0.13350187,0.1692001,0.03352451,0.06315898,0.049095634,0.06289973,0.08705449,0.18496415,0.13371837,0.18288729,0.0830018,0.18291691,0.12810732,0.1831233,0.027888898,0.06855776,0.04113289,0.06049756,0.029935945,0.064319365,0.04678315,0.06555586,0.02810446,0.061349638,0.042741302,0.06376487,0.08199908,0.056506522,0.102359995,0.10193348,0.031744894,0.019730119,0.03996664,0.03983462,0.051952064,0.087726265,0.0707422,0.10288064,0.05435085,0.084656835,0.07858627,0.09525556,0.05136053,0.07959331,0.07344801,0.09180009,0.019940214,0.04406479,0.030326998,0.041402515,0.019707112,0.0406824,0.031879697,0.039564516,0.01727629,0.036900252,0.027745668,0.03600439,0.08387912,0.10455712,0.109067924,0.12624872,0.029505642,0.046389606,0.039866995,0.04800168,0.07278264,0.13619626,0.10558713,0.13382903,0.06924597,0.13471527,0.09838783,0.13028637,0.023435157,0.050057944,0.03235277,0.04506347,0.023429839,0.0469276,0.034468446,0.04446041,0.019984245,0.04342424,0.02949774,0.04313481,0.0,0.008357577,0.0,0.008062033,0.0,0.0037318545
L_PoI1_ROI,Left,347,0.0135811055,0.0032403,0.0029173708,0.0,0.006446565,0.0,0.006116573,0.0,0.0042565083,0.005304989,0.007646119,0.0040822146,0.0072416686,0.0,0.0050900844,0.0,0.009929612,0.0,0.0057137506,0.0,0.0049574017,0.0,0.010437614,0.0,0.0065247407,0.0,0.006090514,0.14239044,0.12755932,0.16235445,0.17652248,0.032238666,0.019660098,0.035470095,0.034303628,0.0861951,0.15433562,0.11078874,0.14384885,0.08709835,0.1596738,0.11361397,0.14714716,0.08239295,0.15054071,0.10613293,0.14236227,0.021335019,0.032668594,0.02705361,0.029444082,0.021185787,0.035811257,0.027342413,0.03338939,0.017878348,0.034511913,0.025481481,0.03486964,0.13028702,0.1276508,0.14990684,0.16145176,0.022729915,0.031765055,0.025650816,0.028115904,0.1272192,0.09253711,0.1511539,0.12086764,0.15078546,0.08821605,0.14896375,0.114781864,0.14694342,0.02024213,0.04342765,0.027134264,0.03542078,0.020189239,0.046540264,0.02706242,0.038441498,0.017479196,0.045618214,0.02598751,0.037146028,0.14921176,0.14685397,0.17510203,0.18302105,0.03188839,0.0254854,0.03635629,0.033008073,0.10817917,0.17887127,0.13681273,0.17177059,0.106776424,0.18610439,0.13836606,0.1722731,0.09882417,0.18269445,0.12730998,0.16573639,0.026517719,0.043553706,0.03210725,0.04160939,0.026289392,0.04322617,0.031555787,0.042669214,0.021822514,0.040607277,0.027820017,0.04021407,0.13989305,0.14338078,0.16451694,0.17559434,0.034037564,0.04440275,0.04161543,0.041477524,0.12722945,0.19667079,0.16497387,0.19875027,0.1173762,0.19061182,0.14994037,0.1907894,0.03602597,0.061330102,0.048914276,0.06066153,0.03629205,0.06408542,0.04894644,0.06289912,0.029943166,0.061560445,0.04357192,0.058129843,0.1331871,0.10427851,0.14864974,0.14724708,0.0328372,0.026583659,0.03772124,0.03178737,0.09644831,0.13840069,0.119194046,0.13143618,0.09525806,0.14405833,0.11869223,0.13291053,0.087633625,0.14335643,0.108458295,0.12760393,0.028833805,0.0417532,0.03780865,0.042566635,0.027364684,0.040041503,0.035545778,0.03983759,0.022770498,0.037277784,0.030550364,0.03542381,0.13437794,0.13062912,0.15099654,0.15595536,0.033503797,0.04581746,0.039310258,0.04078209,0.12626229,0.17887335,0.15564446,0.17525569,0.11530455,0.17217742,0.14008297,0.16656186,0.03367641,0.05182614,0.042726547,0.052829918,0.033733305,0.052358158,0.042623125,0.050678667,0.02850853,0.051150586,0.03730142,0.045284037,0.0,0.007176362,0.0,0.007398418,0.0,0.0057553663
L_PoI2_ROI,Left,286,0.0044296645,0.00097063737,0.00058619474,0.0,0.0029190609,0.0,0.0040746224,0.0,0.004095463,0.0017452278,0.002392505,0.0033241082,0.0046416656,0.0,0.0048641483,0.0,0.0026604703,0.0,0.00362562,0.0,0.0032308043,0.0,0.0018369445,0.0,0.0036869352,0.0,0.0030771175,0.12868145,0.102347665,0.15501551,0.17533815,0.02227339,0.030209843,0.029489767,0.036714617,0.08379536,0.13528843,0.11307426,0.14600147,0.08138038,0.14158067,0.109936826,0.14930548,0.074997686,0.13918757,0.10639203,0.15313353,0.012358843,0.028920595,0.02072266,0.032371875,0.0127191385,0.030896654,0.019429056,0.034111444,0.010845937,0.03192609,0.018573312,0.034460288,0.10688722,0.10891392,0.12864745,0.1414158,0.016960949,0.03136501,0.021169316,0.024723157,0.11819936,0.07501685,0.12866949,0.105045214,0.13856682,0.07247359,0.12722492,0.09894888,0.13954812,0.01323192,0.03008223,0.018714763,0.03115991,0.014302627,0.031425007,0.020535437,0.033438955,0.014138407,0.031933416,0.020446366,0.03239924,0.14668414,0.109575085,0.1710477,0.16678418,0.027753113,0.020391913,0.031668995,0.031106923,0.115187116,0.14363366,0.14166684,0.15775435,0.11654683,0.14765075,0.14401463,0.16227092,0.10790034,0.1407404,0.1380926,0.1606455,0.022326177,0.03729712,0.027249059,0.040594097,0.024205226,0.037527252,0.02865331,0.0421299,0.02166188,0.0368728,0.02809146,0.038116157,0.12636948,0.13195042,0.14860114,0.15224995,0.02548252,0.039964393,0.03087612,0.02791464,0.119489685,0.1815369,0.15316606,0.1833799,0.11099165,0.17554152,0.1439164,0.17959574,0.027470585,0.04325452,0.038437914,0.048184842,0.030106591,0.042941935,0.039896842,0.04934385,0.026665613,0.04277561,0.037487008,0.045220647,0.12603335,0.07828231,0.1411769,0.13044892,0.021586174,0.006581752,0.02254594,0.014231777,0.096578,0.10793354,0.11585165,0.115004525,0.09887171,0.11310899,0.12017541,0.12140364,0.08991922,0.10854529,0.112505436,0.11796248,0.020077024,0.025944162,0.025499282,0.031917688,0.020740643,0.025960807,0.026485844,0.031380203,0.01657018,0.024731243,0.02286367,0.026585413,0.12652612,0.11655964,0.14422202,0.1421658,0.02594808,0.03372619,0.03172524,0.029125024,0.12278128,0.17395096,0.15436028,0.16851316,0.11144222,0.16874841,0.14190708,0.16188514,0.02680528,0.038641997,0.0361162,0.045152962,0.028105782,0.038503323,0.035678394,0.04502953,0.023637906,0.038694955,0.03259629,0.040564213,0.0,0.0017928123,0.0,0.004159971,0.0,0.0050436035
L_PreS_ROI,Left,299,0.0067987624,0.005727023,0.0059874402,0.0,0.0037651663,0.0,0.0028077988,0.0,0.0030631996,0.004122608,0.004802996,0.0028133525,0.0030649232,0.0,0.0041097035,0.0,0.003961604,0.0,0.0034350415,0.0,0.003389704,0.0,0.0035778321,0.0,0.0035017962,0.0,0.00431824,0.10916399,0.09648949,0.1236745,0.11564388,0.03242368,0.034267787,0.03438687,0.033144154,0.075404644,0.1121075,0.09523928,0.09863437,0.07402421,0.11326373,0.09251483,0.09908299,0.07059374,0.1085468,0.08990933,0.09485466,0.021517906,0.04370412,0.026585259,0.03129666,0.02302694,0.04780747,0.026786461,0.03223485,0.023532003,0.049374945,0.02745477,0.031757515,0.103656,0.09650642,0.12616804,0.12041399,0.030928824,0.046445612,0.03715709,0.04799583,0.11512768,0.07533168,0.12038451,0.10643601,0.12283982,0.07195752,0.1176682,0.10176922,0.11540968,0.020197123,0.04520105,0.02741528,0.042604577,0.02221943,0.04601532,0.031289205,0.04574191,0.022636281,0.046262056,0.031091971,0.04470717,0.13265547,0.10095281,0.14871871,0.13377076,0.050310224,0.02237144,0.055402424,0.045270152,0.1085374,0.13669714,0.13336414,0.14600098,0.10651027,0.13369688,0.13163611,0.13809246,0.09572922,0.12870793,0.1208411,0.1258564,0.034465443,0.054664418,0.044800274,0.055242814,0.03502199,0.054604914,0.046402246,0.055611126,0.031247571,0.051658884,0.04291346,0.052565064,0.11750495,0.10787682,0.13715622,0.13726978,0.043105926,0.04033643,0.05108272,0.051184505,0.11354171,0.13467373,0.14377098,0.15872762,0.1040701,0.13446422,0.13347875,0.14612997,0.042201236,0.062068652,0.05245316,0.06592141,0.043125264,0.060281664,0.05579809,0.06736873,0.03842571,0.057004016,0.05098391,0.064078696,0.12441541,0.0876779,0.13313657,0.12403625,0.037100665,0.018078553,0.0377245,0.030906918,0.09329971,0.13898769,0.114516445,0.1321266,0.09116907,0.13744743,0.10949847,0.12797832,0.07886648,0.13144802,0.09738428,0.118124954,0.017504998,0.043992545,0.025379604,0.038949564,0.016646836,0.04519963,0.025156291,0.039950795,0.013395905,0.0448579,0.02096578,0.03893589,0.11905001,0.11656748,0.13371994,0.13943464,0.036430474,0.051321473,0.043613907,0.049047835,0.12165636,0.153915,0.14483243,0.16821347,0.10756801,0.15213205,0.13055447,0.1556175,0.043590568,0.06516902,0.054740652,0.06698139,0.044130564,0.06350805,0.056129564,0.06944088,0.037448663,0.060441803,0.048540685,0.067626536,0.0,0.0039439704,0.0,0.002345274,0.0,0.0022898144
L_ProS_ROI,Left,301,0.0071901567,-0.00012220939,0.0011890942,0.0,0.0023421696,0.0,0.0057620374,0.0,0.008164412,0.0027331153,0.0036169165,0.0043204445,0.0051791724,0.0,0.008115114,0.0,0.0020212682,0.0,0.0050806464,0.0,0.006922931,0.0,0.00283568,0.0,0.005691855,0.0,0.0079882415,0.11126338,0.073645346,0.10993933,0.08481599,0.024232253,0.00956679,0.026009496,0.010693366,0.08493441,0.0740108,0.095327504,0.085526176,0.08427198,0.06989938,0.09448038,0.08035826,0.07571298,0.06393974,0.08504342,0.07611401,0.022081748,0.014423762,0.025983896,0.020152902,0.020998143,0.016856974,0.026096271,0.018614333,0.019152103,0.01888094,0.021354401,0.017929638,0.09158426,0.09081748,0.09884549,0.09289443,0.0122255,0.022254985,0.015518041,0.012757868,0.09281813,0.068532445,0.09445232,0.087399855,0.088373475,0.06375739,0.09427218,0.08273275,0.08465362,0.0100902645,0.015222313,0.014936827,0.016979666,0.008739104,0.019937146,0.013603829,0.01580985,0.0070287446,0.02110488,0.010607157,0.014891,0.11868246,0.06334429,0.11579694,0.08861719,0.044729207,0.004038563,0.046791885,0.024566496,0.104081035,0.093518205,0.11805815,0.10462356,0.09900296,0.089391604,0.11176484,0.09927141,0.08361636,0.08446861,0.09487325,0.088653915,0.02556822,0.030016815,0.036610436,0.032990303,0.022731153,0.031294137,0.03357485,0.032432046,0.019605055,0.029285476,0.028505936,0.03137003,0.09999568,0.085260525,0.1044838,0.09845184,0.027012898,0.027429339,0.029175682,0.022818536,0.092757806,0.10548841,0.107490525,0.10532965,0.0841834,0.10142876,0.09924484,0.1034522,0.027373131,0.030793792,0.03424662,0.038235355,0.026294915,0.03465639,0.032460574,0.038751233,0.023181664,0.03219158,0.028805062,0.036951426,0.09952712,0.027788809,0.09293261,0.07432831,0.028731484,-0.006444703,0.02584676,0.010152286,0.078863196,0.08489699,0.087518625,0.08425067,0.07022672,0.082911655,0.07927666,0.0822708,0.0550785,0.0791725,0.06106451,0.07205779,0.0050843228,0.019265296,0.01207956,0.019298702,0.0014451669,0.01989425,0.007918495,0.02002929,-0.0033535194,0.019266782,0.0013212941,0.017196089,0.09092624,0.07307134,0.092093326,0.086080745,0.021462502,0.030796662,0.024346557,0.023762029,0.09001045,0.10228084,0.09955812,0.09971509,0.07988933,0.09134055,0.088802844,0.10102271,0.027890101,0.036540687,0.03584307,0.04103664,0.02706723,0.03759372,0.034647968,0.04133513,0.025306463,0.03505392,0.030613478,0.040663313,0.0,0.0031697447,0.0,0.0059223683,0.0,0.005657484
L_RI_ROI,Left,284,0.031664163,0.005598082,0.0037216507,0.0,0.011885474,0.0,0.010770226,0.0,0.0025265126,0.011545523,0.012904386,0.010047161,0.011010765,0.0,0.0040187575,0.0,0.010378684,0.0,0.010002243,0.0,0.0037688902,0.0,0.011881379,0.0,0.009712645,0.0,0.005912832,0.20566079,0.09980186,0.19547339,0.16962488,0.10324063,0.05899074,0.09744397,0.080557875,0.21131027,0.20704852,0.24176836,0.24008666,0.17359084,0.20174646,0.19865283,0.21920542,0.13746634,0.18577933,0.15460944,0.18072519,0.1013353,0.09334739,0.1328627,0.13278042,0.074114375,0.08915389,0.10156632,0.12176762,0.05171305,0.08070944,0.07105834,0.09933775,0.15444542,0.08714052,0.1432816,0.12028956,0.06440308,0.03573775,0.051310405,0.03478896,0.18380736,0.143628,0.1520166,0.15265657,0.15688883,0.12106236,0.14646329,0.12703764,0.13862407,0.084585086,0.052120738,0.08184351,0.067239076,0.06710646,0.052315995,0.064006686,0.059359547,0.047289126,0.05024498,0.04526806,0.047031727,0.15891679,0.08262212,0.14879242,0.12192016,0.051855702,0.03132468,0.04077607,0.040410586,0.16247581,0.145444,0.1773659,0.18506384,0.1388698,0.14379609,0.15257718,0.16743872,0.10911208,0.1357532,0.122406915,0.14129491,0.045773614,0.04202304,0.046272688,0.063833006,0.03399599,0.041707806,0.034638576,0.05891542,0.022591153,0.037430704,0.023871105,0.04948747,0.15296923,0.10141914,0.14628252,0.12781815,0.05667023,0.03679547,0.053721312,0.043451216,0.16783358,0.16457449,0.18230383,0.18529443,0.13992906,0.15985547,0.15249193,0.17053021,0.08255082,0.06333898,0.08865543,0.080643594,0.06770264,0.06392605,0.073803596,0.07586076,0.04845894,0.060984842,0.05425234,0.06609069,0.0952307,0.00084492355,0.085492745,0.044161037,0.015626535,-0.0064733867,0.012079015,0.0037333868,0.073239915,0.013663157,0.07504676,0.056552507,0.065958254,0.011365043,0.06619428,0.047703367,0.05068611,0.011497105,0.05304508,0.040442415,0.009858637,0.0010307858,0.011325723,0.00799214,0.008239978,0.00035626066,0.0094311675,0.0065477486,0.0043908297,-0.0015893204,0.0061066705,0.003192538,0.12233388,0.07436424,0.11849096,0.10299432,0.023285093,0.026361683,0.023680212,0.021996047,0.12902378,0.12108688,0.14007843,0.13969563,0.10965668,0.11599781,0.11990163,0.13227727,0.034735497,0.044735316,0.03870353,0.0427317,0.030176573,0.04716337,0.034814566,0.042696226,0.021459077,0.04555362,0.026583197,0.039532866,0.0,0.011645714,0.0,0.011884765,0.0,0.0046127974
L_RSC_ROI,Left,194,0.010694339,0.007089957,0.0065893945,0.0,0.0033347246,0.0,0.0067754393,0.0,0.0067218784,0.0041366545,0.004552871,0.005014669,0.006130743,0.0,0.0076165865,0.0,0.0026222733,0.0,0.0048938454,0.0,0.0058936407,0.0,0.003517687,0.0,0.004771032,0.0,0.0070972964,0.13701189,0.06712152,0.13387237,0.10783446,0.025456019,-0.0007143272,0.018985402,0.008018985,0.07656772,0.08805496,0.08405487,0.07755524,0.074309714,0.08687801,0.083300404,0.078093074,0.0737773,0.08324122,0.08090877,0.07931387,0.008763664,0.014905782,0.0063657975,-0.006933279,0.0055518327,0.0132662915,0.0029323574,-0.0051094065,0.0040794346,0.011493653,0.001077814,-0.0027032425,0.119387895,0.074547395,0.12520027,0.10770523,0.017736193,0.03315124,0.021219699,0.024439756,0.11672804,0.07791732,0.12530991,0.09819953,0.10330822,0.07757718,0.12009562,0.094787255,0.100633934,0.012353321,0.031079737,0.017801283,0.022807525,0.012797595,0.03140484,0.019927192,0.025943484,0.012892818,0.030098947,0.020056829,0.02710083,0.1420684,0.07156033,0.13929427,0.10403645,0.04344744,-0.015393033,0.040004224,0.007682286,0.087404326,0.07487929,0.098022856,0.08670451,0.08749016,0.07583803,0.09853271,0.08346141,0.08379894,0.075056136,0.09457844,0.085945465,0.005964562,0.020807806,0.0128597515,0.0045373174,0.001609813,0.015035505,0.008857637,0.0025182408,-0.0025114121,0.0076537286,0.005781322,0.0035601007,0.13724934,0.08110726,0.14144066,0.12776902,0.034129437,0.03453353,0.03973604,0.035872497,0.121063665,0.13835728,0.13941504,0.14147903,0.11829602,0.13387132,0.13430807,0.13941753,0.030632047,0.045811288,0.037563138,0.047883492,0.03214577,0.046075094,0.04337998,0.05262161,0.030538794,0.045106526,0.04215986,0.053565707,0.13068712,0.05403715,0.124993056,0.10302917,0.058985535,-0.0074863117,0.05106012,0.027873496,0.07031927,0.0704612,0.08128621,0.083116114,0.069475636,0.071598165,0.082016535,0.080962196,0.06411817,0.07239477,0.075645275,0.080206685,0.0037271283,0.02370386,0.010870414,0.017455492,0.0013861321,0.025506917,0.010191995,0.018535689,-0.0007287535,0.024375092,0.0077765645,0.019576611,0.13637054,0.08717888,0.13884047,0.1328889,0.029203482,0.043732077,0.034725696,0.039550193,0.129475,0.14078915,0.14512351,0.14901422,0.123650774,0.13816787,0.13752605,0.14811361,0.033934537,0.043052696,0.03869834,0.046222154,0.035605606,0.04333183,0.044441994,0.051724717,0.032981426,0.043399848,0.042262588,0.055129573,0.0,0.006790919,0.0,0.005606225,0.0,0.0050059767
L_SCEF_ROI,Left,223,0.016102359,0.0046208417,0.003557332,0.0,0.014049472,0.0,0.011176424,0.0,0.004042424,0.015330986,0.016333293,0.010983228,0.011294418,0.0,0.004573196,0.0,0.012940555,0.0,0.011019708,0.0,0.004647784,0.0,0.015153008,0.0,0.011302205,0.0,0.0061781877,0.16762961,0.098309025,0.16737685,0.14797255,0.05922232,0.03972611,0.059157714,0.0486327,0.17404449,0.18426552,0.20405419,0.2064427,0.15092722,0.17569603,0.17633179,0.19715254,0.12006561,0.16250215,0.13848805,0.17966035,0.070133515,0.057896357,0.08519377,0.07843445,0.05675751,0.056894228,0.071211405,0.07410412,0.04031003,0.055614952,0.051389925,0.06390339,0.15908173,0.112269275,0.16202652,0.14299485,0.044814505,0.043823835,0.04682987,0.04545827,0.19404753,0.14782819,0.19049215,0.17377724,0.19607082,0.11995109,0.17800553,0.14077163,0.17980596,0.056730576,0.050402645,0.06147348,0.061860736,0.04632851,0.05143315,0.053743668,0.059121598,0.033772085,0.049906213,0.04026765,0.05061191,0.152472,0.08994894,0.1498958,0.1260831,0.04112467,0.010476873,0.037406113,0.027085064,0.17005138,0.15682745,0.18537477,0.18430148,0.14689147,0.14974041,0.16299267,0.17178516,0.11870564,0.13791668,0.13078249,0.1505476,0.051450025,0.033236712,0.05496937,0.057917576,0.04106406,0.031029781,0.046418138,0.053104263,0.02901473,0.028145188,0.032114267,0.0411633,0.15596862,0.1046796,0.15668845,0.13744605,0.043827094,0.034099687,0.046716813,0.039171275,0.17080948,0.1819327,0.19278012,0.20327422,0.13947345,0.17116454,0.15780962,0.17952123,0.06278222,0.043377247,0.07092232,0.068248615,0.051613685,0.043362442,0.061128974,0.062074877,0.036910925,0.041768108,0.0444988,0.049819827,0.10996998,0.050352313,0.103231944,0.08421428,0.011205631,-0.0028645364,0.008439899,0.0030823261,0.10031383,0.09002678,0.1025002,0.09913141,0.08965934,0.08689277,0.091819875,0.08980273,0.07507681,0.08004034,0.07862682,0.0775622,0.01268272,0.005751778,0.014997139,0.016439287,0.009538157,0.0043497533,0.011694812,0.014743629,0.006168831,0.003456555,0.007479613,0.010000543,0.13336945,0.08734215,0.12888789,0.11235013,0.023868801,0.028548995,0.023417879,0.024210356,0.13882513,0.14116618,0.14508076,0.14685269,0.117411956,0.13261029,0.12525035,0.130417,0.033288777,0.028535124,0.035562366,0.035519395,0.02794092,0.027790545,0.03065333,0.03321838,0.020078432,0.025942028,0.022165326,0.027863154,0.0,0.013535047,0.0,0.011906171,0.0,0.005448445
L_SFL_ROI,Left,206,0.026886825,0.0095791,0.007688625,0.0,0.022136224,0.0,0.019336138,0.0,0.010973773,0.025198106,0.026381494,0.017081542,0.019417452,0.0,0.010304839,0.0,0.02179474,0.0,0.020286424,0.0,0.009955576,0.0,0.02405055,0.0,0.020724505,0.0,0.012952728,0.2231212,0.13927783,0.22527274,0.20559476,0.09375138,0.065717705,0.09832753,0.09051489,0.21020739,0.21913889,0.2500031,0.26906705,0.19039562,0.21771096,0.2259176,0.26112273,0.15538298,0.20907809,0.1857312,0.22862299,0.10141445,0.10884269,0.12366252,0.12730642,0.08619804,0.10670821,0.110415116,0.12202437,0.06322104,0.10153604,0.08422105,0.106080934,0.19262898,0.15607354,0.1965817,0.18728101,0.059545714,0.07070482,0.06421346,0.06551116,0.19522084,0.16866092,0.20862581,0.19674662,0.21930696,0.14363776,0.2061989,0.1678908,0.20580865,0.071937755,0.07962332,0.07686733,0.08006467,0.061228648,0.07913194,0.07061434,0.07739828,0.043452617,0.07677697,0.053581588,0.06877964,0.1929463,0.095139146,0.19483927,0.16653986,0.054290824,0.02280883,0.052784823,0.047724836,0.1932856,0.17479657,0.219991,0.23063333,0.17458794,0.17031635,0.19910564,0.21953796,0.14476979,0.16077362,0.16603942,0.19083335,0.06666689,0.059273776,0.072645,0.08112025,0.056427557,0.057010826,0.06373867,0.0790148,0.042315986,0.05356508,0.04896367,0.06657487,0.18265398,0.113119766,0.1861112,0.16376805,0.05040508,0.041545395,0.054553352,0.05280157,0.18449031,0.18361318,0.20945175,0.22210087,0.159843,0.18024018,0.18263581,0.20365636,0.06481694,0.05868091,0.07230954,0.07061188,0.056206398,0.058102496,0.06560283,0.06811821,0.041680243,0.056548722,0.05123719,0.06221731,0.1340121,0.042899344,0.12966612,0.110726014,0.019093657,0.007222563,0.018140195,0.015007614,0.10549886,0.09345179,0.11031115,0.112910256,0.0990203,0.09093903,0.101910315,0.10645259,0.08762889,0.08507984,0.093337476,0.09286219,0.023201305,0.01913996,0.025218109,0.02852973,0.02143282,0.017268045,0.023133783,0.028455397,0.017651556,0.01600194,0.019775117,0.023467602,0.14884222,0.081615694,0.14781964,0.13187969,0.031958558,0.039169136,0.03224537,0.031839374,0.13385761,0.12571259,0.14192195,0.14959788,0.12262218,0.1250541,0.13328302,0.13919877,0.031273816,0.029800732,0.033491947,0.034456104,0.028740406,0.02777004,0.030269535,0.0324847,0.023771038,0.027770445,0.025857449,0.028587064,0.0,0.02583479,0.0,0.020371912,0.0,0.010743364
L_STGa_ROI,Left,303,0.02450417,0.008484741,0.00691547,0.0,0.010861875,0.0,0.007894561,0.0,0.001556582,0.012032289,0.012577626,0.008643449,0.008709032,0.0,0.0041568833,0.0,0.013041405,0.0,0.009914417,0.0,0.0042097527,0.0,0.013670132,0.0,0.010206338,0.0,0.00594453,0.27264166,0.20338355,0.28112113,0.25414276,0.13398837,0.11101681,0.14471938,0.13075036,0.22826234,0.2641127,0.27560714,0.30241483,0.22479537,0.26750827,0.27389205,0.31420055,0.20012581,0.26648495,0.24206911,0.299372,0.12989496,0.15970723,0.16431768,0.17475662,0.12526877,0.1621741,0.15961558,0.18289426,0.10450954,0.1630105,0.13351083,0.1720996,0.16625787,0.1458222,0.16685209,0.15907834,0.047784723,0.046286862,0.04754068,0.046730798,0.1572631,0.14300925,0.1576054,0.15803804,0.17093097,0.12630297,0.15555583,0.14144067,0.16403304,0.054150164,0.066385455,0.060474306,0.058037482,0.04983022,0.07003805,0.056585543,0.06093545,0.040258758,0.07091359,0.045920096,0.058672618,0.23739721,0.16732088,0.24577436,0.20859899,0.101064876,0.06790169,0.10664389,0.100453064,0.21516669,0.21772046,0.2471589,0.25874245,0.21556804,0.22396418,0.25070378,0.2599275,0.19281605,0.22361147,0.22470132,0.24639735,0.11153096,0.116409436,0.12762676,0.14027844,0.11205612,0.121746,0.1300366,0.14690271,0.09685266,0.12210881,0.11229134,0.13765138,0.15758665,0.1289506,0.16283046,0.15297526,0.053546082,0.045440733,0.053467065,0.05205506,0.15715963,0.16432779,0.17531835,0.17841521,0.14279006,0.15637888,0.15929705,0.16614573,0.06044624,0.069527924,0.06455821,0.064973,0.059743606,0.07210093,0.066811614,0.06917215,0.050788395,0.07074721,0.056919876,0.066571645,0.14397585,0.06897957,0.14002836,0.108684584,0.038797982,0.030090364,0.038879886,0.039803013,0.11196257,0.10211019,0.1151619,0.11547025,0.11274822,0.10917713,0.11844819,0.108849235,0.103177086,0.110578306,0.10890489,0.10486952,0.042903345,0.05934605,0.046438366,0.053422414,0.045424335,0.06356576,0.04994494,0.056843136,0.041555945,0.06741526,0.046033826,0.05598786,0.124861196,0.09374453,0.12694377,0.116159014,0.03734927,0.042212855,0.039292023,0.04264525,0.11870814,0.12953544,0.13125886,0.12536478,0.10988385,0.12607135,0.11975555,0.114594646,0.036790907,0.052237872,0.040241104,0.045257095,0.039146464,0.055855643,0.04469488,0.048184007,0.03657066,0.056827776,0.040829953,0.048375648,0.0,0.014676305,0.0,0.0068913815,0.0,0.0033962969
L_STSda_ROI,Left,308,0.043740746,0.009993458,0.007388339,0.0,0.022725973,0.0,0.019362612,0.0,0.009028753,0.023574535,0.02534758,0.017595487,0.019320117,0.0,0.011757596,0.0,0.026578993,0.0,0.019896286,0.0,0.010516152,0.0,0.026992407,0.0,0.019274512,0.0,0.015644494,0.29497188,0.16625068,0.29461074,0.24968366,0.15986612,0.102083325,0.16217616,0.13578716,0.25419897,0.26300958,0.29714382,0.31457907,0.25194815,0.2633958,0.29658917,0.32114795,0.21916147,0.2531097,0.2603274,0.3045656,0.14669578,0.15156032,0.17654778,0.18272589,0.14357188,0.15191834,0.17464022,0.18741761,0.12026934,0.14750841,0.14956412,0.17648247,0.17780803,0.11270713,0.1686608,0.13608027,0.064200945,0.04433124,0.05707234,0.044341616,0.18339512,0.16009665,0.15256797,0.17191885,0.17091857,0.1324795,0.15584694,0.14537692,0.155442,0.076434,0.06711071,0.074896105,0.0700968,0.066453524,0.069720715,0.067175634,0.068653844,0.049486276,0.07137274,0.05421084,0.062483802,0.24733877,0.13597217,0.24958998,0.20442034,0.104613416,0.05178787,0.10319808,0.09039901,0.21871923,0.21586649,0.24745576,0.26400375,0.21754462,0.21752791,0.2493975,0.263578,0.19355065,0.20787482,0.22436212,0.25040632,0.1037109,0.09450306,0.11365998,0.12599814,0.1034882,0.0980532,0.11503865,0.1329825,0.08817089,0.096344255,0.1011666,0.12723301,0.16818887,0.09742466,0.16305397,0.12699744,0.06964125,0.04937275,0.06587959,0.053430438,0.17566162,0.14520386,0.18635707,0.17658614,0.15480866,0.1424638,0.16564392,0.16177145,0.0835035,0.07226263,0.084133744,0.08324359,0.07789506,0.074459985,0.08081711,0.08471675,0.063946076,0.07564806,0.06930102,0.07910707,0.15016888,0.06094164,0.14463833,0.1154853,0.03014663,0.005913575,0.028107611,0.0226532,0.10671247,0.10983994,0.11026371,0.115000695,0.10760978,0.111413226,0.11243821,0.109597564,0.100429386,0.10530282,0.10517791,0.10567094,0.02582303,0.029481268,0.028338129,0.032762207,0.026589746,0.03153274,0.029275091,0.03527268,0.023458302,0.032268584,0.02678463,0.033304274,0.13942148,0.09261763,0.1362994,0.11125733,0.04345455,0.047662556,0.044830166,0.044230744,0.13668048,0.12782815,0.14340998,0.13594615,0.12791051,0.12670387,0.13537417,0.12999438,0.0473698,0.054896165,0.049706765,0.05881558,0.04918589,0.05766999,0.05344212,0.061914038,0.045380574,0.06052189,0.050255526,0.059614908,0.0,0.026712736,0.0,0.020199662,0.0,0.012361155
L_STSdp_ROI,Left,309,0.049809854,0.010572461,0.007737267,0.0,0.028664406,0.0,0.021778408,0.0,0.008131363,0.031514324,0.033926763,0.019170567,0.021473916,0.0,0.008550369,0.0,0.040074684,0.0,0.02365257,0.0,0.0108332075,0.0,0.03655678,0.0,0.023509953,0.0,0.014118616,0.28115588,0.1358944,0.26987603,0.21957992,0.14848961,0.07358793,0.14064336,0.105512016,0.24755676,0.2396462,0.28475958,0.28906587,0.24667102,0.2388184,0.2852032,0.29328158,0.21420817,0.22773156,0.2464505,0.2748697,0.14198823,0.12907706,0.16521542,0.16052508,0.13790046,0.12578498,0.16024435,0.15788579,0.11358909,0.11573483,0.13120914,0.1451346,0.19915389,0.11149335,0.18384752,0.13947816,0.068630524,0.035225,0.060117945,0.039587174,0.16854632,0.17898713,0.17297985,0.18554273,0.18375441,0.15612487,0.16779707,0.1656731,0.17351812,0.08534329,0.07791353,0.08555187,0.07430225,0.07636655,0.07866984,0.07750595,0.075386405,0.05832164,0.07462115,0.06233765,0.06832312,0.20987633,0.106449,0.20787565,0.17277703,0.078110635,0.020792767,0.069171794,0.05143595,0.18963683,0.19725765,0.21478292,0.23077849,0.1889414,0.20168158,0.21896052,0.23383626,0.16524829,0.19052458,0.19094557,0.21856172,0.07769881,0.051319864,0.07918877,0.083101936,0.07766234,0.05273959,0.081900924,0.08693053,0.066023566,0.05089194,0.06882689,0.084457405,0.15645626,0.09337311,0.15222657,0.118525155,0.05642487,0.02480619,0.05325912,0.037495527,0.16464458,0.15121281,0.17551166,0.16392317,0.14709187,0.14134268,0.15830168,0.15606283,0.06954818,0.0578766,0.07069929,0.06862627,0.06539356,0.06199843,0.068940215,0.07214272,0.055139657,0.05979628,0.059873413,0.06669124,0.11946511,0.04963702,0.11603989,0.09937513,0.017524496,-0.005194639,0.017021623,0.010538384,0.08191675,0.10369851,0.088114984,0.09885113,0.080215044,0.11170432,0.08784916,0.097190246,0.07335131,0.104417235,0.08112761,0.09038467,0.015464837,0.012068704,0.019296193,0.018492488,0.014866109,0.012163788,0.019087326,0.020502971,0.012631526,0.010804562,0.016320014,0.020384762,0.107313894,0.07055318,0.10791786,0.09333359,0.027075475,0.027182786,0.03182682,0.0329256,0.09824766,0.11117245,0.106369615,0.10300603,0.09340913,0.106229775,0.101489864,0.10361789,0.023753813,0.038511433,0.030351821,0.037371837,0.02442856,0.044353954,0.032208595,0.041004304,0.02428923,0.04515782,0.031061953,0.040175766,0.0,0.033198174,0.0,0.021222103,0.0,0.01077659
L_STSva_ROI,Left,356,0.012858474,0.005190303,0.005225409,0.0,0.0063013844,0.0,0.0067172484,0.0,0.006983332,0.005735494,0.006629948,0.004502952,0.0063830274,0.0,0.008980689,0.0,0.008850336,0.0,0.00672081,0.0,0.008254144,0.0,0.009179246,0.0,0.0064443164,0.0,0.01032087,0.21966709,0.13901676,0.23278818,0.2074604,0.06689022,0.05203233,0.075156204,0.063017495,0.16718858,0.19267656,0.20446411,0.21166466,0.16964304,0.19706768,0.20796384,0.22286609,0.1567626,0.1889093,0.19359136,0.21492198,0.06762502,0.07088604,0.083454765,0.083486155,0.06927579,0.07529236,0.087324336,0.08700993,0.060005195,0.07692773,0.07726688,0.085685775,0.165408,0.10452474,0.17243218,0.14810751,0.030679885,0.02718294,0.033165157,0.031035367,0.15215856,0.12436176,0.16147399,0.15062429,0.15750019,0.11427886,0.15291888,0.1351893,0.15254332,0.033320103,0.04554939,0.04118255,0.04393864,0.030976802,0.04600709,0.03892049,0.043403134,0.024158668,0.04488378,0.031832214,0.039890103,0.1959333,0.09889373,0.20402013,0.16863762,0.0650012,0.040202584,0.07242164,0.056505796,0.15318881,0.14995414,0.1795046,0.17814168,0.15572184,0.15082155,0.18413389,0.18293312,0.1436711,0.14371358,0.17134812,0.1729102,0.059788432,0.056451265,0.07482895,0.07252484,0.061559804,0.06229442,0.07793666,0.07617235,0.053275235,0.063944586,0.0694124,0.07289573,0.16398577,0.10352516,0.16900289,0.14092435,0.041630603,0.03832521,0.04502815,0.038993385,0.1495883,0.14933549,0.17331228,0.17130965,0.1393424,0.14206661,0.15980186,0.1633787,0.046787377,0.05571448,0.056192912,0.0627378,0.045801792,0.05725783,0.05628568,0.0630902,0.038201805,0.056408193,0.048762254,0.0598157,0.13732857,0.030400557,0.13182972,0.11134083,0.035277605,0.012444905,0.032863904,0.025762666,0.08632481,0.072031684,0.08971107,0.08819484,0.086849436,0.07163581,0.09222485,0.08647782,0.08148473,0.06903926,0.08770836,0.08227116,0.01781819,0.03010987,0.021986188,0.029364195,0.01736292,0.03179427,0.021697966,0.028164374,0.013865876,0.032635275,0.018341357,0.026143555,0.14114015,0.07860911,0.1409206,0.1232339,0.034515902,0.037170004,0.03553378,0.03430045,0.1274782,0.11829917,0.13815215,0.13729443,0.12187022,0.11622511,0.13338129,0.13483645,0.03809619,0.05180762,0.04168388,0.049488377,0.038649775,0.05182404,0.043162595,0.049497545,0.03422195,0.0515677,0.038702875,0.048357304,0.0,0.008868947,0.0,0.0065164333,0.0,0.005538787
L_STSvp_ROI,Left,310,0.018878533,0.0075364118,0.006103783,0.0,0.034973737,0.0,0.027267424,0.0,0.014144654,0.038865473,0.04056751,0.025103113,0.027172117,0.0,0.014909883,0.0,0.03663531,0.0,0.027528027,0.0,0.0153720835,0.0,0.035322197,0.0,0.027579367,0.0,0.018415822,0.27739352,0.19773199,0.28248137,0.25113314,0.12285959,0.09001679,0.12745214,0.1099999,0.1919296,0.25310987,0.22857802,0.2620582,0.2106347,0.24699901,0.25360343,0.28410104,0.20366167,0.2388409,0.24500893,0.2857166,0.10308587,0.1379845,0.11610154,0.13560066,0.11429539,0.13523984,0.13138595,0.14439991,0.10724155,0.12852633,0.12528339,0.14337732,0.22820498,0.16641882,0.22603966,0.19901778,0.083403826,0.07268781,0.08569284,0.074069805,0.19258222,0.18447804,0.20357268,0.21190381,0.23553874,0.17502132,0.19745874,0.19820832,0.22558688,0.07324161,0.09572529,0.08288507,0.09507047,0.07459289,0.09295751,0.087540515,0.09794926,0.06557132,0.08782053,0.076781265,0.09193409,0.25160715,0.17048287,0.26013845,0.21881096,0.09922505,0.04888346,0.10579737,0.08141495,0.19021843,0.22525407,0.21873759,0.2378409,0.20309623,0.21928369,0.23714225,0.25155208,0.19429126,0.2138776,0.22798182,0.24772383,0.09326561,0.09214198,0.10522167,0.10918021,0.10102404,0.09103168,0.11526081,0.11530677,0.09443033,0.085551724,0.108696856,0.112229906,0.21255548,0.15114257,0.21552204,0.18364604,0.07190799,0.050454978,0.07500182,0.063309565,0.19964229,0.18965243,0.22465652,0.22755258,0.19115019,0.187026,0.21337731,0.21979491,0.071440265,0.077016726,0.079847045,0.083536975,0.07225574,0.075822234,0.083977215,0.08574681,0.06476641,0.071016595,0.07517015,0.08212339,0.17948619,0.11834558,0.17575791,0.15833937,0.038814243,0.024360934,0.037143476,0.033133633,0.12238122,0.15905403,0.13048586,0.14616492,0.12401963,0.16110875,0.13381062,0.14971998,0.11831451,0.16006494,0.12968767,0.14594099,0.03377911,0.047637306,0.036975503,0.04493811,0.034098055,0.04645755,0.03795633,0.046800494,0.03184637,0.04321122,0.035400484,0.045851626,0.16704823,0.13107802,0.16602394,0.15167142,0.044539176,0.047360424,0.044594582,0.042422436,0.1434147,0.15567754,0.15323523,0.15920971,0.13791439,0.15535346,0.14791897,0.15634009,0.040412135,0.055194598,0.04326534,0.04847022,0.03958636,0.054424744,0.043641962,0.049759947,0.035607748,0.05130029,0.039251365,0.047709577,0.0,0.03293992,0.0,0.027763,0.0,0.01657221
L_STV_ROI,Left,208,0.017012285,0.004582132,0.004353981,0.0,0.008227576,0.0,0.00899357,0.0,0.0049076574,0.008965308,0.009412341,0.008311185,0.00880571,0.0,0.005417994,0.0,0.009700405,0.0,0.009071269,0.0,0.0051204,0.0,0.009828794,0.0,0.00932559,0.0,0.0062921713,0.18575154,0.08381057,0.17585014,0.14528427,0.049925495,0.04062925,0.047482885,0.04332221,0.14129733,0.13905415,0.15220194,0.15565224,0.13734688,0.13168286,0.14669833,0.15733942,0.1240149,0.12057395,0.13148738,0.14644562,0.046313077,0.056052458,0.055927616,0.057935886,0.043225177,0.056295644,0.053057753,0.05871674,0.037364572,0.05568951,0.04417091,0.05476707,0.19043134,0.12925167,0.18062738,0.14650296,0.051254928,0.045088608,0.0499984,0.04315121,0.17835534,0.15399872,0.16845214,0.16791868,0.16798422,0.13669744,0.16284448,0.15104842,0.16102426,0.055523194,0.06232006,0.061445292,0.060757484,0.050042413,0.06220618,0.057539437,0.06116396,0.04067724,0.05996139,0.04660426,0.05630527,0.1697161,0.06769084,0.16497785,0.12663978,0.05549813,0.03212425,0.051108833,0.03841846,0.14293037,0.12189822,0.15807106,0.15017633,0.13765861,0.11078524,0.15259343,0.1475396,0.124613166,0.09856891,0.13751358,0.13467042,0.041120697,0.047785193,0.04791875,0.0517852,0.041918915,0.04697412,0.05006493,0.054502405,0.038198445,0.045331575,0.043769393,0.050734527,0.17917575,0.13008426,0.17740943,0.15119067,0.061492614,0.04569762,0.063303284,0.051568683,0.17281225,0.16931032,0.1904564,0.189795,0.15564583,0.15907824,0.17098118,0.17796716,0.07240736,0.08408472,0.08354253,0.08937743,0.06890349,0.08340049,0.08194988,0.09046632,0.057363708,0.07814956,0.06841277,0.081182934,0.1275002,0.036115065,0.119538404,0.08648752,0.037742916,0.010958492,0.0340215,0.020510718,0.084191985,0.07756376,0.089795,0.084521756,0.08010546,0.072299875,0.08508199,0.082639,0.072075196,0.065432675,0.079442315,0.076282986,0.015459796,0.025571557,0.021967875,0.025070071,0.016012162,0.02636574,0.023376452,0.027999107,0.016259743,0.027096216,0.02305941,0.028162237,0.151356,0.11697375,0.1488507,0.13075344,0.04395458,0.055323683,0.047247976,0.04803815,0.14133748,0.16442297,0.15095624,0.15502913,0.12913062,0.15363692,0.13977224,0.1489415,0.049613282,0.072167404,0.056389697,0.0661178,0.04699572,0.07479637,0.055455483,0.06981052,0.040644303,0.07415849,0.049368463,0.066587865,0.0,0.01243951,0.0,0.008486649,0.0,0.0054120263
L_TA2_ROI,Left,287,0.0431359,0.0076914197,0.0047642817,0.0,0.028143397,0.0,0.01659282,0.0,0.0069062337,0.029564423,0.030790651,0.014359983,0.015636208,0.0,0.007006682,0.0,0.031060964,0.0,0.021913834,0.0,0.008316457,0.0,0.03220477,0.0,0.020486793,0.0,0.008250808,0.3389251,0.21611965,0.3338906,0.27844548,0.1960707,0.1298425,0.1947206,0.16762379,0.32271045,0.3051084,0.37465465,0.36815706,0.3097608,0.30227092,0.36324123,0.3689548,0.26268214,0.2915359,0.30642855,0.3422387,0.20204501,0.1933068,0.23478879,0.22919963,0.19206928,0.18236543,0.2247698,0.23052847,0.15638128,0.16923873,0.1851834,0.21317968,0.29879585,0.22718027,0.2974803,0.24141559,0.19583191,0.12597312,0.18473154,0.15715846,0.22006822,0.27070683,0.2603175,0.30994573,0.31270406,0.23781292,0.25619847,0.2820865,0.3009088,0.16346434,0.17373244,0.18504626,0.1969773,0.17069404,0.17127365,0.19150448,0.20430206,0.14773166,0.16206743,0.17163745,0.19588831,0.2438665,0.1665518,0.24388568,0.19840814,0.120213576,0.06482901,0.118556276,0.10269934,0.22972836,0.22930999,0.2592106,0.26313418,0.22164443,0.22947916,0.25152525,0.25702298,0.18908353,0.21834256,0.21602099,0.23860684,0.13838139,0.11170924,0.1469831,0.14958084,0.13487607,0.10908355,0.14549628,0.15096198,0.113184094,0.10090877,0.12451717,0.14107144,0.23130564,0.18292606,0.23495507,0.19306819,0.13403949,0.08836334,0.13725565,0.11763899,0.22624967,0.228034,0.25401643,0.25353,0.20147365,0.22131826,0.23220052,0.23809712,0.12981705,0.13681759,0.14887631,0.16056128,0.13316071,0.13516739,0.15373865,0.16393116,0.1144797,0.12771818,0.13865367,0.15450916,0.121642284,0.07071595,0.115140066,0.092507474,0.025565436,0.015559447,0.02517148,0.029231125,0.082292385,0.084044136,0.08363248,0.08456094,0.07946223,0.07996184,0.08152489,0.08120337,0.07322437,0.07656373,0.07615206,0.07917639,0.024493026,0.03479575,0.026746765,0.03273704,0.024037357,0.031418722,0.02728081,0.035440672,0.021298204,0.027962793,0.024361584,0.032982986,0.13652721,0.14056492,0.13740896,0.12794878,0.037381753,0.043375805,0.040469084,0.04573602,0.11807459,0.16128354,0.12671736,0.13686836,0.11123524,0.1637961,0.12135875,0.13336717,0.03948719,0.071505114,0.045012858,0.057815544,0.039508585,0.07196554,0.044726476,0.06042975,0.03599193,0.069179505,0.042246256,0.057093177,0.0,0.026257584,0.0,0.021031633,0.0,0.009385785
L_TE1a_ROI,Left,312,0.022112314,0.0042376434,0.0036969734,0.0,0.010656648,0.0,0.011710898,0.0,0.01000821,0.013187856,0.013657118,0.008673549,0.0121727185,0.0,0.013603049,0.0,0.012854977,0.0,0.013453211,0.0,0.013473897,0.0,0.012411328,0.0,0.014461355,0.0,0.01805668,0.19555214,0.111281246,0.20913072,0.19257234,0.06286575,0.04401424,0.06594903,0.06325543,0.11032952,0.13151719,0.14121236,0.1480622,0.117452614,0.13807699,0.15176493,0.16140282,0.11848284,0.14023772,0.15134138,0.16471444,0.028283203,0.05370523,0.04437353,0.05101326,0.03285665,0.055902485,0.04891956,0.05529753,0.032642253,0.057733666,0.045163274,0.05469711,0.171977,0.11588767,0.18789692,0.16497695,0.029598473,0.042216033,0.03352045,0.028364388,0.14271757,0.12144686,0.16030668,0.14896563,0.15230955,0.1204438,0.15250708,0.14729393,0.15114938,0.026723444,0.039712206,0.0317772,0.029778454,0.027961588,0.03981296,0.033046033,0.029689854,0.024988987,0.037072767,0.02958128,0.028481418,0.1878074,0.09259467,0.19190599,0.1608501,0.06428087,0.025654953,0.062194664,0.048680946,0.09818722,0.11686082,0.11544887,0.12348057,0.10607199,0.12525783,0.12710774,0.1329218,0.10677632,0.12920222,0.12859413,0.13537274,0.023200799,0.047585294,0.029413374,0.040591925,0.025197411,0.05031994,0.032186564,0.043892276,0.025090989,0.05222811,0.030781053,0.042301778,0.1757792,0.1200267,0.18458773,0.16010009,0.03835445,0.029362705,0.040589336,0.031438358,0.15085521,0.1718406,0.17439042,0.17271404,0.14906298,0.16879234,0.17164321,0.17129971,0.036111217,0.045003608,0.041896097,0.044242132,0.038189273,0.04494614,0.045602188,0.044021603,0.034577876,0.04324389,0.041646272,0.042398967,0.166593,0.07634079,0.16154824,0.1383325,0.070192,0.033108626,0.067017384,0.05473169,0.080964714,0.087752566,0.087006904,0.09417344,0.08558379,0.095999725,0.09572233,0.09785236,0.08533375,0.10115428,0.09643782,0.09618497,0.033721328,0.053752437,0.04012187,0.049619004,0.03271829,0.05209148,0.041036908,0.04967777,0.029794807,0.051403772,0.03725801,0.046325337,0.16162817,0.10772773,0.1625304,0.14781381,0.039525576,0.036274463,0.04065285,0.036194734,0.13336147,0.14827715,0.14787549,0.15318082,0.13287891,0.14856619,0.1469328,0.15187217,0.03444993,0.049494874,0.037979033,0.04515202,0.035146605,0.047342412,0.04038511,0.04475105,0.031708926,0.04482309,0.036876876,0.042344913,0.0,0.013917999,0.0,0.013170715,0.0,0.010998421
L_TE1m_ROI,Left,357,0.0074324813,0.0012690983,0.001128565,0.0,0.0108630005,0.0,0.008163345,0.0,0.004447032,0.01267425,0.012787776,0.008104312,0.008399859,0.0,0.0069364305,0.0,0.009919859,0.0,0.010099291,0.0,0.0049900375,0.0,0.010294065,0.0,0.011000247,0.0,0.007152536,0.16127941,0.14575408,0.18391001,0.19729659,0.048138227,0.048779484,0.059179787,0.062229063,0.08755021,0.170645,0.115310885,0.15373453,0.09640997,0.1731126,0.12811561,0.1669437,0.101612896,0.1682315,0.12920737,0.17364067,0.021239696,0.06733702,0.03461589,0.04663003,0.027981386,0.071189724,0.04237094,0.05450826,0.03194591,0.07216007,0.045891143,0.06119162,0.15353976,0.16724662,0.18569724,0.20293699,0.046692368,0.085804164,0.065187804,0.081940055,0.12218127,0.1051719,0.19451882,0.14213212,0.18508074,0.11278787,0.19359478,0.14719139,0.19498464,0.025626997,0.07879943,0.03723589,0.054702643,0.032497697,0.08362125,0.045977205,0.06426763,0.037262656,0.083647214,0.051166754,0.071214095,0.163669,0.124199875,0.1899822,0.18623923,0.043007594,0.031455494,0.048535567,0.045329314,0.09969128,0.15236622,0.12427067,0.15405269,0.10751537,0.15716061,0.13288856,0.16255565,0.11133381,0.15787889,0.13906583,0.16526547,0.022209773,0.049747135,0.028301802,0.040160853,0.027716445,0.053228416,0.03545464,0.04453454,0.030734148,0.05517432,0.03764469,0.048001174,0.16196977,0.14476132,0.19648801,0.20337258,0.05364025,0.06386614,0.07148754,0.08076865,0.131492,0.18518448,0.16517112,0.19813325,0.13718666,0.18888696,0.17467497,0.20690706,0.035814553,0.06729359,0.048878968,0.05871676,0.042722505,0.07046526,0.056910735,0.067403585,0.046559274,0.07026451,0.06101447,0.07302263,0.14361973,0.08252547,0.15792668,0.14955509,0.037543952,0.024065843,0.04199987,0.040889118,0.086838126,0.10907341,0.10320751,0.1146994,0.09091888,0.11340559,0.105181254,0.116563566,0.08985872,0.11764157,0.105894715,0.11428894,0.02410688,0.04209631,0.030626828,0.03751427,0.026709333,0.043412287,0.033249617,0.039377127,0.02708811,0.043902256,0.0335981,0.040766537,0.15263258,0.121789396,0.17407475,0.17603223,0.04356037,0.05575264,0.053100478,0.06284958,0.12486678,0.14726162,0.14702484,0.16654941,0.12388226,0.15204059,0.14899002,0.16855204,0.031143397,0.053233087,0.03927478,0.04963602,0.034687072,0.054471545,0.042207766,0.052307475,0.0345522,0.05526411,0.041957684,0.053415682,0.0,0.011291582,0.0,0.00863538,0.0,0.003976828
L_TE1p_ROI,Left,313,0.008907691,0.0030042245,0.0030784647,0.0,0.012024448,0.0,0.011821327,0.0,0.0044540204,0.011668428,0.013647705,0.008471698,0.011386658,0.0,0.0056272172,0.0,0.0127688795,0.0,0.01060818,0.0,0.003242509,0.0,0.014818597,0.0,0.010729018,0.0,0.0049617626,0.23657508,0.16897431,0.24276224,0.22536834,0.06061827,0.04338381,0.06673878,0.060082596,0.14671616,0.17592247,0.16709135,0.176186,0.15926194,0.17982031,0.18107118,0.19764787,0.1646674,0.18080194,0.18738335,0.21021104,0.040864833,0.054062314,0.05232906,0.058941416,0.04887309,0.056394104,0.058847725,0.0672516,0.0518809,0.05760592,0.061742365,0.07154352,0.23227172,0.18299606,0.24429514,0.22102949,0.06433545,0.06459488,0.06827786,0.06791541,0.19325867,0.16421938,0.2020884,0.19249907,0.20925134,0.1691256,0.20354632,0.19865821,0.22452459,0.042294823,0.07223296,0.050300527,0.06235033,0.049780693,0.07150774,0.057510246,0.071228646,0.052725565,0.06964201,0.060911715,0.07614536,0.23510748,0.14728871,0.24203202,0.21610495,0.060227044,0.036333926,0.06338745,0.05476378,0.1609187,0.18083136,0.17572996,0.18282571,0.17627496,0.18639441,0.1918734,0.19729757,0.17940529,0.18723322,0.19700266,0.20362432,0.04585892,0.05162084,0.051127907,0.0547831,0.055207588,0.055378698,0.059705485,0.06319345,0.057647184,0.05719631,0.0627833,0.06640787,0.2432937,0.16473651,0.25094897,0.22280166,0.07804703,0.06324721,0.08718787,0.078609385,0.20897673,0.22327909,0.22902633,0.23942304,0.2117241,0.22457437,0.23492596,0.25042275,0.058777444,0.0785927,0.07002494,0.07853865,0.06889108,0.08079033,0.080706716,0.08971065,0.07094372,0.0800762,0.08422196,0.09439027,0.1907234,0.103607185,0.18684055,0.1697026,0.035747945,0.011046136,0.033451047,0.026552018,0.12537158,0.12856914,0.13136148,0.13403317,0.13459657,0.1364966,0.14083411,0.1407397,0.13319759,0.1415924,0.14099836,0.14207973,0.025993444,0.027984202,0.027446024,0.029007884,0.030016134,0.029377114,0.031107608,0.03247166,0.030013582,0.029657012,0.031228434,0.03224185,0.21921864,0.14480075,0.21627657,0.19590178,0.05619728,0.04776424,0.05642723,0.052612368,0.1894739,0.20105314,0.19857414,0.20322141,0.18906553,0.2034104,0.20094208,0.2075496,0.045342974,0.057927605,0.04839077,0.053750724,0.051297415,0.05768145,0.053581215,0.05921698,0.051126115,0.055947233,0.053434197,0.05956268,0.0,0.013381862,0.0,0.0094787255,0.0,0.004085537
L_TE2a_ROI,Left,314,0.004809188,0.0019526856,0.0022626866,0.0,0.0068355897,0.0,0.009208753,0.0,0.005054801,0.006304001,0.0072558513,0.006646671,0.009675968,0.0,0.009153232,0.0,0.005341704,0.0,0.011128934,0.0,0.008112035,0.0,0.0062279194,0.0,0.012434787,0.0,0.010633448,0.17260481,0.1449588,0.19092153,0.19234098,0.032452855,0.044987284,0.039717678,0.04491856,0.10398137,0.13219035,0.123914726,0.13160723,0.11271981,0.14161493,0.13397786,0.14352228,0.11423684,0.1442137,0.13825394,0.153746,0.023262547,0.047376715,0.030032218,0.0360127,0.029954104,0.05277679,0.035297774,0.04160964,0.03411888,0.05540832,0.03928465,0.046263564,0.17042258,0.20401895,0.20263961,0.23011206,0.034874436,0.071213976,0.04669366,0.062291317,0.1402717,0.118785754,0.20713736,0.15853558,0.19688642,0.1169163,0.21456902,0.1567298,0.20670536,0.020795936,0.06128254,0.029959181,0.042373747,0.02432373,0.063165836,0.034045983,0.04942278,0.026462642,0.06344234,0.0357818,0.052854758,0.16800065,0.1117183,0.18514098,0.16492166,0.04653931,0.039158516,0.05487794,0.04654521,0.10719623,0.11481816,0.12653854,0.1262542,0.11722123,0.12425888,0.13654596,0.13483016,0.120849505,0.12776491,0.14177227,0.14300266,0.02940762,0.048156206,0.0396281,0.041849025,0.036955792,0.054343402,0.046789683,0.046602663,0.04038287,0.05586189,0.050564103,0.0491224,0.18084304,0.180445,0.21523426,0.22232158,0.04869059,0.060636956,0.06451906,0.06924496,0.14926647,0.21802881,0.1888789,0.21496436,0.15251356,0.22356662,0.19274405,0.22692159,0.033184204,0.06534717,0.0464293,0.057160456,0.039233822,0.06848921,0.05439995,0.06470198,0.041650012,0.06647378,0.05641847,0.0671706,0.1358029,0.05019272,0.14054734,0.12173653,0.031531755,0.008428804,0.030549886,0.025119107,0.07522336,0.06712472,0.083863966,0.08240463,0.08208001,0.07476451,0.09085868,0.08915148,0.08548161,0.0789531,0.09474289,0.095088914,0.01193901,0.029054133,0.014495706,0.02244411,0.013763754,0.03209011,0.01718999,0.025438795,0.015091958,0.032475688,0.018339064,0.02577535,0.16753665,0.15117434,0.18713053,0.18745404,0.041332334,0.050187092,0.0486467,0.053013988,0.13825898,0.17274934,0.16080071,0.1737394,0.14365275,0.17117551,0.16536565,0.18160483,0.030218374,0.05402339,0.036617495,0.047440954,0.034178194,0.054466307,0.04133104,0.051488902,0.036019895,0.051836826,0.04243055,0.051559113,0.0,0.0072742277,0.0,0.009827613,0.0,0.0069865887
L_TE2p_ROI,Left,316,0.005604289,0.008087539,0.008287081,0.0,0.008322126,0.0,0.00995112,0.0,0.007326717,0.006873472,0.008412747,0.008180548,0.009215357,0.0,0.008586695,0.0,0.0066438457,0.0,0.010232526,0.0,0.0071093603,0.0,0.0054285745,0.0,0.011075019,0.0,0.0076192883,0.18184663,0.103222094,0.17766863,0.15304181,0.06103861,0.038870644,0.058159348,0.04688119,0.11512608,0.1578277,0.13488851,0.15069138,0.118888825,0.15089048,0.13697153,0.15792657,0.11485055,0.1448102,0.13099647,0.16159998,0.035339,0.0657016,0.041929703,0.048803315,0.037181947,0.06389774,0.04216152,0.05327131,0.03467077,0.059145752,0.03801742,0.052664798,0.18803386,0.15090777,0.20102501,0.18160129,0.050481867,0.07000704,0.058213104,0.066284776,0.21167639,0.14957777,0.19878644,0.18316314,0.21405302,0.14101018,0.1896782,0.17392111,0.21098174,0.043290198,0.08953795,0.05520303,0.07504329,0.044418037,0.08531254,0.056550555,0.07891816,0.040151734,0.07866358,0.051415037,0.073512346,0.21334456,0.12035655,0.20513368,0.16186614,0.088491976,0.03621799,0.084284544,0.052551016,0.17835732,0.18344565,0.19150138,0.19288057,0.17813516,0.17180648,0.19203132,0.19339645,0.15843967,0.16418336,0.17350304,0.18231592,0.078477666,0.08011441,0.08480018,0.08227141,0.07775514,0.07486659,0.085086204,0.08135665,0.06492923,0.06640046,0.07215143,0.07397679,0.20532942,0.12853304,0.20657417,0.17062744,0.085478075,0.05575148,0.08973861,0.07144135,0.21488951,0.22382991,0.23708624,0.24883482,0.1945971,0.20717429,0.21826242,0.23928815,0.091087006,0.10792617,0.10562123,0.11099179,0.09105424,0.10358704,0.107011825,0.11133286,0.07629385,0.09356454,0.091813706,0.10266746,0.19882345,0.0965601,0.18568523,0.14256072,0.098022655,0.041644596,0.08964249,0.061816286,0.16341257,0.15158354,0.16778497,0.16432366,0.1588313,0.1431575,0.16564362,0.16311857,0.13661487,0.13582164,0.1460474,0.14911145,0.08381379,0.07934413,0.08960124,0.0878321,0.08103793,0.07786336,0.08910961,0.08609989,0.06753158,0.07294911,0.07629433,0.07874013,0.18743044,0.10794961,0.17989878,0.14427373,0.07852806,0.06201219,0.077806346,0.06302357,0.19725533,0.18765192,0.20633332,0.20329878,0.17492342,0.17258424,0.18769708,0.19334519,0.08899631,0.09621944,0.09584737,0.10023296,0.08703042,0.09114596,0.09532394,0.100071825,0.07075048,0.08205597,0.07978181,0.092193484,0.0,0.008126968,0.0,0.010770755,0.0,0.007983279
L_TF_ROI,Left,315,0.010982626,0.00968556,0.009700137,0.0,0.014295741,0.0,0.012649781,0.0,0.010168078,0.014682448,0.015677089,0.0100043425,0.011789278,0.0,0.011165305,0.0,0.013365777,0.0,0.014100722,0.0,0.010264671,0.0,0.013322266,0.0,0.0148252025,0.0,0.011044613,0.18943976,0.1267502,0.1948959,0.17283034,0.08323077,0.06039593,0.08429133,0.071708344,0.11730506,0.16689517,0.1467732,0.16842733,0.1191389,0.15713917,0.14945413,0.17587443,0.11581256,0.14792858,0.14736162,0.17703879,0.040776208,0.07969289,0.055344112,0.072982244,0.043980084,0.07803762,0.059328645,0.07598178,0.042157378,0.076597095,0.05588672,0.07305467,0.19796266,0.19170712,0.22289838,0.20660874,0.07387078,0.096598916,0.088928714,0.08806168,0.21447648,0.14979768,0.21750486,0.19127542,0.22270429,0.1491326,0.20908809,0.1925304,0.2197428,0.05652372,0.11026006,0.074185014,0.096843176,0.060961336,0.109289944,0.0808841,0.102667645,0.058728997,0.1038851,0.078757636,0.1002394,0.22367997,0.11833756,0.21880831,0.16926405,0.099049084,0.04099072,0.09256068,0.064866945,0.18177791,0.18194743,0.19977927,0.2046964,0.17934036,0.17136358,0.19907495,0.20451786,0.15711556,0.15830569,0.18097402,0.19270822,0.07199932,0.08764643,0.079029344,0.08759386,0.07056115,0.084735624,0.07921798,0.08799735,0.0582391,0.0785794,0.06766827,0.08079464,0.2199191,0.16677403,0.23188785,0.19958062,0.09466047,0.07227986,0.10704582,0.089084975,0.21949384,0.23017989,0.24989513,0.26428843,0.2001675,0.21673594,0.23639104,0.2543123,0.09241512,0.11076535,0.11119903,0.12073572,0.094698004,0.10813606,0.11665334,0.12503086,0.08292627,0.10100942,0.105936274,0.12010497,0.21265694,0.100885496,0.20233871,0.15404128,0.10657566,0.048725773,0.09708152,0.065590024,0.17773153,0.15904517,0.18825983,0.1818719,0.1723753,0.15258323,0.18656325,0.18019556,0.14475833,0.14155914,0.16076039,0.16708997,0.0884568,0.08457864,0.097140975,0.09498816,0.08404613,0.08341539,0.09659977,0.09342545,0.069071285,0.07906568,0.08021528,0.08641679,0.20251332,0.1417632,0.20361684,0.17280196,0.078288965,0.067656286,0.080183856,0.06759297,0.20633742,0.204213,0.22371356,0.2266271,0.17957197,0.19091544,0.20144954,0.21752706,0.08278658,0.09135412,0.09009047,0.09629374,0.081489936,0.086719155,0.09063065,0.09669275,0.0676933,0.08006317,0.07680001,0.091784716,0.0,0.013465574,0.0,0.011950644,0.0,0.008410987
L_TGd_ROI,Left,311,0.014977262,0.006011176,0.005115696,0.0,0.015538996,0.0,0.017357886,0.0,0.007310604,0.017217863,0.01861566,0.0152149545,0.016596822,0.0,0.009805039,0.0,0.016815348,0.0,0.01655023,0.0,0.0101972,0.0,0.017817218,0.0,0.017287206,0.0,0.01284592,0.2674467,0.20865084,0.28322792,0.26355657,0.11239792,0.093981855,0.1240395,0.11506633,0.17772481,0.23055866,0.21651565,0.24390648,0.19532582,0.24409007,0.24002269,0.26425174,0.19249547,0.24943884,0.23636602,0.27359205,0.08941626,0.124047,0.10905128,0.12333641,0.10006661,0.12768957,0.12310864,0.13649309,0.09672475,0.12853397,0.119127624,0.14077602,0.2708893,0.21394071,0.29268047,0.2653442,0.100900054,0.08192407,0.10022379,0.08547587,0.22221796,0.2155481,0.27827424,0.26937574,0.28947064,0.20594008,0.27931672,0.25497502,0.28833705,0.08096781,0.101245485,0.091013916,0.10097827,0.08751228,0.10248135,0.09881174,0.10798928,0.080054745,0.10025537,0.09121539,0.10506733,0.24965961,0.1662655,0.26234716,0.2244727,0.10122775,0.067003906,0.11196562,0.0964521,0.18122426,0.19893576,0.2091799,0.21851875,0.19432297,0.20670183,0.22631447,0.23021793,0.18930444,0.20997857,0.22202371,0.23130433,0.08552206,0.095776424,0.10146927,0.108423844,0.09400071,0.10126483,0.11188158,0.11796117,0.09033739,0.10348686,0.10921291,0.11947071,0.2524753,0.19525553,0.2740717,0.2473762,0.0882221,0.060160168,0.09542628,0.08105038,0.2319146,0.28152794,0.27979285,0.29294246,0.2200544,0.2743636,0.26357988,0.28883505,0.08157001,0.09381854,0.0975849,0.10676194,0.087216154,0.09517851,0.10748661,0.113136046,0.07967077,0.091868445,0.09850963,0.11061562,0.17784002,0.08925462,0.17438756,0.15223108,0.051428612,0.030304847,0.050054304,0.04614639,0.114371814,0.124582775,0.12093758,0.13059112,0.1187656,0.12703335,0.12781702,0.13131371,0.11482974,0.12738629,0.123909205,0.12621427,0.03547153,0.052647933,0.040459007,0.05233192,0.037215773,0.055295736,0.04263928,0.054039493,0.035074353,0.05652034,0.040337868,0.051099997,0.19330494,0.14783075,0.20171736,0.19281977,0.044890974,0.041782238,0.045916684,0.043924235,0.16606973,0.21178125,0.18610834,0.19872238,0.15709102,0.20236294,0.17720893,0.19488953,0.041213103,0.05455321,0.045729954,0.054045975,0.043122835,0.05483633,0.048443552,0.055133622,0.03932827,0.05193029,0.04351246,0.05224927,0.0,0.016101865,0.0,0.015860772,0.0,0.009304123
L_TGv_ROI,Left,352,0.017816901,0.00529935,0.0044587236,0.0,0.018050244,0.0,0.018734692,0.0,0.009498944,0.020522095,0.022390263,0.015721995,0.019016113,0.0,0.011276916,0.0,0.023317154,0.0,0.0201063,0.0,0.011405979,0.0,0.022754576,0.0,0.019790655,0.0,0.015057847,0.20428407,0.17948699,0.23720048,0.22068942,0.07211975,0.067597084,0.08659059,0.08206561,0.14218645,0.19466269,0.1898271,0.21737792,0.15459694,0.20392786,0.2043896,0.23859964,0.15476225,0.20039377,0.20783405,0.2439239,0.058284577,0.096676,0.08083466,0.0990569,0.06503528,0.09761576,0.08944725,0.10744286,0.062753364,0.09426626,0.084182076,0.10776538,0.12927562,0.11066783,0.15034792,0.13030304,0.047053583,0.028218195,0.051603734,0.034806684,0.10586339,0.107243076,0.14758274,0.13766114,0.15044779,0.09944404,0.13761762,0.13003522,0.14197391,0.04482383,0.06210574,0.05817901,0.063711286,0.04622772,0.061048094,0.058137562,0.061636932,0.039245386,0.05426296,0.049116112,0.057432707,0.17236075,0.13551229,0.19669661,0.17508301,0.054267753,0.030629588,0.06383624,0.052086722,0.13024522,0.1551613,0.16788734,0.18180288,0.13959834,0.1608177,0.17744592,0.19212267,0.1357323,0.15801182,0.17485271,0.19154833,0.046197098,0.05320819,0.06273307,0.067516975,0.05200148,0.054667465,0.070380464,0.072028555,0.051004168,0.051767077,0.066905335,0.07049342,0.11300213,0.10556032,0.12972926,0.1171814,0.034978505,0.014735126,0.03799792,0.025439395,0.10763476,0.15017724,0.13527259,0.14986649,0.10157872,0.13781762,0.12950489,0.14348263,0.040354367,0.047599517,0.051775277,0.054544598,0.041441705,0.045717724,0.05184122,0.052210085,0.034913946,0.04044809,0.044175114,0.048290756,0.11582057,0.06932012,0.12326791,0.11643557,0.023889577,0.0060886857,0.02415836,0.018667797,0.07511037,0.086248256,0.087297924,0.09555126,0.07631381,0.090162285,0.08998107,0.099728726,0.0739761,0.091755874,0.08824889,0.099227116,0.01514148,0.015523868,0.019527065,0.022871362,0.01616442,0.01578138,0.021124188,0.02302676,0.01417333,0.0152532235,0.018515537,0.021437565,0.08470482,0.0793625,0.096973196,0.09482281,0.016986383,0.015342251,0.020202704,0.017043669,0.0707125,0.11077291,0.08607297,0.1022556,0.06968456,0.10450623,0.086920045,0.10270531,0.0171374,0.024510678,0.022680117,0.026840359,0.018213354,0.022897242,0.023328945,0.02491352,0.015254707,0.021527635,0.020072132,0.02324983,0.0,0.023267945,0.0,0.01717906,0.0,0.00903079
L_TPOJ1_ROI,Left,319,0.03913265,0.009378103,0.0073198364,0.0,0.016978078,0.0,0.012562266,0.0,0.0053059096,0.017819311,0.01867559,0.01262777,0.012853317,0.0,0.0068554273,0.0,0.023517193,0.0,0.015316845,0.0,0.007826946,0.0,0.021170111,0.0,0.014625731,0.0,0.009477025,0.28973025,0.14308558,0.27697513,0.21401124,0.17111695,0.08937381,0.16281676,0.119205855,0.26906514,0.24482162,0.30712166,0.3074637,0.25819257,0.23807272,0.29845855,0.30812103,0.21888684,0.22206426,0.25351235,0.28703952,0.16719814,0.1526269,0.19271298,0.18776104,0.15751459,0.14736483,0.18417084,0.18567143,0.1268837,0.13619746,0.14881776,0.1718143,0.22842643,0.12807718,0.21161492,0.15364882,0.10489845,0.050093424,0.08775575,0.058952525,0.23242497,0.20599125,0.18702742,0.22723174,0.22365546,0.1742511,0.18727276,0.193802,0.20327173,0.12193672,0.10580925,0.12781556,0.117703706,0.10737551,0.10355247,0.11701061,0.1165613,0.080740705,0.096450254,0.08918256,0.10183574,0.24041268,0.12981057,0.23109959,0.17271781,0.11584254,0.035496663,0.10632217,0.073035456,0.22800559,0.20905676,0.25175214,0.25646505,0.22011949,0.20708108,0.24705215,0.25132284,0.18762125,0.1918925,0.21348378,0.23307295,0.123448685,0.084629744,0.12958512,0.12448443,0.11823323,0.08278501,0.12627766,0.1263355,0.095455624,0.07710254,0.10389073,0.11705426,0.21178529,0.13710193,0.20098042,0.1504245,0.09973475,0.04388941,0.09375712,0.06363821,0.22209677,0.20405544,0.24261184,0.23403281,0.18917903,0.19988361,0.20814729,0.2126,0.12330707,0.117745996,0.136052,0.13871093,0.1120934,0.116085276,0.13014257,0.13776053,0.08770166,0.107641555,0.102805845,0.121241994,0.15460847,0.077920735,0.14419998,0.11084748,0.03855722,0.0041746385,0.03394971,0.023819499,0.11703094,0.13705432,0.12307943,0.13247463,0.1135526,0.13935092,0.12073886,0.12863109,0.10199208,0.1273696,0.10882261,0.12001953,0.03093211,0.0328008,0.035367228,0.039209515,0.029094527,0.03319167,0.035079814,0.04197305,0.024428241,0.03286128,0.029151408,0.039363123,0.164801,0.11655751,0.15783647,0.1262682,0.046271197,0.03926142,0.04905477,0.042936977,0.15931228,0.18314505,0.16968857,0.17000566,0.14282165,0.17717823,0.1522323,0.16012035,0.053315226,0.07509582,0.061454583,0.07203277,0.0493359,0.079032116,0.060571343,0.07566039,0.041505683,0.077905826,0.051431086,0.071148485,0.0,0.018898116,0.0,0.014633202,0.0,0.0074293707
L_TPOJ2_ROI,Left,320,0.005544507,0.0048292843,0.004689401,0.0,0.0059816805,0.0,0.0036495824,0.0,-0.00044713676,0.007525319,0.0075766873,0.005197737,0.0035087238,0.0,0.0005891173,0.0,0.0073069683,0.0,0.0052395537,0.0,0.00040594445,0.0,0.0076792287,0.0,0.0048514064,0.0,-0.0005467051,0.15117347,0.07268772,0.13951164,0.110391974,0.0320829,0.024760166,0.024831409,0.016906815,0.101327,0.11860197,0.10422275,0.11642385,0.10335653,0.11141997,0.108083114,0.11657272,0.093411334,0.10316873,0.09747816,0.112278275,0.026631655,0.03331119,0.023483438,0.025557335,0.027474714,0.032222465,0.02576968,0.026896251,0.024785146,0.03052217,0.023723757,0.025632413,0.17530707,0.11834883,0.17202948,0.13992797,0.039278593,0.03782381,0.041478693,0.040039122,0.18189889,0.13333562,0.14482354,0.149665,0.15931915,0.121617734,0.1343652,0.13813339,0.15265016,0.031207036,0.037268363,0.035596203,0.040591862,0.033576254,0.033221446,0.03850375,0.04378817,0.031063423,0.030142618,0.035798866,0.043705404,0.1820121,0.1002075,0.17303784,0.12957601,0.054857586,0.020615324,0.051946554,0.029672299,0.16525313,0.14641227,0.17209744,0.16704923,0.16364606,0.13835682,0.1714859,0.16270912,0.14448483,0.12895942,0.15336502,0.1521617,0.057682075,0.04587176,0.062635,0.058869984,0.05719448,0.045068797,0.062224858,0.059714545,0.047864854,0.04339074,0.05249787,0.05467869,0.19201685,0.120979324,0.18689282,0.14266579,0.069723435,0.039209586,0.071641125,0.052778196,0.18176328,0.15904999,0.19725537,0.19202863,0.16137181,0.1455666,0.17690443,0.17938495,0.066596486,0.06665252,0.07807142,0.08283539,0.067758255,0.06177,0.07940086,0.085892014,0.058006857,0.057018664,0.06914621,0.079457514,0.16571575,0.08820063,0.15552738,0.111335196,0.0413784,0.024701437,0.038365155,0.02623588,0.14396718,0.12738404,0.1487077,0.14210534,0.1402975,0.12107486,0.14558768,0.13742805,0.1237055,0.114364505,0.13159092,0.12507854,0.04265142,0.043734424,0.046578947,0.048137788,0.039525814,0.045261715,0.04357113,0.04746519,0.031543385,0.046743777,0.036272466,0.043176472,0.16691726,0.10209282,0.16014996,0.11716664,0.043370564,0.040593654,0.044769455,0.037344754,0.16069579,0.13805933,0.17077552,0.16084233,0.14253937,0.1288517,0.15345897,0.1488496,0.052277096,0.05931062,0.05822191,0.06150615,0.050146516,0.056600153,0.056660645,0.06155752,0.041222125,0.054331657,0.047922734,0.056109335,0.0,0.005779059,0.0,0.0049185953,0.0,0.0011804958
L_TPOJ3_ROI,Left,321,0.0048669716,0.007430903,0.007594825,0.0,0.0114907995,0.0,0.0132142035,0.0,0.010562371,0.011594249,0.012780702,0.011530133,0.012333407,0.0,0.0106674405,0.0,0.011633099,0.0,0.013326083,0.0,0.008676402,0.0,0.012108887,0.0,0.013458434,0.0,0.008758701,0.15236327,0.10451922,0.14498787,0.13192745,0.03495186,0.031393826,0.03421486,0.029670184,0.10119235,0.1434965,0.11181428,0.1346515,0.0999344,0.13999635,0.111092634,0.13653395,0.0910272,0.1311914,0.100657396,0.13203312,0.031166608,0.0508141,0.03412514,0.04083806,0.032888778,0.04982719,0.03608265,0.043264095,0.02987162,0.045710225,0.03382934,0.04202792,0.17523989,0.12644455,0.17650317,0.15225434,0.052461743,0.048270196,0.053289685,0.045686014,0.20628035,0.1264673,0.13485546,0.14353372,0.14953616,0.116734356,0.130561,0.13288201,0.15065576,0.039200224,0.05961067,0.044434924,0.05324005,0.040484663,0.05531153,0.04597034,0.05344136,0.0357635,0.04964667,0.041683376,0.05099754,0.19294526,0.113647245,0.18401122,0.14644824,0.05817651,0.03329981,0.05691644,0.040193476,0.1775678,0.1897554,0.18885505,0.18969207,0.17396379,0.18314278,0.18787666,0.18478933,0.15143968,0.1680126,0.1628071,0.17078623,0.069831274,0.068009466,0.074261054,0.07249302,0.069422066,0.066103205,0.074637786,0.07476664,0.057890672,0.05974658,0.062310543,0.0673762,0.20826383,0.11636695,0.20344105,0.16303107,0.090258256,0.058578122,0.08769119,0.067729786,0.20242375,0.18174979,0.22016525,0.21172117,0.17823243,0.16493258,0.19366696,0.20102991,0.08699256,0.090170994,0.093746245,0.096210636,0.0881602,0.08483172,0.09546412,0.09652073,0.074334614,0.07560968,0.08096084,0.08832079,0.17740843,0.073004715,0.1632559,0.11943,0.05038324,0.02536638,0.04707189,0.03389985,0.16244374,0.15711582,0.16474405,0.16209006,0.15837233,0.14821349,0.1628517,0.15318829,0.13653173,0.130139,0.13994302,0.13195193,0.059579786,0.053070102,0.06040018,0.05387239,0.05921616,0.050736956,0.060665555,0.05467793,0.05031836,0.0460591,0.051303834,0.04953894,0.20072104,0.089316584,0.18709934,0.13875702,0.0754198,0.058191627,0.071267724,0.056329258,0.2021663,0.17926624,0.21093938,0.19902048,0.17437567,0.15577814,0.18248323,0.17941453,0.08231642,0.07158309,0.08361328,0.076957956,0.081459545,0.06684016,0.08275686,0.075601526,0.068490036,0.05970675,0.0698642,0.06847294,0.0,0.011909583,0.0,0.012732603,0.0,0.009412863
L_V1_ROI,Left,181,0.010858611,-0.00049055874,0.0006191609,0.0,-0.0008331785,0.0,0.0005475706,0.0,0.004042013,-0.0005100613,-0.0001271489,-0.00022237004,0.0016179758,0.0,0.005535386,0.0,-0.0011946199,0.0,0.0018380121,0.0,0.005892339,0.0,-0.00025137333,0.0,0.0020329263,0.0,0.006424948,0.14666177,0.07006746,0.13450328,0.09201663,0.020553757,0.0033838009,0.014008153,0.0017088788,0.100468,0.049555033,0.10428338,0.090244636,0.096878715,0.04397803,0.100210436,0.08338185,0.08899896,0.038373645,0.091883846,0.073713414,0.01567693,0.0058853193,0.011519173,0.0007756063,0.013764246,0.0072255507,0.009237491,-0.00022119255,0.011588978,0.008458379,0.008967838,-6.1737315e-05,0.12011302,0.051848594,0.114324965,0.07247804,0.017529514,0.011445312,0.017219393,0.010755167,0.14429186,0.089014545,0.035472665,0.099988066,0.07835996,0.080268465,0.036380865,0.08967231,0.07058757,0.012386046,0.009143544,0.013733233,0.0119442055,0.012042852,0.011222736,0.013435171,0.012301057,0.010803012,0.013302932,0.011960341,0.0115097705,0.16274588,0.033706807,0.14256656,0.072483785,0.053608634,0.011029155,0.048565567,0.014627753,0.14166535,0.059912525,0.14125288,0.10218521,0.1333125,0.05292643,0.13354445,0.091158405,0.1157027,0.041655686,0.11652998,0.077413775,0.031451393,0.020137846,0.03312015,0.012538375,0.02984485,0.01602189,0.0319154,0.012133434,0.025260853,0.011550024,0.028030107,0.011731978,0.13931222,0.05614227,0.12647937,0.07766259,0.034385387,0.015009431,0.03193393,0.019013729,0.13785161,0.061359584,0.14301983,0.1103926,0.11998451,0.061380975,0.123999916,0.094003394,0.031295598,0.015966222,0.03170628,0.026638044,0.031139193,0.017320126,0.03229637,0.02876118,0.027159942,0.018909007,0.028894456,0.027657,0.13556223,-0.035089757,0.11103256,0.045282476,0.041029718,-0.02488752,0.031881418,0.0034119277,0.103297845,0.025357077,0.09929573,0.072238214,0.09516744,0.023794118,0.09174846,0.06362999,0.07716243,0.020017259,0.07474078,0.051027887,0.0057497392,-0.009314783,0.004983403,-0.00204674,0.005008302,-0.009210645,0.00412476,-0.0009819928,0.00014801047,-0.0075912704,0.0004059018,-0.0025426168,0.13728262,0.045021947,0.119870424,0.07367397,0.03237336,0.02516797,0.030377308,0.02454285,0.13880098,0.07087076,0.13866234,0.11701285,0.11824155,0.066296756,0.11813459,0.10218905,0.032471865,0.029972048,0.03411636,0.03187966,0.032514688,0.03142157,0.035075508,0.033563767,0.027991302,0.031874925,0.030859817,0.03257876,0.0,-0.0007414414,0.0,0.001592833,0.0,0.0045024985
L_V2_ROI,Left,184,0.011524387,-0.0013906154,-0.00059891347,0.0,0.002636956,0.0,0.005879483,0.0,0.009727504,0.0015796999,0.0030659544,0.00368728,0.006577485,0.0,0.011278413,0.0,0.0014933668,0.0,0.006315052,0.0,0.010019741,0.0,0.00092266535,0.0,0.006375048,0.0,0.010211019,0.15130761,0.06078153,0.13641424,0.08970832,0.034227848,0.004826244,0.021233037,0.002141543,0.101383194,0.049153205,0.10325955,0.08254395,0.09894402,0.04464883,0.098323755,0.07880514,0.09197723,0.039651763,0.09136455,0.07319517,0.021572156,0.007201403,0.014472222,-0.006203853,0.02045883,0.008309797,0.010818258,-0.00529563,0.01816353,0.008874894,0.009805875,-0.0041601993,0.120085016,0.06018595,0.11657025,0.079958566,0.02231613,0.030435888,0.021583077,0.01920909,0.14358354,0.08646929,0.060427677,0.09904332,0.08162653,0.080301754,0.06983107,0.090457626,0.07747584,0.016622664,0.023597479,0.020000953,0.018709062,0.016632235,0.02629906,0.02019083,0.019874446,0.015259749,0.027994815,0.018207816,0.020304486,0.170962,0.026227565,0.14905119,0.0723713,0.0717436,0.016518844,0.06382019,0.022433277,0.14278112,0.0583061,0.14203505,0.10081808,0.13614716,0.050475746,0.1354481,0.09111677,0.117569625,0.038209524,0.11832978,0.0795831,0.03842467,0.028247729,0.041178953,0.013770916,0.037496828,0.022620516,0.038830686,0.013505825,0.03186199,0.015451359,0.03342697,0.012388222,0.14085825,0.050127305,0.12660898,0.0771983,0.037606057,0.025303032,0.03387311,0.022596732,0.13913338,0.072073646,0.14319412,0.111760624,0.121985145,0.074876875,0.12558745,0.09931862,0.038261868,0.0337919,0.0390216,0.034699306,0.0379928,0.033928424,0.039790865,0.036895007,0.032790687,0.03338807,0.03543522,0.035980497,0.14067955,-0.037467193,0.11348092,0.04198709,0.05529042,-0.018270425,0.044161234,0.010055975,0.09446742,0.018833533,0.090276435,0.06488518,0.088490225,0.01719741,0.084111944,0.05952174,0.07054108,0.01668872,0.0678911,0.05007083,0.004171915,-0.0059747486,0.0043276926,-0.00085863005,0.0026351637,-0.005514158,0.0028531647,0.0015264452,-0.0021740415,-0.0028599272,-0.0010022399,0.000102989965,0.14119843,0.04044572,0.12153934,0.07406355,0.038574073,0.035198916,0.03670827,0.031216333,0.14575915,0.08244211,0.1440985,0.123266146,0.12397028,0.08049791,0.12262758,0.11317821,0.039688505,0.048210494,0.040782493,0.042386204,0.040597383,0.049473736,0.04280127,0.045375194,0.03566135,0.049885426,0.038351536,0.044749763,0.0,0.0024627883,0.0,0.0061767953,0.0,0.009338845
L_V3A_ROI,Left,193,0.009923771,0.00069340697,0.00094352255,0.0,0.005116266,0.0,0.007874145,0.0,0.011663854,0.003258698,0.0049287044,0.006574498,0.008897027,0.0,0.012249061,0.0,0.0031225467,0.0,0.009236066,0.0,0.011003894,0.0,0.0020308937,0.0,0.008943596,0.0,0.010963903,0.14230718,0.059894454,0.128356,0.09186818,0.03374204,0.011949373,0.021579519,0.012363421,0.10411103,0.06576824,0.10683171,0.092740245,0.099778585,0.058711942,0.09807979,0.0876948,0.09287549,0.04325131,0.09014897,0.080037616,0.025882598,0.022605736,0.018994149,0.009319505,0.022837903,0.023559006,0.0121646905,0.010089098,0.020525014,0.022082645,0.010731994,0.01172123,0.1216736,0.07174672,0.11727791,0.08698616,0.022862485,0.028498681,0.023069935,0.022052033,0.14849249,0.08970715,0.08672804,0.10238838,0.09715249,0.08262152,0.086678684,0.093727544,0.08894629,0.019285606,0.036870223,0.025112841,0.028623568,0.016736755,0.03824134,0.022214707,0.028459972,0.014405579,0.036972653,0.019244224,0.026061384,0.156005,0.02713648,0.13492468,0.06916088,0.07402505,0.022113774,0.064284824,0.026972998,0.13673538,0.07290771,0.14015408,0.106320314,0.12403674,0.06570255,0.12722367,0.09460077,0.10161739,0.046961874,0.10489605,0.078819335,0.04630107,0.044195954,0.050583232,0.024449904,0.042394694,0.037967276,0.04453364,0.024975419,0.034026563,0.029959515,0.035906717,0.0239358,0.13479505,0.048493892,0.12129637,0.08039431,0.037711725,0.023476394,0.034416355,0.023397326,0.13727927,0.08910651,0.14269161,0.12118367,0.11355422,0.08464463,0.12015378,0.107689574,0.044796728,0.043361593,0.04688254,0.04157952,0.040714227,0.042834427,0.043543886,0.041814238,0.03140646,0.04059681,0.035566676,0.039400276,0.1240309,-0.05578725,0.09483296,0.025100881,0.049342453,-0.013018621,0.03580223,0.007788164,0.0865684,0.021038748,0.08463489,0.067417264,0.07331041,0.024636595,0.07262183,0.05614069,0.051710878,0.018725254,0.05175181,0.04180612,0.0036355597,0.0035416733,0.006344982,0.0046451455,0.00047696702,0.0056220726,0.0026555376,0.005863971,-0.005379995,0.0060037463,-0.002840429,0.00332417,0.13514847,0.034334585,0.11735564,0.07482655,0.035713922,0.029279264,0.03268552,0.027420145,0.14154169,0.10151126,0.1426723,0.13193119,0.112682976,0.09594996,0.11513231,0.11997971,0.048017528,0.043265898,0.047822006,0.047740966,0.04424561,0.04244572,0.04525519,0.04797721,0.034088507,0.042687524,0.036241475,0.044007003,0.0,0.006690548,0.0,0.009013833,0.0,0.010467298
L_V3B_ROI,Left,199,0.0046259197,0.009705679,0.00993416,0.0,0.0065468187,0.0,0.0069093117,0.0,0.0032681508,0.006081336,0.0059717395,0.006434597,0.0064952504,0.0,0.0032350174,0.0,0.00459308,0.0,0.0047275242,0.0,0.004046644,0.0,0.0050507677,0.0,0.004673247,0.0,0.0029394026,0.12845169,0.09914643,0.12556462,0.11018011,0.02367131,0.02632357,0.024901696,0.016075984,0.09258765,0.099436924,0.10591399,0.11218509,0.08815356,0.0960961,0.099945605,0.10685354,0.08243878,0.09315903,0.091558434,0.09899186,0.019291217,0.020767761,0.022094455,0.025728635,0.019211737,0.023059446,0.022449058,0.02299722,0.018158184,0.022435185,0.020328159,0.020428259,0.097528584,0.06327331,0.09378909,0.06997363,0.008655927,0.012353155,0.009092523,0.008418002,0.14702095,0.06923653,0.070197195,0.07837292,0.0732706,0.060818736,0.071632266,0.066475555,0.070852816,0.008045235,0.013010906,0.009799943,0.0115762865,0.0075353417,0.012855509,0.009036012,0.010988996,0.0067073843,0.011997673,0.0075359284,0.008870595,0.17368847,0.08233318,0.16051883,0.11585522,0.044946045,0.034204636,0.044232108,0.027664896,0.18086328,0.13670678,0.18482845,0.16251086,0.17145598,0.12800243,0.17663512,0.15186156,0.1427431,0.117460266,0.14816038,0.13940562,0.05957082,0.048553232,0.06280421,0.056240052,0.056264997,0.04990909,0.06016602,0.053614568,0.04387068,0.047467604,0.047411524,0.04863954,0.12935315,0.06379187,0.11781088,0.08273251,0.04015496,0.03271362,0.03736394,0.024058817,0.13621688,0.10474624,0.14144322,0.12214839,0.11036951,0.10005722,0.11419646,0.11203154,0.04807475,0.043274947,0.05027605,0.049357027,0.04336776,0.04342658,0.046006177,0.04516771,0.032767903,0.04062616,0.03621048,0.04179782,0.16190754,0.04365209,0.14387713,0.09389846,0.04002516,0.017218377,0.037157804,0.020629318,0.17499097,0.11938562,0.1730778,0.14817643,0.16427429,0.11198465,0.16403331,0.13954565,0.13162707,0.102473035,0.13178897,0.12611136,0.05529659,0.0364458,0.05525269,0.042821933,0.05194476,0.036414437,0.053032745,0.04082292,0.039718088,0.034466684,0.041387506,0.03870935,0.14156532,0.060575478,0.12461552,0.078929305,0.04634237,0.027924085,0.04335612,0.02489519,0.15676561,0.116250314,0.15934236,0.133566,0.12573695,0.106139645,0.12676808,0.12341776,0.0616528,0.04253369,0.06420462,0.054881234,0.05579795,0.04213857,0.058892243,0.050496347,0.04226526,0.03963651,0.04648619,0.047521766,0.0,0.006237013,0.0,0.006011049,0.0,0.004559994
L_V3CD_ROI,Left,338,0.0039905533,0.0049307547,0.00494807,0.0,0.0073602446,0.0,0.008386996,0.0,0.0017035992,0.006814522,0.0077139377,0.0070973164,0.007871931,0.0,0.0016133935,0.0,0.006808161,0.0,0.0050682193,0.0,0.003514758,0.0,0.008236714,0.0,0.0054815277,0.0,0.002598663,0.109395124,0.06616593,0.102638826,0.086194895,0.013155952,0.018091245,0.0143394265,0.017599477,0.06742189,0.08371651,0.07215833,0.067917556,0.06473159,0.07539659,0.06697831,0.06665517,0.061514996,0.071348324,0.06277096,0.06311957,0.00953657,0.013928852,0.011311854,0.016354576,0.010382971,0.015161678,0.012672363,0.015950168,0.010660335,0.017252792,0.012408368,0.014221385,0.10496723,0.051859036,0.096746765,0.074000835,0.012768886,0.008947871,0.010236081,0.009271363,0.14916004,0.07021962,0.063437484,0.07061407,0.06765902,0.06390844,0.06438335,0.06374828,0.05816508,0.009824866,0.013123229,0.007641331,0.00881117,0.009590991,0.011609083,0.008468869,0.009242818,0.009525535,0.010755453,0.008567826,0.009946807,0.1515466,0.051601965,0.13912964,0.10169161,0.028171787,0.022543259,0.027753046,0.026690613,0.14863002,0.121465586,0.14839162,0.13087107,0.14189446,0.11612289,0.1434145,0.1250437,0.12089675,0.10922507,0.12377066,0.11499617,0.03764646,0.03471297,0.037395373,0.037219904,0.03716821,0.038495645,0.03780001,0.039012365,0.031502023,0.03949349,0.03291502,0.036069535,0.14207654,0.053068135,0.12878652,0.092231125,0.043404635,0.019043233,0.040504534,0.02657204,0.14166133,0.1036126,0.14524725,0.13108742,0.121172704,0.10154661,0.12462843,0.11720623,0.04741769,0.042322654,0.04826869,0.04892235,0.046374165,0.041760765,0.04983511,0.050979793,0.03958376,0.039835393,0.043463785,0.04775056,0.15022826,0.014480446,0.1356346,0.08313961,0.023636648,0.01170512,0.022081735,0.012477224,0.15015793,0.1074545,0.14973603,0.12686564,0.14288032,0.101416275,0.1454221,0.11955488,0.11804865,0.09005981,0.121992275,0.110322356,0.035328656,0.024936555,0.034664057,0.0286253,0.03461669,0.025386253,0.034923006,0.028131455,0.028503507,0.023732174,0.02948401,0.026044052,0.14972855,0.034178577,0.13436945,0.08287212,0.037637953,0.018791622,0.035059307,0.0210162,0.15871587,0.11311139,0.164814,0.14405036,0.13441978,0.10526524,0.13999806,0.1340886,0.047811083,0.04117813,0.049471404,0.046689562,0.045955643,0.03933674,0.049232822,0.047519684,0.038102638,0.03637618,0.041810293,0.044837095,0.0,0.0093063265,0.0,0.0070816274,0.0,0.0029620433
L_V3_ROI,Left,185,0.00967052,0.00068271207,0.0010955181,0.0,0.0041292002,0.0,0.008081818,0.0,0.011245378,0.0032174906,0.0045208274,0.0056375638,0.008591829,0.0,0.012788682,0.0,0.0024579228,0.0,0.0084986845,0.0,0.01104936,0.0,0.00160655,0.0,0.008160972,0.0,0.010984748,0.14018643,0.053924266,0.12641674,0.08385623,0.031268053,0.0058985385,0.019275174,0.0013321509,0.09718907,0.05199548,0.09982646,0.08104116,0.09463191,0.048704058,0.09309657,0.079798356,0.08704386,0.044581804,0.08630537,0.07245337,0.024741571,0.0075690947,0.017926414,-0.0052542207,0.024356978,0.009765014,0.014007222,-0.0025961976,0.022060405,0.0101851085,0.013258756,-0.0014597316,0.11674162,0.055916805,0.11290292,0.07775371,0.026911948,0.027249474,0.026375055,0.023388954,0.13245532,0.08293204,0.06769353,0.095492624,0.08970087,0.076961644,0.07363447,0.08731354,0.0815597,0.02025845,0.034269657,0.025773799,0.027774902,0.020835342,0.035732184,0.025836786,0.029620405,0.018865217,0.035813067,0.023679318,0.028651308,0.14978373,0.024135068,0.1304574,0.061347272,0.068198934,0.023445493,0.060448237,0.020015629,0.12983271,0.06494814,0.1301994,0.090726964,0.12285483,0.057072796,0.12252383,0.08321814,0.10410071,0.044931587,0.10590546,0.0704046,0.037115403,0.032312952,0.041608494,0.015012278,0.037073135,0.028028777,0.039995763,0.016198322,0.032195862,0.022309424,0.035150345,0.015349685,0.12607765,0.04182224,0.113665946,0.06992442,0.036415853,0.027687164,0.03424731,0.023466486,0.12781537,0.077519886,0.1312287,0.10628593,0.10991764,0.075140156,0.114144914,0.08994637,0.038361043,0.038117856,0.041308634,0.037645757,0.038305346,0.038506154,0.04201523,0.040636633,0.032764763,0.03794435,0.037548948,0.038617894,0.11658369,-0.041259028,0.09038542,0.023357725,0.047825642,-0.012433354,0.03642764,0.007017757,0.07816774,0.011418015,0.07348596,0.04446384,0.07210559,0.008740663,0.06734913,0.041122206,0.05503651,0.006626122,0.052142207,0.030995537,-0.0054711727,-0.0040431577,-0.0038879982,-0.006043922,-0.0057990015,-0.002959035,-0.003632046,-0.0019536514,-0.007755823,-0.0012082383,-0.005370948,-0.00068122573,0.12509844,0.040150918,0.10664047,0.06491436,0.036517028,0.038529545,0.034986336,0.0297666,0.13358045,0.08385665,0.13061176,0.11043279,0.11093325,0.07788956,0.10945295,0.09743201,0.041091736,0.046065036,0.04269845,0.044454545,0.04151795,0.04776015,0.043970373,0.046795838,0.03565555,0.049339656,0.038683355,0.044949595,0.0,0.004455858,0.0,0.008757153,0.0,0.011317863
L_V4_ROI,Left,186,0.0043835356,0.007270388,0.007962735,0.0,0.004650508,0.0,0.008293271,0.0,0.0067353616,0.005132469,0.005161293,0.0072817234,0.008160965,0.0,0.007613092,0.0,0.0047260183,0.0,0.01027059,0.0,0.0073928237,0.0,0.0060865236,0.0,0.009945282,0.0,0.008156635,0.13181557,0.08516001,0.12302407,0.09921552,0.030834673,0.023624886,0.025014518,0.022309924,0.09460671,0.07915731,0.10365154,0.11037833,0.09125291,0.08086812,0.09948498,0.10942186,0.08237045,0.07783947,0.0911294,0.10219154,0.026988376,0.026159158,0.026070645,0.022257345,0.027731787,0.02582324,0.026085064,0.024641857,0.025562461,0.024003522,0.024957124,0.023885077,0.11814426,0.05917782,0.113508835,0.08189509,0.034401465,0.016613558,0.033411,0.022377854,0.1857511,0.08691145,0.05307478,0.09818323,0.101465836,0.077924065,0.05651579,0.08697014,0.09235085,0.02340841,0.019468756,0.026790112,0.026750501,0.024192063,0.017565256,0.027177092,0.027757498,0.021329297,0.016598614,0.024047023,0.025630465,0.17178926,0.06135166,0.15018275,0.09487127,0.06384796,0.026604682,0.057248767,0.034120563,0.1721468,0.10271911,0.17267302,0.145354,0.16066203,0.09663032,0.16263473,0.1365943,0.13243033,0.08624349,0.13528843,0.11672825,0.06297117,0.043395888,0.06587053,0.050316818,0.059904285,0.042462267,0.06242508,0.051372614,0.04873729,0.03773054,0.05141286,0.04613895,0.16402861,0.055359717,0.1460024,0.09449149,0.06128419,0.0280507,0.05663281,0.03602748,0.17305198,0.09587567,0.17812085,0.15201628,0.14136897,0.08990901,0.14632979,0.12740852,0.06609726,0.04024428,0.06908427,0.059348766,0.06145508,0.04077289,0.06538332,0.058283523,0.047422234,0.040470768,0.0516688,0.05036998,0.15218808,0.024116857,0.12819065,0.07001434,0.050145634,0.02144608,0.042222913,0.025701592,0.15121433,0.08237594,0.14707203,0.118319474,0.13943759,0.07661063,0.13814056,0.11244098,0.11137177,0.068541475,0.11085157,0.09309793,0.04146547,0.03533741,0.04314226,0.03941784,0.04003111,0.03563333,0.042301383,0.042566005,0.032134186,0.033091534,0.034980215,0.040649105,0.16797172,0.046957877,0.14640464,0.089909784,0.061219182,0.04125384,0.054694064,0.035312288,0.18598565,0.118624344,0.18551514,0.15529178,0.14743719,0.10645996,0.14921,0.1343873,0.07677543,0.050960798,0.07731306,0.06577122,0.069985755,0.050894614,0.07189863,0.06346684,0.053055227,0.049631473,0.055987455,0.056165837,0.0,0.0052297744,0.0,0.010587445,0.0,0.008930766
L_V4t_ROI,Left,336,0.0018550415,0.008294998,0.008428038,0.0,0.0043457733,0.0,0.00447116,0.0,0.0028294805,0.004835626,0.004525248,0.0044253655,0.0036423083,0.0,0.0032306158,0.0,0.005224281,0.0,0.0057843663,0.0,0.0021448326,0.0,0.0049045086,0.0,0.005730105,0.0,0.0027301544,0.12492659,0.054619756,0.11382981,0.09623196,0.020253792,0.008554814,0.017636035,0.015766082,0.06916549,0.08346426,0.07062366,0.08420311,0.06739426,0.079539046,0.072209075,0.088875,0.064271584,0.07610312,0.06757688,0.082838126,0.004733069,0.030230414,0.005253392,0.020821676,0.004596064,0.03364406,0.0057382053,0.021553919,0.004394302,0.033593144,0.0055564675,0.018303486,0.11948975,0.05478028,0.11736142,0.09731,0.019823465,0.011851631,0.020116743,0.020501597,0.16772306,0.08111433,0.05687825,0.08675289,0.09264697,0.07778801,0.058870576,0.08374752,0.08817085,0.011581842,0.020990744,0.013189085,0.021862075,0.012554597,0.019762564,0.014127354,0.022840116,0.01192074,0.016922353,0.013628437,0.020569334,0.16445848,0.06339823,0.14914756,0.11299979,0.03902105,0.011894975,0.036889933,0.02872687,0.14893849,0.11485856,0.15072864,0.14593914,0.14711364,0.107933484,0.15171187,0.1492769,0.1288174,0.10015391,0.13318165,0.13808686,0.04729288,0.04388439,0.049395226,0.050470103,0.0443145,0.05057727,0.04598119,0.052000623,0.03444351,0.051026236,0.03606108,0.04815535,0.1650883,0.051964674,0.15399127,0.10925612,0.050825387,0.022380482,0.04823905,0.03274997,0.16694863,0.1015107,0.17467426,0.1665738,0.14858915,0.09510589,0.15678133,0.15521319,0.05319451,0.04445118,0.05622291,0.053578146,0.05180309,0.044563312,0.05595401,0.05542196,0.04315186,0.042106617,0.04732242,0.051348597,0.16798079,0.05710322,0.15451324,0.104231335,0.04589216,0.024847869,0.045599516,0.033708863,0.15766041,0.1064452,0.16230197,0.14494021,0.15645118,0.09540762,0.16253117,0.14755918,0.13607028,0.08404797,0.14188334,0.13396108,0.061789054,0.047489617,0.06554662,0.058601424,0.060122836,0.053916637,0.06342763,0.05961106,0.050259188,0.056512255,0.054424275,0.056289155,0.16647105,0.03207494,0.15397283,0.09501148,0.042346567,0.019480929,0.03938924,0.024247274,0.17746907,0.110105604,0.18707503,0.17349331,0.15471458,0.099151865,0.16473973,0.16308148,0.053745553,0.040453937,0.057432715,0.05131484,0.052067585,0.04002807,0.056090433,0.052447993,0.04226176,0.03739806,0.045483336,0.047973413,0.0,0.005964152,0.0,0.006024604,0.0,0.0036000018
L_V6A_ROI,Left,332,0.00073128584,0.00918442,0.009953268,0.0,0.0048766877,0.0,0.008426677,0.0,0.008331365,0.0054901103,0.00481234,0.008530028,0.007977984,0.0,0.008798265,0.0,0.004052451,0.0,0.008168475,0.0,0.007048852,0.0,0.002859361,0.0,0.0073948503,0.0,0.0055738385,0.13072307,0.10332698,0.12668923,0.11360289,0.017519042,0.020011907,0.01608367,0.013389787,0.08612468,0.09019259,0.097001866,0.09749219,0.08447924,0.08934646,0.095455326,0.09705859,0.08009043,0.08743757,0.088836476,0.09719328,0.016874129,0.023042908,0.017973611,0.018231275,0.01589567,0.02347947,0.016196653,0.01754351,0.013360402,0.022955235,0.012677213,0.016156971,0.11826176,0.07724304,0.112750396,0.08892977,0.019864872,0.008737146,0.016688896,0.00956016,0.18480931,0.08303041,0.077341825,0.09496852,0.09100459,0.0776973,0.07385623,0.08620933,0.08658953,0.012638052,0.022548558,0.014399497,0.017891467,0.01263045,0.022419635,0.013883782,0.014629647,0.010967398,0.023530394,0.011783942,0.013588035,0.16859919,0.10376422,0.1557946,0.1185592,0.03648758,0.019868491,0.03530251,0.022457173,0.17491923,0.13159455,0.17504756,0.15069355,0.16270101,0.12989236,0.16932862,0.14365353,0.1322909,0.12546319,0.13960518,0.13242185,0.054115538,0.043476235,0.057108752,0.051630493,0.0483425,0.041909676,0.05207664,0.047932036,0.036379095,0.03845,0.040119406,0.040606797,0.15229343,0.07915855,0.13697141,0.100028045,0.04400621,0.02225454,0.037175685,0.023093287,0.16886783,0.13132428,0.17495492,0.14798158,0.13439447,0.12381667,0.14216873,0.13279428,0.060619883,0.042050563,0.060831245,0.055718172,0.054499153,0.042288896,0.0563384,0.05122972,0.039844573,0.042374138,0.04318787,0.04391496,0.15365352,0.05261755,0.1367216,0.08964043,0.02995119,0.010979983,0.02813274,0.016929487,0.1687144,0.1117029,0.16710871,0.13873537,0.15367147,0.11089685,0.15692572,0.12882243,0.11915135,0.10310357,0.121862225,0.113144696,0.046992574,0.033476666,0.0484199,0.039772704,0.043673404,0.032377295,0.04574852,0.038421717,0.03322278,0.029171046,0.035798028,0.033107713,0.15774776,0.05960976,0.13897182,0.08959311,0.05029204,0.022342855,0.04500615,0.028752519,0.19128,0.1350228,0.195184,0.16276091,0.14643063,0.12253109,0.15114938,0.1445462,0.07260981,0.045066867,0.07394793,0.06380991,0.06616077,0.04404434,0.06842412,0.060477864,0.049100824,0.041955322,0.052651234,0.052381147,0.0,0.0066924947,0.0,0.0074734134,0.0,0.006601568
L_V6_ROI,Left,183,0.0044351034,0.006381342,0.0064731566,0.0,0.0043951725,0.0,0.004315525,0.0,0.004841055,0.003839004,0.0047786077,0.0031681398,0.004054758,0.0,0.004778794,0.0,0.0034456442,0.0,0.005222596,0.0,0.0040978906,0.0,0.003244494,0.0,0.0046972292,0.0,0.0035876404,0.11255003,0.03752167,0.09982856,0.06817792,0.019916147,0.020957757,0.008730523,0.0030923975,0.07895989,0.058113273,0.07925113,0.06828688,0.0766146,0.055363834,0.072525814,0.0613293,0.06794196,0.04970289,0.0646987,0.058394592,0.019061295,0.025756713,0.010178893,0.007947273,0.017657852,0.03028699,0.007049521,0.007950173,0.012719884,0.03182095,0.0040632566,0.0058836485,0.10898677,0.055713005,0.097374015,0.06904131,0.020730525,0.03187752,0.017916733,0.022385834,0.16606332,0.07493653,0.07948697,0.07974135,0.07402284,0.06915887,0.07834113,0.07070234,0.068187416,0.020006966,0.031169144,0.024090739,0.02827263,0.018221771,0.034738623,0.02226287,0.02543802,0.014026078,0.03709064,0.016847285,0.020050174,0.14706668,0.047604438,0.12791492,0.08350528,0.050496582,0.014634248,0.044633087,0.0145893255,0.14454035,0.08371744,0.14319588,0.115860455,0.12997174,0.0768924,0.1292931,0.10246011,0.10614959,0.0686513,0.10415999,0.089905895,0.050816357,0.027867563,0.056511533,0.034640398,0.045190196,0.027728768,0.04864802,0.030303178,0.034084886,0.027312387,0.03726863,0.02257536,0.15023185,0.07147544,0.13053657,0.09814515,0.053389605,0.03055176,0.046727866,0.03355237,0.15054289,0.119968146,0.15209715,0.14220679,0.1251019,0.11013042,0.124406464,0.1291842,0.07201543,0.058885384,0.07557015,0.07703465,0.06240665,0.05951474,0.067992575,0.06994312,0.046101984,0.05729342,0.051633734,0.05741197,0.12967646,0.03802002,0.111608416,0.080320366,0.0336256,0.0056060953,0.0286895,0.016001703,0.12205432,0.08676351,0.12326865,0.11757518,0.10418935,0.08213015,0.10822296,0.10711704,0.080544375,0.07529758,0.08170115,0.09117333,0.020988446,0.026478149,0.02559482,0.02623805,0.01660952,0.027182695,0.021612821,0.025542976,0.009420039,0.027025016,0.014179725,0.021587562,0.15716128,0.08413322,0.1422596,0.11027443,0.054786626,0.042595632,0.05269695,0.04597555,0.1692492,0.16161576,0.17665103,0.18148543,0.13751219,0.14872718,0.14308845,0.16543303,0.07767225,0.06889659,0.08168242,0.0825416,0.068351515,0.07382857,0.07466226,0.07941799,0.05133639,0.0751505,0.058043893,0.07053138,0.0,0.0052910754,0.0,0.003916912,0.0,0.0033931802
L_V7_ROI,Left,196,0.0014865235,0.0061973934,0.006753784,0.0,0.0031342087,0.0,0.0072163045,0.0,0.0057401354,0.0036735265,0.0032078288,0.0074296473,0.0072647408,0.0,0.0061813723,0.0,0.002340321,0.0,0.00853516,0.0,0.00567292,0.0,0.0021325753,0.0,0.0074244966,0.0,0.004824635,0.11129997,0.075808994,0.109328106,0.090177566,0.014688858,0.012957326,0.011907831,0.013912973,0.08795817,0.100435585,0.09583961,0.09987509,0.08152387,0.10193126,0.09144444,0.096031405,0.072702676,0.09518958,0.08097428,0.09320614,0.018364204,0.023072667,0.01702043,0.021348322,0.01580105,0.029099874,0.014749906,0.016989464,0.012100303,0.029478353,0.010370526,0.014354523,0.103732854,0.053710964,0.09787581,0.06965846,0.015421686,0.012155472,0.014138173,0.00914321,0.16223027,0.08121917,0.08524424,0.09165596,0.085276626,0.07112102,0.07958096,0.0787849,0.080699176,0.014197746,0.024634697,0.016412593,0.021924796,0.012600219,0.026029306,0.014812126,0.016298393,0.010324015,0.02472728,0.011730153,0.013225793,0.1373681,0.07078073,0.12727727,0.086908005,0.03227276,0.019113367,0.028994398,0.016248863,0.15582457,0.11956549,0.15651365,0.12958752,0.14007299,0.114417695,0.14704503,0.12581044,0.11288255,0.10562957,0.12119758,0.1152391,0.046162155,0.039850153,0.0476467,0.042789776,0.03958961,0.039484315,0.041665353,0.036319774,0.028463574,0.034795545,0.030995525,0.03104975,0.123081215,0.0492131,0.11143403,0.072585315,0.03116402,0.023449535,0.027747078,0.01711472,0.1446278,0.10305201,0.15147373,0.12608622,0.113264136,0.09125299,0.12216902,0.11165151,0.047893558,0.030392913,0.047692116,0.04121981,0.04032848,0.030851955,0.042938925,0.036074717,0.028778784,0.026691364,0.031777743,0.031063868,0.121024534,0.023085367,0.10571819,0.059197616,0.021671748,0.004826231,0.018160695,0.0054164943,0.13335906,0.07717213,0.13052851,0.10657057,0.120670326,0.06912026,0.12372004,0.107427,0.09658527,0.05695552,0.09845635,0.08824413,0.031119756,0.021334385,0.030353092,0.025015313,0.027410816,0.020297773,0.028274184,0.023234127,0.019594267,0.014858598,0.020920642,0.0193537,0.122677304,0.030010443,0.10622788,0.058450732,0.033295114,0.01861137,0.028582364,0.01600598,0.1511528,0.083963566,0.15440685,0.13364612,0.11657537,0.06495171,0.12050181,0.10999689,0.054619025,0.025911342,0.052201435,0.042338807,0.04821818,0.02406264,0.047464665,0.03912846,0.035014823,0.01793062,0.036419872,0.033979878,0.0,0.0048131193,0.0,0.0065113385,0.0,0.0060165157
L_V8_ROI,Left,187,0.005180257,0.011388639,0.011604899,0.0,0.0076991008,0.0,0.013659476,0.0,0.012380941,0.0074928957,0.008397155,0.010942134,0.0132900905,0.0,0.0131042665,0.0,0.0079470705,0.0,0.013281266,0.0,0.01218968,0.0,0.00929067,0.0,0.014359296,0.0,0.014818459,0.10413287,0.0636101,0.09812842,0.075203426,0.039235715,0.019458685,0.038250238,0.030799152,0.06961924,0.07123241,0.081585765,0.08994328,0.06607491,0.06458464,0.07739991,0.09155851,0.06039042,0.05356684,0.0680081,0.08883143,0.02223936,0.030915204,0.026587391,0.033025555,0.024110962,0.02702321,0.029555634,0.03317127,0.022521676,0.023376236,0.026579276,0.03232643,0.09443944,0.055768304,0.09583054,0.07379192,0.03042136,0.01629983,0.03046059,0.022957642,0.18261072,0.06824833,0.059498195,0.07843527,0.089092575,0.06227368,0.06198695,0.06952854,0.088924035,0.016980305,0.01969953,0.017302783,0.020447642,0.017939426,0.017826125,0.018853761,0.018478915,0.0160833,0.015005178,0.016531028,0.01611638,0.16269816,0.050902158,0.14292103,0.08940187,0.061627384,0.023005916,0.05414143,0.031652708,0.17868795,0.1085227,0.17715688,0.14796358,0.15741539,0.097958155,0.15972984,0.13743775,0.12158712,0.08527298,0.12381105,0.12030208,0.07217115,0.058545064,0.07093972,0.06481684,0.06358857,0.051079817,0.06430406,0.059380945,0.04692205,0.0444869,0.047148723,0.051707715,0.14992249,0.056762826,0.13585155,0.08979193,0.064828895,0.025191575,0.05838812,0.0357443,0.16164854,0.10142114,0.16616172,0.1438272,0.1247145,0.096313134,0.13025723,0.13030423,0.076518066,0.05295629,0.07636653,0.066088445,0.065821856,0.049516585,0.06797493,0.059162106,0.046623975,0.044800445,0.04983834,0.050096724,0.16818322,0.037544087,0.14668556,0.08469181,0.06752605,0.029931491,0.059311666,0.035070356,0.19657612,0.1281504,0.19170953,0.15868916,0.16973078,0.11625783,0.17160295,0.14508627,0.12762488,0.104708806,0.13077976,0.12556495,0.087346144,0.059332874,0.08642794,0.06985098,0.076201685,0.055377416,0.07797468,0.06547347,0.05666909,0.051347163,0.05933671,0.059695296,0.1680598,0.05508981,0.14894491,0.09024078,0.074668325,0.039551143,0.064191855,0.03747128,0.19445387,0.12553655,0.1966469,0.16558051,0.14216596,0.11450882,0.14785688,0.14752828,0.0994853,0.06131171,0.096541494,0.0769934,0.08160819,0.0552797,0.08210805,0.069243014,0.054794934,0.050083876,0.057179797,0.058042735,0.0,0.008125394,0.0,0.01349002,0.0,0.012476438
L_VIP_ROI,Left,229,0.003994264,0.007975249,0.007790916,0.0,0.005127024,0.0,0.0028815826,0.0,-0.001180355,0.004959572,0.0056399587,0.002103705,0.002397982,0.0,-0.0013511726,0.0,0.0060901497,0.0,0.0018128695,0.0,-0.0007513002,0.0,0.004897209,0.0,0.0022127202,0.0,-0.0017188461,0.13115227,0.075379126,0.13044704,0.11713229,0.02040377,0.023578366,0.020574357,0.01950072,0.09379982,0.10762586,0.10696812,0.11257396,0.09006215,0.10177329,0.10286334,0.10940574,0.08456588,0.09434115,0.09700846,0.10444461,0.019291919,0.025345247,0.020600837,0.027564704,0.0188715,0.02637828,0.019814843,0.027174532,0.016799528,0.026580382,0.018640473,0.02419508,0.11254172,0.048860755,0.10907311,0.089459084,0.01564859,0.01471862,0.014818112,0.013770207,0.15139449,0.082326606,0.10013379,0.09169745,0.09571848,0.075135104,0.096745156,0.08267853,0.08518105,0.01224876,0.02340802,0.011986432,0.016499488,0.0118471375,0.02349633,0.011278834,0.017187078,0.010006776,0.022144813,0.010731558,0.014225403,0.15758775,0.06373066,0.14791489,0.1174767,0.03350312,0.022266826,0.03285777,0.025815876,0.15320648,0.12692405,0.155914,0.15348424,0.1454627,0.119154185,0.15090817,0.14171597,0.1242288,0.11253357,0.13043448,0.1251389,0.047143187,0.041275896,0.04896343,0.04922814,0.04414719,0.040954985,0.04667094,0.048200294,0.035442527,0.03915069,0.038501382,0.041390643,0.13965198,0.049352527,0.12854886,0.09760162,0.039788757,0.01989597,0.03569316,0.023044221,0.14391586,0.11320758,0.14789614,0.14121155,0.122568585,0.10911678,0.12686613,0.12184856,0.046709124,0.033825845,0.045306314,0.041628785,0.043906864,0.0337304,0.043574158,0.041342195,0.034701854,0.031665538,0.03555354,0.036532007,0.14233412,0.039025586,0.12985002,0.090423316,0.024254607,0.0095641995,0.022389943,0.012942749,0.14043011,0.10345555,0.14113303,0.1303321,0.13208337,0.094103195,0.13500074,0.121418,0.10865243,0.086430885,0.11287238,0.10591938,0.035388023,0.02673301,0.03603913,0.031116493,0.033578426,0.02548951,0.035090115,0.030405825,0.02678522,0.022924196,0.028799322,0.027783392,0.1436098,0.04928219,0.13027011,0.08967413,0.03410986,0.018044554,0.030350314,0.018234393,0.1548041,0.12154614,0.15713936,0.1458399,0.12789606,0.11326195,0.13131167,0.12767899,0.047607195,0.031231482,0.046834167,0.040602412,0.043980535,0.028696153,0.04436432,0.039031312,0.034218155,0.024127806,0.03528952,0.035022978,0.0,0.004716105,0.0,0.0017033333,0.0,-0.00068791385
L_VMV1_ROI,Left,333,0.002412204,0.010503783,0.011249036,0.0,0.0047871615,0.0,0.007998061,0.0,0.009193956,0.0047284896,0.0047397674,0.0071763922,0.007524692,0.0,0.008349477,0.0,0.0035515947,0.0,0.006789915,0.0,0.006264851,0.0,0.0027964285,0.0,0.006847992,0.0,0.0056134122,0.1258805,0.08788163,0.119089134,0.09710569,0.029491993,0.019426703,0.019929422,0.009479008,0.09916895,0.105474405,0.1056004,0.09578333,0.09725606,0.10345869,0.1014465,0.09404821,0.08885539,0.09323401,0.09306144,0.096520476,0.03290621,0.03287946,0.026307534,0.021993158,0.030709984,0.034450177,0.023465397,0.019946616,0.026157813,0.031424914,0.019360257,0.0193977,0.1080143,0.073614195,0.10564415,0.07598328,0.027948815,0.03061488,0.026038496,0.02469164,0.17426135,0.08135371,0.07888025,0.09502732,0.08517314,0.072452374,0.079604805,0.08471333,0.07851689,0.022167819,0.03695738,0.027131516,0.030904679,0.0207198,0.037977044,0.024439843,0.028571285,0.016606571,0.036857303,0.020595444,0.027422188,0.17219014,0.08440072,0.15837802,0.11526548,0.06475752,0.020652665,0.058981158,0.032908373,0.18201731,0.15870224,0.19076107,0.16284166,0.1668127,0.15800297,0.17504539,0.15134534,0.13784671,0.13784991,0.14713442,0.1373912,0.06647629,0.061547276,0.07445917,0.06158459,0.061223127,0.058502115,0.06843941,0.058015887,0.04901911,0.05084598,0.055034157,0.05073323,0.1469953,0.08067429,0.13474835,0.09560366,0.05966133,0.033273455,0.053849045,0.037899382,0.157926,0.11778354,0.16492794,0.13861884,0.12785935,0.11103721,0.1364198,0.12011086,0.07808607,0.061063055,0.081586406,0.07708209,0.06889546,0.0610476,0.07277001,0.07218753,0.051308654,0.057063565,0.056632396,0.061718524,0.15382849,0.05827616,0.1368266,0.101210706,0.039902262,0.00654605,0.030064495,0.0149049405,0.15715417,0.1548654,0.16235341,0.15757586,0.13844194,0.15710592,0.14492609,0.14477266,0.108850785,0.13652156,0.11361467,0.12253277,0.028834712,0.041400727,0.03321422,0.036507692,0.024654059,0.040411998,0.029292185,0.0364326,0.017364802,0.03656247,0.019804342,0.03215081,0.15350607,0.0746268,0.13778768,0.10046256,0.05915982,0.040883213,0.053127445,0.04216012,0.18047656,0.14588536,0.18457724,0.16668713,0.14257191,0.13122666,0.14606786,0.14331362,0.08852356,0.072772615,0.089110605,0.08503001,0.077675276,0.07252379,0.0798478,0.079912364,0.058495875,0.06940942,0.060901187,0.06823028,0.0,0.005421475,0.0,0.0074363397,0.0,0.0059269043
L_VMV2_ROI,Left,340,0.0031846648,0.013368972,0.013869934,0.0,0.0060793096,0.0,0.0065290914,0.0,0.0025944016,0.0061069694,0.0055706333,0.0057031782,0.0054462603,0.0,0.0019679242,0.0,0.0056863627,0.0,0.004494117,0.0,0.0022997328,0.0,0.00513478,0.0,0.003687918,0.0,0.00083459215,0.13267793,0.106049344,0.13419247,0.11622743,0.029719252,0.030674566,0.026374314,0.018933391,0.09676483,0.1069498,0.11070877,0.10845149,0.0926542,0.10778057,0.10574812,0.103872426,0.08573073,0.105628975,0.09783631,0.09964271,0.025411332,0.027064567,0.025988262,0.027779326,0.024516232,0.02848008,0.025115645,0.025582517,0.021277122,0.02934526,0.021000225,0.022808498,0.09692022,0.07109934,0.10113229,0.082772925,0.014330482,0.014660636,0.011941141,0.0117768105,0.13943271,0.07084712,0.064464375,0.08760079,0.081943534,0.063902855,0.06014231,0.079196274,0.07647668,0.010544067,0.018694352,0.010749569,0.016518097,0.010075073,0.020042464,0.011519891,0.014069077,0.0077350168,0.022167511,0.008377483,0.011110217,0.16961004,0.101204105,0.16445541,0.12832613,0.04669192,0.031179646,0.046385173,0.036421806,0.17820418,0.1529721,0.18875913,0.16617621,0.1620646,0.15107381,0.17505822,0.15476386,0.13374478,0.13992558,0.14731888,0.14085583,0.060560487,0.056715727,0.065466344,0.06268743,0.05491588,0.058527168,0.060654603,0.060799696,0.04232028,0.05919638,0.04796649,0.055672403,0.1208526,0.084592715,0.11829597,0.09180204,0.039629694,0.03502314,0.037055947,0.02990304,0.12555571,0.104085736,0.13885005,0.1220036,0.10238412,0.09709691,0.11473532,0.10620061,0.04687863,0.036994204,0.047675557,0.0453376,0.04130985,0.041418828,0.043439597,0.043149486,0.030946923,0.044367697,0.033432744,0.038497172,0.15461358,0.067457154,0.14471526,0.11215877,0.032653447,0.014866351,0.029379442,0.01996472,0.16639693,0.1524309,0.17223339,0.15667212,0.14894333,0.14723746,0.15744828,0.14865415,0.11741048,0.13204049,0.12586965,0.13212308,0.046205048,0.037832938,0.04797488,0.043824293,0.041429397,0.03858047,0.043458555,0.04271885,0.030430915,0.040231794,0.033067726,0.03910851,0.124543674,0.06719001,0.11396543,0.08181074,0.0383523,0.029085675,0.03518662,0.025857609,0.14007843,0.11241009,0.14828797,0.13378015,0.109521195,0.10382024,0.11664279,0.11850776,0.055399515,0.04349939,0.058048755,0.0544259,0.04848862,0.04485628,0.051914033,0.050748173,0.036282945,0.04475496,0.039722174,0.045353968,0.0,0.006615033,0.0,0.00511959,0.0,0.0018785276
L_VMV3_ROI,Left,334,0.0022846365,0.005133431,0.005339087,0.0,0.007608488,0.0,0.008311235,0.0,0.0007203658,0.0062376135,0.006885643,0.005243406,0.0067634103,0.0,0.0006817765,0.0,0.0076814773,0.0,0.0056230924,0.0,0.0019047726,0.0,0.009752951,0.0,0.0051600332,0.0,0.0006623802,0.08793955,0.03236863,0.08610035,0.07084865,0.008868124,0.015102805,0.0067373733,0.011185565,0.063973255,0.07929081,0.071677126,0.07306882,0.06031182,0.0633016,0.06302205,0.065642886,0.05121434,0.04810565,0.056194387,0.05860669,0.011908828,0.021417517,0.011367662,0.01732667,0.01053217,0.022095455,0.009333885,0.013115263,0.007398668,0.02244785,0.0076855677,0.00914231,0.08434702,0.04825202,0.0875302,0.07503284,0.0054588164,0.0057235626,0.004731748,0.004832827,0.12682857,0.059876446,0.0905763,0.06713783,0.06974108,0.049513876,0.08114337,0.059094246,0.061164614,0.0050394335,0.013519635,0.0047223116,0.009634168,0.004360288,0.011400296,0.0048838817,0.0063132974,0.003443955,0.012633079,0.003905572,0.0046120766,0.1136672,0.0287493,0.10570376,0.065685846,0.033502907,0.023863241,0.030646835,0.021386107,0.12338646,0.09979886,0.13105406,0.11278854,0.10823129,0.088696875,0.11365451,0.09863835,0.08090227,0.06792376,0.09006015,0.0808258,0.038753957,0.04020184,0.040908728,0.04037514,0.034701493,0.039085772,0.03681657,0.03582218,0.025315788,0.037288684,0.028855931,0.030902836,0.107390165,0.058575425,0.10811972,0.07953016,0.026023002,0.023567079,0.025169853,0.019221494,0.1164291,0.11979055,0.12567638,0.11858655,0.089622796,0.10489941,0.10463435,0.10322302,0.035769347,0.032777373,0.036579017,0.03350308,0.031582322,0.032132063,0.03489982,0.032502156,0.023309825,0.033590693,0.02719124,0.030373435,0.110967636,0.0022202022,0.1005652,0.051785078,0.028021544,0.015037743,0.025199935,0.014005409,0.11897565,0.07223872,0.12511647,0.10206623,0.10275435,0.0645458,0.10866965,0.09319614,0.07408279,0.041965485,0.08211926,0.0781432,0.027420016,0.02925517,0.030921472,0.031879663,0.02409542,0.026600521,0.028465789,0.030043157,0.017725797,0.024779094,0.021521209,0.02814662,0.11840977,0.052700255,0.114258714,0.07299044,0.025619913,0.016084088,0.024039747,0.010299728,0.13669585,0.113591425,0.14605553,0.13510889,0.1049069,0.096728764,0.11910723,0.12044145,0.042211,0.02924217,0.044414576,0.035704885,0.037231322,0.027576135,0.041443262,0.035153348,0.026735453,0.0266839,0.03099799,0.03279042,0.0,0.009255658,0.0,0.0063660694,0.0,0.0022838612
L_VVC_ROI,Left,343,0.005051307,0.017002976,0.017474117,0.0,0.009176743,0.0,0.014087395,0.0,0.0114991665,0.007590339,0.0087447865,0.0106083965,0.01288313,0.0,0.010433554,0.0,0.008241506,0.0,0.015871568,0.0,0.011443581,0.0,0.008769444,0.0,0.016383087,0.0,0.01305637,0.13282327,0.08703138,0.12928459,0.10773168,0.04191719,0.02613261,0.038490172,0.0331008,0.10058751,0.09252934,0.11529681,0.12073102,0.09339108,0.086432874,0.10724483,0.12006412,0.08419099,0.08191799,0.09452756,0.10843766,0.032737263,0.039151996,0.032501467,0.038704008,0.03184866,0.037882265,0.03303829,0.03784904,0.028327977,0.035676897,0.0288167,0.034264676,0.11893304,0.09632304,0.12807848,0.10343232,0.023013372,0.020739362,0.026420109,0.02119753,0.20640716,0.0881435,0.09096387,0.11109977,0.12332406,0.0814886,0.091153294,0.10051141,0.116070025,0.0152260335,0.021774692,0.017713696,0.02275546,0.015118852,0.019958459,0.018024988,0.021911435,0.013028489,0.018551879,0.016105933,0.017168436,0.17862341,0.09597268,0.16091019,0.11343381,0.07640559,0.03884874,0.0696512,0.041387003,0.19580713,0.13470127,0.20013365,0.17208292,0.1735075,0.122218505,0.18152453,0.16237855,0.13577159,0.10886516,0.14318424,0.13740776,0.08220006,0.07445987,0.08479676,0.07140765,0.07431281,0.06965609,0.07797343,0.06637035,0.056759104,0.062000584,0.06057432,0.05857881,0.17137772,0.1070951,0.16019356,0.12154655,0.06582716,0.034381837,0.06250106,0.044359688,0.1838489,0.13981807,0.19764134,0.18784744,0.14726451,0.13051887,0.15927894,0.1618907,0.07442562,0.061865028,0.076974265,0.06954889,0.06524337,0.05839931,0.07028837,0.06479965,0.04783062,0.05449373,0.054656144,0.054733463,0.16176333,0.060210053,0.14026102,0.08807647,0.07232255,0.033352047,0.06280549,0.03822243,0.18256317,0.11767541,0.1804547,0.15630957,0.15808877,0.10568492,0.16188619,0.14214694,0.116222575,0.09449936,0.12182809,0.11556236,0.07808185,0.065673955,0.08038369,0.07241099,0.06923879,0.06352843,0.074464075,0.06529983,0.05165222,0.057036515,0.05709986,0.058000926,0.181213,0.094650276,0.16393304,0.11671413,0.07725119,0.05099111,0.07053308,0.048516493,0.20690201,0.1549417,0.21319686,0.1935815,0.15558398,0.13835613,0.16397965,0.16382861,0.10081184,0.07804731,0.101407155,0.088301554,0.08528171,0.07161528,0.08950081,0.07998987,0.059969734,0.06412083,0.065733604,0.06668215,0.0,0.007839739,0.0,0.013223127,0.0,0.010834818
L_a10p_ROI,Left,269,0.0061375056,0.0022228712,0.002165498,0.0,0.0021023569,0.0,0.0049757203,0.0,0.006480799,0.0037187086,0.0036115686,0.0032914889,0.0050852885,0.0,0.008425581,0.0,0.004001048,0.0,0.008052251,0.0,0.008015932,0.0,0.005367947,0.0,0.007901363,0.0,0.009090808,0.13668951,0.089718744,0.14950801,0.153906,0.02087204,0.019052118,0.023912085,0.025684139,0.07131593,0.097800866,0.08764084,0.10392963,0.07126653,0.10125217,0.089150675,0.1033884,0.07264679,0.10172566,0.08636737,0.1034137,0.007146976,0.02852302,0.0123998495,0.023552509,0.0075314096,0.03176773,0.01265801,0.023316784,0.009085322,0.034254223,0.012726317,0.026364068,0.13722281,0.13056932,0.15593661,0.16863236,0.015421257,0.036320563,0.021465885,0.028938321,0.11136317,0.08702063,0.14559689,0.11063028,0.13485801,0.08827939,0.14885223,0.10848319,0.13414301,0.009730978,0.031170245,0.014792343,0.022361962,0.010302055,0.03334615,0.01474364,0.021759685,0.010618046,0.036484808,0.015414656,0.023932457,0.14193812,0.074242815,0.15016341,0.14057449,0.022249907,0.006033107,0.021253344,0.01456839,0.086919665,0.091041885,0.0998739,0.11125819,0.08963825,0.09513485,0.103858724,0.11099678,0.091623895,0.09524031,0.10245026,0.11034762,0.0071752286,0.015456556,0.00817266,0.012502081,0.008274329,0.016440243,0.009185481,0.013518239,0.010453848,0.01763447,0.0112727005,0.015786117,0.14334656,0.10605407,0.15970768,0.16134521,0.023466827,0.030076027,0.029965661,0.030882474,0.11616107,0.15616044,0.1387887,0.15634944,0.117843136,0.15616679,0.1373483,0.15382983,0.01629411,0.035558052,0.021412726,0.028585043,0.018664455,0.036393248,0.0242676,0.030437764,0.020328099,0.03701139,0.027135631,0.033041537,0.12830225,0.06728995,0.13126674,0.12360748,0.025626408,0.005254562,0.024761077,0.016387446,0.0722912,0.06737028,0.08184259,0.08897573,0.07530737,0.07133467,0.08460303,0.088553384,0.07691104,0.07426994,0.08593689,0.0868739,0.011511606,0.01589598,0.013843178,0.015617137,0.012679319,0.016112568,0.0150313275,0.016553255,0.012870819,0.015921755,0.015687555,0.016803162,0.13986239,0.09940697,0.14987698,0.147699,0.023565708,0.030273227,0.027375696,0.028538952,0.111106865,0.132774,0.12866572,0.14121675,0.112511426,0.13415433,0.12934294,0.13849571,0.017234547,0.02807251,0.020942986,0.026249168,0.019172952,0.028053572,0.023295641,0.0285674,0.019936854,0.02861146,0.024574881,0.029360589,0.0,0.0019884054,0.0,0.0058191116,0.0,0.006879101
L_a24_ROI,Left,241,0.013144588,0.006933195,0.006548405,0.0,0.009262384,0.0,0.012532806,0.0,0.011743226,0.010875492,0.011388738,0.011241778,0.012948828,0.0,0.014070631,0.0,0.008319965,0.0,0.015056522,0.0,0.01511178,0.0,0.009128943,0.0,0.0141220335,0.0,0.01631451,0.13715056,0.120930545,0.16085121,0.1758064,0.033329338,0.02124341,0.035475682,0.034768853,0.074230306,0.14298816,0.094724424,0.11940253,0.075084515,0.149335,0.09651816,0.12898865,0.07710498,0.13825889,0.09836819,0.12759776,0.0048251366,0.038050774,0.0069631166,0.007026948,0.00692301,0.041722413,0.00943082,0.013511306,0.008181343,0.04169938,0.011635235,0.01387723,0.118814826,0.13655944,0.14789824,0.16655338,0.018081052,0.05749212,0.030710077,0.049511787,0.10826542,0.075032346,0.14607142,0.10423355,0.13976108,0.07932179,0.14176345,0.10927089,0.13720345,0.010613396,0.048326857,0.017592372,0.03226861,0.011689024,0.051443513,0.019393768,0.03558935,0.011342987,0.049569402,0.020110236,0.03364123,0.14663897,0.11135914,0.17674983,0.17866397,0.037720915,0.02077262,0.044435736,0.042638212,0.09256274,0.1474211,0.12172091,0.1474483,0.09389932,0.14787208,0.124773405,0.15073133,0.090158395,0.13567425,0.120412216,0.14648497,0.010029159,0.044382248,0.015641302,0.028596764,0.0094855735,0.04551137,0.017104853,0.031364758,0.0073024915,0.043828014,0.01488796,0.0319108,0.13239117,0.13398397,0.16506413,0.17947163,0.037699632,0.06417156,0.05345791,0.06880229,0.110277854,0.16405274,0.14452694,0.17257597,0.108406566,0.15493321,0.1440004,0.16886021,0.028096933,0.063499935,0.0400278,0.054264165,0.029090423,0.064775676,0.0424948,0.05712969,0.027474862,0.061042648,0.04209265,0.055463143,0.14171752,0.09529012,0.16418362,0.1658262,0.056843016,0.02678503,0.064613864,0.061037615,0.09050302,0.13903639,0.11636325,0.13524806,0.09187351,0.13405073,0.12031059,0.13650192,0.08481931,0.1261808,0.11175534,0.13482334,0.028128108,0.04967544,0.03927926,0.049303383,0.028367843,0.049575154,0.042132262,0.052120738,0.025414297,0.048626173,0.037491914,0.050034735,0.13391186,0.12978473,0.16066204,0.1738236,0.043472677,0.06419904,0.054835908,0.065603316,0.11420642,0.16468802,0.14263055,0.16486576,0.10587712,0.15286814,0.13664237,0.16132665,0.031325787,0.051808108,0.041313644,0.05096447,0.03316397,0.05210169,0.043568883,0.053013798,0.030989666,0.0491536,0.04267639,0.0521151,0.0,0.009698343,0.0,0.015877157,0.0,0.012279494
L_a24pr_ROI,Left,239,0.009663758,0.0034390055,0.0028709404,0.0,0.006516033,0.0,0.0052488083,0.0,0.0029847783,0.0045980024,0.007478391,0.0025954626,0.00603856,0.0,0.0038301784,0.0,0.0065436824,0.0,0.0044151116,0.0,0.0018511838,0.0,0.008215533,0.0,0.0041167038,0.0,0.0027808407,0.12054711,0.10446751,0.14484996,0.15108071,0.01719204,0.0041800844,0.02082225,0.01397696,0.07150989,0.1297007,0.09978872,0.13252915,0.07081223,0.13052922,0.10102918,0.140895,0.06916297,0.12676758,0.100667514,0.13907173,0.012429455,0.016340865,0.01602566,0.015606748,0.012462664,0.017916368,0.015731432,0.016831622,0.011163653,0.018169878,0.014499228,0.015641803,0.10908013,0.09519039,0.1317294,0.13318506,0.016543072,0.019986087,0.017179899,0.017028015,0.117054835,0.071514964,0.13280234,0.10128138,0.13952346,0.070950106,0.1345385,0.10302742,0.1361219,0.015186907,0.02567953,0.019077724,0.026275616,0.014051251,0.028688762,0.018678166,0.025304232,0.012590409,0.030693322,0.017286621,0.022384321,0.13312902,0.12411965,0.15668236,0.1581133,0.021700384,0.010101509,0.027304469,0.013794435,0.099671975,0.15052138,0.12836926,0.16037421,0.09838547,0.14987956,0.12771226,0.15938008,0.09112857,0.14884238,0.120912895,0.15143596,0.022839267,0.0217302,0.030237649,0.027301846,0.021420479,0.02015079,0.028828925,0.026258765,0.017214138,0.018036602,0.024361387,0.023848098,0.12517592,0.11395824,0.14837012,0.14652465,0.02692019,0.036170747,0.03309181,0.030748954,0.11543106,0.17010503,0.15258142,0.18325658,0.10822014,0.16695482,0.1449175,0.17447914,0.03441013,0.054156967,0.047212217,0.056497667,0.03309306,0.054111842,0.046831496,0.054039165,0.027099306,0.052458234,0.039904404,0.049991664,0.12267484,0.09612173,0.14041905,0.1406444,0.02149157,0.006755397,0.024439197,0.020233575,0.08954028,0.13958433,0.11363972,0.13656521,0.08851176,0.13497771,0.11317402,0.13022457,0.0801565,0.13594724,0.10445667,0.12572278,0.019385837,0.024939356,0.024796523,0.026702028,0.018652888,0.024430228,0.023947809,0.0261733,0.015843708,0.022897536,0.020803643,0.024467483,0.1257428,0.10233564,0.14394355,0.1378798,0.030097557,0.03539517,0.035084896,0.036011405,0.11909284,0.159878,0.15217437,0.16726953,0.10824894,0.15468383,0.14058839,0.16351879,0.030790394,0.045155346,0.03919273,0.046622474,0.030490583,0.046683706,0.039513856,0.045417823,0.025971677,0.04744199,0.034396492,0.04404918,0.0,0.009264695,0.0,0.0037901162,0.0,0.0022400622
L_a32pr_ROI,Left,359,0.0037883485,0.0025283261,0.0025328235,0.0,0.0061566285,0.0,0.002795397,0.0,0.0007560803,0.0062508504,0.0056297923,0.0028134745,0.0026589273,0.0,0.0010609517,0.0,0.0052601965,0.0,0.0027862315,0.0,0.0004915893,0.0,0.0055651614,0.0,0.0019309479,0.0,0.0004409691,0.08313967,0.08970571,0.10488998,0.11810467,0.01230958,0.023930917,0.016451763,0.023628416,0.04688136,0.11358991,0.07253088,0.08488115,0.046677165,0.11017264,0.07010321,0.08951343,0.04445416,0.09955072,0.06647878,0.0985082,0.0052793673,0.029304741,0.0105915535,0.015552297,0.0050553987,0.028128512,0.010673716,0.0167999,0.0044417894,0.025705753,0.009730756,0.018514631,0.079327,0.10169876,0.10131195,0.10667932,0.008001371,0.02540472,0.013309642,0.021036407,0.074719355,0.05454664,0.11125613,0.081305906,0.094884284,0.053487703,0.10146249,0.08165686,0.10233264,0.0063237394,0.025338866,0.011497397,0.015824942,0.0052506155,0.027736954,0.011171335,0.016648266,0.0054363483,0.026160084,0.010416045,0.017557617,0.09074291,0.101382844,0.113000266,0.115406424,0.012568887,0.0077876505,0.015355732,0.015878398,0.066885754,0.12067842,0.093409546,0.10794056,0.06869442,0.11666059,0.09246469,0.108831055,0.06559013,0.10874212,0.08876308,0.11214587,0.007931294,0.014833256,0.011296674,0.013493288,0.007874644,0.015309881,0.012036159,0.015190125,0.0075941663,0.012414242,0.01033015,0.015751375,0.0850695,0.09692776,0.10803556,0.10828508,0.01377569,0.027667819,0.019299448,0.024192693,0.07682313,0.124862224,0.107009776,0.11906698,0.072849706,0.1152849,0.10361996,0.122652896,0.011720775,0.022977285,0.018366812,0.020638168,0.011748252,0.024442365,0.019758286,0.022241058,0.011230112,0.022880377,0.017252566,0.022567721,0.08902062,0.08325909,0.10882577,0.11120237,0.01249884,0.0029303061,0.014628009,0.014002501,0.06488848,0.10273099,0.08571204,0.09968471,0.066148296,0.1001321,0.08686081,0.098077886,0.06194603,0.09185938,0.08089922,0.095669,0.011098172,0.016211433,0.015658943,0.018092928,0.011361452,0.01645616,0.016159449,0.018107835,0.010633831,0.012205768,0.014726143,0.014465895,0.08885003,0.09444884,0.109630734,0.11301578,0.013416915,0.021158133,0.017286612,0.02053601,0.07939903,0.11414147,0.10700678,0.116835326,0.07370102,0.10334289,0.098708,0.114343755,0.012808878,0.018140374,0.018115807,0.020581046,0.01323322,0.018055502,0.018898277,0.021888705,0.0117654195,0.014140386,0.016348321,0.02025194,0.0,0.004732125,0.0,0.003381391,0.0,0.0013380925
L_a47r_ROI,Left,257,0.008257637,0.0041656275,0.0044290866,0.0,0.010337173,0.0,0.01085806,0.0,0.0074038277,0.008802026,0.00987195,0.007056731,0.009558983,0.0,0.007854533,0.0,0.0076600136,0.0,0.010081694,0.0,0.00817258,0.0,0.008204834,0.0,0.010368636,0.0,0.008009973,0.16710149,0.11354117,0.17633952,0.17230274,0.02944092,0.02245198,0.03402486,0.03383272,0.103376515,0.12403266,0.12267602,0.13182512,0.10266979,0.12789968,0.12512077,0.13526069,0.10041087,0.1264521,0.120135576,0.13139127,0.02089609,0.03297528,0.0326238,0.030895652,0.02121145,0.036422342,0.031369563,0.032998145,0.020365145,0.03758272,0.027127268,0.033550765,0.17801476,0.152249,0.19149019,0.18178563,0.030491658,0.046394,0.035932183,0.038554095,0.15053618,0.1241299,0.19323622,0.15074895,0.17397068,0.12180999,0.18797159,0.14847042,0.17865469,0.025132207,0.054244675,0.03178937,0.036708213,0.026292901,0.054882906,0.03452765,0.040674854,0.024276676,0.050859295,0.03245448,0.04293937,0.16592683,0.089987166,0.17114343,0.14813305,0.043976557,0.014258588,0.04301561,0.029687108,0.09869469,0.08709035,0.11357732,0.11350565,0.10321499,0.08831165,0.12053751,0.11662304,0.10154807,0.08923919,0.11834197,0.113071635,0.022835283,0.037656344,0.030047147,0.025476677,0.023679638,0.04179043,0.03120144,0.02902941,0.022874089,0.041747514,0.02939726,0.030208837,0.18442106,0.12164375,0.19202997,0.16938482,0.04162344,0.03390162,0.046750735,0.041253872,0.15993525,0.17696975,0.17898716,0.18759938,0.15763082,0.17199004,0.1773294,0.18775043,0.03687323,0.057128727,0.045556907,0.046823837,0.040326007,0.058032036,0.050246295,0.05234637,0.037844565,0.05412602,0.047343433,0.053877436,0.12938903,0.052551094,0.122082874,0.1048636,0.035812676,-0.0040612896,0.029839803,0.013753599,0.056238953,0.014025429,0.058130763,0.052723847,0.061742805,0.015643364,0.06613464,0.055334985,0.06250555,0.023822693,0.06727647,0.053037405,0.004305414,0.011938156,0.00793258,0.009009512,0.005344911,0.0127064595,0.009312252,0.008900392,0.0059217433,0.0121445535,0.010117799,0.0073142345,0.17107593,0.102818616,0.16878076,0.15134193,0.03697923,0.035105135,0.038491104,0.036609378,0.14812346,0.15307082,0.15719604,0.15669608,0.14734492,0.15072349,0.15763341,0.1603979,0.034245674,0.06291348,0.038174022,0.044878054,0.036820587,0.062035616,0.04093546,0.047721613,0.03442929,0.05675393,0.038890626,0.04796691,0.0,0.008276961,0.0,0.008987195,0.0,0.0071871597
L_a9-46v_ROI,Left,265,0.011254084,0.0061414125,0.0057261963,0.0,0.010109306,0.0,0.010225696,0.0,0.001880182,0.009642206,0.011252069,0.009287197,0.01041691,0.0,0.0040505426,0.0,0.00984042,0.0,0.011021447,0.0,0.0007615236,0.0,0.011600843,0.0,0.010947074,0.0,0.00227126,0.15029377,0.09358979,0.15613092,0.16103035,0.030440379,0.017031724,0.03496274,0.03931108,0.08065819,0.123067975,0.09303177,0.115527496,0.08121209,0.12480987,0.09492146,0.12356673,0.08018712,0.12325183,0.0935408,0.12032451,0.006361875,0.03112683,0.01206522,0.019333526,0.006342158,0.02889424,0.013372081,0.022444725,0.0064688916,0.025998604,0.012567872,0.02313038,0.15051325,0.11087058,0.1582611,0.158709,0.013213838,0.024284571,0.018508248,0.020781774,0.13866998,0.10392129,0.15472291,0.11869275,0.14578788,0.102635615,0.15498836,0.11804059,0.14330503,0.008482497,0.025733797,0.012062207,0.01479113,0.009906536,0.023990657,0.013694567,0.01600078,0.010024344,0.021984154,0.013100176,0.0153367845,0.17721432,0.09170665,0.18258883,0.16718137,0.03768093,0.013461694,0.036390528,0.033033404,0.111409165,0.12686272,0.1266253,0.14181758,0.11486964,0.13143405,0.13053703,0.1449293,0.11274497,0.13176146,0.12718865,0.13904011,0.014503258,0.03224462,0.016248161,0.02482868,0.014784232,0.029182857,0.01631966,0.027046526,0.014089438,0.027408097,0.014893322,0.028129255,0.17162102,0.10190972,0.17949913,0.16771705,0.030435927,0.021491518,0.03428712,0.035368614,0.14445831,0.16448067,0.16123289,0.17848185,0.1417107,0.16201138,0.15783031,0.17614257,0.023135148,0.030756818,0.0284288,0.030468756,0.025143497,0.029058153,0.030031074,0.032311767,0.023821604,0.028277809,0.028110506,0.032240383,0.16343981,0.08438129,0.16317365,0.14670497,0.04144747,0.020645186,0.041172978,0.034044296,0.10244073,0.11430594,0.112214595,0.11945321,0.10629108,0.116366506,0.118195005,0.120797776,0.105060585,0.117056854,0.116011016,0.11904134,0.023122422,0.03655426,0.027814304,0.033948924,0.022795172,0.03273078,0.027326591,0.03479999,0.021867437,0.031367037,0.026201919,0.036753923,0.16202277,0.09463516,0.16317602,0.1478026,0.025305979,0.023600157,0.026582267,0.029371558,0.13657863,0.13489018,0.14936966,0.14973985,0.13553911,0.13338594,0.14772125,0.15068011,0.022172002,0.022848083,0.024297029,0.027106231,0.023866255,0.022136873,0.025542371,0.029536402,0.022933379,0.023917802,0.024602087,0.030233411,0.0,0.009762422,0.0,0.0098564355,0.0,0.0015307852
L_d23ab_ROI,Left,214,0.009587349,0.005479042,0.0055610095,0.0,0.008985824,0.0,0.0107055595,0.0,0.01114997,0.009815645,0.010272115,0.009263429,0.010051477,0.0,0.011903712,0.0,0.007150811,0.0,0.010789492,0.0,0.009722872,0.0,0.007035651,0.0,0.012363865,0.0,0.011426075,0.14798212,0.11183477,0.15965399,0.1535747,0.04202613,0.04335847,0.05204081,0.050501462,0.077657826,0.12800808,0.100917056,0.11918242,0.07683956,0.130692,0.10179495,0.12734774,0.07548397,0.12516852,0.101432964,0.12793627,0.01721141,0.05527777,0.030065833,0.04040194,0.0196092,0.060591158,0.033350535,0.04437044,0.020298641,0.060341343,0.033262946,0.04526185,0.15226772,0.1476418,0.17069696,0.16811313,0.036226366,0.09509444,0.055404726,0.07552744,0.15210351,0.09627246,0.16045164,0.1263549,0.1517284,0.097586505,0.15740415,0.12710318,0.15424636,0.02370918,0.07651352,0.036154095,0.05816794,0.0267486,0.08340431,0.04196611,0.0637653,0.029108178,0.08195975,0.043033186,0.065987594,0.17168187,0.093259625,0.1750734,0.14538278,0.058251277,0.033760812,0.05978853,0.050084706,0.11327699,0.11932611,0.12585482,0.12547839,0.11721111,0.11529389,0.1307713,0.12943591,0.111709125,0.106870815,0.12757586,0.1275904,0.036724977,0.06700135,0.04327328,0.053099953,0.039023314,0.069633976,0.045957293,0.05672536,0.03449578,0.06481696,0.042852294,0.054500185,0.18313722,0.12159343,0.19109203,0.17146482,0.069705255,0.072614536,0.08053399,0.08049881,0.1594142,0.16818835,0.17729856,0.18073429,0.15557793,0.15589152,0.17502837,0.18075429,0.055338856,0.08706374,0.06661291,0.07566883,0.06029749,0.0892157,0.07276548,0.08094023,0.058453027,0.08375174,0.07172649,0.080693595,0.1702906,0.07476942,0.16761275,0.13900176,0.069432095,0.035265196,0.068064936,0.05315977,0.11394655,0.1050673,0.12020565,0.113562614,0.1211778,0.09973533,0.1273556,0.11578762,0.11710442,0.091726966,0.12487519,0.111660555,0.047794256,0.05346576,0.052801903,0.05596793,0.05085168,0.0550377,0.05549788,0.05846489,0.04906213,0.053959228,0.053876996,0.055555757,0.19520496,0.117554754,0.19468643,0.17301251,0.07421379,0.068386056,0.07652248,0.07421158,0.17599522,0.15812503,0.18598422,0.17530678,0.16923107,0.14295875,0.18042527,0.17104651,0.06091001,0.067884155,0.06462349,0.06916315,0.065115795,0.0666299,0.06806629,0.071565375,0.061079815,0.06147933,0.06517189,0.06822182,0.0,0.010262134,0.0,0.011949397,0.0,0.009076172
L_d32_ROI,Left,242,0.007441155,0.004527812,0.004765992,0.0,0.0074021523,0.0,0.004778958,0.0,0.0030909341,0.00901249,0.008666947,0.0065926393,0.0045164404,0.0,0.0042220275,0.0,0.007848987,0.0,0.0068018953,0.0,0.0020458417,0.0,0.007376775,0.0,0.005823627,0.0,0.0024594977,0.13433586,0.099321015,0.14452434,0.14816526,0.031041147,0.0069033657,0.030610181,0.030066578,0.06293112,0.108392246,0.07642503,0.09158066,0.06566106,0.1085298,0.07822348,0.09426287,0.06513096,0.10660983,0.076658614,0.10034962,0.0031335643,0.028253518,0.0058723073,0.014644311,0.00364067,0.026485898,0.00709931,0.016767053,0.0040246095,0.023399355,0.0067194533,0.016619204,0.13395001,0.12604547,0.14927968,0.15409473,0.016760107,0.0389538,0.022540655,0.03448734,0.105543464,0.08889497,0.12558356,0.1049434,0.11732913,0.08972477,0.13459899,0.105862826,0.123252146,0.009456466,0.026596932,0.010286595,0.017170103,0.011265518,0.02807001,0.012376528,0.019286554,0.012454187,0.027730875,0.013852295,0.021711102,0.15110877,0.10560122,0.16374001,0.15637085,0.033866942,0.016885657,0.033928476,0.031823017,0.08932196,0.1156782,0.10431835,0.11284555,0.09285118,0.11545396,0.10814644,0.11871055,0.092187844,0.1159581,0.10574924,0.12598516,0.010415511,0.033706788,0.013080015,0.024809185,0.010146289,0.031119285,0.0124748405,0.027127085,0.010006244,0.028669296,0.01141442,0.029282538,0.1407838,0.11850023,0.15713422,0.15788531,0.031732444,0.036850486,0.038317796,0.048441965,0.11036304,0.13626875,0.13029265,0.13905813,0.10985616,0.14334883,0.12874213,0.14682272,0.019743731,0.037364226,0.025312634,0.03225502,0.021843402,0.037380222,0.027514847,0.034397747,0.022420574,0.03696055,0.027844846,0.03682595,0.14895712,0.103483684,0.15476426,0.1441544,0.050261334,0.037353016,0.05296928,0.048986014,0.090940244,0.111341506,0.1043618,0.108258374,0.09414586,0.11217833,0.10861012,0.114444144,0.09325432,0.11417424,0.106900185,0.1198518,0.03183827,0.047207452,0.039191686,0.04435474,0.032697443,0.04410493,0.04010024,0.04775002,0.032397926,0.04407585,0.038995914,0.049440008,0.131371,0.10081888,0.13765214,0.13966134,0.034147833,0.044431154,0.040090688,0.050512437,0.09957597,0.121537,0.112906836,0.118068695,0.09781889,0.12330327,0.10927499,0.12229398,0.022399703,0.04073026,0.027391316,0.03513073,0.023340654,0.03891041,0.028580695,0.03705763,0.022893481,0.038122233,0.027350597,0.038451295,0.0,0.0027723524,0.0,0.003465917,0.0,0.0035884911
L_i6-8_ROI,Left,277,0.015920067,0.004035427,0.0034599476,0.0,0.013615582,0.0,0.01351963,0.0,0.007002491,0.01457959,0.01559333,0.01165241,0.013335023,0.0,0.008577302,0.0,0.011679031,0.0,0.011092556,0.0,0.00465273,0.0,0.012005542,0.0,0.011681293,0.0,0.006868905,0.17461795,0.14359845,0.18445589,0.18011177,0.039530225,0.024392169,0.040240284,0.039420784,0.09914459,0.15154192,0.12755732,0.15048364,0.10340193,0.14658727,0.13084382,0.15599845,0.101653785,0.14038098,0.1273507,0.15492333,0.017773587,0.03997139,0.023745015,0.029747356,0.018574435,0.04139296,0.025468998,0.032769453,0.017214393,0.041496042,0.023201702,0.033767782,0.16564772,0.15014197,0.1804304,0.16904375,0.028794784,0.057625145,0.033804312,0.040627744,0.15602452,0.11478872,0.16315177,0.1457546,0.17361452,0.11400423,0.15722165,0.14491561,0.17790774,0.02448602,0.052472763,0.02973663,0.039166924,0.026451493,0.05197862,0.031910527,0.043202374,0.024049144,0.049485266,0.030599803,0.043948885,0.18447685,0.13025737,0.19346415,0.17175211,0.04299185,0.018684108,0.04364831,0.03438136,0.12704015,0.14319281,0.14781985,0.16036414,0.12967716,0.14035903,0.15121736,0.16115928,0.12553523,0.13449167,0.1482495,0.15862854,0.01859138,0.04292427,0.02486952,0.03211433,0.01916907,0.04477072,0.026189147,0.034395963,0.017540975,0.044169936,0.024058195,0.033201482,0.17789479,0.12880072,0.18918955,0.16560343,0.042873647,0.04641836,0.05092338,0.04788076,0.15858868,0.16922761,0.18532623,0.19419217,0.15456276,0.15948614,0.18048988,0.19475722,0.042176425,0.062423673,0.053601597,0.059830237,0.043705203,0.062970325,0.05499085,0.062642194,0.03933159,0.0616071,0.051009238,0.061170463,0.1659396,0.08584821,0.1676787,0.14771342,0.045855224,0.0146456165,0.04393999,0.03365397,0.11016337,0.1088768,0.12423553,0.1295326,0.11050813,0.10936682,0.12423256,0.12700343,0.10421345,0.10789388,0.1198721,0.12474841,0.020357633,0.032670863,0.02644532,0.030622847,0.020199154,0.0359299,0.026278043,0.033062384,0.018829955,0.036593486,0.024851266,0.032804124,0.17080338,0.116960704,0.1748383,0.15375285,0.0411261,0.05183096,0.0463697,0.04594562,0.15472718,0.14947522,0.17097878,0.16819417,0.14523979,0.14385542,0.16338609,0.16896102,0.040800266,0.052344456,0.048091687,0.05440746,0.040698938,0.05215889,0.04708195,0.05552175,0.035690382,0.052473973,0.043488983,0.05422635,0.0,0.014385531,0.0,0.012288605,0.0,0.005539838
L_p10p_ROI,Left,350,0.0073831216,0.0033453964,0.0031152198,0.0,0.0075948443,0.0,0.0071893423,0.0,0.0057197153,0.0070264144,0.008371306,0.005364442,0.007366777,0.0,0.004990767,0.0,0.0068875477,0.0,0.007799654,0.0,0.006444384,0.0,0.0072481995,0.0,0.0073151975,0.0,0.007442758,0.1480181,0.08624616,0.15887257,0.15723644,0.013902518,0.0072435066,0.016975988,0.015608916,0.08121115,0.106874116,0.097666785,0.113582574,0.08278398,0.113913395,0.09931888,0.11511616,0.084198005,0.110386245,0.10044714,0.11651207,0.008773684,0.016535679,0.012226825,0.017836096,0.008142434,0.017713837,0.012479636,0.01683973,0.0083185965,0.01660697,0.012204782,0.015508338,0.14582632,0.09932243,0.15612516,0.1508484,0.012619018,0.014157467,0.014747056,0.016947575,0.10773403,0.088941164,0.13105044,0.10999151,0.12879963,0.09106753,0.13028273,0.112276815,0.12531257,0.009337707,0.020083021,0.012268558,0.01800023,0.009452721,0.021452079,0.013509775,0.018919943,0.00964101,0.01953257,0.01341991,0.01974283,0.14848126,0.07737896,0.15863118,0.14635235,0.01669186,0.003986966,0.0177162,0.012620073,0.09004233,0.10039985,0.106238365,0.11663679,0.09227662,0.10786541,0.10725572,0.11682511,0.093227394,0.1050768,0.108665235,0.11562248,0.0113116875,0.01688623,0.0128442915,0.016900416,0.011104277,0.01799835,0.01304114,0.015778378,0.010536165,0.015467115,0.012067396,0.014559106,0.14293586,0.080141686,0.15221144,0.13968024,0.020075772,0.018948242,0.022374198,0.02484585,0.111356854,0.124514475,0.12742066,0.13522698,0.111757696,0.12361189,0.13052356,0.13163209,0.017433433,0.028847188,0.021196762,0.026008844,0.017398985,0.028871566,0.022118902,0.026234046,0.017302962,0.026471358,0.020999119,0.025806317,0.13273385,0.071779855,0.13706304,0.12993123,0.021418514,0.008235865,0.022775562,0.020720897,0.07414722,0.079321034,0.08501624,0.08823439,0.07657741,0.08846188,0.08764619,0.090364836,0.07760653,0.089260876,0.0892266,0.0914843,0.013757125,0.021444613,0.016823158,0.018852286,0.014778085,0.023810312,0.017380355,0.019181771,0.014249578,0.023248618,0.016335312,0.019774651,0.1336634,0.0881069,0.13816859,0.13067628,0.019426344,0.021027287,0.02137407,0.024067312,0.10426529,0.120594375,0.117344484,0.12324028,0.10300792,0.12043687,0.11703781,0.122339025,0.016502531,0.024260005,0.019141741,0.021848947,0.017178865,0.022975653,0.01986609,0.022253642,0.016869785,0.020572731,0.018767359,0.023073424,0.0,0.009415545,0.0,0.00947269,0.0,0.0041255686
L_p24_ROI,Left,360,0.0033029518,0.002574478,0.0027544217,0.0,0.003011471,0.0,0.0001876381,0.0,0.00089332,0.0041870675,0.0035944323,0.0003403215,0.00060301594,0.0,0.0015735839,0.0,0.0040342617,0.0,0.0016082715,0.0,0.0019373375,0.0,0.0037246363,0.0,0.0016028667,0.0,0.0026762714,0.07687036,0.09234419,0.10226948,0.12316885,0.011044831,0.005659501,0.012282623,0.010342833,0.04121233,0.10751189,0.060151014,0.083366916,0.0412364,0.10529918,0.061382562,0.08907326,0.040859334,0.10342671,0.05924948,0.091918476,0.0020579058,0.011749155,0.0023252938,0.0022634962,0.002420617,0.01439225,0.00406665,0.0045919903,0.0034514556,0.014228589,0.005102896,0.0033966827,0.06934783,0.09547364,0.09523561,0.11700391,0.0057699312,0.024620876,0.011130809,0.018298838,0.06328427,0.04353718,0.09967165,0.06897578,0.0949917,0.04357142,0.09688241,0.06424084,0.09574782,0.0034493064,0.011906885,0.0075727324,0.012050753,0.0037261848,0.012321166,0.00750293,0.012614271,0.00478791,0.013673561,0.0083683655,0.012478994,0.087440364,0.105760284,0.11783803,0.14182486,0.013111895,0.0096148355,0.018631833,0.017413583,0.060709246,0.11816962,0.08583726,0.11473526,0.061656583,0.11438126,0.088046156,0.12254805,0.059392083,0.115533724,0.08444249,0.12001715,0.0077857887,0.020111287,0.012083045,0.015993895,0.0077322046,0.02154795,0.011825256,0.019204373,0.007166088,0.02089193,0.011590537,0.017063977,0.07684129,0.09519426,0.10348874,0.1273055,0.012509113,0.023985941,0.018907592,0.024143264,0.063608915,0.108006544,0.094268486,0.120209,0.0625372,0.1088241,0.08885987,0.1146786,0.010076769,0.01287371,0.015182117,0.019478634,0.010773362,0.0142480405,0.016601108,0.0225822,0.010803437,0.015511347,0.017030245,0.02052547,0.08086056,0.09332074,0.10523826,0.12025977,0.01919198,0.018834928,0.026668375,0.028604442,0.055745192,0.09169337,0.079857096,0.09856402,0.056989003,0.09361492,0.080039434,0.103661545,0.05501986,0.1024354,0.07755782,0.09984452,0.0146178175,0.030721467,0.021021696,0.025553722,0.016164092,0.032805655,0.022055728,0.029006893,0.015045115,0.03204128,0.021667242,0.026511613,0.073021285,0.09031688,0.09543236,0.11304767,0.0161395,0.024671966,0.0206894,0.025551554,0.06027568,0.0997724,0.08627383,0.11045482,0.058614455,0.106849514,0.082750484,0.104325876,0.011779664,0.014750228,0.016237816,0.01898165,0.013189853,0.015336774,0.018333914,0.021347728,0.012174221,0.014236852,0.017232193,0.019071875,0.0,0.0036893005,0.0,0.00017081166,0.0,0.0016683206
L_p24pr_ROI,Left,237,0.0048828167,0.0030892587,0.003004227,0.0,0.011035069,0.0,0.00958811,0.0,0.0048089293,0.010043994,0.011536024,0.0095408335,0.009913049,0.0,0.0055448976,0.0,0.009755887,0.0,0.010917328,0.0,0.0053462917,0.0,0.012420273,0.0,0.0110010365,0.0,0.0053151054,0.1732905,0.17240535,0.19706653,0.19474615,0.049116045,0.044214454,0.056966458,0.053896043,0.11910092,0.19427635,0.15528822,0.19208962,0.12216477,0.19714783,0.16407268,0.20337737,0.11735164,0.19256936,0.1583025,0.20003615,0.047602326,0.06367713,0.061248545,0.0702855,0.047014922,0.06316195,0.064237826,0.07252902,0.039835457,0.061780486,0.05391527,0.06803448,0.17211106,0.1611228,0.19460833,0.17875172,0.05353404,0.060971472,0.060551565,0.0648626,0.17477916,0.13323571,0.20716225,0.17661832,0.2117671,0.12693407,0.1973071,0.16613328,0.20103309,0.04707748,0.074195884,0.06052553,0.07919989,0.045137428,0.072635114,0.060895644,0.079690985,0.035761654,0.06851969,0.048287358,0.0725938,0.17686458,0.14605923,0.19322516,0.17232844,0.048736032,0.031311423,0.057176866,0.046279795,0.14667451,0.18765494,0.17196001,0.19297755,0.14982687,0.18598793,0.17725933,0.19359182,0.13674517,0.18109748,0.16638134,0.18273675,0.05689489,0.06222021,0.068191595,0.07737412,0.054832824,0.06049823,0.06968665,0.07972228,0.04567755,0.055735648,0.05928338,0.07282797,0.18433869,0.14665054,0.20410302,0.17990687,0.06375396,0.052652683,0.076926135,0.06540389,0.17818248,0.23115952,0.21769139,0.24069604,0.16178523,0.21593532,0.20144442,0.22434673,0.06598252,0.07858446,0.085171714,0.09593713,0.0624234,0.07623966,0.08574063,0.09475861,0.05073669,0.070350416,0.07142829,0.08515166,0.14595187,0.10821868,0.15176775,0.13253406,0.027849462,0.014461859,0.029177781,0.022466687,0.11922563,0.14168538,0.13302635,0.14409472,0.121979125,0.14058895,0.13458976,0.1409117,0.11196591,0.1399938,0.12848794,0.12930985,0.030785838,0.03617239,0.034322653,0.041496687,0.031176973,0.035077006,0.035326194,0.041237425,0.02730961,0.032133926,0.03146028,0.034274552,0.16471733,0.124062374,0.172872,0.1518329,0.04059053,0.037370116,0.0422393,0.037155718,0.16134608,0.19767976,0.18320465,0.19637609,0.14460208,0.18524863,0.16956963,0.18204437,0.04329017,0.056322988,0.048227485,0.057814058,0.041714784,0.056845896,0.047520693,0.054523863,0.03383464,0.05403482,0.03995704,0.046682287,0.0,0.010462144,0.0,0.010445937,0.0,0.006423992
L_p32_ROI,Left,244,0.015928088,0.005716032,0.0054842117,0.0,0.007351649,0.0,0.010245801,0.0,0.006639943,0.008268239,0.009599269,0.0066729616,0.0095784925,0.0,0.009480849,0.0,0.007484908,0.0,0.009306214,0.0,0.009314917,0.0,0.00830345,0.0,0.009609208,0.0,0.011665086,0.16060506,0.11491733,0.17583004,0.17365061,0.029371444,0.01883993,0.031755533,0.030773984,0.080209784,0.13167606,0.09917706,0.118417814,0.08465427,0.13111506,0.10305708,0.12060218,0.08605573,0.1316595,0.10678818,0.12674566,0.007440355,0.028525164,0.013722688,0.01496007,0.009991878,0.033061076,0.014052367,0.015774528,0.010441527,0.03399069,0.015086236,0.016727066,0.15206158,0.1497238,0.17253867,0.17993626,0.018977914,0.05270355,0.02908646,0.04239179,0.12468946,0.09357038,0.16160882,0.11820007,0.14743161,0.09697473,0.16559349,0.12122241,0.14862253,0.01179561,0.038430937,0.018599335,0.027851045,0.013005215,0.043808833,0.020376677,0.029798567,0.01417318,0.044840217,0.020700168,0.03230086,0.16513872,0.10224373,0.18104453,0.16779053,0.042770293,0.023999603,0.04809016,0.040311873,0.0971027,0.11676799,0.11662308,0.13305533,0.09973706,0.117856875,0.11928375,0.13342763,0.09741912,0.11802733,0.119531244,0.13536203,0.015775127,0.037514362,0.022191932,0.026756436,0.017087225,0.04112176,0.022931663,0.026975466,0.014430405,0.041920543,0.022218648,0.029886436,0.1609304,0.134268,0.1823102,0.18762377,0.036682643,0.05888937,0.048019577,0.058408264,0.1285404,0.16865493,0.15413345,0.17237723,0.129367,0.16949107,0.1541549,0.17088938,0.026257128,0.047366798,0.034730192,0.043016165,0.028580215,0.053198893,0.03917653,0.046220366,0.02900196,0.05588638,0.038669135,0.048758626,0.1517395,0.08772491,0.16051337,0.15162614,0.0563733,0.019445105,0.058270335,0.047718573,0.08961023,0.11435664,0.10655479,0.12176449,0.09006845,0.113528624,0.10929028,0.11963689,0.08725959,0.10894763,0.106966354,0.118281126,0.025682563,0.039004862,0.032565616,0.03577595,0.02666216,0.04204408,0.035876967,0.037884504,0.025738487,0.041086756,0.03322116,0.039475385,0.15794446,0.13158643,0.17345564,0.18326353,0.044291068,0.06259329,0.05311519,0.06258694,0.12928104,0.17714454,0.15314567,0.17014681,0.12621053,0.17140263,0.14917684,0.16915464,0.031617317,0.049050238,0.03862397,0.048135478,0.03469557,0.052395143,0.043931965,0.052374113,0.033926494,0.052660715,0.04220823,0.053763337,0.0,0.0083946325,0.0,0.010097166,0.0,0.0070412923
L_p32pr_ROI,Left,240,0.00894658,0.0014333714,0.0011575859,0.0,0.009441796,0.0,0.005078051,0.0,0.0010840973,0.009517204,0.011150054,0.0037810053,0.005046327,0.0,0.0017831669,0.0,0.0077873366,0.0,0.0056882882,0.0,0.0023349824,0.0,0.008456301,0.0,0.0048801545,0.0,0.00261784,0.08371253,0.06448882,0.10559845,0.10109221,0.011474594,0.012255477,0.015905844,0.016887967,0.060475405,0.099841595,0.08719169,0.09420837,0.060775097,0.09700219,0.08786349,0.099078305,0.053484656,0.089099236,0.07734868,0.09864652,0.011452028,0.02120073,0.01620027,0.021228893,0.011065017,0.021355893,0.017203018,0.021820338,0.009624138,0.020937858,0.015675062,0.022084408,0.0843934,0.070140794,0.105292425,0.098613575,0.013198682,0.018368436,0.018188301,0.0197635,0.081965856,0.06553282,0.10198546,0.0992878,0.110440135,0.05758477,0.09456408,0.08522762,0.105478816,0.013105555,0.028453773,0.01854487,0.025421815,0.01207702,0.027126636,0.019840725,0.024121074,0.010666192,0.025647147,0.016572181,0.021538498,0.08032786,0.088242084,0.09917163,0.10188158,0.009948452,0.002509105,0.012531591,0.009515661,0.06718857,0.09627355,0.08865404,0.10517789,0.06449132,0.09775363,0.08497056,0.101464376,0.058515728,0.09100389,0.07705775,0.08935651,0.011696438,0.012251542,0.014911829,0.015042144,0.010981869,0.010644236,0.014474592,0.014314063,0.009722884,0.009819695,0.012719454,0.013458317,0.08437771,0.08368359,0.104409344,0.1060592,0.014119073,0.023438983,0.020218054,0.022841876,0.079322845,0.10893618,0.10883213,0.12652995,0.07106287,0.10099799,0.09637499,0.1122937,0.01605049,0.024359912,0.022171365,0.02813505,0.014748419,0.022255417,0.021556826,0.026514959,0.0126826335,0.022364957,0.017963031,0.022755526,0.07137416,0.07299519,0.08334829,0.0885654,0.005657136,0.0009130394,0.007122916,0.008732961,0.055705797,0.08822368,0.06906501,0.0816201,0.051959127,0.09040433,0.064627,0.07559843,0.046698865,0.084944956,0.05812413,0.06460887,0.005312297,0.0047174287,0.00739076,0.007948853,0.004645257,0.0038306809,0.0067733973,0.007948174,0.0038348024,0.0021148394,0.005119562,0.0057399906,0.077608414,0.07777331,0.09179058,0.09968508,0.012095869,0.022564335,0.016797662,0.022853144,0.07058952,0.10400551,0.08809341,0.10318767,0.06383086,0.09553824,0.08094726,0.09013869,0.011847035,0.016360797,0.01594652,0.017685449,0.010363452,0.014811559,0.014650416,0.017491713,0.008928994,0.014188161,0.012442627,0.015517756,0.0,0.009748733,0.0,0.0058145863,0.0,0.0022355157
L_p47r_ROI,Left,351,0.0021454676,0.00472239,0.005496596,0.0,0.004464024,0.0,0.004244497,0.0,0.0006896121,0.00334214,0.0045198803,0.003166001,0.0039211116,0.0,0.0015112794,0.0,0.0043339264,0.0,0.005701694,0.0,0.0013262724,0.0,0.0051816544,0.0,0.005394772,0.0,0.0016930263,0.17183244,0.11501928,0.18004704,0.17413984,0.023408227,0.020792492,0.027143793,0.029758958,0.095900945,0.12866823,0.11431219,0.13378221,0.09857656,0.1300243,0.118232735,0.14156823,0.09778196,0.12703128,0.11774064,0.14710863,0.009888344,0.024703078,0.014828458,0.018203003,0.010055373,0.024356864,0.013594064,0.020968426,0.009334184,0.024417723,0.013074814,0.022662893,0.17184617,0.12668306,0.17992283,0.16112669,0.0159689,0.04098142,0.019867627,0.027550546,0.14072187,0.11979182,0.1396242,0.13982387,0.14704685,0.12060147,0.14019282,0.1414184,0.15575589,0.011559784,0.028262837,0.014477491,0.018929921,0.012365683,0.026423289,0.013934276,0.021193624,0.012331959,0.025327893,0.013913027,0.021987189,0.18057655,0.09451336,0.18644798,0.1615503,0.03449822,0.022494448,0.03563097,0.03502879,0.119331405,0.12693208,0.13383861,0.14101315,0.122967355,0.12834667,0.1373993,0.14652003,0.12080419,0.1258253,0.1364695,0.14764671,0.022705063,0.032337755,0.025068587,0.028086988,0.022642333,0.03292062,0.024851862,0.032918736,0.021322452,0.031776786,0.024083493,0.034253657,0.17676343,0.1061079,0.18392001,0.16208422,0.04055039,0.035029378,0.0472335,0.04992455,0.14648378,0.14737654,0.16461788,0.17064522,0.14504598,0.14239597,0.16414891,0.17327978,0.027365906,0.033041295,0.033558078,0.035521533,0.030126955,0.031932566,0.036372036,0.040589273,0.029365089,0.029991822,0.03631552,0.040980343,0.15555795,0.068793766,0.15258497,0.13305308,0.03702225,0.021302225,0.035650067,0.030026006,0.09796093,0.08570446,0.104836985,0.10552716,0.100779854,0.09010093,0.10813434,0.110310495,0.09905457,0.091641076,0.10706906,0.108644314,0.025517702,0.027048856,0.027793974,0.028226374,0.026543124,0.02735119,0.028525278,0.031175688,0.026099801,0.02821909,0.028244387,0.030144675,0.16101009,0.093377955,0.15928315,0.1446624,0.039240483,0.04053163,0.04086472,0.039965037,0.1286118,0.12642781,0.14000034,0.14678429,0.12681769,0.120542,0.13683476,0.1446451,0.031746406,0.03806979,0.034680426,0.037508626,0.034245413,0.035890255,0.036598895,0.040957984,0.03302194,0.035161912,0.03574927,0.040389,0.0,0.0020047352,0.0,0.004891816,0.0,0.0010100888
L_p9-46v_ROI,Left,263,0.0055634403,0.0043281233,0.003991931,0.0,0.007341147,0.0,0.008758796,0.0,0.004217111,0.0057496848,0.006844401,0.007518076,0.009393452,0.0,0.0053026075,0.0,0.0035454154,0.0,0.008636497,0.0,0.003248212,0.0,0.0046629617,0.0,0.008682841,0.0,0.003782698,0.13515438,0.068643026,0.13884424,0.13639495,0.014302459,0.01617441,0.017283633,0.021440526,0.08664218,0.08852958,0.101840384,0.103103526,0.0876677,0.09283243,0.10013651,0.112861425,0.08611048,0.09422564,0.09908915,0.116064675,0.004740708,0.014965665,0.008988986,0.009387726,0.0056493855,0.015597568,0.008486166,0.012835551,0.00652474,0.015482324,0.008783526,0.015479342,0.1391966,0.08998485,0.14469215,0.12909995,0.009841015,0.030034604,0.013102826,0.016841857,0.14006874,0.102687806,0.12180328,0.116814464,0.13075353,0.10086691,0.12006473,0.11572954,0.13592543,0.008240694,0.014784161,0.009721791,0.0076669673,0.008998676,0.014228313,0.010451729,0.010968597,0.009181799,0.014337732,0.01074643,0.013630719,0.14478946,0.053115133,0.14201656,0.11379495,0.02269304,0.009847983,0.020878067,0.014825434,0.10694745,0.08017074,0.116970904,0.11334277,0.10803127,0.0846827,0.117396355,0.1132572,0.103030436,0.08384784,0.11183823,0.109820336,0.012374673,0.019057492,0.014657066,0.009089743,0.01301294,0.016639395,0.014872654,0.012123183,0.012673541,0.014296158,0.01404706,0.0141789755,0.14961258,0.0713651,0.14658688,0.11570706,0.022302212,0.022626897,0.023984492,0.019282911,0.14313196,0.12560526,0.1531407,0.15156734,0.13787614,0.12213788,0.14690255,0.15065019,0.023441426,0.024476048,0.027874619,0.024035176,0.023865728,0.023160188,0.028413383,0.026699068,0.021773746,0.020949733,0.025856433,0.027406098,0.1240531,0.03629455,0.11734298,0.08927325,0.021351049,0.0038505578,0.018833622,0.011624113,0.08703243,0.048435275,0.09133745,0.08347796,0.088672765,0.058360446,0.093653485,0.08264716,0.08408157,0.06290434,0.08930162,0.079640396,0.010637428,0.017280132,0.013053477,0.011099254,0.010412166,0.01662852,0.01262553,0.013026644,0.009673254,0.014060601,0.011958106,0.012939017,0.1502591,0.07307922,0.1444374,0.11424313,0.024158357,0.02125748,0.02412224,0.019988487,0.14240731,0.12068594,0.15144792,0.14285663,0.13650516,0.11956188,0.14517282,0.14198816,0.027552493,0.030916868,0.029709185,0.027080031,0.027237944,0.028710045,0.029535808,0.029348426,0.02385343,0.024909943,0.026087193,0.028642895,0.0,0.0071485024,0.0,0.008175275,0.0,0.0042746076
L_pOFC_ROI,Left,346,0.016799731,0.0033357407,0.002327758,0.0,0.0130200535,0.0,0.009376392,0.0,0.0051562027,0.014138364,0.014341217,0.00919068,0.0092567,0.0,0.0060231336,0.0,0.013231449,0.0,0.010114663,0.0,0.0060605803,0.0,0.012839153,0.0,0.010412144,0.0,0.0068159522,0.111762635,0.18623151,0.15466692,0.19598068,0.039189737,0.060602468,0.0570498,0.07731771,0.061008167,0.21370648,0.11032263,0.17851461,0.061072033,0.21904214,0.10865891,0.18247235,0.055316925,0.22352222,0.09944571,0.18107834,0.019818526,0.09017362,0.03963161,0.07556503,0.022582874,0.087862544,0.042425565,0.07394542,0.019046698,0.08587561,0.039710347,0.073373266,0.10194095,0.19572355,0.14386544,0.18079905,0.03414501,0.0768022,0.04892143,0.07000929,0.0949448,0.07845105,0.21399818,0.1255844,0.18815057,0.07189834,0.22540589,0.11657793,0.18669052,0.02765587,0.08892896,0.04355515,0.07266911,0.029662851,0.08607123,0.045945913,0.07221729,0.026360048,0.08636241,0.042461846,0.07172504,0.10363634,0.13999237,0.14052401,0.15752502,0.02476043,0.025761975,0.03255767,0.040226378,0.0640899,0.17186578,0.097579226,0.16394544,0.06388303,0.17545187,0.10095522,0.16285911,0.05964821,0.18103135,0.09328133,0.15623559,0.016456647,0.05394971,0.024544222,0.050054133,0.016035704,0.05305875,0.023726463,0.04909248,0.01288713,0.051503707,0.020209594,0.046552047,0.10474683,0.17020822,0.14879146,0.17664866,0.03278287,0.06693588,0.050407544,0.06914012,0.09537346,0.22552106,0.14854118,0.2064832,0.09196746,0.22876415,0.13983752,0.201714,0.032380592,0.08868117,0.052778423,0.08354551,0.033212498,0.08666924,0.053114865,0.08115747,0.028991528,0.0846554,0.04750537,0.07889446,0.08881288,0.08661258,0.113617666,0.11398416,0.025904747,0.025960669,0.03449728,0.0398365,0.057104867,0.11468676,0.07951248,0.11289395,0.058102667,0.116510406,0.085890874,0.11077875,0.056303713,0.12337478,0.08227868,0.10626604,0.02262685,0.053167284,0.03489161,0.050702177,0.021951452,0.05207554,0.03412059,0.04950276,0.018775227,0.048129987,0.028360276,0.043768372,0.09266376,0.14415249,0.12409835,0.14265944,0.027275749,0.059054717,0.037517495,0.0506938,0.080729425,0.1709834,0.11723351,0.14966334,0.07942169,0.17335466,0.11423469,0.14548747,0.02413816,0.065818034,0.035305362,0.057040233,0.023596615,0.06521935,0.035554342,0.054507133,0.020290019,0.06261359,0.029530635,0.049877126,0.0,0.014087479,0.0,0.009844433,0.0,0.0056874286
L_s32_ROI,Left,345,0.0061324053,0.004055017,0.0039332425,0.0,0.008528431,0.0,0.0063337213,0.0,0.005748692,0.008055319,0.010130818,0.0046397033,0.006135633,0.0,0.005584427,0.0,0.009247486,0.0,0.005892496,0.0,0.0054182084,0.0,0.0076505183,0.0,0.00701901,0.0,0.0056094835,0.073757276,0.09655089,0.10364389,0.12659626,0.015305209,0.0135689,0.022786371,0.026119037,0.03858207,0.10139842,0.06067429,0.08620758,0.04310027,0.101563886,0.062028673,0.09453282,0.03895201,0.10413298,0.065615736,0.09555376,0.006872687,0.013566978,0.012665277,0.019884517,0.0070249136,0.016939824,0.01325817,0.019643713,0.0035798866,0.019318651,0.012726795,0.022540474,0.07117409,0.13111627,0.102352716,0.12686199,0.009046307,0.03172015,0.017788371,0.025973365,0.06478455,0.045983106,0.10899516,0.07019829,0.107194014,0.04519605,0.11495319,0.072723195,0.11412807,0.0054974207,0.027932527,0.0114998985,0.019416308,0.007082503,0.030278038,0.01227753,0.019174358,0.0041119936,0.030830529,0.011785967,0.020722866,0.07929047,0.08852558,0.10857162,0.1194935,0.016329745,0.01015545,0.019035654,0.017628908,0.042705372,0.104672045,0.07125984,0.09201377,0.046768263,0.10149706,0.07150528,0.10212291,0.043880686,0.09927078,0.07317172,0.105424725,0.007347793,0.018021517,0.010886197,0.016000232,0.0070796637,0.022543442,0.011301122,0.016698055,0.00632045,0.022388725,0.011447706,0.016720407,0.08498392,0.13002254,0.12060254,0.14270692,0.01622808,0.0258819,0.02321,0.02596805,0.07216295,0.14421755,0.1062991,0.14634976,0.06954473,0.1443445,0.10649476,0.14931719,0.013167672,0.03049326,0.02127947,0.026009822,0.0142611675,0.035710625,0.021114837,0.027876733,0.012666583,0.035107058,0.019833943,0.028330924,0.075911,0.07163114,0.09948525,0.10655555,0.018111214,-0.0072234925,0.018979358,0.00901813,0.038226265,0.0849071,0.06238795,0.0747078,0.040661387,0.08358997,0.061439417,0.07990426,0.03716175,0.08492455,0.059922673,0.08570279,0.008585567,0.008738697,0.014002033,0.014081871,0.0077313446,0.0075624543,0.012693421,0.01107868,0.0063469927,0.004756404,0.0096386615,0.007165142,0.084521286,0.13114749,0.11771031,0.14429663,0.01737167,0.012820362,0.022372399,0.017601483,0.07095108,0.15527047,0.10126791,0.14347494,0.06595628,0.15245382,0.10000432,0.14528859,0.015684487,0.02574791,0.024581192,0.028905613,0.015769303,0.026609292,0.023070805,0.026921244,0.013699791,0.024442565,0.01978738,0.02210308,0.0,0.008504928,0.0,0.0075131166,0.0,0.0047788867
L_s6-8_ROI,Left,278,0.019099966,0.0024510787,0.0015942967,0.0,0.015783608,0.0,0.016344586,0.0,0.008320337,0.01602835,0.017958093,0.0130955465,0.016589444,0.0,0.010934788,0.0,0.018391825,0.0,0.017024677,0.0,0.008627126,0.0,0.018100375,0.0,0.016573334,0.0,0.010506054,0.12576967,0.10789537,0.14005168,0.14499864,0.023330657,0.016594846,0.026338428,0.026660295,0.08518792,0.1086254,0.108551145,0.12386133,0.085320145,0.11077755,0.11425158,0.12968841,0.08197436,0.11057903,0.10762405,0.1247034,0.013186675,0.021297334,0.017777491,0.022119746,0.01414535,0.019249942,0.018724931,0.021918453,0.015019319,0.017669663,0.018160066,0.01814896,0.12918508,0.12173633,0.14790516,0.14786667,0.017334307,0.031739257,0.019910097,0.026190482,0.11427721,0.09298069,0.13990363,0.12890337,0.15353695,0.0881178,0.14146814,0.11849874,0.14753468,0.013106949,0.033638395,0.016072769,0.03013411,0.0133035,0.031472236,0.017641082,0.030070435,0.013505334,0.031346813,0.016789034,0.029990101,0.12772052,0.09997698,0.1417646,0.13822854,0.018616453,0.00797679,0.020695692,0.01951097,0.093535855,0.1117423,0.1129285,0.12385643,0.09291161,0.110138774,0.11843904,0.12814441,0.087788306,0.10763973,0.10818234,0.12676047,0.008763049,0.02290057,0.01082407,0.017255506,0.0076390402,0.022382755,0.012629305,0.016755031,0.007467824,0.021136262,0.01067203,0.015175764,0.1283566,0.11598624,0.1442934,0.14432411,0.017178342,0.025534833,0.021930179,0.0264431,0.11540679,0.14510699,0.1454012,0.16686277,0.10950654,0.1407508,0.13382392,0.16007075,0.017342305,0.03714244,0.021972736,0.03652098,0.016939085,0.035936926,0.024251595,0.036152005,0.015986808,0.034931052,0.021999227,0.033195697,0.11152467,0.075658925,0.11942975,0.117237605,0.01948097,0.00286978,0.01956924,0.01483361,0.072557785,0.0973393,0.085955046,0.099194124,0.07221609,0.098906666,0.08734479,0.09932265,0.06748478,0.09730615,0.08170396,0.09926811,0.007849512,0.017480316,0.010046546,0.014206894,0.007590058,0.01853005,0.010545739,0.014999667,0.005954299,0.018184857,0.008724713,0.015849005,0.11853467,0.1069576,0.12855558,0.12607563,0.013593828,0.020665593,0.015885329,0.020018673,0.104439095,0.13002996,0.12394295,0.14143172,0.0987286,0.12677151,0.117046446,0.13829945,0.014163435,0.02119753,0.016839195,0.023522481,0.014344812,0.021765241,0.01768038,0.02490306,0.013119255,0.022246573,0.016061537,0.0235132,0.0,0.017508734,0.0,0.013246042,0.0,0.008117015
L_v23ab_ROI,Left,213,0.0034319551,0.004631623,0.0049320217,0.0,0.005316114,0.0,0.008007544,0.0,0.0077747502,0.0039732247,0.004680695,0.0060318206,0.007155094,0.0,0.00738732,0.0,0.0030295765,0.0,0.007036506,0.0,0.0062543666,0.0,0.003062507,0.0,0.0073552406,0.0,0.0068657184,0.12800439,0.110873215,0.13847679,0.13314505,0.023692222,0.04577069,0.03290047,0.04034005,0.07988156,0.11084114,0.10031677,0.11375238,0.08005386,0.10597645,0.0998735,0.11862625,0.08143356,0.10477794,0.09718597,0.11550473,0.019746028,0.039152548,0.029530074,0.037971035,0.02208012,0.0416375,0.03236344,0.03810242,0.02114086,0.04422853,0.03002716,0.03798915,0.12599681,0.124738164,0.13962239,0.12803467,0.030175086,0.06955367,0.04352177,0.05664385,0.13201003,0.08251545,0.13036776,0.11076604,0.13275708,0.084653325,0.12852626,0.1074549,0.13235544,0.018200243,0.06055779,0.030984534,0.047278497,0.021026837,0.063121565,0.034788366,0.049716022,0.020478582,0.06398079,0.03320879,0.052994464,0.14266306,0.091708,0.15081298,0.12758386,0.047192004,0.04975246,0.053794324,0.05434179,0.104862146,0.11727212,0.12556463,0.12903439,0.10557944,0.10974266,0.12546246,0.12584408,0.10157669,0.10513778,0.11993366,0.12029595,0.04157224,0.069399714,0.052375045,0.06331303,0.04237897,0.06964368,0.053968616,0.06324268,0.038394544,0.06859266,0.049672212,0.058984,0.15129195,0.114523225,0.15903382,0.13790907,0.057365656,0.06380827,0.06433394,0.064119495,0.13552721,0.14441401,0.15733959,0.16233255,0.130453,0.13690215,0.14988936,0.15727651,0.0515816,0.086049266,0.06319428,0.074752204,0.053841267,0.08557297,0.06678089,0.07769526,0.04827637,0.08226377,0.06109437,0.07679825,0.12551664,0.053847875,0.12861353,0.10507728,0.038351092,0.029334145,0.03855208,0.033637907,0.087522976,0.10373832,0.0992717,0.10495119,0.0895783,0.09903289,0.100258954,0.09633942,0.08613598,0.09278023,0.09822217,0.09440934,0.027253361,0.041590896,0.033118565,0.042435233,0.028987633,0.04065254,0.034403875,0.03981897,0.02802166,0.04104885,0.03379162,0.036783535,0.15450798,0.11002058,0.15850645,0.1343382,0.059119668,0.06098066,0.060857303,0.05797134,0.14652054,0.15021275,0.16134481,0.15852787,0.13756867,0.14107658,0.15411125,0.15155691,0.057418782,0.07072792,0.06334784,0.07177227,0.05907608,0.068040915,0.065297596,0.071653984,0.053462144,0.063994996,0.059338298,0.068401106,0.0,0.006810895,0.0,0.007815577,0.0,0.0072490945
R_10d_ROI,Right,72,0.012917756,0.006382124,0.006223395,0.0,0.010061986,0.0,0.01073265,0.0,0.011464027,0.0,0.011222669,0.010296042,0.011000004,0.0,0.013446037,0.0,0.0076184887,0.0,0.010797474,0.0,0.010403592,0.0,0.006971447,0.0,0.012160888,0.0,0.011188534,0.15585878,0.093375504,0.15144086,0.14025563,0.047428027,0.019007148,0.04698984,0.04323162,0.06501257,0.10064489,0.07368655,0.09587977,0.065866,0.09906262,0.0762256,0.10195518,0.06722917,0.09573658,0.07548513,0.106134,0.0028390381,0.03588346,0.008771583,0.023136625,0.0043905303,0.037528146,0.011058779,0.026016733,0.0051067653,0.03694951,0.010327706,0.028231733,0.15452057,0.12448574,0.16232297,0.1595434,0.021466771,0.06372254,0.03412285,0.052214935,,0.099678874,0.119082704,0.11780192,0.1370053,0.102240905,0.11819278,0.11858079,0.14350446,0.011227493,0.039373145,0.017156271,0.03301107,0.013280501,0.042466603,0.021704776,0.037527498,0.014497977,0.045031384,0.022410374,0.039895236,0.20039102,0.111379206,0.19692728,0.16785596,0.05895906,0.017796142,0.052354112,0.038487427,0.12354237,0.12276576,0.13323213,0.14367954,0.12726477,0.11889287,0.13801372,0.1485146,0.123223536,0.116740234,0.13485314,0.14951496,0.023882676,0.043779366,0.025029605,0.037393868,0.024086086,0.04270135,0.024264326,0.03806216,0.02070097,0.039394375,0.022103636,0.037207413,0.1872621,0.11739253,0.19227836,0.17796272,0.056505684,0.05628015,0.06152089,0.066237934,0.15561427,0.13589312,0.1707049,0.1779638,0.15481512,0.13665117,0.17015633,0.18304618,0.043757387,0.058870606,0.05032406,0.060981568,0.046513863,0.059739426,0.05457726,0.06368507,0.044023495,0.060018536,0.052216183,0.0631008,0.21159293,0.12871459,0.20893934,0.18389297,0.08886978,0.040286716,0.084603384,0.06424518,0.13686976,0.14622058,0.1486924,0.15413126,0.13997304,0.14406563,0.1525615,0.15820022,0.13495934,0.14266,0.14936726,0.15801746,0.05966567,0.054767072,0.06620604,0.06486851,0.060847644,0.054532524,0.06718208,0.06784284,0.05704249,0.053583458,0.063357145,0.06741666,0.1974086,0.1232163,0.1975621,0.17990728,0.076412104,0.06835032,0.08069345,0.07966239,0.16006976,0.14810127,0.1712452,0.16928688,0.15499128,0.14682628,0.16792278,0.17370997,0.05515324,0.06001345,0.06184668,0.06552203,0.05723392,0.05949171,0.06399943,0.06784475,0.0530333,0.058779784,0.060029354,0.06680286,0.0,0.008110027,0.0,0.010728505,0.0,0.009169389
R_10pp_ROI,Right,90,0.017228277,0.0056528444,0.00565952,0.0,0.01056823,0.0,0.01039686,0.0,0.011216539,0.0,0.01324351,0.010204234,0.011076734,0.0,0.011937757,0.0,0.010676845,0.0,0.012897332,0.0,0.0113371285,0.0,0.010223481,0.0,0.012907938,0.0,0.012333867,0.17662369,0.14248632,0.18976712,0.20229743,0.04875433,0.030658333,0.049537186,0.04462677,0.08522641,0.15928471,0.111422814,0.13779339,0.087289274,0.16079248,0.111478366,0.14477085,0.08545112,0.15816422,0.10939306,0.154482,0.00887935,0.048424,0.01645826,0.028312793,0.010853395,0.048589315,0.016998703,0.03085614,0.011720003,0.04646186,0.017699776,0.03258509,0.16010572,0.1561139,0.18122958,0.19726591,0.02477804,0.05869961,0.035438783,0.047481988,,0.10222042,0.15745844,0.12926592,0.1553075,0.101433076,0.16118643,0.13222837,0.16812013,0.013286873,0.044633597,0.01933441,0.028199844,0.015904661,0.043335352,0.021063626,0.031323276,0.016390605,0.041845113,0.02255501,0.034519102,0.19083644,0.13579105,0.20493706,0.19422193,0.04364058,0.016281603,0.040143516,0.03191361,0.11385241,0.15713106,0.13712682,0.15213095,0.11389002,0.15866508,0.1381385,0.15521692,0.1104523,0.15459706,0.13556595,0.15993442,0.013747589,0.035702195,0.01483203,0.02754899,0.012049011,0.03594098,0.012517482,0.02889683,0.010655961,0.034595195,0.010411358,0.029531619,0.1721567,0.14917614,0.19463731,0.19506086,0.0431352,0.044117715,0.052100893,0.056914147,0.1371001,0.16546558,0.16636956,0.17809354,0.1360972,0.16844557,0.16698788,0.18837835,0.029391358,0.0456621,0.036863297,0.04513296,0.032339875,0.04714765,0.040085614,0.049289476,0.03268642,0.046343144,0.041158307,0.051412407,0.17866373,0.10674477,0.1857122,0.16869654,0.06288201,0.024139056,0.06397786,0.046520617,0.10606217,0.13534832,0.12407983,0.13094653,0.10662341,0.13936268,0.12562886,0.13325502,0.10377919,0.13348581,0.12284633,0.13309921,0.03971102,0.03694376,0.047497485,0.047450405,0.040310536,0.03769838,0.04910885,0.049701575,0.04041586,0.038537495,0.048798736,0.049253315,0.16842712,0.135414,0.18148588,0.17439099,0.04829073,0.046566855,0.054452937,0.053045277,0.13132095,0.1620824,0.15297256,0.16275863,0.12722169,0.15857938,0.14854787,0.16387625,0.031935126,0.036384404,0.037309762,0.0413121,0.033577688,0.03693133,0.039299518,0.04329568,0.032805286,0.036716748,0.038836513,0.043584574,0.0,0.010074043,0.0,0.012465446,0.0,0.008601526
R_10r_ROI,Right,65,0.013454316,0.0072590886,0.0067747687,0.0,0.00946617,0.0,0.009296673,0.0,0.011994347,0.0,0.011676797,0.007814587,0.009854101,0.0,0.014259831,0.0,0.0058184355,0.0,0.01014038,0.0,0.013117591,0.0,0.0056541534,0.0,0.011926339,0.0,0.014180539,0.16191006,0.11845952,0.1680368,0.15835404,0.057533633,0.029981716,0.058129374,0.04977495,0.077300295,0.13130546,0.097053885,0.118041836,0.08023881,0.1294843,0.09980957,0.1240239,0.07747915,0.124295734,0.09759167,0.13208616,0.011835226,0.037945326,0.022400085,0.030341418,0.012298856,0.040581666,0.023534957,0.034869492,0.012461144,0.042419344,0.02210943,0.039974954,0.15202868,0.12828936,0.16937932,0.1607113,0.029729502,0.065656826,0.043258693,0.05086348,,0.098776124,0.13976943,0.1256926,0.14730768,0.095833,0.13594201,0.12230714,0.14963232,0.017086308,0.047970477,0.025236739,0.039560232,0.018834436,0.04984635,0.02884811,0.04217705,0.017871778,0.051032312,0.028400296,0.044597417,0.18994416,0.12754276,0.19336297,0.16037884,0.06273565,0.026490277,0.05882976,0.041182324,0.119067594,0.14298417,0.13790183,0.15071388,0.11976825,0.14133698,0.1408087,0.1547166,0.112889536,0.1364721,0.13500498,0.15408292,0.025472356,0.04900126,0.029677674,0.037581578,0.024239777,0.047623113,0.027854668,0.03833728,0.019243808,0.045587428,0.024452476,0.037742898,0.18294261,0.14559594,0.19687586,0.17726985,0.060990978,0.06610374,0.069467604,0.06692307,0.15807419,0.16843379,0.18733715,0.20044005,0.15143399,0.16187029,0.17828341,0.19628611,0.0508449,0.07344805,0.061831918,0.071118474,0.052645355,0.07374779,0.064742625,0.07256863,0.047325082,0.07328206,0.06020495,0.07181222,0.18802808,0.11554538,0.18835282,0.1535548,0.081343964,0.018333996,0.075268425,0.047318876,0.12285199,0.117163874,0.13791022,0.1435675,0.12325757,0.11927146,0.14171527,0.14476502,0.11506672,0.122326516,0.13298112,0.1376749,0.049124423,0.04403562,0.056956124,0.057728168,0.048436154,0.042526223,0.058439262,0.054632656,0.042946182,0.041160762,0.050697085,0.04978377,0.18628058,0.14728291,0.19394314,0.172683,0.07040732,0.07000191,0.07612479,0.06804945,0.16167909,0.16391864,0.18459977,0.18703245,0.15276733,0.16008887,0.17320874,0.17811133,0.060015988,0.07254984,0.06955228,0.075481296,0.06011433,0.07222973,0.070349395,0.07507462,0.05342198,0.0715769,0.06433378,0.07195698,0.0,0.006396009,0.0,0.011531629,0.0,0.009877989
R_10v_ROI,Right,88,0.006146484,0.0016161085,0.0017850721,0.0,0.0067039346,0.0,0.0052916193,0.0,0.0053025875,0.0,0.006592922,0.0045679472,0.005294284,0.0,0.0048493384,0.0,0.005785879,0.0,0.0048036836,0.0,0.0058319853,0.0,0.0070797186,0.0,0.0049403496,0.0,0.004658214,0.16215558,0.121945135,0.17457119,0.17535523,0.02554453,0.012284653,0.02932236,0.022545753,0.08970195,0.1276157,0.108988196,0.12357143,0.08932741,0.13440967,0.10748818,0.12944688,0.087765686,0.13248193,0.107347384,0.13067937,0.007632713,0.017192008,0.016234862,0.019051578,0.009001715,0.020189105,0.0156847,0.020519346,0.009418524,0.022267057,0.015685573,0.02053404,0.15989515,0.16445187,0.17545545,0.18418357,0.018086802,0.034788903,0.024001496,0.028522937,,0.10360473,0.16570278,0.12969434,0.14719357,0.102835044,0.16485953,0.12837112,0.14491403,0.012317464,0.03893837,0.0179054,0.026971769,0.013933853,0.04100779,0.019307377,0.030404355,0.014011716,0.041761886,0.020859124,0.029935934,0.18268384,0.119739875,0.19109534,0.16727842,0.03178384,0.016471,0.03282491,0.023490101,0.11139666,0.13744976,0.1308049,0.13863657,0.11530629,0.14123107,0.13505222,0.14673987,0.11303639,0.13904536,0.13433601,0.14731981,0.014926085,0.027069682,0.02086753,0.022442047,0.01628958,0.028413001,0.020657584,0.02336383,0.015039801,0.02927004,0.020168632,0.022835914,0.17537543,0.1625834,0.19152974,0.18624552,0.03824216,0.039453447,0.044259243,0.04121978,0.14542592,0.1783435,0.1699449,0.17913899,0.14283112,0.17732443,0.16780543,0.17500867,0.031970862,0.04506209,0.03807214,0.042156875,0.034497764,0.04669735,0.042344294,0.046752702,0.033830732,0.04749859,0.043508295,0.047709048,0.1693857,0.098482385,0.17360587,0.15133606,0.037786733,0.017035605,0.0388597,0.028599376,0.0955416,0.110171914,0.11061923,0.118932016,0.1001998,0.11090924,0.1173528,0.12728594,0.09811334,0.112643346,0.11508156,0.12745774,0.022323126,0.022966843,0.029050054,0.02949052,0.02247356,0.021082753,0.029826079,0.030909449,0.021032229,0.022067111,0.027531633,0.029854367,0.16946469,0.13401186,0.17981517,0.17264889,0.03795881,0.03916004,0.041710906,0.03947032,0.1415525,0.16417623,0.16106556,0.17337619,0.13792074,0.1612586,0.15712714,0.17084263,0.03493542,0.05104519,0.04036615,0.044661935,0.03613308,0.049107436,0.042332985,0.048483726,0.034093887,0.04691696,0.040919967,0.049347095,0.0,0.0076015657,0.0,0.006040388,0.0,0.004520678
R_11l_ROI,Right,91,0.008436157,0.0024813206,0.0024125152,0.0,0.0061733606,0.0,0.005566954,0.0,0.0045171846,0.0,0.005841364,0.003451429,0.0050494126,0.0,0.0055343737,0.0,0.003074599,0.0,0.005588879,0.0,0.006154362,0.0,0.0034120434,0.0,0.0056483475,0.0,0.004906108,0.1480702,0.09472067,0.15745029,0.1495213,0.033262264,0.02977513,0.036573257,0.04159767,0.08287828,0.10070891,0.099486895,0.09276573,0.086391695,0.10215603,0.10189802,0.10068017,0.08474921,0.100695245,0.100823954,0.107000515,0.015620141,0.039119188,0.02465263,0.028700754,0.019637031,0.04015505,0.025203407,0.033792082,0.018278375,0.040421255,0.023771692,0.03439597,0.15182777,0.13702534,0.16886102,0.16709575,0.024130803,0.0427779,0.031017665,0.03958061,,0.09793779,0.15072131,0.12156912,0.13335475,0.09928448,0.14479168,0.12405943,0.138615,0.017496012,0.042715803,0.02654827,0.032677975,0.020121127,0.041968912,0.029677216,0.038485914,0.020058798,0.04045297,0.029634494,0.040239334,0.15596545,0.06431302,0.16228741,0.1323074,0.050698634,0.026726793,0.053035535,0.039609402,0.0996113,0.07556771,0.112781025,0.09906721,0.10239143,0.07718081,0.11800276,0.104476914,0.10120924,0.07594603,0.1158499,0.10726584,0.028353361,0.04392079,0.036454093,0.03332534,0.031177776,0.044722434,0.03882008,0.038891975,0.030840712,0.043453783,0.03748515,0.04051613,0.15956639,0.11280065,0.17287885,0.16088153,0.036667164,0.02928907,0.04298955,0.037679587,0.13516676,0.1464349,0.15658502,0.15474811,0.13749821,0.14045036,0.15577924,0.15712394,0.031227548,0.046024468,0.041281696,0.043356452,0.035653528,0.04392379,0.04590211,0.048826817,0.035711158,0.04109743,0.045131236,0.049837295,0.13971771,0.03771535,0.13654707,0.11450756,0.048878282,0.022401197,0.047792684,0.0360035,0.077436574,0.051731072,0.0833086,0.0799836,0.080787994,0.05325255,0.08936511,0.08392186,0.080934174,0.054680318,0.088970795,0.08480086,0.025216656,0.036896776,0.030475136,0.03281604,0.025646176,0.037184574,0.032373857,0.037973046,0.024778975,0.038096283,0.031041626,0.03877342,0.15384543,0.1125127,0.16027822,0.15744786,0.031493332,0.0285022,0.034287285,0.033281654,0.13360225,0.14668591,0.15193684,0.15574838,0.13502948,0.14157058,0.14892426,0.16026692,0.029242864,0.04734191,0.03387141,0.037333336,0.032018337,0.043482125,0.03658173,0.0412176,0.031110901,0.040125143,0.034985624,0.042133454,0.0,0.005561124,0.0,0.0063382457,0.0,0.0043924088
R_13l_ROI,Right,92,0.0042507937,0.0057432144,0.0057846615,0.0,0.006172423,0.0,0.0077986578,0.0,0.007817031,0.0,0.005435523,0.0056316266,0.006948027,0.0,0.008550388,0.0,0.0057254266,0.0,0.0071825916,0.0,0.0073814616,0.0,0.0032340004,0.0,0.00751768,0.0,0.0075655705,0.13336815,0.08912613,0.15336387,0.14296247,0.03030023,0.03331095,0.038581397,0.03884482,0.08912854,0.10241198,0.11523168,0.1115465,0.09189386,0.112050764,0.117506444,0.122560374,0.09054484,0.1110049,0.11420159,0.12193543,0.03038455,0.047801707,0.040512607,0.039083447,0.03149911,0.051489383,0.039686546,0.045026414,0.030834405,0.051317163,0.037779458,0.044185724,0.113857515,0.0972191,0.13409792,0.1308515,0.0258653,0.027125474,0.031994775,0.029892486,,0.07742296,0.12894973,0.100864395,0.117841,0.07877301,0.11969129,0.10345548,0.120642066,0.019975176,0.04377795,0.029412564,0.028358014,0.0215352,0.04276761,0.029426606,0.03531757,0.020675318,0.04152093,0.02916692,0.03655279,0.12875226,0.05784155,0.14182115,0.116450496,0.049359653,0.03191685,0.056183793,0.046772037,0.095312715,0.07461516,0.11447998,0.10612088,0.09766848,0.07866675,0.11609123,0.112035766,0.09163856,0.07625676,0.11170412,0.10535831,0.041079648,0.06050768,0.054291476,0.050965793,0.04303676,0.06081798,0.054725945,0.05611182,0.040587958,0.056262672,0.051689286,0.054652207,0.11606299,0.08627928,0.12884639,0.11808455,0.032121323,0.01848022,0.037537,0.031144768,0.106054984,0.12671714,0.122248605,0.13478324,0.102533296,0.11523505,0.122672305,0.13117981,0.030525543,0.054879975,0.041264962,0.04413032,0.031549625,0.05104259,0.04061293,0.049971547,0.029697293,0.045344803,0.03836122,0.04883074,0.0988846,0.027388945,0.099347234,0.081109986,0.029406594,0.011103497,0.02765369,0.022759147,0.061481394,0.028405407,0.06901764,0.06477436,0.06454223,0.031525824,0.06979496,0.06884987,0.058013685,0.032218512,0.06656935,0.060218804,0.010762355,0.032451756,0.015185289,0.024774536,0.011400806,0.03133189,0.016130885,0.027350321,0.010055571,0.026849816,0.015197977,0.025448037,0.107550316,0.081145406,0.114439234,0.11177674,0.023574902,0.02078807,0.027194006,0.029135143,0.102617614,0.12600753,0.11609981,0.13305922,0.09453093,0.11434186,0.110488184,0.12623696,0.026584541,0.059280973,0.03414107,0.044925712,0.026915327,0.05642558,0.03447975,0.048773494,0.023684593,0.051061783,0.029950239,0.04755582,0.0,0.005669876,0.0,0.00830601,0.0,0.007325916
R_1_ROI,Right,51,0.0043772752,0.0027026285,0.0024994242,0.0,0.0030045693,0.0,0.0009257849,0.0,0.00039392948,0.0,0.003429565,0.0019732509,0.0019397663,0.0,0.0009878989,0.0,0.0030533276,0.0,0.0030672357,0.0,0.0010066936,0.0,0.0024146177,0.0,0.0024347675,0.0,0.0016290254,0.13096167,0.09012448,0.13739263,0.12899043,0.019247917,0.022809515,0.016658591,0.014247445,0.080365285,0.096658945,0.09008659,0.095815,0.07958077,0.105215505,0.092277884,0.10014701,0.08020603,0.106585145,0.092167094,0.10652413,0.01470761,0.016853452,0.018268138,0.01849471,0.013834939,0.016795557,0.017084718,0.017600182,0.013063455,0.017819136,0.013250632,0.017454017,0.1164036,0.067227006,0.12291861,0.11312906,0.019954324,0.01034385,0.020862948,0.020093191,,0.07778812,0.0970163,0.08959272,0.09658297,0.07630218,0.10650956,0.08811591,0.0992409,0.017839551,0.01720576,0.02042134,0.02299482,0.016200747,0.01716202,0.019823832,0.023598615,0.014267628,0.016099138,0.01618641,0.021474287,0.16101074,0.1027981,0.1629802,0.14693417,0.030364128,0.013575961,0.029853525,0.025704589,0.13263774,0.13338491,0.14101885,0.14300361,0.13408895,0.13526739,0.14388135,0.14158818,0.12574796,0.13525665,0.13688995,0.14036107,0.024873866,0.024362953,0.027772848,0.03137798,0.02467603,0.024016535,0.028339036,0.030901067,0.022821356,0.023667429,0.025502533,0.028031446,0.1511407,0.08951109,0.15367353,0.13589892,0.030966185,0.017987119,0.03192773,0.026235083,0.14499068,0.14583877,0.15634692,0.14883672,0.13338982,0.1499276,0.1467197,0.14774,0.03499762,0.030783804,0.038750228,0.03798867,0.03309262,0.028919011,0.03827134,0.038012683,0.027689788,0.025700182,0.03227574,0.033775218,0.15238598,0.08968751,0.15315941,0.13354906,0.021840334,0.0075940113,0.0213806,0.014014126,0.124327384,0.12409623,0.13524266,0.13188985,0.12584673,0.120551,0.13610837,0.12765563,0.11437417,0.12006475,0.12589051,0.123397864,0.015634881,0.021631302,0.020368742,0.02472893,0.015207698,0.020654157,0.019217955,0.021891143,0.012899451,0.021247271,0.016200399,0.019470066,0.15381405,0.09423351,0.1557047,0.13116346,0.026606385,0.020114034,0.02587277,0.019717753,0.15675403,0.14493383,0.17200468,0.15682723,0.14030835,0.14681931,0.15627314,0.15182933,0.03210864,0.02987251,0.035404094,0.034886334,0.031781767,0.028966675,0.03487802,0.033866312,0.026198508,0.027641937,0.029163208,0.03054735,0.0,0.0026474388,0.0,0.0015239744,0.0,0.00086258654
R_23c_ROI,Right,38,0.012209894,0.0047586034,0.0044623776,0.0,0.0057700276,0.0,0.006104531,0.0,0.007795484,0.0,0.0071145394,0.004404788,0.006144725,0.0,0.0094698,0.0,0.0055748867,0.0,0.0069529107,0.0,0.010052995,0.0,0.005450146,0.0,0.007845298,0.0,0.009692773,0.1764574,0.10593208,0.16712585,0.14416695,0.038509782,0.021622509,0.030767228,0.020583982,0.11132149,0.123380765,0.12090798,0.13271797,0.11180989,0.121201485,0.120119765,0.13513209,0.10724361,0.120782234,0.11525749,0.1349782,0.023055404,0.029662969,0.021373805,0.023945807,0.02266646,0.03248305,0.021221934,0.023935715,0.02049554,0.0349359,0.01890929,0.022878436,0.17545328,0.10258125,0.17154028,0.14300092,0.028700475,0.030653596,0.030306138,0.029285489,,0.12581305,0.13973892,0.14041863,0.15040252,0.12064136,0.13987099,0.13473266,0.14900537,0.022879511,0.03083697,0.02609573,0.03161982,0.021583457,0.033195235,0.026966432,0.03244483,0.019734528,0.036629897,0.025298974,0.031811904,0.2011687,0.11201306,0.1943206,0.1577389,0.059152484,0.014167531,0.05321316,0.027734812,0.16052414,0.15674353,0.17220661,0.16795,0.15944138,0.14987947,0.17033042,0.16765514,0.1467385,0.14258668,0.15842193,0.16284338,0.0465432,0.042831562,0.051970307,0.0492077,0.045175187,0.043791987,0.05132771,0.04786339,0.039726757,0.0429767,0.043298025,0.04438422,0.19453005,0.12327912,0.1886342,0.1601881,0.053008378,0.030103832,0.050944746,0.03711481,0.18607858,0.18301387,0.1985527,0.19773485,0.17191379,0.17901722,0.18379952,0.18753412,0.05817263,0.05257084,0.06293354,0.063428655,0.056348212,0.05282488,0.063619085,0.06319076,0.048456725,0.05116149,0.054050326,0.058495108,0.18157394,0.09209976,0.17377076,0.14289555,0.051592413,0.0058835973,0.04517042,0.02639831,0.1367153,0.15297551,0.14714865,0.14429119,0.13431747,0.14826337,0.1439822,0.1452392,0.12240059,0.14027448,0.13297504,0.13858023,0.030885335,0.035364684,0.03656618,0.03841392,0.031229015,0.036477942,0.03735679,0.04010409,0.028099475,0.036112547,0.032394826,0.038649436,0.18367115,0.1198914,0.17964652,0.15487766,0.051880285,0.04048497,0.051407736,0.041908886,0.17586938,0.17687656,0.18776964,0.1860172,0.16078515,0.17420292,0.17323545,0.1778643,0.06037472,0.04976232,0.0646686,0.059876077,0.05887211,0.04970374,0.06444038,0.061455723,0.050637085,0.047860157,0.05461874,0.059079666,0.0,0.00886298,0.0,0.0069308956,0.0,0.007630351
R_23d_ROI,Right,32,0.010632461,0.0036265512,0.0034786456,0.0,0.0069893245,0.0,0.007602843,0.0,0.004311784,0.0,0.008728383,0.0062631597,0.007885165,0.0,0.00649862,0.0,0.008878128,0.0,0.008818321,0.0,0.005969785,0.0,0.008875482,0.0,0.008831164,0.0,0.007039175,0.14380966,0.08686804,0.15017028,0.14144519,0.022316229,0.009310767,0.02380115,0.015896711,0.07469012,0.119509436,0.090127714,0.10391724,0.076333754,0.11427906,0.08953957,0.10720343,0.07609899,0.10851406,0.09026269,0.11055961,0.010300877,0.022870807,0.014475642,0.012912518,0.010744272,0.026093446,0.014584421,0.014017106,0.010045216,0.027633877,0.013834372,0.01517034,0.14315583,0.10526058,0.15780614,0.15397654,0.019332254,0.04198321,0.03040472,0.04237831,,0.09301268,0.1448518,0.1150483,0.14084637,0.091570325,0.1377666,0.114397414,0.14127442,0.0149429785,0.036448184,0.023808332,0.03270203,0.015718194,0.039745934,0.025513234,0.035834905,0.015726697,0.04154322,0.02572913,0.038516574,0.16373995,0.094271615,0.1714839,0.14422885,0.036114383,0.012735888,0.037786257,0.021103928,0.110786825,0.107577816,0.12444291,0.12535465,0.11538791,0.105351634,0.12728976,0.12937924,0.11227418,0.10316349,0.12670562,0.13211608,0.024137916,0.03314382,0.02979202,0.027165793,0.02350804,0.035345703,0.029237123,0.028659372,0.020936655,0.035142638,0.026689805,0.02959526,0.1668863,0.104052275,0.18034337,0.16251335,0.048421323,0.04506761,0.057590004,0.05774444,0.14337516,0.15033725,0.16147003,0.16579413,0.14099774,0.14208767,0.1609584,0.1698955,0.037905093,0.054180402,0.04818455,0.052733347,0.042460315,0.059287302,0.052674834,0.057890955,0.041430123,0.060186762,0.052460745,0.060773794,0.15575375,0.072484836,0.1592661,0.13154233,0.05075306,0.015486926,0.050669093,0.035388794,0.100416385,0.08379938,0.1120558,0.10828055,0.10695568,0.08477642,0.118305564,0.11123466,0.10472274,0.085618414,0.11699275,0.11362489,0.033552736,0.036504563,0.03916264,0.037779357,0.035674695,0.039758027,0.040797595,0.040150426,0.033919163,0.040369935,0.038736146,0.040864162,0.17062975,0.10877641,0.17910472,0.16010986,0.05826183,0.058477476,0.06444341,0.064180374,0.1488135,0.14029953,0.16587503,0.1624979,0.14571522,0.1355976,0.16301514,0.16677472,0.044718083,0.053480167,0.051317874,0.05531288,0.049686752,0.05785679,0.055631045,0.060439657,0.047993004,0.059585553,0.054758076,0.061854545,0.0,0.008926736,0.0,0.0073265587,0.0,0.0039321147
R_24dd_ROI,Right,40,0.006067617,-0.00065810967,-0.0005113361,0.0,0.0058590793,0.0,0.002052279,0.0,0.0010806647,0.0,0.0061898953,0.0016623617,0.0030086387,0.0,0.0009611388,0.0,0.0058458596,0.0,0.0029788215,0.0,0.0017814616,0.0,0.0064359703,0.0,0.0033910396,0.0,0.0028612348,0.091318145,0.049808882,0.08726429,0.07340516,0.021268962,0.014561955,0.019834315,0.0152431885,0.061536137,0.06190521,0.07137615,0.07325793,0.06135048,0.05978262,0.0689713,0.07690095,0.055321984,0.054334827,0.063142255,0.069774166,0.022153685,0.024609778,0.026256058,0.025695322,0.022933345,0.023992803,0.026805948,0.026076011,0.02049013,0.022366116,0.024371682,0.0240474,0.087006465,0.06111045,0.08525006,0.07311504,0.02600688,0.018116023,0.02447531,0.020283584,,0.061075862,0.05742865,0.06962718,0.07421874,0.055600353,0.058479007,0.064858034,0.06936258,0.022029111,0.033597745,0.024575034,0.02742237,0.022398522,0.03535423,0.025530966,0.027355902,0.019787017,0.03494522,0.022532132,0.026475884,0.119982846,0.07994161,0.11304871,0.09723428,0.029717498,0.012755407,0.027411582,0.018953877,0.10662686,0.09531025,0.11159727,0.11608055,0.098309964,0.09264787,0.103121914,0.1127279,0.08489062,0.09137916,0.08930778,0.10083867,0.041533228,0.040787704,0.043454055,0.042488497,0.036664408,0.03763072,0.03847801,0.03997674,0.027950613,0.033405304,0.029398654,0.035575338,0.12122545,0.08179506,0.11800837,0.10320017,0.045188602,0.027321259,0.04347052,0.0314055,0.11803722,0.10177831,0.12780046,0.12645055,0.10251245,0.102350466,0.11294362,0.115965836,0.055696063,0.05761188,0.06026089,0.058144912,0.04869206,0.055206295,0.055251494,0.054535374,0.036747254,0.05226861,0.04215615,0.05013691,0.117354974,0.076785214,0.11371707,0.1003211,0.02397883,0.015706746,0.02410579,0.017725704,0.10708737,0.11756227,0.11358079,0.116416186,0.095824,0.11070065,0.10450768,0.11458858,0.08132465,0.10836185,0.08826665,0.10387984,0.03240097,0.039329402,0.036195166,0.03576358,0.02793259,0.03651106,0.032527383,0.034174174,0.020782152,0.033741497,0.024054635,0.031579405,0.13448931,0.09881177,0.13383755,0.120496646,0.04224324,0.037109595,0.041677002,0.034374423,0.13570955,0.14067313,0.1508229,0.15745665,0.11581647,0.13717948,0.1308954,0.14428745,0.058089014,0.06707781,0.06333037,0.062288865,0.05023921,0.06648945,0.057854537,0.059207264,0.03750726,0.064415745,0.043750126,0.056562487,0.0,0.0062507982,0.0,0.0028647257,0.0,0.0019838696
R_24dv_ROI,Right,41,0.011715278,0.0027851372,0.002253677,0.0,0.01021058,0.0,0.0065580327,0.0,0.003940486,0.0,0.011253721,0.005052142,0.00822554,0.0,0.0037141899,0.0,0.010438345,0.0,0.009371968,0.0,0.0043929433,0.0,0.011912642,0.0,0.009621285,0.0,0.0067237653,0.08414335,0.07660525,0.10119404,0.09473193,0.02350611,0.013661124,0.02649129,0.018777013,0.056700263,0.073836274,0.07789832,0.08202977,0.058200944,0.076665625,0.08026397,0.088152364,0.05747582,0.075022645,0.07812812,0.084806964,0.01990826,0.02836183,0.02634774,0.027386352,0.022074385,0.02793566,0.029860174,0.029735018,0.02217211,0.026287692,0.028515667,0.028091935,0.07337239,0.068511225,0.09043933,0.08990461,0.029476237,0.027652679,0.03498703,0.035977654,,0.051603146,0.06572003,0.073294505,0.089071564,0.05049686,0.06347174,0.07100307,0.0833041,0.020198837,0.04579182,0.02929965,0.038906027,0.022365585,0.049554665,0.03292254,0.043259136,0.021467777,0.048647456,0.029579934,0.04062956,0.10000045,0.08802283,0.11792391,0.10944925,0.029225556,0.012870726,0.036466714,0.025264023,0.08667517,0.10296638,0.11061019,0.12084186,0.08377647,0.09983545,0.10620116,0.12356841,0.07224923,0.09571792,0.0968329,0.110610016,0.031411722,0.04057183,0.04223405,0.041106097,0.029750077,0.039106376,0.041420907,0.041231174,0.024561433,0.033747733,0.035331227,0.035073385,0.09187348,0.07896269,0.1098755,0.10739897,0.03409179,0.034031097,0.043174747,0.04441693,0.08978944,0.101002336,0.11627482,0.13147825,0.078064315,0.10116616,0.10579581,0.11875906,0.036630496,0.058310892,0.04976255,0.057853043,0.03492848,0.059810665,0.050120823,0.059484676,0.028510883,0.05878168,0.04049707,0.05371085,0.08875085,0.058291014,0.10282067,0.09751952,0.021867864,0.00046793878,0.024732249,0.017949983,0.073791966,0.097272664,0.09161441,0.10573686,0.06788213,0.09531086,0.08733755,0.105575,0.058157552,0.09067971,0.077169865,0.097280964,0.014507652,0.026297096,0.020734549,0.025997961,0.014190185,0.024979142,0.02130827,0.025454583,0.01109341,0.021014934,0.016148852,0.021176893,0.09419162,0.08344978,0.111513875,0.1148976,0.02728626,0.034300257,0.03282413,0.036584266,0.09765464,0.12749018,0.12401199,0.14644541,0.08312464,0.124641955,0.11162985,0.1344614,0.03476697,0.06117794,0.04624409,0.056497537,0.032503445,0.062447555,0.043717045,0.05504745,0.024362236,0.059442155,0.033992823,0.048227616,0.0,0.01073252,0.0,0.0071793827,0.0,0.004467797
R_25_ROI,Right,164,0.007473727,0.0030078779,0.003082933,0.0,0.008142968,0.0,0.00853871,0.0,0.00611336,0.0,0.008550579,0.007865171,0.008654731,0.0,0.0067055593,0.0,0.0068410994,0.0,0.008199487,0.0,0.0063349376,0.0,0.006558442,0.0,0.0087971,0.0,0.0072789583,0.09226257,0.10872617,0.12372023,0.14838329,0.028052937,0.034543272,0.039913233,0.04649951,0.05141253,0.110728905,0.081588805,0.119701184,0.05248509,0.09904941,0.0835786,0.12330162,0.05136256,0.108328216,0.08453547,0.13463256,0.013202726,0.036487445,0.02438009,0.035956915,0.013815544,0.03525,0.025670676,0.037103824,0.013030173,0.037936464,0.025654234,0.040273987,0.08172226,0.11889415,0.113834254,0.13700974,0.020329716,0.05635805,0.034673084,0.04767967,,0.05669314,0.121686846,0.0917212,0.13124698,0.055998348,0.12426986,0.09088569,0.13629115,0.012541897,0.04881114,0.025053067,0.037877996,0.013729048,0.049862277,0.024601342,0.038658552,0.011697675,0.052175786,0.023843221,0.039249152,0.10468307,0.09606182,0.14061965,0.14789337,0.028305493,0.034616668,0.0386274,0.04077795,0.07211156,0.13438782,0.10604611,0.13859175,0.07340418,0.123509414,0.109102204,0.1386546,0.07171713,0.12826273,0.10717441,0.14551999,0.017549945,0.03702296,0.025837367,0.040290147,0.018042425,0.038035907,0.02592928,0.040739734,0.01670043,0.040811643,0.025260536,0.04050788,0.09371894,0.11353722,0.13057145,0.14913289,0.028520692,0.05408247,0.042737167,0.05763308,0.08109614,0.15779476,0.12294451,0.16482429,0.078648016,0.1641734,0.120349206,0.17112754,0.023196882,0.060816426,0.03858926,0.05671223,0.025012417,0.061149646,0.03924341,0.058470093,0.02266847,0.06125665,0.03759594,0.057660554,0.09728467,0.08514877,0.12725861,0.13475634,0.027427172,0.013294333,0.036092993,0.02957094,0.06539564,0.111997135,0.09342776,0.12088918,0.06560499,0.11001667,0.09553451,0.122563034,0.06345667,0.117408276,0.09247122,0.120388016,0.017289603,0.02238191,0.026702428,0.029838346,0.017502438,0.024953142,0.025421271,0.030992659,0.016941454,0.024624962,0.025104864,0.029129602,0.089406565,0.111726716,0.121821076,0.13761082,0.025189742,0.045348145,0.036201663,0.0418232,0.07655007,0.16183789,0.1125135,0.15033254,0.07327552,0.1663045,0.10890445,0.15146038,0.021620538,0.047385123,0.03244404,0.04399495,0.021626947,0.048346575,0.031431608,0.04431822,0.021485252,0.04766909,0.030457975,0.043346845,0.0,0.009275463,0.0,0.007712814,0.0,0.0059123156
R_2_ROI,Right,52,-0.00026672435,-0.0054678214,-0.0055479887,0.0,0.0022840945,0.0,0.0020372157,0.0,0.0027169157,0.0,0.0026352294,0.0022193878,0.0027805017,0.0,0.003346249,0.0,0.0018388238,0.0,0.0028459334,0.0,0.003820625,0.0,0.0014260167,0.0,0.0032424987,0.0,0.0038051452,0.1267442,0.07000522,0.1199678,0.11089875,0.01798841,0.013969145,0.018148169,0.020208405,0.08463203,0.09860759,0.0904347,0.09926845,0.08407099,0.098552816,0.09022272,0.10239364,0.07676594,0.09712349,0.08249427,0.10101705,0.017109688,0.014306096,0.02089368,0.025593506,0.017014626,0.01749411,0.020737356,0.024000483,0.01424122,0.019523697,0.018188676,0.01981749,0.12794827,0.07999077,0.125576,0.113423124,0.022117166,0.01370939,0.020513086,0.016154319,,0.094113536,0.12416054,0.10398781,0.115252174,0.09206014,0.12798813,0.102672115,0.120438695,0.018057527,0.02533817,0.02059187,0.02276474,0.01877634,0.028550724,0.021565672,0.02296184,0.016919123,0.030092703,0.019915298,0.02132678,0.17104325,0.10570299,0.1595517,0.14134307,0.03248185,0.011986487,0.028343778,0.023449738,0.14961295,0.14925484,0.1523838,0.15422203,0.14477347,0.1468754,0.14996888,0.1541859,0.1289178,0.14714524,0.13392624,0.14253797,0.040677022,0.03947732,0.040036555,0.047874242,0.036762923,0.040137555,0.037308607,0.046563506,0.02813939,0.037975553,0.02888152,0.038889755,0.16958976,0.11264752,0.1651791,0.14989924,0.041838296,0.02548513,0.038953245,0.027833676,0.17395023,0.1870388,0.18398201,0.1901183,0.15910304,0.19078504,0.17199399,0.1839178,0.05505604,0.059178505,0.05803787,0.060131013,0.0499357,0.060596857,0.054907482,0.057717647,0.038212866,0.058176316,0.044741604,0.05202272,0.16647469,0.094013505,0.15790379,0.13218781,0.023673072,0.009425935,0.02114591,0.013146035,0.14462028,0.14266048,0.14970352,0.14232256,0.13901244,0.13632087,0.1471853,0.14315522,0.12195301,0.13490202,0.13018753,0.13186216,0.03358246,0.034740627,0.03552845,0.03900706,0.02901065,0.03570336,0.031910714,0.03781033,0.020369107,0.034089424,0.02285698,0.032680143,0.18323132,0.104194395,0.17636098,0.14685348,0.046776626,0.035096437,0.04390469,0.034568895,0.1965605,0.19591449,0.20677903,0.20045887,0.17454883,0.19468655,0.18775485,0.19341125,0.06016856,0.061258916,0.062239047,0.060266912,0.054285906,0.0624916,0.05799165,0.059470728,0.04178116,0.05997363,0.04611602,0.056484587,0.0,0.0015319727,0.0,0.0037067723,0.0,0.00381393
R_31a_ROI,Right,162,0.013100996,0.004041601,0.0039610327,0.0,0.009023439,0.0,0.010095845,0.0,0.0046826066,0.0,0.010262,0.0084635625,0.010802116,0.0,0.0069894427,0.0,0.009948544,0.0,0.0095563205,0.0,0.0041743177,0.0,0.010752046,0.0,0.010415577,0.0,0.0057524634,0.1525838,0.12867929,0.16165794,0.16388331,0.027550846,0.039553847,0.033411697,0.03121898,0.09667772,0.13898009,0.11591358,0.13229384,0.09881156,0.14342214,0.11683057,0.13652433,0.09737155,0.14209706,0.11655121,0.13093497,0.019649662,0.039433207,0.02685173,0.030346738,0.020704469,0.04440468,0.028877888,0.033511583,0.019709641,0.047020707,0.02823894,0.034555983,0.15181641,0.13382556,0.16334277,0.16017766,0.020518214,0.05413071,0.028012093,0.032542292,,0.10453652,0.16097118,0.12751526,0.15143365,0.10296725,0.15909554,0.12791806,0.14653267,0.016291035,0.0477727,0.021631328,0.029644072,0.016607977,0.05111614,0.023721037,0.032408535,0.015427432,0.051032607,0.022214577,0.033688728,0.1642624,0.12492446,0.17594585,0.16629465,0.033197675,0.034004983,0.03614294,0.03393778,0.12145652,0.13328874,0.1427744,0.15638004,0.1240115,0.13529871,0.14346664,0.1547554,0.11744009,0.1346295,0.13898553,0.14550517,0.027986957,0.042095117,0.03324714,0.0396563,0.027586432,0.045276348,0.03356354,0.040810402,0.025525328,0.046562396,0.031238807,0.04025257,0.16119085,0.12826647,0.17207432,0.15934841,0.036602005,0.04503251,0.04243031,0.04168295,0.14188354,0.15768243,0.16080369,0.17244169,0.13620414,0.1542045,0.1590098,0.16365655,0.032628093,0.057271414,0.039682228,0.047615495,0.032815736,0.05972082,0.04145393,0.04894084,0.03086507,0.057743974,0.039262712,0.04857745,0.15116085,0.08765802,0.15568674,0.13999785,0.03053796,0.028116064,0.033448815,0.030652191,0.10352187,0.10036467,0.11714913,0.12224971,0.106703535,0.10375304,0.12077953,0.12223116,0.10182982,0.105189696,0.115783654,0.114951305,0.024446158,0.027492885,0.030412015,0.033588853,0.02599932,0.033039127,0.032278907,0.035258383,0.025355283,0.03760161,0.031566296,0.03436187,0.15621294,0.117021374,0.16163813,0.14597869,0.03949581,0.054519776,0.046571765,0.04971013,0.13748656,0.14268689,0.1513651,0.15470491,0.13036637,0.13838173,0.14714603,0.1468575,0.034052547,0.057155754,0.042097002,0.051962342,0.035414215,0.059297,0.04379749,0.053646035,0.033772677,0.058792863,0.041555878,0.053258542,0.0,0.011285856,0.0,0.010101826,0.0,0.0052011665
R_31pd_ROI,Right,161,0.009220567,0.005218267,0.005092278,0.0,0.00842793,0.0,0.0047668475,0.0,0.004039157,0.0,0.009409761,0.003208974,0.0046586585,0.0,0.005907726,0.0,0.007176868,0.0,0.0034241905,0.0,0.0037560354,0.0,0.0061143185,0.0,0.005202022,0.0,0.0044285725,0.14837809,0.08131831,0.14844799,0.12820508,0.048203595,0.032227308,0.045162555,0.04092687,0.07427008,0.10877579,0.090048626,0.10233499,0.07455528,0.09962678,0.09021383,0.10621463,0.07261675,0.093537204,0.086389564,0.10623319,0.014734075,0.05006862,0.022226805,0.03210005,0.017580254,0.048870612,0.024306951,0.035499062,0.017555142,0.0475983,0.021701781,0.036808852,0.14144684,0.11201978,0.15184595,0.12881863,0.031423658,0.056267183,0.039120626,0.045715693,,0.09668786,0.11302085,0.1200025,0.13404875,0.094174154,0.1101924,0.11485254,0.13202225,0.022737874,0.05547932,0.031437743,0.045081172,0.025493769,0.05409678,0.03589726,0.048552323,0.023991255,0.0505931,0.03378848,0.047035154,0.17988558,0.083692245,0.17699611,0.13757575,0.062055286,0.017701952,0.054903813,0.03316469,0.12037695,0.11797976,0.13584729,0.13886501,0.122001186,0.106413595,0.13682309,0.13977076,0.1145608,0.099602096,0.12919341,0.13350624,0.024040801,0.03370971,0.029192762,0.035511103,0.02701215,0.03352336,0.031536344,0.037343588,0.025335042,0.032930616,0.029680911,0.03474188,0.1624826,0.10391503,0.16862465,0.13706648,0.053231634,0.0438093,0.058557853,0.053055886,0.14932008,0.11573919,0.16907836,0.16888653,0.14152771,0.11299317,0.16184025,0.16234766,0.050944157,0.06938334,0.061699986,0.073903196,0.052667446,0.06810552,0.064520516,0.0771795,0.046823923,0.06377674,0.059549086,0.072056614,0.17617807,0.078980915,0.172518,0.13651462,0.07622952,0.021294516,0.06871312,0.044284496,0.11627628,0.124127634,0.13198373,0.13391224,0.11670859,0.11468978,0.13119256,0.135164,0.10814892,0.110784575,0.12384735,0.12864424,0.036622945,0.045668185,0.04666507,0.05296693,0.036293212,0.0452751,0.045814328,0.05510383,0.031853016,0.044594105,0.041156866,0.051179025,0.16367686,0.10372402,0.16516711,0.13275442,0.058641694,0.055931427,0.062457427,0.053910375,0.15285495,0.12385809,0.16591097,0.15478845,0.1435846,0.12116604,0.159272,0.14961858,0.05568617,0.06691754,0.0646239,0.068650074,0.056126542,0.06707751,0.06486135,0.07264962,0.049135838,0.06384212,0.059344668,0.06763662,0.0,0.0058182464,0.0,0.0050927512,0.0,0.0039557773
R_31pv_ROI,Right,35,0.011594144,0.0039231945,0.0042040115,0.0,0.009134736,0.0,0.008669981,0.0,0.009535406,0.0,0.010453575,0.0067320145,0.008666198,0.0,0.010744875,0.0,0.008646536,0.0,0.009157744,0.0,0.009347263,0.0,0.008157276,0.0,0.009221341,0.0,0.011849578,0.1661894,0.105767466,0.17767175,0.16242912,0.046919346,0.043049615,0.056647852,0.053263493,0.09127604,0.14900061,0.117356,0.13841204,0.09729906,0.14569068,0.12482918,0.14848515,0.09601699,0.1424533,0.12030995,0.14952336,0.026662176,0.057763517,0.04103133,0.050602604,0.029142056,0.0606966,0.045040462,0.05636628,0.031731818,0.062200185,0.04538802,0.058440045,0.16450863,0.12445937,0.18418664,0.1698309,0.041356403,0.07013767,0.05613184,0.06585131,,0.10845405,0.16686359,0.14229093,0.17264016,0.1111876,0.16268761,0.14227696,0.17553541,0.026974266,0.06838889,0.040865473,0.05716752,0.029005343,0.0689542,0.04615553,0.06515519,0.03150725,0.06765492,0.046377063,0.067594044,0.18049532,0.08819996,0.18363608,0.14959073,0.059814546,0.038316313,0.061747823,0.053427048,0.11943383,0.13414477,0.13346067,0.13332847,0.12642966,0.12830174,0.1412843,0.13983023,0.119729005,0.121199295,0.13428955,0.13894401,0.044586297,0.06775188,0.0499922,0.05807792,0.046905424,0.07044459,0.053994175,0.065535195,0.044645783,0.07048815,0.050915293,0.06460207,0.18893044,0.116222605,0.1990607,0.17195879,0.06832789,0.06382508,0.07449477,0.0713022,0.16635941,0.17523678,0.18957007,0.1919717,0.16323616,0.16636479,0.18589759,0.19348839,0.057191215,0.07999841,0.066612236,0.075006545,0.060497966,0.0805848,0.0732107,0.08351708,0.058595564,0.07770964,0.07047178,0.08315293,0.16651133,0.06171672,0.16472179,0.13021925,0.06415055,0.029196654,0.0636635,0.05354958,0.111615986,0.111925006,0.118418336,0.111404076,0.115319595,0.108751304,0.12367214,0.11741987,0.109411426,0.102752835,0.11848321,0.11448608,0.048404638,0.05691923,0.054387517,0.05776536,0.050231036,0.05793614,0.056727152,0.061998427,0.047167435,0.058477763,0.05212393,0.057216316,0.19101751,0.115512006,0.19212385,0.16459788,0.06900073,0.064199746,0.069789425,0.067198746,0.17289948,0.17055297,0.18723668,0.18381502,0.16627052,0.16252743,0.18134736,0.18341209,0.05980677,0.06860167,0.063354954,0.06897047,0.062235486,0.06835248,0.06743728,0.0741014,0.058368217,0.06580879,0.062568285,0.07123268,0.0,0.0115020685,0.0,0.010035018,0.0,0.008659044
R_33pr_ROI,Right,58,0.0071636755,0.0032373087,0.0029198036,0.0,0.010528525,0.0,0.010767785,0.0,0.006828464,0.0,0.011606,0.008417866,0.010918857,0.0,0.007641986,0.0,0.00826754,0.0,0.009130507,0.0,0.0051859706,0.0,0.0071917255,0.0,0.00904558,0.0,0.0053640683,0.12046298,0.07808317,0.13219844,0.13606662,0.02211363,0.021268485,0.020343572,0.019461412,0.082836606,0.105243936,0.10041083,0.103354335,0.08321614,0.10890676,0.095873065,0.111306906,0.08055392,0.10403416,0.0965193,0.110330224,0.020233778,0.025851337,0.020274814,0.017147884,0.017777115,0.029239744,0.01816371,0.016815713,0.015966596,0.03191791,0.016826123,0.01684378,0.12171958,0.10679657,0.1390959,0.13576362,0.022001771,0.042697992,0.02950384,0.035091925,,0.08582824,0.14602432,0.108117394,0.13855384,0.0836048,0.1440576,0.10772973,0.13751075,0.018398734,0.044137806,0.02624075,0.03378515,0.017597465,0.045364562,0.026208559,0.035601195,0.017244486,0.04665304,0.025882391,0.036071382,0.12631784,0.07264496,0.13740034,0.12479951,0.038069542,0.017946234,0.0387946,0.022803057,0.10216002,0.10587745,0.121434264,0.120758384,0.10186965,0.11179037,0.11807537,0.12280351,0.09319801,0.10537742,0.1112245,0.115947396,0.02772295,0.032675933,0.03628488,0.028412733,0.027692389,0.033434473,0.034445092,0.028012568,0.023840692,0.03283965,0.03044863,0.026570257,0.13126692,0.09721153,0.14519742,0.13222459,0.029861487,0.03233677,0.0357972,0.03010389,0.13063504,0.1575228,0.15120274,0.16664796,0.12074134,0.15103222,0.14370883,0.15931657,0.035577785,0.048305783,0.04613396,0.051008146,0.035205014,0.048453838,0.045890544,0.05244208,0.031060107,0.04635692,0.042051733,0.04928622,0.108197935,0.04952016,0.11140785,0.10092824,0.029550482,0.0040633376,0.02692694,0.016756315,0.07831573,0.07359965,0.09196259,0.09308261,0.07642524,0.082042076,0.08838533,0.09219327,0.06760238,0.0784582,0.079584636,0.08432195,0.009981996,0.020729639,0.014258936,0.01818703,0.009898842,0.022166835,0.014261091,0.01891404,0.008631131,0.022487788,0.012357833,0.019552084,0.13103019,0.090771355,0.1396183,0.12425268,0.027967472,0.027821468,0.03114286,0.026377322,0.13646281,0.15550591,0.15629701,0.16289067,0.12321875,0.14762944,0.14366695,0.15635839,0.03563056,0.041962516,0.04277884,0.04249188,0.03512664,0.04105961,0.041403975,0.045468036,0.02929732,0.037130028,0.03538416,0.044270333,0.0,0.0110223675,0.0,0.008347758,0.0,0.0054753763
R_3a_ROI,Right,53,0.013629997,0.0030553793,0.0033092326,0.0,0.0033605509,0.0,-7.989227e-05,0.0,0.00046800682,0.0,0.004671541,0.00035857296,0.0011787154,0.0,0.0017105865,0.0,0.0037379968,0.0,0.0035918732,0.0,0.0026947686,0.0,0.004716626,0.0,0.002610828,0.0,0.0030789282,0.12496547,0.0588566,0.13042973,0.10258578,0.03228358,-0.0014049605,0.031491373,0.009010629,0.09043825,0.06697486,0.10810484,0.10919987,0.08358317,0.07235635,0.101843014,0.10349254,0.07620901,0.07253265,0.092486985,0.09905903,0.02474122,0.01861839,0.032733057,0.030062795,0.022230623,0.01904217,0.02970365,0.027999798,0.02038722,0.018202888,0.026462283,0.026512068,0.11575414,0.0920649,0.123796836,0.11420046,0.028725807,0.023109261,0.030129787,0.028095577,,0.08795545,0.10124856,0.10806055,0.11322987,0.07944788,0.10165407,0.09659074,0.10827534,0.029649708,0.032270405,0.033493634,0.035935827,0.024964664,0.030417707,0.028723408,0.034418162,0.018991213,0.028499354,0.023661371,0.030971367,0.124360904,0.043456186,0.12877868,0.09596569,0.029950377,-0.0025614942,0.030887324,0.008860088,0.11159885,0.06384157,0.12438015,0.113147534,0.104363754,0.067445524,0.11570425,0.106134936,0.09120076,0.07054479,0.10337548,0.09668548,0.024305256,0.015893904,0.03035165,0.023459673,0.020091135,0.015644336,0.02492342,0.019829335,0.0156165315,0.015416687,0.019309253,0.017835261,0.121464685,0.08043302,0.12838781,0.11603354,0.03303087,0.019222897,0.035871472,0.030835483,0.12027292,0.11242361,0.13556947,0.13324274,0.10383503,0.1100335,0.11948899,0.122265145,0.042287495,0.037308984,0.049870946,0.04765204,0.035776976,0.03467041,0.04269279,0.045038793,0.026253581,0.032224808,0.033049338,0.039981313,0.10711984,-0.010875023,0.10719429,0.06559343,0.02540597,-0.02322765,0.0241091,0.0013655594,0.08689727,0.030490864,0.09449727,0.07481557,0.08269733,0.027684312,0.08949507,0.06991528,0.07114925,0.030298326,0.07917821,0.06192557,0.018021809,0.003895567,0.02045961,0.012768766,0.014605103,-0.0012095346,0.017327195,0.009260499,0.00988991,-0.0018947085,0.010962339,0.00666432,0.11188499,0.055300616,0.114698425,0.09047308,0.02620488,0.019224957,0.026191596,0.021815944,0.112835184,0.07599454,0.124306634,0.11037736,0.097496584,0.07491877,0.11025976,0.10199346,0.03240883,0.032129157,0.03767032,0.039953254,0.02958664,0.03107595,0.034312494,0.03727371,0.02286607,0.029955287,0.026004706,0.034121417,0.0,0.0039178445,0.0,0.0014262935,0.0,-0.00090452505
R_3b_ROI,Right,9,0.009360351,0.0074262586,0.007126837,0.0,0.0040610824,0.0,0.00032897174,0.0,0.0008365014,0.0,0.004757143,0.0006393212,0.0013250503,0.0,0.001994501,0.0,0.003841948,0.0,0.0044417866,0.0,0.0016853439,0.0,0.0053122826,0.0,0.0038141476,0.0,0.0014496306,0.14439406,0.09532059,0.14545703,0.12797678,0.031273898,0.02448867,0.02573387,0.012327559,0.09159052,0.07518188,0.100583434,0.09739374,0.09397782,0.0809078,0.105395734,0.09728868,0.09305628,0.08213056,0.10334319,0.10133845,0.025060771,0.020183403,0.02106576,0.01297578,0.024588302,0.0223283,0.021244377,0.013846553,0.023209509,0.02430402,0.020338116,0.015128401,0.13302673,0.08646853,0.13446176,0.12604989,0.025300715,0.030297335,0.02499203,0.030569779,,0.089834206,0.10415448,0.10249359,0.103557594,0.08676278,0.11111986,0.09818972,0.10179841,0.019643547,0.026757002,0.023140175,0.02782075,0.018609311,0.025873736,0.02303866,0.02648099,0.016018435,0.024952037,0.02004489,0.024904264,0.15572046,0.07865469,0.15120775,0.1217255,0.055666145,0.022987736,0.05738198,0.027366966,0.123094566,0.07915029,0.12975247,0.11484616,0.12307471,0.08329072,0.13135487,0.11144998,0.11357535,0.0833689,0.11982665,0.10573637,0.04050951,0.03384407,0.048765168,0.0333126,0.0387712,0.033424783,0.04871541,0.031772196,0.034520272,0.031243399,0.042732004,0.030589538,0.14571942,0.07674577,0.14212202,0.12304578,0.037954513,0.022496711,0.038527578,0.032524664,0.1378119,0.11496829,0.14445058,0.13046242,0.12448107,0.11823173,0.12995885,0.1239269,0.041972093,0.038721897,0.046793617,0.04397267,0.039345663,0.0361594,0.04568743,0.043193173,0.032047458,0.03258039,0.03823637,0.040015437,0.13171302,0.025833396,0.121971555,0.089961536,0.042469714,-0.0015431251,0.038327035,0.018701607,0.090313345,0.05638903,0.09510116,0.08542258,0.08942806,0.05629927,0.09617371,0.08056572,0.07918127,0.053786702,0.08330638,0.06987595,0.013481558,0.019448046,0.018473063,0.018588802,0.012302832,0.019213228,0.019728096,0.018828148,0.00902257,0.0182982,0.014132218,0.017999426,0.13841324,0.0633243,0.13168544,0.10418893,0.03698875,0.026071426,0.03663555,0.031962786,0.13625085,0.09789277,0.14304435,0.12346308,0.11993474,0.097362466,0.12546107,0.115703754,0.042197194,0.04238356,0.044925395,0.04525858,0.04055708,0.041899346,0.045141958,0.045821816,0.033445492,0.038906768,0.037332818,0.04357866,0.0,0.004694645,0.0,0.0015674031,0.0,-0.0008094701
R_43_ROI,Right,99,0.023825256,0.00646463,0.005047906,0.0,0.015401286,0.0,0.011554158,0.0,0.0038274059,0.0,0.018357158,0.0102976905,0.011693789,0.0,0.004772209,0.0,0.013886305,0.0,0.010126683,0.0,0.0026257334,0.0,0.01618394,0.0,0.010664719,0.0,0.0052008205,0.16669914,0.12733868,0.1670725,0.16799955,0.063202865,0.03578054,0.06626733,0.060552843,0.18334144,0.21797581,0.22121187,0.2441319,0.14546707,0.20758615,0.17827915,0.22319232,0.10744147,0.18410459,0.13240446,0.17632799,0.07826364,0.07334139,0.10834103,0.117190644,0.05355009,0.0682722,0.07821728,0.101218484,0.03183201,0.06004269,0.051041313,0.07191311,0.15097153,0.10934502,0.14847644,0.14117146,0.054580066,0.04213394,0.051856734,0.045593996,,0.15139101,0.18444131,0.17119963,0.19109026,0.11195546,0.1699989,0.12701777,0.15690775,0.089417934,0.06503167,0.09218197,0.08410013,0.06240623,0.060090207,0.06920573,0.07177318,0.0376508,0.0531629,0.044161405,0.051639684,0.13630614,0.07584101,0.13557777,0.12494973,0.02822432,-0.0010303851,0.022774097,0.017422125,0.15854958,0.1552052,0.17916416,0.19290616,0.12981044,0.14531495,0.15255722,0.17768775,0.10128588,0.12751307,0.11837803,0.14629595,0.034673344,0.021846998,0.034298275,0.047703784,0.020194618,0.01905987,0.022316469,0.040510453,0.010215973,0.013405157,0.010211972,0.027487624,0.13758692,0.08017068,0.1391252,0.122553624,0.03783747,0.021108348,0.037208382,0.029329406,0.15807931,0.17509529,0.18287724,0.19522868,0.12373454,0.15697598,0.14466624,0.16272779,0.07510831,0.046980236,0.078462966,0.07128569,0.053653024,0.041389782,0.05967382,0.06089708,0.033019744,0.0346509,0.039266687,0.045615163,0.08376722,-0.000424115,0.07985046,0.055304874,0.009779306,-0.014790929,0.007889126,-0.0033927,0.07479893,0.04355994,0.079175055,0.073859416,0.067201525,0.033580985,0.071845844,0.06268678,0.056939095,0.02533801,0.061334815,0.05005804,0.011986123,-0.0025787698,0.013577046,0.011666291,0.008895741,-0.0043003643,0.00935788,0.0064545535,0.0052498993,-0.006719015,0.0065902993,0.0015285114,0.09647221,0.034797344,0.09645678,0.076142006,0.015047418,0.012886882,0.014433358,0.010918333,0.10146123,0.09803608,0.110590994,0.10763783,0.08773942,0.08398723,0.09755982,0.09291198,0.025590088,0.023635745,0.027757732,0.029781932,0.02171585,0.02112865,0.022697225,0.024940826,0.014786838,0.01819088,0.017260818,0.018655552,0.0,0.015504297,0.0,0.012177889,0.0,0.0039932905
R_44_ROI,Right,74,0.032153927,0.006389853,0.0050311643,0.0,0.021796541,0.0,0.020364637,0.0,0.016860072,0.0,0.026036352,0.019055791,0.021201877,0.0,0.018916765,0.0,0.02172333,0.0,0.02101518,0.0,0.01699937,0.0,0.022927698,0.0,0.022747817,0.0,0.020801099,0.22520436,0.18176483,0.23142198,0.22173943,0.12110846,0.070470504,0.12493099,0.10891323,0.13433728,0.21683976,0.1827326,0.21964525,0.13367806,0.21549891,0.1813148,0.22858687,0.12253244,0.21150991,0.16766202,0.21957706,0.05474779,0.10224962,0.090943106,0.11835761,0.05170015,0.0990433,0.08930804,0.11974503,0.044109855,0.094813935,0.07642325,0.11111088,0.21858907,0.20717832,0.22943889,0.21887647,0.07434868,0.095342994,0.08103157,0.080601186,,0.18252996,0.2242689,0.21413423,0.24366197,0.17163931,0.22734414,0.20340705,0.24238288,0.06956052,0.09269815,0.07891632,0.08927529,0.066359974,0.089800015,0.07938068,0.09221093,0.055731945,0.086363606,0.06787264,0.08777261,0.21888365,0.1324953,0.21343338,0.18082546,0.08202621,0.039646063,0.07162148,0.06250585,0.1571156,0.17585406,0.17793892,0.19613215,0.15099217,0.17191862,0.17297077,0.19936086,0.13635427,0.16703536,0.1581689,0.18955995,0.045250867,0.076249175,0.050396092,0.08110123,0.039640542,0.071832396,0.04517365,0.081311576,0.031375702,0.06601084,0.036181886,0.073801525,0.2190213,0.15712197,0.2255723,0.2000716,0.08163191,0.056069948,0.08788706,0.0804687,0.21314025,0.20744802,0.24016227,0.2580067,0.19628656,0.20165277,0.22419299,0.25094748,0.0881157,0.09225311,0.10057228,0.10103731,0.08176892,0.08719824,0.09669517,0.10273482,0.06628686,0.080382295,0.080935,0.09583676,0.18153626,0.077860825,0.17177238,0.13243969,0.081425525,0.03621316,0.074347705,0.054738104,0.13770065,0.12845667,0.14631261,0.14070517,0.13223283,0.12023789,0.14191747,0.13697472,0.12140011,0.11143083,0.13148622,0.12725867,0.0701536,0.06747819,0.076586954,0.07860375,0.06632683,0.0629176,0.07372707,0.07574924,0.057043653,0.057253383,0.063757025,0.067247264,0.18309273,0.1065421,0.17779206,0.14526941,0.071496464,0.05786442,0.06981757,0.062038895,0.16770373,0.14592741,0.17707206,0.17152868,0.15494573,0.13538706,0.16487087,0.16535118,0.068612725,0.075452685,0.07138174,0.073330306,0.063649006,0.070869215,0.06731633,0.07186285,0.052682374,0.06482453,0.056683633,0.06454668,0.0,0.022613473,0.0,0.020964948,0.0,0.015492288
R_45_ROI,Right,75,0.028105957,0.006942515,0.0052870614,0.0,0.029436199,0.0,0.024848524,0.0,0.017699044,0.0,0.033612195,0.020634664,0.024496797,0.0,0.018416151,0.0,0.034970365,0.0,0.028335001,0.0,0.018809406,0.0,0.034016892,0.0,0.02815072,0.0,0.023924721,0.26354355,0.19712773,0.26845935,0.24402307,0.12580878,0.078490615,0.1300714,0.10833012,0.19977072,0.25956345,0.24947187,0.27677748,0.19816042,0.25609064,0.24835788,0.27972022,0.17732586,0.24498735,0.2228547,0.2626153,0.10575438,0.12958123,0.1390406,0.15374564,0.10039002,0.12695481,0.13298646,0.15162641,0.08363177,0.12043918,0.11141421,0.1346393,0.26394016,0.21013027,0.26697195,0.23955132,0.11101421,0.07784429,0.105337776,0.09021313,,0.22728823,0.25455078,0.2619447,0.2761136,0.2029257,0.25530463,0.2365845,0.26066205,0.118150726,0.117129035,0.13147715,0.13588363,0.10841831,0.11360095,0.12169712,0.1317347,0.08702243,0.107978225,0.09981579,0.116765134,0.23858733,0.15587004,0.23628798,0.20196162,0.08891409,0.03360027,0.085032836,0.06455045,0.19922292,0.21110319,0.22256063,0.23127879,0.19267836,0.20610932,0.2182865,0.23321149,0.17099115,0.19728981,0.1962532,0.22314432,0.08816749,0.081101045,0.0976051,0.10598681,0.082610734,0.080473766,0.09333045,0.10504272,0.0656833,0.07503319,0.07612874,0.09314007,0.239498,0.18260226,0.24245645,0.21545532,0.08922515,0.051754244,0.0895209,0.07429446,0.23955214,0.24811295,0.26861736,0.27512977,0.2184673,0.24137127,0.24642241,0.26530242,0.11249479,0.10317134,0.1250345,0.12447322,0.10210424,0.09901565,0.11724685,0.12316047,0.08166879,0.09223447,0.09616808,0.11040353,0.17802966,0.09840562,0.17038058,0.1414533,0.052705467,0.018432042,0.047278494,0.035162374,0.1379379,0.13873442,0.14345586,0.13840793,0.13145164,0.13404137,0.13973331,0.1411041,0.11907267,0.12673377,0.1295551,0.13788767,0.053005014,0.044878867,0.055746663,0.056349605,0.04814839,0.04359999,0.05315676,0.05553461,0.03800012,0.04045183,0.043092784,0.04905153,0.190132,0.13641913,0.18838862,0.17126219,0.047511764,0.040372077,0.046933144,0.04347244,0.17578258,0.20643304,0.18963923,0.20151286,0.16550355,0.19786443,0.18069836,0.20009868,0.0577547,0.06709935,0.05972165,0.06411382,0.05310607,0.06499582,0.0582405,0.06528425,0.04374914,0.060534894,0.04932713,0.05984512,0.0,0.030954542,0.0,0.02605139,0.0,0.018719636
R_46_ROI,Right,84,0.009333586,0.002225213,0.0024788193,0.0,0.007181466,0.0,0.0064742067,0.0,0.004515118,0.0,0.008892683,0.0054377345,0.006864485,0.0,0.0056734234,0.0,0.009030475,0.0,0.0076648355,0.0,0.0033204139,0.0,0.008009827,0.0,0.007643551,0.0,0.004041533,0.17489508,0.11206449,0.16922045,0.1600577,0.03395692,0.018099455,0.029339336,0.023438035,0.103439815,0.09911796,0.105640285,0.11067592,0.10155812,0.10145091,0.10710811,0.112802476,0.100071475,0.10534877,0.10526611,0.11191978,0.020335931,0.029622115,0.018914688,0.018816607,0.018304763,0.028633537,0.016674457,0.018865066,0.015300616,0.026392909,0.014619762,0.017283631,0.16282152,0.09890148,0.16211845,0.14729284,0.025943272,0.02752795,0.026654236,0.029930701,,0.1079894,0.09114767,0.12126922,0.12571873,0.10606469,0.09435062,0.118484996,0.12046357,0.019322615,0.035207685,0.024672803,0.030740978,0.01888666,0.034676783,0.02459409,0.03016906,0.016283723,0.03277702,0.022009496,0.026597314,0.20528927,0.11788401,0.20577453,0.18732691,0.039876398,0.005264751,0.037813555,0.023372855,0.14808945,0.14103115,0.15689778,0.16498117,0.1498219,0.14205262,0.15922439,0.1668057,0.14388388,0.14124297,0.15438715,0.16035725,0.02487236,0.028816517,0.028912246,0.029319352,0.02379388,0.027408859,0.02822166,0.02884412,0.020071058,0.024582746,0.024344,0.025545236,0.18447104,0.10869599,0.18262808,0.16749217,0.042076055,0.031624526,0.042804435,0.039718695,0.15792441,0.13969234,0.16721368,0.1734855,0.15136047,0.13826494,0.16218176,0.16767403,0.038814884,0.045479868,0.04367756,0.05176615,0.03945639,0.046234556,0.045871075,0.05217028,0.035015553,0.04471188,0.042151768,0.047264397,0.19761933,0.111531384,0.19455749,0.18356355,0.041930683,0.021030575,0.03965858,0.033755187,0.13406551,0.15377186,0.14435339,0.15838017,0.13584378,0.15577099,0.14627066,0.16079663,0.13035764,0.15159681,0.14151835,0.15461232,0.021474155,0.037216417,0.026501922,0.035852633,0.021375218,0.039133552,0.027858645,0.038739547,0.019377524,0.039047074,0.0251134,0.038211234,0.18333745,0.113763064,0.1801305,0.17029168,0.038952354,0.042671744,0.04257564,0.047136266,0.15755887,0.16122368,0.16627766,0.1765716,0.15035012,0.1542035,0.16147317,0.1745669,0.03771274,0.043217607,0.04151308,0.048546884,0.039103992,0.045424998,0.044074893,0.05307601,0.034951042,0.045551818,0.04127058,0.05183278,0.0,0.0088843675,0.0,0.004672595,0.0,0.0048195836
R_47l_ROI,Right,76,0.015496706,0.0039416063,0.004027434,0.0,0.013331999,0.0,0.011537714,0.0,0.010843171,0.0,0.014931305,0.00914005,0.011280748,0.0,0.012346164,0.0,0.011738526,0.0,0.013176934,0.0,0.013290643,0.0,0.012345539,0.0,0.0136113465,0.0,0.0154998,0.17558996,0.11438486,0.18258214,0.17270315,0.03709645,0.030888608,0.042951766,0.045862205,0.09910114,0.14141276,0.12458226,0.14139783,0.10036814,0.14368221,0.124715835,0.14262964,0.097021334,0.14016671,0.12025781,0.14118707,0.0146496,0.043676496,0.028246403,0.040562186,0.017586779,0.04686643,0.029447073,0.042387366,0.018524941,0.04905599,0.02712231,0.043979682,0.18163635,0.143609,0.1960991,0.1841083,0.03268886,0.056336056,0.045038402,0.05318056,,0.124289736,0.18012953,0.15194462,0.16953072,0.12047652,0.17350051,0.15029263,0.16770874,0.025828725,0.06912058,0.03709824,0.0523913,0.027212687,0.06710147,0.039025474,0.054318715,0.025837429,0.060837388,0.03668241,0.05271869,0.17000358,0.08042299,0.17128295,0.1388955,0.04891081,0.01950351,0.047744736,0.035132438,0.10673633,0.110487714,0.12174428,0.12397984,0.10952834,0.11231379,0.12568475,0.12515296,0.10329576,0.109579325,0.120955154,0.124923624,0.021187011,0.045494083,0.027958175,0.035909344,0.02489309,0.04663622,0.0315131,0.03781888,0.024055587,0.045392334,0.029642073,0.03716767,0.1847342,0.12717582,0.19458316,0.17067613,0.051493544,0.04514787,0.059712224,0.05448656,0.16448607,0.17862983,0.18667115,0.18517998,0.15464807,0.17385364,0.17979231,0.1823647,0.049903892,0.07252086,0.061104488,0.0669019,0.05189026,0.07120746,0.06453938,0.06921798,0.046831183,0.063887015,0.05930847,0.066105194,0.14481437,0.04596043,0.13718998,0.10326803,0.05590131,0.022182561,0.05166529,0.04001787,0.08802976,0.05861384,0.092455044,0.081229344,0.09027504,0.05966825,0.097368166,0.08149574,0.08618244,0.061574593,0.09282551,0.08344722,0.029915243,0.03850422,0.03493036,0.040584795,0.03234159,0.038303904,0.03877396,0.042347092,0.031211931,0.039224,0.036212772,0.04137322,0.1673119,0.099848315,0.16545592,0.14321063,0.05631792,0.04950027,0.058165915,0.054454226,0.14887136,0.14352824,0.15881586,0.15414228,0.1390703,0.13891052,0.15001902,0.15209219,0.050900243,0.06238796,0.055736944,0.061475214,0.052507337,0.06095116,0.05727116,0.061762292,0.046960175,0.05569149,0.051632747,0.05741813,0.0,0.014392061,0.0,0.01291895,0.0,0.0102423085
R_47m_ROI,Right,66,0.007763373,0.0063333604,0.006334844,0.0,0.009579832,0.0,0.011548453,0.0,0.012781562,0.0,0.011075312,0.010495559,0.010685231,0.0,0.012931347,0.0,0.006428768,0.0,0.012175687,0.0,0.0118664345,0.0,0.007360888,0.0,0.0137171205,0.0,0.012722554,0.13836634,0.10140087,0.1466872,0.13770455,0.04716507,0.044159334,0.057266258,0.05581345,0.08443816,0.11796835,0.106755316,0.12716149,0.08792466,0.1101344,0.11053149,0.13630441,0.0858666,0.09676604,0.1095251,0.13526648,0.024863582,0.05782297,0.039944675,0.055255685,0.029161183,0.062445775,0.043810878,0.06176509,0.029585121,0.06177611,0.042424835,0.061681222,0.13520204,0.1373521,0.1553901,0.14016882,0.037848182,0.0662315,0.051672217,0.057509027,,0.09848843,0.12861696,0.12544961,0.15269932,0.09625572,0.12636346,0.1250456,0.15597634,0.025227802,0.0638344,0.037221707,0.05791934,0.028116772,0.06411283,0.04082921,0.06286589,0.027813908,0.06092349,0.038791824,0.062116858,0.16083631,0.08570681,0.16011888,0.1278968,0.07151738,0.0430403,0.0730727,0.060150377,0.12970984,0.11471683,0.1395818,0.13353,0.12754595,0.10735458,0.14028858,0.13709077,0.11132891,0.092509575,0.1269988,0.13097754,0.056916688,0.074732475,0.06469241,0.07507377,0.056704305,0.07579997,0.06552484,0.07740194,0.04861519,0.07192743,0.057597317,0.07204134,0.17245992,0.1222887,0.17916894,0.15414074,0.07744058,0.060015194,0.081636734,0.07289605,0.17166255,0.1539234,0.19160199,0.19864583,0.15116239,0.14419097,0.17536367,0.19058491,0.080104634,0.09174665,0.09048728,0.09484528,0.07729127,0.08918679,0.0899009,0.09660005,0.06325811,0.08025034,0.07579981,0.08871014,0.14239745,0.055917498,0.13476068,0.09994177,0.065566614,0.03655666,0.06146722,0.046769463,0.11904182,0.07639079,0.1209819,0.09760177,0.11461209,0.07248026,0.11860936,0.102211125,0.096489556,0.061897654,0.102488734,0.09617145,0.05659908,0.05319906,0.05975141,0.05888711,0.05553311,0.054486293,0.059920922,0.061320677,0.047406822,0.053842276,0.052136555,0.057006326,0.17491823,0.10766858,0.17140327,0.13933355,0.08875135,0.06665152,0.08615763,0.07240625,0.17832685,0.1424343,0.1892162,0.17858537,0.14818314,0.1316325,0.16343865,0.16339017,0.09231218,0.08508925,0.09526354,0.093925014,0.08659143,0.08114778,0.09140019,0.090045884,0.06866095,0.0726438,0.074065514,0.078965984,0.0,0.00933675,0.0,0.012229517,0.0,0.010539189
R_47s_ROI,Right,94,0.02538659,0.0028176177,0.0017606065,0.0,0.012112184,0.0,0.013212792,0.0,0.013188092,0.0,0.014711298,0.009919322,0.013089934,0.0,0.014461734,0.0,0.011438222,0.0,0.012773924,0.0,0.014659255,0.0,0.011556626,0.0,0.013679392,0.0,0.015841665,0.16930935,0.13826717,0.1828327,0.18810546,0.04389811,0.017737748,0.047171317,0.04185783,0.091885686,0.14780813,0.11852545,0.14042073,0.09556996,0.14749901,0.12279145,0.1475216,0.09576058,0.14988802,0.121120036,0.15463425,0.012832546,0.034874693,0.024504362,0.0274322,0.014669074,0.035870638,0.025357202,0.030913366,0.014075689,0.036179237,0.02310798,0.03442231,0.15940921,0.18309988,0.18636206,0.20831431,0.029892419,0.06676186,0.04248583,0.05791107,,0.109271064,0.20207283,0.1472467,0.19289695,0.11156935,0.19932458,0.14806366,0.19799492,0.022923373,0.0663287,0.035042495,0.04998472,0.024309589,0.06713345,0.03578717,0.05434916,0.02268249,0.064874165,0.03444979,0.055378012,0.16624494,0.1159391,0.17411472,0.15168037,0.05119183,0.02246633,0.0508599,0.03235479,0.10699349,0.12648322,0.12503256,0.1319318,0.11065851,0.1268094,0.1289168,0.1331289,0.10333024,0.12893663,0.12270345,0.13357204,0.019061677,0.039309844,0.02541697,0.025621159,0.019457832,0.03992671,0.025641698,0.027885858,0.016841868,0.038534287,0.02326301,0.029446272,0.16767122,0.16012442,0.18746766,0.18999478,0.048890118,0.059048973,0.059876215,0.065423094,0.15218109,0.20678602,0.18215954,0.21067108,0.14547263,0.19910459,0.17691658,0.20875871,0.04680825,0.08486969,0.061355323,0.074050546,0.048264585,0.08200041,0.063212804,0.0766458,0.042458244,0.07509906,0.05730421,0.07362092,0.1430466,0.059218917,0.14259285,0.11258332,0.060007162,0.010067022,0.058197193,0.036901798,0.08600778,0.088653274,0.09790839,0.09630707,0.0878092,0.08542356,0.10057229,0.0919527,0.07844231,0.08326995,0.0904017,0.0866996,0.03023908,0.03366816,0.03850146,0.03487559,0.030535594,0.030519871,0.03853115,0.034485888,0.026580958,0.02810183,0.034506142,0.03377163,0.1573813,0.1301334,0.1668453,0.15814759,0.05415261,0.05833469,0.060644235,0.059686158,0.14356735,0.18386424,0.16486967,0.17718577,0.13275993,0.17207275,0.15377964,0.168159,0.047920138,0.07808956,0.05829591,0.069963284,0.049087316,0.07338241,0.05828496,0.06901241,0.043497525,0.066721596,0.052847836,0.064883515,0.0,0.01186026,0.0,0.011642537,0.0,0.011242448
R_4_ROI,Right,8,0.023723189,0.0065939333,0.005637877,0.0,0.010152407,0.0,0.005113568,0.0,0.0018025175,0.0,0.012147458,0.005265958,0.0066316347,0.0,0.0024393366,0.0,0.010032834,0.0,0.009064993,0.0,0.0032173384,0.0,0.011612757,0.0,0.007888593,0.0,0.0033876265,0.19192977,0.08801462,0.18370724,0.14379382,0.07502458,0.019944813,0.07148243,0.041825734,0.18808533,0.15460478,0.20940526,0.20309617,0.16273563,0.15126322,0.18350898,0.19444966,0.13136718,0.14472055,0.14845774,0.16966976,0.08728297,0.07084749,0.09991979,0.0906434,0.07124878,0.06351055,0.084460855,0.08318699,0.05162733,0.055142757,0.062996686,0.068225205,0.17353013,0.10113228,0.16857067,0.14257315,0.059885662,0.023748163,0.054788966,0.04074204,,0.14942953,0.15034509,0.16797994,0.17806266,0.12453058,0.1487548,0.14055695,0.16053843,0.069827616,0.058093827,0.07104415,0.06709619,0.05770357,0.052986648,0.06072855,0.061461344,0.04205556,0.047784917,0.045472976,0.05199595,0.17811204,0.068381846,0.17205599,0.13322434,0.055263042,0.002521226,0.05286026,0.02751997,0.1885989,0.12804256,0.202195,0.18968417,0.16604805,0.11996283,0.18063276,0.17731915,0.1355654,0.11474203,0.14945377,0.1560842,0.07255142,0.042778187,0.07625408,0.06935607,0.058035787,0.038452737,0.06322598,0.061632495,0.039387733,0.033353142,0.044669546,0.050511234,0.16804685,0.08566119,0.16550851,0.14053771,0.054745324,0.020882774,0.05454689,0.039737135,0.17436084,0.14882971,0.1919237,0.18644854,0.14415276,0.14393476,0.16165206,0.1688161,0.07659924,0.05745077,0.08313013,0.07931311,0.06367867,0.050667383,0.071599305,0.07159061,0.044483334,0.044258416,0.052677803,0.05957411,0.13462472,0.018397866,0.12782572,0.09254246,0.02546586,-0.017451195,0.023930628,0.0045488663,0.11427168,0.082278125,0.11809982,0.10815319,0.10534717,0.06940329,0.110081896,0.09773588,0.09074401,0.064046204,0.09656368,0.089425676,0.028058322,0.01415591,0.03122722,0.027677588,0.022835653,0.006908367,0.025832178,0.023488555,0.015092463,0.0044726026,0.017659035,0.017888337,0.14206173,0.05982246,0.13719904,0.110561736,0.030360188,0.022747012,0.029174358,0.022666503,0.14070594,0.107686326,0.15144742,0.13559218,0.11988414,0.10298049,0.13023329,0.12687325,0.04136772,0.038883712,0.04461459,0.04492959,0.035710383,0.03383911,0.039464183,0.040310472,0.025018841,0.02985972,0.028520174,0.03396329,0.0,0.009692468,0.0,0.00753872,0.0,0.00074754853
R_52_ROI,Right,103,0.03626879,0.00491274,0.0028120596,0.0,0.022339549,0.0,0.01843218,0.0,0.0067719393,0.0,0.023475412,0.016471231,0.018441511,0.0,0.007465405,0.0,0.021473126,0.0,0.016034266,0.0,0.0067123794,0.0,0.022253117,0.0,0.016743837,0.0,0.009088547,0.19586258,0.146072,0.20966,0.20682442,0.102213085,0.07181388,0.10782948,0.10012055,0.18365178,0.2362045,0.23074362,0.23647422,0.15696083,0.2295906,0.19518436,0.2280155,0.13373005,0.21692204,0.1654279,0.20505923,0.08556227,0.09780984,0.12277698,0.12265201,0.06725382,0.09060202,0.09888178,0.11962053,0.051679607,0.0858635,0.07712959,0.108056985,0.16899146,0.17890169,0.19152175,0.19809988,0.08016687,0.07474732,0.0811126,0.07334666,,0.15538566,0.24187504,0.1961434,0.23862436,0.13292356,0.24870774,0.17323703,0.22607115,0.09074498,0.094370544,0.103896186,0.0958099,0.07572309,0.09637403,0.08782323,0.09697369,0.059010368,0.09428531,0.070673235,0.08933701,0.14791483,0.108686835,0.16051976,0.14872128,0.04880182,0.031416446,0.04227322,0.041525815,0.13195425,0.16978799,0.16454066,0.18617822,0.11525592,0.16457379,0.14622371,0.17326328,0.09948474,0.15644762,0.12802161,0.15310973,0.029105468,0.03229263,0.032426715,0.045950755,0.022998834,0.028333383,0.025281481,0.04671065,0.017755516,0.026347278,0.019473247,0.041854616,0.14891133,0.15511686,0.176666,0.17842495,0.053328354,0.047706824,0.06287967,0.061131615,0.14998877,0.23485036,0.19790322,0.2447684,0.13645394,0.23937434,0.18145593,0.23142564,0.07261468,0.08215512,0.091762975,0.09191371,0.06117437,0.08364335,0.0798212,0.092278,0.047778077,0.08195951,0.06367207,0.0855545,0.08093172,-0.010181795,0.08049435,0.05127807,0.01749585,-0.014284325,0.013015891,0.0013594287,0.047488477,0.014405217,0.050955907,0.049519923,0.04103956,0.0054980405,0.046554834,0.03856855,0.035095006,-0.00039262514,0.040181555,0.026929898,-0.0016393991,-0.005123536,-0.0005177071,-0.0019809809,-0.0029051781,-0.008181158,0.00015782274,-0.0024692307,-0.0038651354,-0.012458642,-0.0033238851,-0.0046328544,0.1047099,0.09171363,0.12060547,0.12166043,0.019142495,0.026229782,0.022635937,0.023297867,0.09719447,0.16541895,0.12451913,0.14989245,0.09541175,0.1651534,0.11991121,0.1483474,0.024907699,0.05127502,0.03212369,0.040334176,0.022034092,0.05293993,0.02999905,0.04158497,0.01838953,0.05157512,0.024279045,0.041362908,0.0,0.021992499,0.0,0.016421419,0.0,0.0074101924
R_55b_ROI,Right,12,0.038305826,0.009449454,0.007097585,0.0,0.021626009,0.0,0.014327987,0.0,0.007997154,0.0,0.024880383,0.013684243,0.014244942,0.0,0.009318732,0.0,0.027989233,0.0,0.017693296,0.0,0.010475143,0.0,0.02579531,0.0,0.01720555,0.0,0.011790844,0.23120743,0.10798881,0.21649171,0.16676612,0.10432347,0.060340747,0.09659211,0.07165729,0.23618479,0.20745039,0.2599437,0.2592592,0.21114905,0.20261976,0.23572151,0.24719399,0.16815414,0.18699029,0.19058965,0.21911554,0.1293386,0.11154725,0.14319792,0.13501742,0.11073779,0.10937615,0.12542728,0.12335705,0.08052749,0.10196531,0.09178138,0.10470062,0.22562973,0.12114624,0.20710543,0.15878154,0.09006285,0.057496928,0.07783502,0.05710674,,0.21324992,0.20573987,0.22801955,0.23508605,0.17391062,0.19947968,0.19246799,0.21835038,0.11856618,0.0979557,0.12245954,0.110494345,0.09936192,0.09626237,0.10547539,0.105830684,0.070356965,0.09158801,0.07816354,0.09370433,0.20302574,0.09525194,0.19152181,0.14325735,0.07687747,0.027898502,0.070648074,0.054365803,0.22004354,0.18155591,0.23525858,0.22797652,0.19666028,0.17592955,0.21616296,0.21482484,0.15705752,0.15800321,0.17356963,0.19221833,0.109227516,0.08205419,0.11091419,0.110142216,0.09487998,0.07844466,0.09898103,0.10456624,0.070042685,0.07167179,0.074560225,0.09044024,0.1967834,0.107661515,0.18655212,0.14565432,0.08999783,0.043952763,0.083239734,0.060689103,0.21417978,0.18008658,0.22984762,0.22209138,0.17649642,0.16364343,0.1927558,0.20585753,0.12147272,0.101765625,0.12907006,0.12433359,0.104724936,0.09716307,0.11496461,0.118310966,0.07658459,0.08676738,0.08667016,0.10432701,0.1413653,0.07437878,0.13086689,0.10152686,0.03586188,0.011769339,0.035727385,0.028740235,0.11978161,0.13539505,0.1225684,0.12653585,0.11079417,0.13503979,0.1177613,0.11963367,0.09349431,0.11961782,0.09973813,0.1106263,0.044073056,0.0443821,0.048552085,0.050939392,0.042004216,0.04399972,0.047328975,0.05098048,0.035315275,0.042689633,0.04040945,0.04546373,0.14531931,0.09265641,0.13751149,0.113015905,0.050477754,0.0381797,0.051482067,0.04552326,0.14251518,0.15113358,0.14943443,0.14510846,0.122649506,0.13244176,0.13063523,0.13790515,0.056354575,0.07332577,0.06204337,0.07045429,0.05122334,0.07256579,0.059419572,0.069697075,0.041045807,0.06500835,0.04836139,0.062982574,0.0,0.021184845,0.0,0.015748573,0.0,0.010163337
R_5L_ROI,Right,39,0.0160221,0.0037084038,0.002852734,0.0,0.007819228,0.0,0.0012006564,0.0,-0.0013652041,0.0,0.007969016,0.0015046598,0.0026656892,0.0,0.00014066928,0.0,0.00641006,0.0,0.0010690261,0.0,-0.00045265834,0.0,0.0060596005,0.0,0.0015757049,0.0,0.0006898017,0.1135291,0.042147227,0.11230893,0.094724126,0.031210316,0.015534546,0.032716013,0.026993185,0.07411046,0.04596696,0.08549174,0.083179146,0.07563519,0.055516146,0.09174935,0.09095164,0.07185972,0.055490173,0.08740687,0.08551637,0.025758026,0.014598771,0.031500433,0.033516172,0.02643772,0.01486842,0.035079826,0.03236064,0.02353384,0.013354108,0.031351622,0.026518574,0.09257235,0.04478356,0.09304612,0.07562363,0.025383625,0.025981486,0.023255097,0.022418082,,0.060390018,0.060921025,0.0713918,0.08357446,0.057852045,0.06489915,0.070051976,0.07825506,0.019845115,0.029359546,0.022402551,0.029777294,0.019123748,0.03282139,0.022472905,0.029507313,0.015767956,0.03420958,0.018819407,0.024731522,0.1462769,0.07698928,0.14066435,0.12177052,0.036578953,0.015357166,0.036064204,0.028345874,0.12362826,0.081989944,0.13019891,0.12535967,0.12195926,0.08981974,0.13116287,0.13136478,0.11052402,0.09094193,0.1183109,0.11830639,0.039935637,0.03037831,0.041085538,0.039759878,0.0386599,0.031135855,0.041523445,0.04150614,0.03246851,0.02878955,0.03491966,0.037189033,0.12632133,0.05779893,0.1203872,0.09749217,0.038822647,0.030323707,0.039856818,0.03189,0.12350814,0.08572931,0.13160536,0.129562,0.10987378,0.089145474,0.11713481,0.1137052,0.04498137,0.046578962,0.050449796,0.053785633,0.042948138,0.051611517,0.05078644,0.05405998,0.035521477,0.051813446,0.041918267,0.04720037,0.14046541,0.06884824,0.13524486,0.12078631,0.02308571,-0.0013110864,0.021057898,0.0070209727,0.11452174,0.08617459,0.1209589,0.11430653,0.11160996,0.09306241,0.11788411,0.121781036,0.10016982,0.09517991,0.10615741,0.11233851,0.025263892,0.012515273,0.027829494,0.021214526,0.024359519,0.013312296,0.026830776,0.0210384,0.018835947,0.011469906,0.020531952,0.019343467,0.14109115,0.07619184,0.13625395,0.11792244,0.034786165,0.029388454,0.036781035,0.03483895,0.14214122,0.12068973,0.15157796,0.15452743,0.12475208,0.12450295,0.13380155,0.13948825,0.04306686,0.04762032,0.0476606,0.048005912,0.04163346,0.053864416,0.048570808,0.050677296,0.035176102,0.055397227,0.040976834,0.0489378,0.0,0.006903165,0.0,0.002214132,0.0,0.00017933722
R_5m_ROI,Right,36,0.0063619716,0.00482095,0.004947882,0.0,0.0026963702,0.0,0.0021555475,0.0,0.0017024723,0.0,0.003946949,0.0021721066,0.0028433858,0.0,0.0030930454,0.0,0.002783088,0.0,0.004204392,0.0,0.0012035009,0.0,0.0026398136,0.0,0.0044751405,0.0,0.00149375,0.07786856,0.058916714,0.09560252,0.09631358,0.012009264,-0.00020582604,0.015488863,0.008710868,0.04590216,0.029193383,0.05439707,0.04809025,0.049302258,0.037847582,0.06035954,0.055655234,0.051433988,0.053259365,0.06377602,0.063500844,0.0085511925,0.006564546,0.007783442,0.0009703502,0.009948016,0.006771523,0.010909167,0.0032515419,0.013434482,0.007036529,0.014481409,0.008697085,0.06760496,0.051377572,0.08284098,0.082481526,0.012734087,0.013845302,0.01693123,0.016698094,,0.044957817,0.05425399,0.058342125,0.06331449,0.041754488,0.064543955,0.05684746,0.06170463,0.009632461,0.02517974,0.013665549,0.017431647,0.008479811,0.022747634,0.014195091,0.015834525,0.007523728,0.02064927,0.01336838,0.015481818,0.0753625,0.058150522,0.09140981,0.0831794,0.01798067,0.011510425,0.026096847,0.016624423,0.053486172,0.021321889,0.06688426,0.058774207,0.054031007,0.029350327,0.06657363,0.06206913,0.054433383,0.041233245,0.06721831,0.062571704,0.014530675,0.016102415,0.021129683,0.01681959,0.013535449,0.01586877,0.020196443,0.016660338,0.013317438,0.01615136,0.0195511,0.017597271,0.06620246,0.052619934,0.08067442,0.07581478,0.014985492,0.014309839,0.020771774,0.020144776,0.05764694,0.05640247,0.07176292,0.07551984,0.054501947,0.062459707,0.06977282,0.07108313,0.015925644,0.03188609,0.024228364,0.029178381,0.014163828,0.031289402,0.022476792,0.028071586,0.011214949,0.027017217,0.019822836,0.024603939,0.06734755,0.013870446,0.07763584,0.06555688,0.0147434035,-0.018154517,0.017335907,0.006470512,0.043196615,0.010036078,0.053192288,0.046973974,0.043641567,0.017610705,0.052922275,0.0464664,0.04174536,0.026013996,0.051415894,0.044730127,0.008169119,0.008360236,0.011602209,0.012917666,0.007914782,0.0068517337,0.011570097,0.012206697,0.006856674,0.006145171,0.009728797,0.009815899,0.06431359,0.047863793,0.076623805,0.07236611,0.011527501,0.010709921,0.015340789,0.015040098,0.055967186,0.052587416,0.07087654,0.07400638,0.05181494,0.056587394,0.0661485,0.06584554,0.013435183,0.035073016,0.01972191,0.028347304,0.012685618,0.03580532,0.018258179,0.027805325,0.009871616,0.03144742,0.016284442,0.022555595,0.0,0.0037882517,0.0,0.0031635,0.0,0.00044890522
R_5mv_ROI,Right,37,0.010003072,0.0029053227,0.0030220372,0.0,0.0072597642,0.0,0.0031785148,0.0,0.0037897348,0.0,0.0069855233,0.0025622807,0.004516258,0.0,0.0035677778,0.0,0.008899734,0.0,0.004462437,0.0,0.0035525179,0.0,0.007612534,0.0,0.004631919,0.0,0.003441878,0.12761573,0.059188362,0.11977051,0.091324985,0.034362104,0.03025666,0.026098678,0.01767317,0.08830499,0.06579798,0.090356186,0.08757854,0.08467271,0.063790455,0.08706911,0.09118679,0.0804233,0.0603578,0.085084155,0.08675343,0.031162523,0.03957465,0.027575789,0.0253115,0.027878102,0.041806143,0.024674151,0.024582585,0.024375033,0.042463478,0.020501371,0.021105666,0.12261209,0.07587178,0.12138652,0.09824763,0.026112856,0.039432134,0.02727913,0.029583016,,0.08430635,0.084524035,0.09446323,0.09934853,0.08339004,0.088155195,0.095203556,0.09663268,0.024513219,0.042462714,0.02982259,0.037561834,0.02161521,0.04472243,0.028125199,0.035202805,0.019916434,0.046516307,0.026054729,0.032257292,0.16191567,0.09367823,0.15193006,0.120670214,0.053929027,0.028473455,0.05094176,0.031690538,0.14577985,0.10884273,0.15207131,0.14583279,0.13577402,0.10438876,0.14250186,0.14205131,0.11828994,0.09967702,0.12668061,0.12625323,0.058527943,0.055701993,0.065506145,0.058127526,0.052021086,0.05495165,0.059344612,0.054080013,0.04183157,0.050544385,0.047425482,0.045293383,0.15237413,0.10326325,0.14831497,0.12605536,0.049716298,0.040353175,0.049377266,0.039870687,0.15109038,0.1362922,0.16401348,0.16678086,0.13504265,0.13591342,0.14775501,0.15366985,0.06385691,0.06583403,0.07116605,0.0757798,0.05633747,0.06713487,0.06728691,0.07064189,0.044350978,0.065612905,0.05312938,0.061015125,0.15080588,0.08107738,0.14146581,0.12246666,0.039055437,0.019094216,0.03524488,0.025509663,0.12730566,0.12658678,0.13496687,0.143222,0.11721775,0.12021903,0.12784693,0.14057708,0.09980133,0.10972734,0.110556014,0.123222664,0.029763967,0.043228026,0.037012544,0.04077522,0.02758366,0.042913087,0.03601027,0.042297762,0.023190554,0.040016565,0.030105945,0.03860497,0.16242635,0.110246055,0.15761235,0.13804649,0.05375242,0.049279813,0.054581825,0.046444234,0.16949737,0.17601536,0.18539988,0.19546644,0.14555527,0.16821085,0.16011958,0.17904527,0.06852116,0.06884736,0.07493657,0.07820707,0.06295527,0.07080181,0.07358705,0.077559054,0.049307577,0.06958555,0.05824799,0.070376694,0.0,0.0060062734,0.0,0.003711451,0.0,0.0031698162
R_6a_ROI,Right,96,0.0049710637,0.0034180412,0.0033986864,0.0,0.004466447,0.0,0.0046951594,0.0,0.0059715696,0.0,0.0047827433,0.0037020787,0.004703402,0.0,0.006617136,0.0,0.008025221,0.0,0.0046351315,0.0,0.009057608,0.0,0.005726315,0.0,0.0055745025,0.0,0.008348451,0.15990579,0.11731409,0.15407147,0.13923942,0.03514805,0.036796186,0.036845077,0.036144353,0.11051063,0.121877685,0.12233348,0.13530605,0.108668394,0.1286757,0.121407434,0.13486409,0.10187425,0.12837663,0.1151215,0.12867746,0.025373708,0.04820419,0.030549744,0.03803486,0.026693255,0.05226432,0.032025825,0.038851533,0.02586415,0.051944725,0.03153336,0.03650661,0.15656403,0.08805587,0.1555352,0.1258974,0.034484796,0.0358514,0.04009235,0.039726425,,0.117294066,0.114511654,0.13296492,0.13536403,0.10722538,0.1123091,0.122626,0.12884782,0.027544798,0.04916247,0.03259803,0.03546968,0.02824803,0.052440304,0.034617096,0.037596833,0.026658539,0.04996755,0.033416983,0.039260436,0.17998342,0.10653867,0.1720158,0.14469701,0.044122133,0.024536386,0.042461663,0.032340262,0.17015909,0.14145683,0.17389698,0.16880511,0.15914823,0.14122239,0.16606712,0.16017132,0.13979232,0.13435158,0.14831394,0.14853504,0.048085667,0.048078865,0.05066683,0.05252611,0.04692448,0.04922518,0.0499584,0.051487915,0.040681336,0.04561225,0.043609943,0.04637223,0.17640735,0.09401192,0.16683601,0.13433312,0.059339624,0.033823643,0.05854382,0.045812074,0.17430763,0.14039735,0.18312953,0.17169248,0.15194166,0.13327102,0.1617103,0.15903461,0.065525524,0.060584746,0.06875579,0.06856274,0.06276324,0.06340539,0.06768025,0.06840091,0.05350296,0.05979305,0.058703773,0.0635352,0.1583544,0.07658902,0.1483766,0.11732583,0.03371677,0.018938463,0.03127831,0.022525998,0.15046562,0.1286614,0.15131962,0.14053978,0.13807485,0.12508361,0.14122055,0.13197967,0.11834539,0.11527331,0.12255573,0.12206795,0.038067043,0.03243411,0.03985104,0.03890439,0.036519114,0.034011833,0.039200816,0.03817897,0.031328853,0.03265071,0.033360265,0.03499577,0.17160247,0.09253683,0.15923275,0.12452037,0.055554178,0.03761896,0.05165211,0.03904134,0.17433856,0.15515323,0.17854118,0.16697074,0.14962359,0.14221585,0.15521586,0.15535398,0.06534775,0.054287367,0.066685975,0.061632995,0.061679546,0.055998974,0.064018615,0.06252713,0.051281728,0.051944084,0.05352723,0.058933135,0.0,0.007991419,0.0,0.00498956,0.0,0.005936862
R_6d_ROI,Right,54,0.003611289,-0.0020752058,-0.0027405412,0.0,0.0021614467,0.0,-0.0022421933,0.0,-0.0023417592,0.0,0.0017251776,-0.0015288444,-0.0014087673,0.0,-0.0018160695,0.0,0.0026394168,0.0,-0.0017511952,0.0,-0.001229186,0.0,0.0020733192,0.0,-0.0010262643,0.0,-0.0011987396,0.10105884,0.070392005,0.09768933,0.09648688,0.0122391265,0.016163202,0.012388856,0.015323205,0.072660275,0.08889484,0.079656936,0.09627288,0.06939739,0.08952031,0.07820811,0.098020986,0.065467305,0.08720059,0.0707715,0.086440496,0.016820148,0.007594156,0.021033073,0.025544135,0.0143045485,0.012144618,0.018428957,0.019405048,0.011554452,0.013629543,0.0146864895,0.012675897,0.10200234,0.0746356,0.10227775,0.09531672,0.013084916,0.009451598,0.012503163,0.00945764,,0.076234095,0.09859217,0.08544194,0.10147191,0.07411164,0.09756244,0.08494819,0.09904479,0.013919831,0.013650494,0.016029106,0.017469244,0.013976688,0.017177308,0.015564175,0.01606715,0.0118071735,0.020064786,0.013349811,0.012858559,0.14599058,0.10189401,0.1396813,0.12695356,0.026363641,0.0062939296,0.022097664,0.020814836,0.13608898,0.1302768,0.14308533,0.15019439,0.12916243,0.13522436,0.141265,0.14351271,0.114043474,0.13429448,0.12232959,0.12654129,0.0346202,0.036016967,0.033743538,0.04645009,0.029739289,0.037037082,0.02995968,0.039417177,0.023113921,0.032219414,0.022747671,0.030843448,0.14403449,0.09656276,0.14330637,0.1292138,0.02927971,0.020887168,0.027805569,0.021218745,0.14989115,0.15003633,0.16453554,0.16660215,0.13485159,0.15096949,0.1500325,0.15424514,0.042970013,0.04543245,0.045880925,0.051736,0.038664524,0.046148263,0.0430837,0.046775393,0.028708924,0.04316419,0.03384405,0.038628314,0.14336288,0.0932339,0.137694,0.11875026,0.015187873,0.007937775,0.012953138,0.0061039324,0.13097616,0.1267738,0.1406553,0.13619196,0.12192963,0.13146366,0.13509513,0.13030875,0.10501666,0.13067727,0.11511497,0.118089214,0.025008617,0.03116702,0.028547525,0.035185,0.019827355,0.032474574,0.023603672,0.02914861,0.012439259,0.02818664,0.015189251,0.021919167,0.1573622,0.094024785,0.15189782,0.12764753,0.034162965,0.029972706,0.032908928,0.029631218,0.16883767,0.16212149,0.1844568,0.17396547,0.1482613,0.16119243,0.1620017,0.16300796,0.045845803,0.046126194,0.048507873,0.048799586,0.041252073,0.045520354,0.04460189,0.046964277,0.03177038,0.041989055,0.035508722,0.04085776,0.0,0.0025139896,0.0,-0.001119443,0.0,-0.0005939545
R_6ma_ROI,Right,44,0.015544623,0.006963121,0.0064868173,0.0,0.008884549,0.0,0.0076972744,0.0,0.012011202,0.0,0.011266565,0.004650102,0.007516744,0.0,0.012199687,0.0,0.012618644,0.0,0.008510441,0.0,0.014277221,0.0,0.01182231,0.0,0.008495928,0.0,0.015030668,0.17856482,0.10840595,0.1714072,0.16112809,0.023429934,0.010497219,0.026143758,0.022203384,0.11163915,0.15422937,0.12759505,0.15817377,0.107254975,0.15154421,0.12671237,0.15701893,0.10105566,0.1440539,0.11623107,0.14504674,0.015863603,0.025693145,0.021552552,0.026183,0.014874206,0.025887659,0.021022322,0.026851268,0.013691933,0.027303012,0.018886056,0.025142102,0.16972129,0.09998203,0.16262314,0.14171135,0.023286615,0.0148595,0.02422121,0.022134375,,0.11836578,0.13754034,0.1369696,0.1546886,0.11090517,0.13640049,0.12543163,0.14491728,0.02171566,0.025366664,0.025073966,0.027440438,0.019683842,0.026469085,0.024250118,0.025927411,0.017063798,0.027710924,0.02102207,0.022411998,0.17502496,0.090195306,0.16971694,0.14378238,0.028065095,0.00915649,0.027255071,0.0126909185,0.14432226,0.14814007,0.15361106,0.15915476,0.13697313,0.14398387,0.1488564,0.15494859,0.121801056,0.13505344,0.13230108,0.14135548,0.031145515,0.020907324,0.03250187,0.026951447,0.029154828,0.02029948,0.031070473,0.02690918,0.0230801,0.019823257,0.025248984,0.024277035,0.17295173,0.09353678,0.16641834,0.13933119,0.04100651,0.025790485,0.040266693,0.027749779,0.16239071,0.15676184,0.17535569,0.17433931,0.14491524,0.15290712,0.15697658,0.16124602,0.047580965,0.04095502,0.051037963,0.048669286,0.04399786,0.040502664,0.04905071,0.04583233,0.035564482,0.040091697,0.040672448,0.039613213,0.15043518,0.07296293,0.1449252,0.118224606,0.030529557,0.006854082,0.029511206,0.019784097,0.12555136,0.11932384,0.13270918,0.12524463,0.11854276,0.118750304,0.12498531,0.12048613,0.102369435,0.11649965,0.10924603,0.11008824,0.033335503,0.017089084,0.034619417,0.025833549,0.032261368,0.017520025,0.03386682,0.026608612,0.027137367,0.018301006,0.028424473,0.024977116,0.15784279,0.090518236,0.15120578,0.12222549,0.04221835,0.03099427,0.040174756,0.02986749,0.14957796,0.13814244,0.15832628,0.15188883,0.1316159,0.13686335,0.14107513,0.143798,0.048326164,0.036072906,0.05014823,0.044403788,0.04564944,0.03516918,0.048353318,0.043486837,0.03688851,0.035021927,0.03943663,0.039759632,0.0,0.012310818,0.0,0.009175366,0.0,0.012307288
R_6mp_ROI,Right,55,0.00552302,-0.0023815143,-0.0030200551,0.0,0.0038545106,0.0,0.00079861877,0.0,0.00031803237,0.0,0.0041721715,0.001237579,0.0020225898,0.0,0.0011143178,0.0,0.0038670371,0.0,0.0014100558,0.0,0.0008526248,0.0,0.0031754028,0.0,0.002879227,0.0,0.0012720024,0.09883819,0.072347775,0.10023473,0.09248139,0.017364804,0.013979301,0.01750012,0.011304557,0.06371931,0.05720461,0.07031427,0.072917,0.06308983,0.060875557,0.07238321,0.07958651,0.06384792,0.061902083,0.071182474,0.08020495,0.017206313,0.0038267968,0.019826185,0.018166589,0.017537996,0.0043404745,0.020655816,0.013851209,0.01609546,0.004764969,0.017461685,0.010337936,0.09595095,0.08067131,0.101085186,0.09228233,0.015075313,0.020556064,0.013395662,0.012140276,,0.06563144,0.06741016,0.078784235,0.08720029,0.06691588,0.074806854,0.08049409,0.09036629,0.013283565,0.012329099,0.01562854,0.01910379,0.013121935,0.018567858,0.015939787,0.018783923,0.012368367,0.022388192,0.013822965,0.017230708,0.13318469,0.116598845,0.13277423,0.12354433,0.026429445,0.008452952,0.026061682,0.018423347,0.117956355,0.101351276,0.12729123,0.12921357,0.112434156,0.10104604,0.1244059,0.12577339,0.10323583,0.10212242,0.11357283,0.11785496,0.030031491,0.026844742,0.030993674,0.03518781,0.028565684,0.027673367,0.02995285,0.03255939,0.024233134,0.023859391,0.025299668,0.027380142,0.1252127,0.1056877,0.12845828,0.115865216,0.029095802,0.029812766,0.030203816,0.022681428,0.123258315,0.111025915,0.13926902,0.14147067,0.11409786,0.11272689,0.12914467,0.13476075,0.037433036,0.03786569,0.043437306,0.049341,0.0347879,0.042742755,0.04155526,0.045690484,0.02810063,0.0448905,0.034585837,0.0414525,0.13181677,0.106568694,0.13044003,0.1174521,0.016425164,-0.002085647,0.014180093,0.003460891,0.113973126,0.11253887,0.125329,0.12658237,0.10642482,0.10916997,0.11884526,0.1164676,0.09485303,0.10810567,0.1057734,0.108940974,0.020225523,0.0197539,0.024242382,0.025401171,0.017357612,0.019881029,0.020881748,0.022016514,0.012685985,0.016890364,0.014237494,0.018261595,0.13682494,0.11083885,0.13738772,0.11989225,0.03110665,0.028639825,0.03288404,0.0304671,0.13928099,0.12718555,0.15513161,0.1531407,0.12359933,0.12735817,0.13910778,0.14513448,0.039758973,0.041804254,0.04560471,0.04757684,0.037424598,0.046374317,0.04353899,0.045980547,0.02960974,0.048271738,0.035175536,0.044880368,0.0,0.004290934,0.0,0.00343347,0.0,0.0019590354
R_6r_ROI,Right,78,0.008587675,0.0038681317,0.0035750626,0.0,0.009967095,0.0,0.0065939734,0.0,0.008110873,0.0,0.010389604,0.005310226,0.0074542165,0.0,0.0086701,0.0,0.010151478,0.0,0.008178868,0.0,0.008606279,0.0,0.006780572,0.0,0.008160951,0.0,0.008457506,0.17134628,0.087046735,0.17634664,0.15626775,0.038580418,0.028270641,0.037014604,0.033816308,0.1073128,0.1242478,0.12714803,0.13317181,0.106843986,0.122035846,0.12873724,0.1342461,0.10358334,0.11473952,0.12516245,0.14049165,0.028740289,0.030110244,0.032751597,0.032746617,0.028375696,0.031709824,0.03102911,0.030707667,0.026036564,0.03461968,0.027905326,0.029957352,0.17588177,0.09923958,0.182016,0.15760808,0.0407006,0.04278135,0.041583363,0.043099705,,0.12269531,0.16353203,0.15077807,0.16955312,0.12094502,0.15284088,0.14684096,0.17145918,0.034373853,0.05401611,0.04337697,0.05027387,0.034220017,0.051113132,0.0439816,0.049491245,0.031343486,0.049970377,0.040028427,0.04766204,0.1815541,0.08850457,0.17562559,0.14481522,0.0465522,0.030815622,0.04301177,0.02948579,0.14629015,0.12835896,0.15266173,0.15052186,0.14144836,0.12534739,0.15027049,0.14631258,0.12624107,0.11912525,0.13721266,0.13876864,0.039619744,0.041480575,0.043280162,0.038402114,0.03890131,0.039036192,0.042556398,0.035996363,0.033824444,0.037474718,0.037142243,0.03334636,0.19109498,0.09880288,0.1882212,0.15619436,0.050355274,0.041340012,0.050760567,0.041578002,0.18568839,0.18256602,0.20166802,0.2021704,0.16803251,0.16687366,0.18575478,0.19459751,0.05511801,0.065190375,0.06312539,0.06451057,0.054055195,0.060353927,0.063984096,0.062271364,0.046329085,0.055671215,0.055977292,0.058668807,0.1571966,0.05548512,0.1469964,0.11778627,0.03382236,0.0094898315,0.028188532,0.017291294,0.12706299,0.09939413,0.13109519,0.11611222,0.12075317,0.10023884,0.1251224,0.118207216,0.10432885,0.0976094,0.111540765,0.112061724,0.021159766,0.03167108,0.02436578,0.024455832,0.01907612,0.029718759,0.022420136,0.024529768,0.01551783,0.026083946,0.019076057,0.024235131,0.18501307,0.0932009,0.17541716,0.14333984,0.046401527,0.04225538,0.046016816,0.04112924,0.18801227,0.17196815,0.19535962,0.18336579,0.16629454,0.15791021,0.1762724,0.17641434,0.051408645,0.066903815,0.05490736,0.057106476,0.050167978,0.06306273,0.055130895,0.057360608,0.04261661,0.0579283,0.047412336,0.05532837,0.0,0.009133247,0.0,0.00650424,0.0,0.008022265
R_6v_ROI,Right,56,0.014628259,-0.0013610991,-0.0018108655,0.0,0.008521623,0.0,0.0058370796,0.0,0.0030810584,0.0,0.009099342,0.005648439,0.006564395,0.0,0.003592266,0.0,0.0070709744,0.0,0.006683528,0.0,0.004422454,0.0,0.006854491,0.0,0.0069911266,0.0,0.0050191763,0.18252456,0.12020398,0.18362324,0.17402275,0.047755875,0.048217043,0.04569897,0.04348402,0.14833798,0.16277248,0.17500229,0.18966623,0.1384231,0.1527894,0.16375938,0.19753963,0.118550904,0.14955553,0.14341937,0.18603659,0.053425442,0.049554236,0.065369606,0.072191246,0.045881383,0.04653961,0.055755313,0.06677076,0.03256393,0.045081694,0.041802805,0.053673863,0.18029574,0.12735759,0.17964956,0.15999936,0.049123913,0.03690733,0.041169725,0.030295907,,0.15861265,0.16356288,0.18282801,0.20745574,0.13509299,0.16088247,0.16024007,0.19618829,0.06442749,0.044910252,0.069009006,0.06605111,0.052610394,0.042482596,0.05823313,0.061310448,0.036558796,0.041300092,0.042068213,0.05055683,0.18275101,0.11582744,0.17562228,0.15387112,0.039804563,0.027188865,0.036795784,0.03377448,0.1705163,0.15831602,0.18139045,0.18589325,0.1576576,0.15316719,0.1691974,0.18440294,0.13381578,0.15330681,0.14570273,0.1644482,0.05223579,0.04971092,0.054915424,0.06863035,0.04506258,0.04682091,0.048564177,0.06485044,0.032486737,0.04432167,0.035825796,0.052441344,0.18130249,0.12385463,0.17789929,0.15495472,0.05471848,0.045283914,0.051624045,0.03840666,0.19407341,0.18548638,0.21351899,0.2271347,0.16616045,0.17734756,0.18663003,0.20633003,0.08027213,0.06506306,0.0889702,0.08994757,0.068452366,0.061274875,0.07932567,0.08531597,0.049589567,0.05942812,0.060667098,0.07289487,0.14529249,0.06577874,0.13830397,0.10717141,0.02031144,0.011463198,0.019110408,0.012286287,0.1298571,0.120182656,0.1355453,0.12743613,0.12127728,0.11813008,0.12684463,0.1203057,0.104409024,0.1179261,0.11231542,0.10770774,0.031987816,0.03129477,0.035367012,0.03789235,0.027155362,0.030875795,0.031041753,0.03597377,0.01943661,0.029893348,0.022964763,0.02950534,0.15593483,0.09133286,0.15025015,0.12483299,0.038602997,0.038851738,0.037836917,0.034821812,0.16392516,0.16027059,0.17224236,0.17514157,0.1440481,0.14750773,0.15665762,0.16170414,0.04926071,0.053010296,0.05317039,0.058478296,0.04429812,0.051511597,0.049712107,0.05795872,0.034495536,0.05189524,0.040350053,0.053936753,0.0,0.0072969394,0.0,0.0072075874,0.0,0.0048868572
R_7AL_ROI,Right,42,0.007477582,0.0038151708,0.0031153883,0.0,0.0049189515,0.0,0.0043954086,0.0,0.0053283945,0.0,0.0046561374,0.0032689415,0.0048305453,0.0,0.005096444,0.0,0.0060921037,0.0,0.0061933086,0.0,0.0045966576,0.0,0.00443053,0.0,0.0051913713,0.0,0.0045729172,0.14722708,0.07703114,0.14470714,0.12956089,0.037386667,0.030388927,0.035165206,0.026481023,0.093643725,0.086493075,0.10839177,0.11300552,0.09382665,0.08633286,0.11006396,0.1219004,0.08792307,0.08495504,0.105437845,0.12085219,0.029806728,0.029582286,0.03266949,0.034520816,0.028756239,0.02857255,0.03120669,0.033797268,0.02630768,0.029630698,0.028057361,0.030495264,0.11774582,0.06277825,0.11778683,0.10336231,0.034408066,0.033701096,0.030352421,0.033317793,,0.07793243,0.08847172,0.09569531,0.10676391,0.07526686,0.08651135,0.09129079,0.103733905,0.027203726,0.045467112,0.03176849,0.041673057,0.024475686,0.04567306,0.030749984,0.04194886,0.021793097,0.044821806,0.02731153,0.038009405,0.18306637,0.10212362,0.17391203,0.14793478,0.045384225,0.020613894,0.046775635,0.03089947,0.15488356,0.13349125,0.16234288,0.1593889,0.15330051,0.13225868,0.1619159,0.16285057,0.1369965,0.12735921,0.14855543,0.15178838,0.051914856,0.038443353,0.05726029,0.05144928,0.0506423,0.035732243,0.05623038,0.051490165,0.043266952,0.034526635,0.04923784,0.046701483,0.1621933,0.08135164,0.15414733,0.13112618,0.056696687,0.033394393,0.054808736,0.040307034,0.16288574,0.14642425,0.17476572,0.17659284,0.14830312,0.14480373,0.16055515,0.1651757,0.06574732,0.06825052,0.07198042,0.07270413,0.06336568,0.06870323,0.07238905,0.072054505,0.053763453,0.067738205,0.0628525,0.065016955,0.16254115,0.08432611,0.15454724,0.1346381,0.029720193,0.0060617914,0.028411727,0.019666223,0.14015175,0.13159783,0.14672819,0.13866715,0.1384127,0.13039768,0.14484315,0.14344084,0.123250216,0.12643279,0.1331998,0.13257672,0.031591628,0.026793903,0.034910724,0.032435924,0.032005757,0.02667559,0.03477596,0.033711404,0.02686269,0.0254927,0.030619776,0.032217313,0.17058776,0.09359271,0.1619607,0.1403399,0.05383239,0.02981078,0.052093655,0.04293874,0.18652175,0.19486241,0.19592825,0.19850944,0.16695045,0.19213438,0.17756248,0.18474293,0.06659873,0.06744498,0.07015484,0.07047909,0.066472895,0.06950606,0.0713864,0.07124143,0.05668279,0.069229595,0.06213444,0.06727566,0.0,0.0054925117,0.0,0.0041789073,0.0,0.005299118
R_7Am_ROI,Right,45,0.008825341,0.0063814693,0.0064584063,0.0,0.0021181386,0.0,0.004185471,0.0,0.0057571074,0.0,0.0030738711,0.004066155,0.0048699332,0.0,0.008269071,0.0,0.0034625076,0.0,0.005787394,0.0,0.010216966,0.0,0.0037768674,0.0,0.007213144,0.0,0.010254249,0.18500373,0.108027704,0.18231858,0.1689657,0.030891182,0.029961158,0.033856682,0.029228149,0.12633213,0.1478796,0.14370516,0.150461,0.1273808,0.14376727,0.14190124,0.15517807,0.12257961,0.1392392,0.13387394,0.15315223,0.019354656,0.02518957,0.028262345,0.02813963,0.020062372,0.028775817,0.026174635,0.03059567,0.017924247,0.03079802,0.023052352,0.02982892,0.17981395,0.09455232,0.1791833,0.15105976,0.02108476,0.027084563,0.025605885,0.023121413,,0.13735007,0.16125357,0.15501033,0.16152012,0.13291362,0.15397713,0.14620087,0.15485656,0.01606248,0.030175537,0.023100108,0.02348507,0.01696153,0.033099625,0.022188693,0.025096275,0.014908071,0.03283217,0.020591352,0.023886368,0.20709388,0.0999015,0.19999887,0.16040075,0.04302707,0.03572463,0.042743273,0.0320251,0.17124356,0.16211452,0.1854863,0.17262337,0.17397843,0.15417288,0.1866593,0.17738882,0.16049786,0.1435795,0.17326365,0.16905001,0.043039914,0.039143234,0.048782416,0.044347227,0.044577204,0.040774964,0.049025264,0.04743454,0.038698312,0.041300062,0.04308039,0.04502222,0.20392969,0.09594131,0.19649886,0.15521832,0.048918188,0.03999862,0.049037997,0.034031916,0.20305146,0.19291577,0.21729267,0.2074293,0.1877779,0.17527613,0.20117116,0.19553307,0.05282747,0.046333265,0.05858528,0.05288351,0.05439262,0.047919784,0.058977026,0.055242125,0.04645967,0.04719871,0.05256424,0.052407376,0.17796764,0.061201937,0.16739967,0.1318319,0.038057927,0.013922082,0.036744203,0.024302451,0.14242959,0.13395295,0.14990784,0.14107263,0.14667284,0.12902296,0.15327227,0.14577949,0.132952,0.11984052,0.14173481,0.13871814,0.03873844,0.027231272,0.043124426,0.037523482,0.041970793,0.027678266,0.045678467,0.04096734,0.03860739,0.027533319,0.042811126,0.039779667,0.18974796,0.085959665,0.1790173,0.1380957,0.05539625,0.03553614,0.055384573,0.039755818,0.1938298,0.17565605,0.20124899,0.19289431,0.17391114,0.15695775,0.18397813,0.18300503,0.060081385,0.04860338,0.065585196,0.059625503,0.061417315,0.04979027,0.0661597,0.06141649,0.05289454,0.048092194,0.058647744,0.058476824,0.0,0.0057475343,0.0,0.007523277,0.0,0.009047054
R_7PC_ROI,Right,47,0.004304647,0.0037702855,0.004008274,0.0,0.009467599,0.0,0.010077267,0.0,0.010542907,0.0,0.008766191,0.00913057,0.010272004,0.0,0.0090410635,0.0,0.009927097,0.0,0.009879383,0.0,0.0091011375,0.0,0.008424156,0.0,0.009313696,0.0,0.008623166,0.15747392,0.09721242,0.15853083,0.14268982,0.034002386,0.030698119,0.032851994,0.02804021,0.10180737,0.09223039,0.116027676,0.11694419,0.10770843,0.094564445,0.12189904,0.12922989,0.10425222,0.098544896,0.1234098,0.13590744,0.026917886,0.025267476,0.029886486,0.029191643,0.028735105,0.028984033,0.030515784,0.03209689,0.026911488,0.031039646,0.029499052,0.031638294,0.13402091,0.088020824,0.13881898,0.12692593,0.036322773,0.034895513,0.037096832,0.04150963,,0.09543083,0.120483056,0.112866364,0.13129246,0.09561247,0.12375874,0.11685285,0.13237631,0.026234228,0.048173286,0.033432655,0.044785105,0.027110336,0.05159025,0.03521185,0.04995662,0.026788065,0.052561916,0.035336077,0.04705005,0.18176417,0.10197742,0.17246626,0.14262913,0.04968867,0.03419661,0.051710017,0.036164474,0.15252006,0.12835358,0.15659547,0.14175148,0.15280153,0.12484344,0.15773606,0.14904034,0.13792136,0.1233276,0.14685726,0.14515099,0.055361837,0.04985897,0.060846645,0.054272085,0.05448878,0.04990018,0.059920195,0.05432453,0.046139926,0.048683345,0.052711662,0.049092297,0.16514443,0.077922404,0.15937231,0.13103522,0.061455764,0.035775118,0.061770897,0.0466777,0.16599566,0.15022549,0.17465469,0.17756464,0.15375854,0.15157247,0.16741237,0.16959704,0.0641037,0.07486353,0.0715342,0.07460929,0.06468906,0.07377191,0.07338535,0.075709224,0.056247775,0.070126235,0.066415794,0.068787836,0.15389228,0.05687626,0.14275791,0.10622326,0.03652686,0.016622812,0.033943854,0.02267854,0.12965226,0.10178912,0.13278104,0.11146609,0.12733509,0.09670146,0.13114552,0.11608986,0.111496165,0.09348357,0.117647044,0.11031932,0.03552419,0.03376818,0.037716,0.03528878,0.033434104,0.034378286,0.03675296,0.03476345,0.027468655,0.0331884,0.031059217,0.033022664,0.17056346,0.07202737,0.16049683,0.12319375,0.05935154,0.03740186,0.05720299,0.04763659,0.18805324,0.17173685,0.19224483,0.18338875,0.16829018,0.17120302,0.17613289,0.17140757,0.06969279,0.073541716,0.07214153,0.07198603,0.06879961,0.07254237,0.07255775,0.072797135,0.05840494,0.06834007,0.06336559,0.067046426,0.0,0.00831113,0.0,0.008669945,0.0,0.009882852
R_7PL_ROI,Right,46,0.006945021,0.0059994105,0.005969972,0.0,0.0045009484,0.0,0.0059097083,0.0,0.007414654,0.0,0.0053679044,0.0052281055,0.007559099,0.0,0.009896093,0.0,0.0032174238,0.0,0.006981037,0.0,0.010164465,0.0,0.003973148,0.0,0.008138658,0.0,0.010428793,0.14112782,0.080168635,0.1308487,0.11791483,0.016678557,0.005441247,0.010924794,-0.0014505726,0.083384454,0.07718325,0.08812426,0.08599673,0.08392677,0.07773335,0.08783172,0.092058495,0.082896434,0.077296734,0.085210316,0.09322474,0.007452648,0.012542941,0.006188106,0.0017912671,0.0053693946,0.014165694,0.003228236,0.0031543607,0.0037879224,0.014622213,0.0030785757,0.004036093,0.1279703,0.05387219,0.11753176,0.091156095,0.015229606,0.016406335,0.013822752,0.011900447,,0.09257116,0.061838046,0.09595121,0.08054528,0.09081207,0.06296622,0.09019597,0.079806,0.013726973,0.015795479,0.013585165,0.011462279,0.012687846,0.018553084,0.013016538,0.011378519,0.011320291,0.019072741,0.012171288,0.011394647,0.14400803,0.07378907,0.13449782,0.11351088,0.021353526,-0.008995665,0.018574156,-0.006048176,0.11615129,0.07837501,0.11628183,0.09981173,0.11371618,0.07686264,0.1160229,0.10239219,0.10442947,0.073228836,0.10550149,0.09841325,0.018986542,0.007986703,0.020090014,0.0101266885,0.015713504,0.005516776,0.017608248,0.008130395,0.011739477,0.0019916692,0.013338258,0.005344976,0.13798636,0.06524421,0.12623216,0.103968196,0.024734257,0.0037963921,0.02216811,0.0138988895,0.12862311,0.09800257,0.13188279,0.120115206,0.11994261,0.09291276,0.12032743,0.11352911,0.03272626,0.026888343,0.034205172,0.034491297,0.030526614,0.026778694,0.032663736,0.033466596,0.025012057,0.025357721,0.026538149,0.029719535,0.12143859,0.046837837,0.11566626,0.100578845,0.027456224,-0.010348359,0.023923272,0.007814186,0.09693658,0.06862949,0.10235088,0.09119427,0.09361778,0.06569806,0.09968346,0.09172885,0.08396636,0.061643917,0.08787215,0.0862595,0.015544029,0.011503809,0.018678294,0.013055258,0.01623678,0.009863702,0.01850819,0.015378122,0.0147212865,0.0075873863,0.016319083,0.014462191,0.12466255,0.06599314,0.11889704,0.10029381,0.02965937,0.012062478,0.027466185,0.01837876,0.11990725,0.110361665,0.12786737,0.12011534,0.109367914,0.10289461,0.11475982,0.11486026,0.034606475,0.032615893,0.03821262,0.037013732,0.032991096,0.03260486,0.035945334,0.03537614,0.026924845,0.031687018,0.028830038,0.03212449,0.0,0.008337996,0.0,0.0066281334,0.0,0.007867689
R_7Pm_ROI,Right,29,0.010658785,0.00429405,0.003962141,0.0,0.010866442,0.0,0.012630968,0.0,0.0073875044,0.0,0.011767057,0.011286893,0.01192119,0.0,0.008367815,0.0,0.008354685,0.0,0.012413897,0.0,0.005132493,0.0,0.010583819,0.0,0.013140679,0.0,0.0055725803,0.17289017,0.13622402,0.16687298,0.1595234,0.04809357,0.028597513,0.04361117,0.03437418,0.108386986,0.14237787,0.11724054,0.13789664,0.10883177,0.14334635,0.11898684,0.1369843,0.10274824,0.14225222,0.11125901,0.13140942,0.022010164,0.03975267,0.022577671,0.030349115,0.022049235,0.04201323,0.024423061,0.031936515,0.021233154,0.04169267,0.02199529,0.031932287,0.16010664,0.114709415,0.15621063,0.14076261,0.041313827,0.057520196,0.04307803,0.048312068,,0.11505965,0.11494669,0.12996984,0.13392141,0.11019584,0.11942529,0.121385545,0.13119887,0.029272458,0.047911536,0.03342401,0.04408543,0.029138625,0.049897064,0.034166038,0.045154396,0.028597524,0.04935163,0.032514904,0.044101898,0.20612,0.13454601,0.20217894,0.17390431,0.056041952,0.018955797,0.05436254,0.03733671,0.160694,0.17091988,0.17140399,0.17500256,0.16011426,0.16762437,0.17048764,0.16872646,0.14806339,0.1588405,0.15812853,0.15868771,0.040710393,0.044753794,0.044924106,0.04509216,0.039976206,0.04456151,0.044876482,0.045035433,0.035126887,0.04101905,0.03876669,0.043068018,0.1854478,0.10957416,0.18000756,0.15534914,0.062108044,0.044598337,0.064317405,0.056600947,0.16963065,0.15696035,0.18103816,0.17693903,0.15743339,0.15381052,0.16858472,0.17111193,0.057957765,0.06847965,0.06475246,0.069295146,0.058551747,0.0691365,0.06727264,0.06885116,0.05309451,0.06545734,0.061210316,0.0661444,0.19910859,0.09965819,0.19286634,0.15777448,0.06448561,0.026332095,0.06401243,0.048996788,0.14538704,0.16059199,0.15495013,0.15753458,0.14582433,0.15516363,0.15517116,0.15273176,0.13614438,0.1434013,0.14690068,0.14414653,0.046713028,0.053626124,0.053350333,0.0547576,0.049382906,0.054109696,0.056668762,0.0566678,0.046568755,0.050163623,0.053598646,0.056399044,0.1858746,0.098789506,0.18056929,0.14968729,0.06378229,0.052241165,0.066536374,0.057948053,0.16609201,0.15975758,0.17461933,0.17052074,0.15266487,0.15110321,0.16293131,0.16183187,0.05824971,0.06716782,0.06486165,0.06886559,0.058579464,0.06719541,0.06588898,0.06797653,0.051809248,0.06375908,0.05915242,0.06597675,0.0,0.009616235,0.0,0.010128274,0.0,0.0041437373
R_7m_ROI,Right,30,0.016231809,0.00017831146,-6.646001e-05,0.0,0.009038367,0.0,0.0070236716,0.0,0.006045707,0.0,0.011860381,0.004642368,0.0077879387,0.0,0.008581112,0.0,0.011762932,0.0,0.008256463,0.0,0.008204828,0.0,0.012904278,0.0,0.00884653,0.0,0.009878279,0.19460009,0.13487445,0.19985665,0.18856461,0.056002077,0.022655565,0.057361934,0.04581931,0.09629664,0.13746095,0.11983654,0.14041793,0.10295064,0.13997348,0.12603177,0.15187359,0.10497015,0.14018328,0.12770258,0.16104719,0.02419995,0.042009976,0.035393607,0.04011923,0.026785452,0.04423097,0.037039213,0.042895947,0.02604694,0.044602606,0.035663113,0.043144204,0.17770316,0.12012565,0.1856506,0.16338453,0.03742266,0.03275616,0.041152865,0.036486037,,0.1156969,0.11588027,0.1397976,0.14760089,0.119790524,0.11959063,0.14213182,0.15895237,0.027947906,0.039197903,0.033851057,0.037959438,0.030204982,0.039397523,0.037010502,0.040961966,0.029286193,0.038056377,0.036245134,0.043081287,0.21823704,0.12015827,0.2178447,0.18902753,0.059758235,-0.0010316346,0.05476472,0.032913577,0.13550124,0.1531618,0.15045524,0.1696607,0.1437166,0.15345362,0.15988421,0.17822596,0.1426268,0.1504104,0.1573574,0.17948066,0.027592812,0.03637986,0.030484479,0.03849556,0.029120654,0.036449064,0.031896967,0.040448554,0.027781527,0.034162205,0.030467832,0.03919953,0.19156577,0.113535404,0.1955975,0.16871007,0.051522672,0.027874243,0.05638493,0.045199923,0.16729917,0.138091,0.18640423,0.18457277,0.16753176,0.14231896,0.18547499,0.19243178,0.049295723,0.05653379,0.05793736,0.06555759,0.050365075,0.05758721,0.060940836,0.06737859,0.047511525,0.055822883,0.058074616,0.06687629,0.21210228,0.11080736,0.20852078,0.17670432,0.075287,0.021243827,0.07094279,0.050874364,0.13531175,0.1469644,0.15004982,0.15582445,0.1393573,0.14861007,0.15503599,0.15975004,0.13540827,0.14807484,0.15033361,0.15861392,0.04919395,0.049448762,0.055328764,0.055749897,0.048463497,0.051112924,0.054915812,0.05610174,0.04481768,0.05195655,0.050219353,0.05505456,0.18415606,0.10441722,0.1817144,0.1519526,0.052701972,0.044033617,0.054357663,0.045049746,0.16435368,0.13716258,0.17820705,0.16694017,0.16144605,0.14215818,0.17411603,0.17173228,0.0495135,0.057764772,0.056195464,0.057731323,0.049581893,0.05900535,0.057274446,0.060210954,0.045794226,0.059326284,0.051963933,0.060821082,0.0,0.01197987,0.0,0.008017891,0.0,0.005154927
R_8Ad_ROI,Right,68,0.019316545,0.0023996201,0.0017637442,0.0,0.02014813,0.0,0.017404754,0.0,0.011371235,0.0,0.023349438,0.014161583,0.018396199,0.0,0.014525565,0.0,0.021328734,0.0,0.017154453,0.0,0.011827932,0.0,0.021964513,0.0,0.017545644,0.0,0.01558803,0.18757586,0.12381062,0.18900752,0.1769958,0.053945374,0.029504512,0.054077715,0.04724031,0.109236225,0.13898088,0.12756538,0.14213099,0.11288011,0.13770214,0.13406803,0.14940196,0.11549553,0.1356686,0.13494547,0.15126832,0.02624651,0.045127295,0.03524502,0.039981492,0.026512912,0.043967135,0.034666717,0.039962538,0.02492088,0.043641746,0.031637043,0.037999045,0.194427,0.14190592,0.20406851,0.18155737,0.040037382,0.04692562,0.04389473,0.042630576,,0.13630316,0.17145564,0.16476552,0.1877568,0.13979708,0.1714864,0.16704008,0.19030446,0.03196472,0.057934184,0.038934615,0.046946257,0.031912323,0.056206048,0.03902952,0.04800289,0.028465893,0.052698538,0.036025725,0.047410615,0.19514091,0.107196935,0.19410945,0.16742826,0.056323636,0.012758646,0.051223867,0.036644932,0.13426651,0.1348023,0.14749506,0.15710327,0.13474306,0.13037132,0.15162668,0.15761113,0.13074136,0.12742361,0.14644532,0.15536103,0.030141141,0.040169146,0.032258123,0.03759515,0.028415333,0.03907428,0.030714685,0.038508203,0.024594897,0.037362497,0.026679508,0.036588244,0.18855166,0.12208305,0.19479387,0.16768084,0.048431884,0.037289448,0.050656624,0.04633744,0.16812356,0.16977797,0.19011354,0.19909942,0.16474839,0.1693268,0.18714164,0.19882874,0.049284045,0.06490874,0.055419706,0.06438501,0.046938155,0.06318898,0.054630816,0.06399457,0.04099156,0.059934735,0.04802245,0.06130916,0.1746599,0.09107968,0.16773133,0.14494634,0.05662178,0.018141376,0.05230123,0.03770838,0.114365585,0.11834569,0.124488235,0.13376933,0.111831285,0.114616156,0.12342249,0.12965812,0.1040602,0.1145811,0.115467526,0.123679765,0.031507045,0.033676986,0.03683493,0.03840044,0.029032683,0.033629414,0.03569308,0.038727622,0.024994003,0.034627322,0.030258805,0.038882535,0.16885287,0.09731896,0.16508257,0.13744363,0.048216857,0.045951936,0.049411815,0.044370424,0.15278657,0.1491756,0.16329542,0.15859549,0.1427541,0.14947778,0.15498269,0.15582801,0.048607886,0.056403175,0.053542122,0.058026016,0.046277277,0.05612409,0.052440684,0.058895838,0.039513357,0.055756222,0.04461734,0.058009572,0.0,0.022756204,0.0,0.015398066,0.0,0.010830069
R_8Av_ROI,Right,67,0.012340092,0.0051478925,0.005382289,0.0,0.014972583,0.0,0.008288064,0.0,0.0085323285,0.0,0.016419023,0.00647902,0.008340942,0.0,0.009722181,0.0,0.020284206,0.0,0.009966638,0.0,0.0079901,0.0,0.017678631,0.0,0.009939616,0.0,0.007936702,0.18085875,0.09813137,0.18254149,0.17668363,0.03315348,0.025350865,0.032476608,0.03451633,0.10320343,0.12911725,0.11939228,0.12962566,0.1056202,0.12697604,0.12146446,0.13448799,0.10774886,0.121019356,0.120238505,0.13708773,0.015832726,0.038464997,0.018071694,0.020583244,0.017244343,0.037363086,0.01795178,0.022018733,0.01892751,0.037894037,0.018540023,0.022965781,0.18670139,0.13241611,0.19281253,0.17909701,0.02447404,0.041658767,0.030131489,0.036358204,,0.1291051,0.16556212,0.15459631,0.17256445,0.132797,0.16060111,0.15601256,0.17921053,0.018185958,0.04590284,0.023549443,0.028835597,0.019699207,0.043534838,0.02642327,0.03189574,0.020855699,0.042010892,0.02756977,0.03411568,0.18682939,0.10146987,0.1860009,0.16425586,0.046591394,0.021843761,0.04425051,0.033651922,0.119246334,0.12169055,0.13297102,0.13974391,0.123877555,0.12257649,0.13865586,0.14344864,0.124401666,0.1204271,0.13736522,0.13988303,0.022296606,0.03312895,0.026183566,0.023903484,0.025033176,0.035825245,0.028179888,0.026583957,0.026909169,0.037935235,0.029624157,0.028366365,0.18708576,0.119716376,0.19139098,0.17170255,0.043411706,0.03825395,0.046660345,0.043748967,0.16276705,0.16424036,0.1811206,0.18663095,0.16406634,0.1582196,0.1810829,0.18796001,0.034770813,0.051570795,0.041301526,0.048759554,0.03764271,0.051074926,0.045543667,0.052212242,0.037840594,0.049947683,0.045091096,0.053598236,0.16621615,0.084149875,0.16034527,0.14405231,0.05004669,0.024289472,0.046915397,0.038780995,0.09392249,0.08965896,0.10387268,0.11003459,0.09664882,0.09419487,0.108373135,0.114967845,0.09577299,0.0973745,0.106704,0.11152229,0.021295423,0.038692657,0.026971541,0.031608663,0.021497652,0.039425015,0.028401937,0.03418933,0.02139145,0.039272793,0.027615653,0.03546452,0.17610824,0.11988044,0.17420231,0.16003911,0.045973875,0.055235915,0.050013956,0.05185087,0.15255783,0.15204586,0.16456822,0.16732538,0.1513734,0.14980987,0.16294391,0.1681404,0.03953355,0.063155234,0.045845564,0.055095866,0.041702945,0.061943304,0.048903167,0.058115575,0.040612593,0.06034863,0.047429726,0.058701567,0.0,0.013222333,0.0,0.007913759,0.0,0.0076746554
R_8BL_ROI,Right,70,0.015615691,0.0054496457,0.0056916527,0.0,0.016298825,0.0,0.011461785,0.0,0.008894475,0.0,0.017646,0.008593159,0.0109922895,0.0,0.0098830005,0.0,0.017385956,0.0,0.012922883,0.0,0.011111342,0.0,0.016271407,0.0,0.012158261,0.0,0.012784438,0.16634451,0.10851567,0.17413262,0.17059587,0.030717349,0.026565181,0.03621131,0.03446606,0.09630864,0.13520221,0.12093078,0.14083476,0.09565234,0.13302113,0.11942426,0.14190258,0.09411474,0.13083017,0.11726136,0.13867368,0.015622763,0.032069623,0.026157996,0.035397958,0.018133584,0.03163594,0.027903877,0.035517752,0.018123752,0.03265741,0.027101098,0.0336695,0.17030704,0.14234328,0.18040621,0.17140186,0.021066822,0.04373719,0.030976932,0.03370863,,0.11573437,0.16888337,0.14017186,0.16144146,0.11356155,0.1651257,0.13735794,0.15974544,0.016912654,0.04186627,0.026294436,0.031995136,0.019037917,0.040616877,0.028834915,0.033417337,0.01839993,0.038726088,0.027633192,0.03307412,0.16519435,0.084330395,0.16673465,0.13297798,0.04227602,0.02247451,0.042833157,0.03132254,0.10853767,0.10377903,0.12611876,0.12625834,0.110775374,0.100583315,0.1283934,0.12688491,0.104864314,0.097151406,0.123582214,0.1241267,0.023812862,0.034052085,0.029729692,0.034613974,0.02636006,0.035401665,0.031992637,0.036692385,0.02536832,0.03738133,0.03148684,0.036499806,0.16954398,0.11788378,0.17739993,0.14871873,0.037754584,0.03370911,0.043115325,0.036839403,0.14596315,0.14523222,0.16750097,0.16382633,0.14144647,0.14179073,0.16352174,0.16164698,0.03354586,0.04455221,0.04136716,0.044081066,0.036701683,0.044907928,0.04511615,0.04786071,0.03493897,0.04359414,0.043719944,0.047696274,0.14081633,0.04503522,0.1336103,0.10260046,0.03933138,0.017497148,0.03685647,0.027094431,0.085233666,0.05561907,0.09307608,0.08725935,0.08892989,0.055281635,0.09765484,0.0875891,0.08465502,0.056085207,0.0939777,0.086924724,0.022966905,0.02484716,0.026959982,0.028985355,0.024015812,0.025045013,0.027863938,0.0297508,0.022826204,0.02697496,0.026540993,0.02952444,0.14838411,0.08965048,0.14630306,0.12068134,0.0383597,0.036668666,0.039667733,0.035723064,0.13174511,0.10047331,0.14278075,0.13230741,0.1262313,0.098884545,0.13796484,0.1309255,0.033470184,0.03994492,0.036840428,0.03900286,0.036144342,0.039767683,0.0393328,0.041034453,0.03414679,0.038535547,0.037010167,0.040266182,0.0,0.015935462,0.0,0.010455803,0.0,0.008388278
R_8BM_ROI,Right,63,0.0037108946,0.0042539025,0.0048929527,0.0,0.009769195,0.0,0.0072645857,0.0,0.008035848,0.0,0.011095532,0.0074783564,0.007450685,0.0,0.009000142,0.0,0.009445218,0.0,0.009067349,0.0,0.0070043784,0.0,0.007406456,0.0,0.008967951,0.0,0.0060231895,0.16532874,0.11598606,0.17064518,0.16914856,0.03298015,0.031561676,0.0365333,0.03974924,0.09074981,0.12053179,0.10785164,0.11845839,0.09236751,0.11627548,0.10902814,0.12715806,0.09339281,0.10729335,0.1094807,0.13090017,0.01133789,0.03298823,0.018256113,0.0282119,0.0122707235,0.03575982,0.020227684,0.031655043,0.013959752,0.037388913,0.019406041,0.031694237,0.17696334,0.1479951,0.18399453,0.17203413,0.024704669,0.056017578,0.035204805,0.047086682,,0.1181992,0.15650271,0.13939251,0.15597346,0.121606834,0.14991677,0.14189836,0.16125366,0.016430005,0.041889004,0.023787027,0.03514386,0.017790107,0.04399317,0.02720878,0.03937326,0.019119605,0.044285018,0.027111238,0.039751932,0.18037929,0.10666779,0.18241352,0.1628399,0.048762795,0.03706049,0.048233137,0.044242922,0.12392173,0.122219846,0.1376865,0.13902058,0.124573976,0.11661449,0.1403801,0.14492097,0.120969765,0.106434606,0.13493621,0.14347179,0.030125882,0.043170992,0.034107953,0.039969556,0.031267624,0.045225263,0.035985712,0.04414862,0.031257894,0.045855083,0.034050647,0.04446251,0.17902993,0.118570685,0.1833173,0.16327366,0.050650056,0.052892387,0.056045234,0.057309832,0.15406635,0.14871533,0.17079927,0.17150629,0.15029229,0.13765895,0.16612422,0.17353238,0.04011096,0.048618626,0.049055785,0.05324752,0.04237667,0.051531035,0.052287515,0.057447337,0.04064094,0.052078363,0.049217552,0.057352044,0.16312341,0.083156,0.15616913,0.13637225,0.052675556,0.038633145,0.049962938,0.042437922,0.107742354,0.09320057,0.113945626,0.11047363,0.10910812,0.08985813,0.11822971,0.114456594,0.103817336,0.084123865,0.111555435,0.11267506,0.038197584,0.041368328,0.04296993,0.045557305,0.03939763,0.043371428,0.045119405,0.047720063,0.037828512,0.04331634,0.04177174,0.04649978,0.16678733,0.10602733,0.16268261,0.14284313,0.054924104,0.061204802,0.05767716,0.059845522,0.14545272,0.13037546,0.1543025,0.14714718,0.13665299,0.11932778,0.14535937,0.14778443,0.04568612,0.053865857,0.05152456,0.057012677,0.046733867,0.054993097,0.05283106,0.06002617,0.04264292,0.0539957,0.04765724,0.058807123,0.0,0.0039418563,0.0,0.006066221,0.0,0.0060003293
R_8C_ROI,Right,73,0.009486944,0.0035151439,0.0030279187,0.0,0.0101946015,0.0,0.009705661,0.0,0.008517838,0.0,0.009316208,0.008192025,0.009424582,0.0,0.008580668,0.0,0.009135395,0.0,0.008294983,0.0,0.007573359,0.0,0.0069614653,0.0,0.009517937,0.0,0.007857623,0.14276268,0.049317475,0.14041187,0.1182753,0.04592689,0.02698043,0.04063029,0.04020888,0.08396328,0.060919516,0.09453345,0.08849113,0.08742801,0.06550468,0.09293625,0.090798385,0.08875631,0.065067075,0.09498165,0.09491515,0.024100207,0.0433908,0.026912123,0.028912941,0.02381262,0.041738335,0.023795066,0.028795905,0.02452607,0.042278063,0.02391826,0.029474529,0.1597714,0.12369682,0.16256884,0.14367923,0.027420767,0.040852714,0.033016417,0.03801634,,0.11746059,0.15241656,0.1345452,0.14445588,0.116451606,0.14741437,0.13372137,0.14934874,0.02498648,0.045203317,0.031644847,0.035646737,0.024632752,0.043936733,0.032742057,0.037996717,0.023858039,0.044570506,0.03158626,0.039604064,0.14591101,0.051111177,0.14198385,0.10751307,0.05877583,0.027329601,0.05100394,0.03800324,0.09767302,0.052919447,0.10767352,0.096740045,0.09935898,0.061809484,0.10719587,0.0928907,0.096892476,0.06591075,0.104941145,0.09051002,0.025734195,0.043769833,0.031047126,0.026471766,0.026322307,0.042837147,0.030868778,0.027658096,0.027085485,0.04177835,0.02996132,0.027591791,0.15447573,0.090402246,0.15443489,0.12852645,0.035888303,0.031661358,0.038991068,0.03280521,0.14695427,0.13489458,0.15771146,0.15204598,0.14232124,0.13020846,0.15282534,0.14942567,0.03688362,0.05034195,0.045450427,0.04890281,0.036415022,0.048724696,0.045750797,0.05083769,0.033218082,0.0482109,0.040980753,0.049680036,0.1253221,0.033531222,0.116802454,0.0900443,0.04879081,0.013872233,0.039610676,0.027220251,0.06931002,0.03301876,0.07588535,0.07525651,0.06723123,0.043793008,0.07337476,0.068850465,0.06402332,0.050877567,0.0709229,0.062920794,0.008470549,0.033467114,0.016813215,0.023625543,0.006661127,0.032115996,0.014522807,0.0239377,0.0056592496,0.029781898,0.0122424895,0.021825124,0.14992103,0.08145394,0.1470983,0.12599112,0.033458382,0.041721813,0.036505647,0.037527405,0.14300832,0.13118373,0.15116157,0.14312251,0.13729429,0.1252991,0.14588985,0.1400851,0.037036322,0.059167985,0.044859074,0.050089005,0.035311162,0.05624075,0.04281992,0.05143761,0.030413397,0.054256942,0.036303055,0.048642658,0.0,0.0067467834,0.0,0.007566514,0.0,0.007600084
R_9-46d_ROI,Right,86,0.010521053,0.0043297005,0.00436246,0.0,0.005775831,0.0,0.005343012,0.0,0.0047836574,0.0,0.0073012807,0.0050786966,0.0056866994,0.0,0.0053801946,0.0,0.006935046,0.0,0.0073923017,0.0,0.004964128,0.0,0.007479929,0.0,0.006917551,0.0,0.0041198013,0.1679543,0.10148315,0.16859666,0.16302809,0.020335037,0.007098739,0.02152418,0.02331695,0.09787594,0.1316211,0.10774172,0.118099056,0.096130446,0.1261679,0.107532926,0.11941898,0.08973481,0.118595354,0.102251016,0.1183914,0.009449563,0.014711378,0.010860592,0.014117995,0.010054737,0.014441894,0.011955412,0.015488416,0.010875776,0.014381288,0.013105647,0.016237183,0.16452117,0.12464693,0.16905388,0.16338353,0.01805718,0.0338948,0.023543695,0.034762133,,0.113527335,0.13370232,0.13058318,0.14440027,0.10619183,0.13299215,0.12371107,0.1423194,0.0111490665,0.024068784,0.014252772,0.023976881,0.012510949,0.023604156,0.016528238,0.025116296,0.0131136635,0.024159718,0.016928148,0.02535537,0.18366995,0.094080344,0.18501545,0.16363826,0.032442212,0.009690824,0.032433696,0.023819368,0.12592104,0.14292887,0.13685103,0.14009488,0.12795636,0.1331284,0.13774796,0.14015865,0.11950611,0.120069616,0.13159466,0.13608244,0.021610256,0.019023256,0.023681086,0.020695169,0.023839116,0.018561767,0.025719991,0.021933954,0.022725163,0.017924052,0.023964519,0.021553962,0.18080844,0.11936704,0.18405756,0.17055196,0.041353624,0.037730116,0.0423929,0.040098168,0.15391323,0.15085678,0.16716355,0.16935895,0.14493254,0.14306311,0.15905984,0.1648476,0.030209152,0.030684184,0.033178087,0.03406148,0.03406609,0.029393973,0.036975257,0.034703128,0.032730795,0.029150356,0.03567582,0.033961345,0.16987945,0.07094963,0.16673319,0.14348304,0.032895632,0.014600283,0.032031473,0.027260479,0.10817997,0.113738075,0.11512316,0.11425497,0.11189495,0.10419722,0.118531115,0.11628016,0.10848902,0.089876726,0.11595078,0.11273003,0.023856485,0.023898927,0.0258269,0.027280156,0.025958601,0.021960946,0.028042924,0.028421937,0.025892587,0.020538254,0.027372796,0.027875382,0.1766289,0.109526984,0.17446278,0.15839937,0.046498332,0.040865626,0.047130566,0.04485696,0.14583729,0.13204049,0.15405187,0.15259294,0.1403134,0.121003784,0.14894839,0.14767,0.033789728,0.027996002,0.035914358,0.035198096,0.036842737,0.02578872,0.038479324,0.035744242,0.035762727,0.024485838,0.037509207,0.034519266,0.0,0.006620223,0.0,0.0067041465,0.0,0.005951504
R_9a_ROI,Right,87,0.028672604,0.0028004397,0.0019444413,0.0,0.021277115,0.0,0.019645246,0.0,0.013800556,0.0,0.025540486,0.01600476,0.019600697,0.0,0.017056854,0.0,0.022392765,0.0,0.0210061,0.0,0.014205622,0.0,0.024865929,0.0,0.021287926,0.0,0.017019534,0.1838597,0.09910476,0.1842325,0.1762164,0.05310429,0.016045433,0.049741052,0.044966195,0.09331485,0.13811591,0.11548919,0.13880073,0.093568176,0.13816418,0.11808748,0.14305498,0.09336621,0.13606688,0.11595477,0.14132085,0.009152353,0.02629612,0.021258488,0.034321297,0.010663958,0.027022285,0.022389192,0.036429755,0.011330147,0.027796399,0.020114146,0.035985734,0.17690632,0.14163516,0.18838784,0.18338488,0.029113144,0.04765162,0.033246353,0.03729168,,0.122340254,0.17266473,0.14662033,0.16999325,0.12279237,0.16722952,0.1450603,0.17034204,0.022252956,0.03680438,0.025776986,0.033850998,0.023099216,0.0351024,0.026625779,0.033297595,0.021123318,0.03287642,0.02525589,0.032548767,0.18021692,0.08741806,0.17731738,0.1467955,0.045668237,0.0028614646,0.036759567,0.019149063,0.10255681,0.108427174,0.11682082,0.12657546,0.105079725,0.11057864,0.1200072,0.13032678,0.10208013,0.109904766,0.11875898,0.12840012,0.0071525276,0.014930328,0.009091139,0.015718158,0.0071192607,0.016529907,0.007813805,0.01645916,0.0056029777,0.018389152,0.0059966375,0.014505325,0.18019441,0.12195295,0.18846011,0.16641058,0.043911308,0.033425827,0.047528177,0.04380647,0.15557681,0.16345495,0.17393011,0.18239072,0.15223916,0.15888165,0.17341782,0.18181089,0.039528936,0.047847535,0.045424975,0.05331346,0.041205645,0.04603441,0.04704404,0.052828312,0.03793309,0.04433638,0.045095045,0.050278217,0.15720339,0.07042544,0.15025033,0.11925156,0.05871379,0.005278524,0.05188292,0.02755821,0.08849441,0.078373104,0.09809483,0.09953714,0.088982955,0.081917234,0.09954845,0.09886062,0.08684422,0.083926864,0.09922043,0.09532495,0.026777161,0.01890226,0.031850226,0.026238156,0.027342279,0.017993433,0.032279864,0.024462674,0.02542162,0.017973473,0.03055344,0.022393387,0.16263843,0.103538744,0.16092975,0.13699342,0.053146902,0.043267325,0.054488692,0.045807146,0.13607223,0.12887393,0.1458534,0.145918,0.13200891,0.1260593,0.14484933,0.14234452,0.0404799,0.048561662,0.045203958,0.047904465,0.04270443,0.048279036,0.047269218,0.04814586,0.041362315,0.046969846,0.04621872,0.046540204,0.0,0.023280328,0.0,0.0196217,0.0,0.012413176
R_9m_ROI,Right,69,0.017843407,0.0053211083,0.0048963586,0.0,0.014136852,0.0,0.011656428,0.0,0.015128985,0.0,0.01642937,0.009925636,0.012194035,0.0,0.016215097,0.0,0.014680401,0.0,0.013483519,0.0,0.016715247,0.0,0.013956388,0.0,0.014245998,0.0,0.018594032,0.1958005,0.12282466,0.19230652,0.17743897,0.07941245,0.03584206,0.080294706,0.070680305,0.09787856,0.13325274,0.12286259,0.15827703,0.10136138,0.13125697,0.1264935,0.16643025,0.09646823,0.12809527,0.120995745,0.16215764,0.02159687,0.061489828,0.038064305,0.062127456,0.024149274,0.062146824,0.041582953,0.06464804,0.024363328,0.06206022,0.0400414,0.064600036,0.18870567,0.12663884,0.1960657,0.17619929,0.043148577,0.056809768,0.052214187,0.056532323,,0.1394861,0.1402357,0.16449198,0.1879807,0.1359497,0.14292899,0.15968396,0.18055235,0.0317061,0.050733216,0.038888693,0.053582493,0.033336725,0.050764803,0.042400017,0.05294144,0.030603219,0.05028295,0.039665572,0.049932305,0.22798371,0.12290956,0.21857636,0.17725928,0.074496605,0.026728185,0.06345976,0.048411895,0.15394653,0.15636584,0.16718055,0.1856552,0.15760139,0.15236329,0.17331028,0.18928912,0.14540981,0.14471816,0.15991913,0.18135461,0.040390246,0.05893751,0.039196976,0.06074547,0.041388046,0.057597045,0.04031956,0.0614212,0.035955857,0.05546403,0.0352777,0.05699406,0.21090603,0.12008171,0.21025681,0.17535715,0.06848786,0.04207791,0.06717993,0.0591441,0.19521435,0.16590701,0.21399309,0.21688335,0.18566234,0.16143437,0.20359972,0.2080054,0.0639662,0.06248999,0.06718773,0.07241223,0.0657068,0.06265796,0.06996542,0.071992785,0.057331897,0.060337447,0.0627867,0.06796664,0.22697535,0.12399959,0.21486422,0.17493458,0.09366952,0.03306147,0.084780216,0.05620808,0.16218498,0.1636648,0.17052697,0.17481156,0.1645783,0.16110516,0.17649075,0.17755246,0.15351023,0.1560619,0.16391732,0.1696311,0.07727477,0.053766225,0.08025033,0.072494045,0.07787532,0.053487655,0.08192105,0.071743086,0.07025112,0.053615905,0.073663,0.06734131,0.19801374,0.1078896,0.18899417,0.15376861,0.078524254,0.051509835,0.073338605,0.0556969,0.1769451,0.1570027,0.18470761,0.18083526,0.16638087,0.15099986,0.17311707,0.17462586,0.069809936,0.060142916,0.07051755,0.066736996,0.06929455,0.059603117,0.07114791,0.06580974,0.059818212,0.057506897,0.061622836,0.06143182,0.0,0.013668842,0.0,0.013750385,0.0,0.014707119
R_9p_ROI,Right,71,0.02227793,0.0052742967,0.0040769246,0.0,0.017693955,0.0,0.01293903,0.0,0.008832499,0.0,0.020251017,0.011232697,0.013543635,0.0,0.01052553,0.0,0.015068133,0.0,0.013495832,0.0,0.008314906,0.0,0.016802138,0.0,0.0133074755,0.0,0.009356739,0.14334998,0.059554692,0.14649975,0.13700186,0.03792664,0.010682935,0.038229994,0.03330793,0.077608265,0.113183126,0.09803052,0.12233101,0.078077264,0.1215805,0.09586117,0.12140803,0.07301405,0.11986043,0.09287898,0.11736542,0.008431032,0.025964921,0.019033179,0.029305369,0.008432402,0.025854139,0.016763447,0.029582003,0.0080502685,0.024020683,0.014846021,0.027967002,0.13201872,0.0738918,0.13729686,0.12904538,0.019914014,0.031520635,0.022992685,0.027099278,,0.09454857,0.12071151,0.10850091,0.12892342,0.09007992,0.12109203,0.1062391,0.12495617,0.01635873,0.02231521,0.018027518,0.02318339,0.016172769,0.025099935,0.018196538,0.022473786,0.013857103,0.025592912,0.015632672,0.02080066,0.13104166,0.034521237,0.13265537,0.10523201,0.02920482,-0.002453828,0.025737865,0.01436345,0.08667222,0.06624772,0.10023839,0.100250565,0.08592763,0.07065412,0.09913797,0.097340465,0.08024575,0.06939905,0.0957673,0.08976814,0.006990023,0.020152587,0.009289244,0.015952334,0.006779432,0.021468362,0.007448462,0.016809221,0.0049951295,0.019739503,0.0061938516,0.015379056,0.121755496,0.04838049,0.12806821,0.10535157,0.026967395,0.020683778,0.029858325,0.029280005,0.10550668,0.086289965,0.11995083,0.117836915,0.10104462,0.08026164,0.1171896,0.11154916,0.024455354,0.029409673,0.02919409,0.031833895,0.024629917,0.030419523,0.028955517,0.032734696,0.021619208,0.02959722,0.025822217,0.032056518,0.112073176,0.015276367,0.11005387,0.07779998,0.03315356,-0.0018820429,0.0296945,0.014717406,0.07506764,0.029204633,0.083025254,0.07241196,0.073625214,0.02519594,0.08083405,0.066593766,0.06771648,0.025568953,0.077618435,0.05881887,0.017762372,0.014281836,0.021871092,0.018169748,0.01771578,0.013456272,0.020685757,0.017348636,0.014942115,0.012273583,0.018318534,0.015479551,0.10304774,0.02299688,0.101855315,0.07222636,0.0315864,0.024153234,0.03207237,0.026129752,0.08838077,0.045466475,0.094616875,0.07907365,0.0830431,0.03888027,0.09133152,0.06985247,0.026398633,0.028484875,0.029334387,0.027957724,0.026407244,0.029244892,0.029043665,0.027528103,0.023388375,0.029583773,0.026072655,0.026588542,0.0,0.018083125,0.0,0.013213836,0.0,0.0071881097
R_A1_ROI,Right,24,0.018448018,0.0048476355,0.0036444862,0.0,0.0038845204,0.0,0.00029466662,0.0,0.0002980093,0.0,0.0048351167,0.0001516121,0.00088520336,0.0,0.00013545097,0.0,0.0049837744,0.0,0.0016947679,0.0,0.00043969575,0.0,0.0044162795,0.0,0.0010488948,0.0,0.001017958,0.13131069,0.057776157,0.12444233,0.10080608,0.06470184,0.028371388,0.055188086,0.04939562,0.1509794,0.108614855,0.16072546,0.15031119,0.12784922,0.100545034,0.1338991,0.13792358,0.09809256,0.09152891,0.109989464,0.11950896,0.078300774,0.04249441,0.08377723,0.08271121,0.06048378,0.04132894,0.06696302,0.07847655,0.041137967,0.039532073,0.048090514,0.06729001,0.08740437,0.047372576,0.08760912,0.07144619,0.033044126,0.029506128,0.030655865,0.031724874,,0.08522511,0.09446811,0.09350574,0.10815446,0.06438821,0.084033735,0.07919185,0.08416181,0.04096829,0.059231672,0.046412192,0.05328337,0.034037873,0.05578035,0.036879763,0.04725119,0.022711528,0.05026546,0.02820085,0.03731182,0.09256898,0.016241662,0.091652036,0.059310384,0.034443475,0.017223198,0.029576475,0.02973309,0.098880336,0.05786976,0.10867457,0.102289245,0.084230356,0.053636156,0.09353357,0.08758056,0.06827172,0.053259548,0.080877535,0.07604063,0.029528614,0.03290709,0.029657735,0.04222554,0.024308534,0.030005366,0.024891632,0.043111157,0.018980376,0.025576338,0.019807093,0.03831233,0.07602554,0.022810824,0.07985976,0.05752176,0.026031358,0.019298894,0.02709153,0.026343735,0.08241188,0.086030595,0.09535552,0.10180484,0.068542,0.08282824,0.08174936,0.07897025,0.032265842,0.054028686,0.04081467,0.050693695,0.028494403,0.051537283,0.03344192,0.045683086,0.021206724,0.046722323,0.027514948,0.03634851,0.048714396,-0.058982097,0.042045247,0.0017254519,0.013067967,-0.0053809495,0.010194756,-0.0010979931,0.030107366,-0.04417894,0.028746873,0.011540956,0.02471081,-0.042684946,0.02340176,-0.0029058512,0.023217808,-0.031229284,0.02298513,-0.004445158,0.002215443,-0.012129374,0.002124826,-0.005406962,0.0007048284,-0.013324255,-0.0002455156,-0.0042525786,-0.00076390884,-0.0088663595,-0.00066205056,-0.003585205,0.05465672,0.010412821,0.05515305,0.036170766,0.0094449585,0.01032134,0.010043141,0.013950801,0.05205163,0.052266117,0.05988386,0.063512415,0.047579855,0.051355064,0.053213082,0.050670113,0.00959537,0.01937045,0.012132358,0.019000513,0.009379152,0.021183092,0.011571877,0.019776078,0.007709779,0.020755136,0.010030583,0.014050408,0.0,0.0044762567,0.0,0.003106927,0.0,0.00094369194
R_A4_ROI,Right,175,0.046380773,0.010258737,0.007092439,0.0,0.024522856,0.0,0.015221208,0.0,0.0070192586,0.0,0.026212586,0.013969289,0.014594807,0.0,0.007997675,0.0,0.027132234,0.0,0.020550823,0.0,0.009127228,0.0,0.025428971,0.0,0.019332467,0.0,0.009466849,0.33497164,0.17572473,0.3133255,0.2567714,0.20502019,0.11474991,0.19134113,0.15692493,0.3268823,0.320002,0.36774498,0.37357086,0.3056605,0.31512707,0.34655198,0.3664933,0.24853969,0.2915644,0.28020695,0.3231694,0.21213189,0.19986443,0.23399827,0.23237891,0.19496793,0.19020008,0.22042443,0.23247185,0.1535802,0.17413403,0.17373167,0.20334315,0.2811696,0.15442519,0.25665468,0.19718146,0.14873207,0.092970975,0.1261654,0.09778808,,0.25211754,0.24272797,0.27353358,0.28380927,0.2128353,0.22502671,0.23358293,0.26329127,0.14016938,0.15178715,0.14510845,0.15061739,0.13287531,0.14772154,0.13893507,0.14990222,0.10680409,0.13584517,0.113403566,0.13542461,0.254848,0.14539863,0.24622974,0.19595161,0.13157226,0.05958396,0.12409019,0.10224469,0.24550441,0.25278494,0.27182695,0.28436998,0.23059702,0.24948938,0.2584705,0.2727807,0.18936764,0.22903419,0.21489446,0.24441536,0.15228426,0.120863184,0.15708016,0.15656987,0.14229341,0.116820864,0.15101875,0.15826418,0.11395192,0.10758377,0.12242084,0.14529087,0.2408963,0.14297424,0.2279506,0.1723845,0.11972345,0.07290552,0.11346393,0.09179824,0.2440984,0.23086332,0.2639298,0.25784498,0.2083184,0.21092501,0.22744441,0.23587877,0.12651516,0.13493462,0.13810885,0.14783977,0.12039876,0.12986656,0.13546112,0.14646645,0.09872223,0.11875962,0.11261868,0.13131891,0.1411761,0.07614809,0.13306987,0.10591506,0.033417754,0.019338641,0.033122648,0.035645932,0.10194901,0.11190181,0.10525276,0.11179687,0.09828245,0.111718185,0.10193612,0.106478035,0.08831018,0.10251629,0.093565755,0.099124216,0.031192688,0.045632873,0.034735292,0.04468462,0.030554684,0.044746812,0.035319597,0.04726104,0.02757961,0.04202351,0.031615738,0.042296678,0.15788198,0.10175475,0.15201819,0.12282338,0.044881333,0.041943494,0.04758951,0.05012769,0.14987159,0.15620518,0.1562406,0.14825104,0.1336919,0.14039706,0.14232966,0.14212433,0.045643914,0.0739779,0.051298745,0.06484329,0.04409454,0.07455878,0.05130247,0.0663644,0.039513648,0.06809302,0.04636553,0.061487846,0.0,0.021623744,0.0,0.018311813,0.0,0.009715696
R_A5_ROI,Right,125,0.032801338,0.009203277,0.0073943203,0.0,0.008513627,0.0,0.00532292,0.0,0.00372074,0.0,0.0094150985,0.005024259,0.0046492754,0.0,0.0043914234,0.0,0.010464479,0.0,0.007330895,0.0,0.005350144,0.0,0.00885973,0.0,0.0069362894,0.0,0.004675187,0.29573485,0.18360655,0.2866216,0.23008943,0.14943944,0.081185095,0.1424315,0.10110254,0.25572276,0.24286169,0.28750902,0.30240974,0.26304606,0.25074893,0.29752094,0.30581734,0.23518111,0.25129548,0.26513168,0.29085854,0.14064261,0.1283954,0.16171682,0.15667893,0.14559671,0.12900707,0.16678251,0.15844539,0.12577663,0.12615213,0.14428978,0.15021706,0.19647707,0.16503665,0.18964094,0.15960005,0.058082562,0.057524342,0.054059453,0.047765568,,0.16974115,0.20794754,0.18361472,0.20332311,0.15265231,0.20429042,0.16904081,0.18888868,0.057374876,0.09680103,0.060357463,0.06989174,0.055093877,0.10078501,0.058709446,0.073019624,0.046058204,0.100448035,0.05054698,0.06903675,0.23577984,0.13748479,0.23315583,0.1735327,0.09782908,0.04723703,0.093057364,0.069834225,0.22605178,0.18587482,0.24881448,0.25367618,0.22900862,0.1874709,0.25470373,0.24852929,0.20257115,0.18212175,0.22712585,0.23470153,0.10068175,0.08552293,0.10587832,0.11541844,0.10629966,0.088208474,0.11191185,0.11975351,0.092080526,0.087287605,0.09908341,0.11385009,0.19275178,0.15181054,0.19166063,0.15181255,0.07337109,0.053576604,0.07402166,0.060360026,0.20121562,0.20110962,0.21818173,0.21618123,0.17749424,0.19009943,0.19648026,0.19776493,0.07974784,0.09870716,0.087373406,0.09668055,0.079315186,0.101331145,0.08877669,0.098513156,0.06741816,0.098827384,0.077717,0.09096724,0.129869,0.04598241,0.11962613,0.07926834,0.03195816,0.0103517845,0.03149806,0.02301022,0.10763192,0.07331055,0.108474195,0.10472793,0.10487211,0.06748926,0.10635758,0.0983187,0.08993948,0.057853922,0.09311103,0.09358601,0.032556824,0.03236257,0.035644293,0.037425928,0.03433791,0.033618964,0.037797157,0.04106888,0.030977728,0.03277946,0.03489271,0.038511466,0.14958954,0.1016195,0.14421463,0.11066826,0.051547,0.046276342,0.054112606,0.049599767,0.15924285,0.1473358,0.16725756,0.15560353,0.13821557,0.13524553,0.14757814,0.1448114,0.056285072,0.07610687,0.06240057,0.07303756,0.05771383,0.07684904,0.06521408,0.07480801,0.051069595,0.07348269,0.058305852,0.068963006,0.0,0.008122629,0.0,0.0059559136,0.0,0.0051249163
R_AAIC_ROI,Right,112,0.012045371,0.005536365,0.00529957,0.0,0.0062921382,0.0,0.005472481,0.0,0.004240583,0.0,0.0072199176,0.004015351,0.005625997,0.0,0.006228739,0.0,0.0055209636,0.0,0.0052151554,0.0,0.0065205335,0.0,0.006865564,0.0,0.005866209,0.0,0.00899701,0.10038462,0.0869423,0.11794139,0.13030915,0.020676978,0.0071403715,0.02209842,0.013067688,0.048159223,0.12792784,0.06696067,0.08681549,0.050429583,0.12677008,0.07140986,0.09257513,0.048138067,0.111784875,0.06553372,0.0911773,0.002824457,0.02224114,0.003312346,0.0034342874,0.00074219325,0.024753315,0.001849375,0.0049652364,0.0007686678,0.023854643,0.00034011304,0.007283117,0.0772714,0.10380688,0.09465116,0.11236043,0.006603705,0.029330345,0.010320545,0.01891076,,0.05434857,0.116032615,0.0752397,0.09200846,0.049514372,0.11470716,0.06864662,0.090067714,0.0055529005,0.02484288,0.008312107,0.013807291,0.0045619933,0.025640916,0.007852067,0.01460276,0.0041539543,0.02529218,0.00627889,0.015249351,0.10223473,0.079994306,0.120078675,0.11443396,0.027887154,0.015304811,0.03069178,0.015112365,0.066497706,0.111160085,0.08419528,0.10124354,0.066700086,0.111122146,0.08409737,0.10020718,0.0582602,0.09849183,0.07644076,0.09495541,0.012310605,0.030692473,0.0151840625,0.016786693,0.009536764,0.030429825,0.011981921,0.016550185,0.005472841,0.028533325,0.007286095,0.015321116,0.083938114,0.08675215,0.09907138,0.10975494,0.018442838,0.027225297,0.022129737,0.02617134,0.078088105,0.1196821,0.09907051,0.112054236,0.06932971,0.1147842,0.08946023,0.10984622,0.017922588,0.03719037,0.025743812,0.03321562,0.018106367,0.035581972,0.025878802,0.032685056,0.01455541,0.03266557,0.019936606,0.030833196,0.102380745,0.072107285,0.1192199,0.11210071,0.041458365,0.011565127,0.046734285,0.033705503,0.068501554,0.10286147,0.088512905,0.10227204,0.068828925,0.10058773,0.08811774,0.1012336,0.06089064,0.08792502,0.07965986,0.09380892,0.025192114,0.025248311,0.033772465,0.037935466,0.025302412,0.022370942,0.033167332,0.03732799,0.021517795,0.021939076,0.029645164,0.035495006,0.08905378,0.08945259,0.10372936,0.108769,0.026929284,0.030132046,0.03013506,0.032201756,0.07860054,0.108580895,0.09821463,0.11271153,0.07053618,0.10434686,0.08921968,0.10883047,0.021914143,0.026417004,0.027936699,0.033627056,0.022496108,0.024971198,0.028955488,0.032898296,0.018247819,0.022522204,0.023698594,0.03032406,0.0,0.0066632624,0.0,0.005050218,0.0,0.005890134
R_AIP_ROI,Right,117,0.008715174,0.0049103796,0.00496336,0.0,0.007302634,0.0,0.0067061298,0.0,0.008232282,0.0,0.0070778583,0.005729083,0.0071597924,0.0,0.009343281,0.0,0.0077553266,0.0,0.007102691,0.0,0.010820129,0.0,0.0058329753,0.0,0.008542053,0.0,0.011529794,0.16206689,0.08781248,0.15515102,0.12738633,0.046967417,0.026067397,0.04736731,0.038823154,0.102315344,0.0933767,0.11180858,0.112606294,0.106926806,0.09374416,0.11879048,0.115887746,0.103296556,0.09256277,0.115790024,0.117187396,0.027454121,0.04066854,0.03401986,0.03744093,0.029531417,0.043413464,0.036424644,0.04139611,0.030133685,0.04342109,0.036027025,0.042625304,0.15762615,0.063833125,0.15382175,0.1154366,0.03969023,0.038955785,0.042682204,0.04175929,,0.11667339,0.09151061,0.12930594,0.11770348,0.110193595,0.085958585,0.12369962,0.1159238,0.028335089,0.05431995,0.032681372,0.037343144,0.030047992,0.053665917,0.035516378,0.038809482,0.029718082,0.04806631,0.03577271,0.040344086,0.17874552,0.08405608,0.16942225,0.12974834,0.05103248,0.020711515,0.046897676,0.026881848,0.14744978,0.109462984,0.14950588,0.13978754,0.14754367,0.110668786,0.1520125,0.13909502,0.13426636,0.11187576,0.14034954,0.13070725,0.047057513,0.039329287,0.048350584,0.04167897,0.046770718,0.04024106,0.04946736,0.04294345,0.041916315,0.037594587,0.043963727,0.041154236,0.16624963,0.05110208,0.15836999,0.11996663,0.057952408,0.029141406,0.057465814,0.044671327,0.16407083,0.120578796,0.17063153,0.15447278,0.14804068,0.12057864,0.15559876,0.14454567,0.057371505,0.057094697,0.06075072,0.0618475,0.057352584,0.05603265,0.062232852,0.062298715,0.050634854,0.051119328,0.05582362,0.05747074,0.15621279,0.0546426,0.14519872,0.10498917,0.04475755,0.013086417,0.040330995,0.025591154,0.12932181,0.09526879,0.12941222,0.1173228,0.12759699,0.09913625,0.12882753,0.116358854,0.114065096,0.10404767,0.11702566,0.10671273,0.037021514,0.030027451,0.038525764,0.034184486,0.036793556,0.03173512,0.0395852,0.037142802,0.03311363,0.031766184,0.035665095,0.03597658,0.15797696,0.054983422,0.14687322,0.107374474,0.05614656,0.04112012,0.05405342,0.043668922,0.15856004,0.13307083,0.16119622,0.14651607,0.14104317,0.13345405,0.14478885,0.13769414,0.0575164,0.057834126,0.058900334,0.056511205,0.0562902,0.05794495,0.05905757,0.05945241,0.0479823,0.05437196,0.05114489,0.056020584,0.0,0.007582282,0.0,0.007672014,0.0,0.0073499745
R_AVI_ROI,Right,111,0.006512723,0.0023423624,0.0023272897,0.0,0.007564403,0.0,0.0070156767,0.0,0.0054518203,0.0,0.0068510184,0.005507912,0.0067387414,0.0,0.0046514682,0.0,0.005104955,0.0,0.0077215894,0.0,0.0062199524,0.0,0.004279632,0.0,0.006692718,0.0,0.0051586595,0.13069662,0.100509346,0.14531727,0.15057142,0.016199302,0.025878996,0.021332387,0.026926998,0.08037679,0.099011,0.0972799,0.10075571,0.0757489,0.09962899,0.0963467,0.10289658,0.07701165,0.093848646,0.093155384,0.10536808,0.011973739,0.030233383,0.0167028,0.019502789,0.012522169,0.031162398,0.017648436,0.022376182,0.013465279,0.029100567,0.018332314,0.022181327,0.13424256,0.13968146,0.14967656,0.15478444,0.015836686,0.043208204,0.0264931,0.041115817,,0.08771903,0.14761212,0.11451061,0.13446766,0.08995377,0.1405109,0.112040736,0.13652766,0.010696022,0.048124574,0.019384759,0.032536328,0.011974724,0.04758006,0.022154419,0.036453005,0.013093062,0.044372715,0.023826135,0.036531053,0.13460918,0.07237168,0.14106695,0.12220436,0.031115752,0.03047482,0.03352523,0.029614251,0.09454916,0.0730087,0.10672057,0.10529588,0.093980156,0.072008125,0.10799783,0.102745794,0.08963431,0.06686724,0.10258029,0.09899604,0.021338327,0.037077192,0.026026396,0.023777528,0.022539323,0.03882819,0.02760569,0.027644666,0.022808162,0.0368074,0.028040946,0.027361676,0.14365314,0.112614416,0.15032256,0.1367203,0.032626234,0.04335064,0.038252983,0.040186267,0.12949921,0.12813945,0.1469448,0.146447,0.12545586,0.12058543,0.14016156,0.14368588,0.029910462,0.047032416,0.03710926,0.04110575,0.03087132,0.04762697,0.039285585,0.04337236,0.029135227,0.045593593,0.037335314,0.04247785,0.11596231,0.039511446,0.11530259,0.09333516,0.024511602,0.012252154,0.023340544,0.020875623,0.07132183,0.038515564,0.07823265,0.07345506,0.07289087,0.040829323,0.08000256,0.07203376,0.0664366,0.040670283,0.0756064,0.06828322,0.0106993085,0.019499386,0.014951582,0.01615068,0.010938712,0.02103957,0.015211865,0.019843185,0.010346784,0.020251092,0.014397034,0.019315151,0.14656122,0.11198319,0.14790098,0.13245228,0.035583463,0.04367145,0.038101517,0.040463775,0.1392779,0.13096176,0.15237702,0.14734218,0.12945522,0.12194464,0.14199333,0.14223494,0.035995625,0.045817878,0.041282248,0.042301767,0.036207378,0.044013266,0.041246146,0.04351459,0.031813055,0.04037084,0.03665272,0.04253152,0.0,0.004983947,0.0,0.005636819,0.0,0.004943784
R_DVT_ROI,Right,142,0.0061202897,0.010949293,0.011498599,0.0,0.010314446,0.0,0.012292795,0.0,0.007598766,0.0,0.01088191,0.011403065,0.011470645,0.0,0.0083269095,0.0,0.010477571,0.0,0.009816348,0.0,0.006022908,0.0,0.009879508,0.0,0.010295066,0.0,0.007390332,0.17173015,0.11848969,0.16067064,0.13348363,0.03069945,0.022047477,0.023009988,0.017000103,0.120794766,0.12189782,0.12820582,0.13236283,0.11541974,0.12046868,0.12082064,0.12425376,0.1068628,0.1159126,0.11114384,0.12055682,0.019292774,0.024693994,0.014892726,0.018240822,0.017049385,0.028292628,0.012534202,0.014769336,0.014038293,0.029214934,0.009544262,0.013534761,0.16138256,0.09678549,0.15417852,0.123499446,0.019256884,0.025195833,0.017961271,0.01633316,,0.12140877,0.12119432,0.13532627,0.13636543,0.112518385,0.11499416,0.1236974,0.13132657,0.013265989,0.024070546,0.016951637,0.016677754,0.012858285,0.027222661,0.016291874,0.016396469,0.011197873,0.027069537,0.013945586,0.016255707,0.21151353,0.11126142,0.1931511,0.14222741,0.06058422,0.016011083,0.05415848,0.032664195,0.19289578,0.16239868,0.20047961,0.1776796,0.17868279,0.1572143,0.18894362,0.16601838,0.15303428,0.14583872,0.1603344,0.15735067,0.051282056,0.049488105,0.058969982,0.050963633,0.045648187,0.050053235,0.052888453,0.048251174,0.03599164,0.04691761,0.04153696,0.04418277,0.19534418,0.10422559,0.17963625,0.13254549,0.045209296,0.034555018,0.042448845,0.030849252,0.19698784,0.15780084,0.2058821,0.18057464,0.17258492,0.14457549,0.17900077,0.16869193,0.05435518,0.048303977,0.06062165,0.054659788,0.049233988,0.051176634,0.055712882,0.054208867,0.03954932,0.04978571,0.045129977,0.05109892,0.19476186,0.06996576,0.17437527,0.12619512,0.054817025,0.020174732,0.04809124,0.032092858,0.17399979,0.1589209,0.18074073,0.16811225,0.15883733,0.1525932,0.16944169,0.15833037,0.13040696,0.14090057,0.13731253,0.14627242,0.041766115,0.05062219,0.051069997,0.05431589,0.03603628,0.05370915,0.046036992,0.053268377,0.026864143,0.054172583,0.034546956,0.04896801,0.19136451,0.083923034,0.17316593,0.123906896,0.04913138,0.038559765,0.04756889,0.036071364,0.20207402,0.1626228,0.21066199,0.18514606,0.17204712,0.14775465,0.17702624,0.17198347,0.06563819,0.06012949,0.07424743,0.06736521,0.05852953,0.06250617,0.06809399,0.067556016,0.046445485,0.062339313,0.053576674,0.0640353,0.0,0.00919924,0.0,0.010349215,0.0,0.006453332
R_EC_ROI,Right,118,0.0045937337,0.0048048566,0.005237567,0.0,0.0047751334,0.0,0.008253977,0.0,0.005956333,0.0,0.0053078798,0.007822672,0.008499396,0.0,0.0068076877,0.0,0.0032708156,0.0,0.0069885165,0.0,0.0056828493,0.0,0.0033053807,0.0,0.006322646,0.0,0.0056088995,0.094387524,0.13323942,0.12138803,0.13278359,0.018278267,0.01945542,0.021566074,0.016811414,0.06452386,0.13344955,0.090827964,0.10975635,0.06550481,0.1294085,0.09306476,0.1110578,0.061653662,0.11528053,0.09201753,0.110207714,0.012090632,0.022926567,0.014665467,0.016051307,0.012437903,0.023861494,0.016110871,0.013856227,0.012955868,0.022559121,0.016850425,0.012332237,0.078658156,0.123041704,0.10524934,0.12126636,0.01757187,0.04011242,0.025626672,0.035924725,,0.055508588,0.13228145,0.08879069,0.11833958,0.050993126,0.12281127,0.08283794,0.11720605,0.011009441,0.047428064,0.020122753,0.035358164,0.012225347,0.04741213,0.021395681,0.036961738,0.0129143195,0.04411697,0.021239553,0.035353873,0.10699456,0.12493056,0.13355447,0.1407544,0.034996666,0.016144808,0.04313501,0.03259553,0.0816337,0.15901533,0.11345268,0.1382353,0.07892831,0.14955746,0.11357751,0.13872689,0.071794406,0.13316739,0.10496145,0.1325064,0.021249996,0.03775069,0.03189731,0.03825596,0.021305783,0.036419816,0.032772027,0.03804103,0.019029627,0.03210074,0.030725298,0.03445554,0.088150606,0.109607294,0.11291724,0.12978348,0.029555254,0.0386782,0.038845453,0.042611968,0.080650635,0.15481387,0.11688155,0.15776391,0.073301114,0.14747548,0.10799365,0.1529774,0.030735658,0.06149869,0.041909356,0.058171306,0.029348165,0.062083755,0.045150463,0.061761074,0.026266644,0.058270816,0.0407168,0.05879915,0.09695828,0.0904887,0.11572817,0.121663325,0.028044514,0.014653174,0.031202829,0.026838144,0.06829277,0.13769625,0.09120921,0.1173155,0.062132042,0.1285075,0.08819574,0.115941316,0.054054257,0.11661934,0.07655526,0.10897093,0.011364985,0.028037895,0.017995082,0.029118264,0.01019784,0.028531654,0.01727255,0.029296948,0.0074152974,0.028014755,0.014884211,0.025347203,0.08519267,0.09171396,0.1044485,0.11701706,0.023921398,0.036840707,0.031122604,0.03532987,0.08327701,0.14981198,0.113747485,0.1559962,0.072775654,0.14498496,0.101249404,0.14407535,0.030495614,0.051870085,0.039685458,0.052214824,0.029735995,0.053691603,0.041899286,0.056788754,0.024749365,0.049471095,0.03556209,0.052909378,0.0,0.0065410463,0.0,0.0066071334,0.0,0.0049245823
R_FEF_ROI,Right,10,0.009726808,0.0076078875,0.0073183696,0.0,0.009515326,0.0,0.0075923945,0.0,0.009841773,0.0,0.010387718,0.006966901,0.0075523267,0.0,0.010462881,0.0,0.009866952,0.0,0.009883272,0.0,0.010429495,0.0,0.00802338,0.0,0.010156013,0.0,0.009764329,0.16281888,0.09552663,0.15372704,0.122945026,0.045097746,0.035932068,0.03675821,0.02446756,0.12296598,0.1266494,0.1338974,0.13948609,0.11467626,0.119823,0.12946628,0.13744113,0.10569416,0.10645039,0.11728425,0.13298126,0.040814452,0.052243844,0.0368894,0.037970163,0.03760024,0.052406363,0.03563097,0.03641519,0.03279385,0.050193015,0.030611878,0.033033933,0.16759968,0.11613792,0.16533409,0.13597012,0.041746534,0.052107874,0.04212136,0.041917805,,0.12919593,0.16378479,0.15457913,0.17063965,0.12161159,0.15583713,0.14238176,0.16441514,0.043477897,0.0609642,0.052643526,0.06080801,0.038732056,0.060911007,0.04986924,0.057924207,0.0320392,0.057737254,0.04188839,0.051946662,0.1853353,0.12057623,0.1719457,0.13197951,0.07381294,0.044801444,0.068009384,0.038779106,0.18925689,0.14316952,0.1955924,0.17702939,0.16642939,0.14142838,0.17829184,0.165504,0.13609006,0.13405776,0.1455915,0.15007485,0.07895027,0.06862361,0.08471108,0.06734866,0.07027849,0.06600216,0.07711115,0.0641612,0.055431243,0.05868409,0.060909793,0.05641926,0.18770994,0.11548887,0.17673507,0.14289637,0.070080854,0.046773728,0.06664532,0.05074173,0.1997787,0.18310127,0.21564254,0.21217325,0.16490029,0.17199327,0.17846891,0.19245723,0.096636556,0.08008939,0.10608415,0.10131491,0.08240373,0.07727551,0.0952326,0.0956875,0.06039971,0.06998589,0.071487315,0.08063091,0.160833,0.095349595,0.14224103,0.11237883,0.057068083,0.027121006,0.049160905,0.031453583,0.15596712,0.11682248,0.15764758,0.14509879,0.13302061,0.11733647,0.1404729,0.13273335,0.10209108,0.11438412,0.10676741,0.11507802,0.047356877,0.051149566,0.05392211,0.05129486,0.042508997,0.051247176,0.049731962,0.05085796,0.033104386,0.046825908,0.03769774,0.045442335,0.17483425,0.11007894,0.15890612,0.12329708,0.06722372,0.055929355,0.06365997,0.052576847,0.19419791,0.16996454,0.202633,0.19282489,0.15042233,0.15948653,0.15826039,0.16893254,0.0902105,0.07694901,0.092741355,0.08850641,0.07883754,0.07581956,0.08526773,0.086749025,0.05825905,0.070882775,0.0643047,0.07666213,0.0,0.00841926,0.0,0.0077330335,0.0,0.008056414
R_FFC_ROI,Right,18,0.0031596215,0.012636085,0.013023385,0.0,0.0055667646,0.0,0.0058606085,0.0,0.006112873,0.0,0.0056685507,0.005386382,0.0053520342,0.0,0.0054768687,0.0,0.0061614076,0.0,0.009144305,0.0,0.0049644043,0.0,0.0073675993,0.0,0.01001949,0.0,0.0053764572,0.14191054,0.10351446,0.14140868,0.12867646,0.048397828,0.044310637,0.051697697,0.049284734,0.08977768,0.13104157,0.10444591,0.11906559,0.08725359,0.1373859,0.1043091,0.122601286,0.082734466,0.13631077,0.100277446,0.12428444,0.024317088,0.063169576,0.032784406,0.055796217,0.026450003,0.06873401,0.036343843,0.055424992,0.026814926,0.07089203,0.035724297,0.052669022,0.1340653,0.11032196,0.13760349,0.12626502,0.04517058,0.06391739,0.048315078,0.051424596,,0.09180639,0.12007157,0.11218682,0.12391281,0.089431405,0.120782636,0.10676067,0.12199089,0.030325795,0.054974757,0.038615342,0.056744803,0.032440476,0.05842539,0.040979527,0.05775219,0.032307565,0.0605192,0.03965068,0.05297939,0.19686721,0.10042417,0.18274783,0.13388358,0.082011856,0.047910154,0.07702976,0.05991179,0.19592014,0.15779854,0.19698712,0.17590192,0.19013694,0.15634048,0.19333774,0.17575109,0.15996286,0.1475569,0.16969086,0.16577515,0.089800894,0.09035324,0.09033444,0.09108829,0.08784146,0.092184834,0.08888978,0.0899249,0.07066923,0.08834756,0.07418015,0.08150848,0.18595621,0.096950874,0.17630573,0.1321061,0.082804516,0.060116444,0.08145407,0.062172942,0.201883,0.15012157,0.20905116,0.19235945,0.17268462,0.14194657,0.18509449,0.18081793,0.090053625,0.084072106,0.09670068,0.09140246,0.08909963,0.084805176,0.09678275,0.093335696,0.07273619,0.081882074,0.08274614,0.08690684,0.19932647,0.069429286,0.18226102,0.11519865,0.09364874,0.05420974,0.08757123,0.06307048,0.2082267,0.12824738,0.20762578,0.16455415,0.20356087,0.12524068,0.20361018,0.16651931,0.1670974,0.11433344,0.17429756,0.15851726,0.115560345,0.086378254,0.11643662,0.0996146,0.11399005,0.08808517,0.115438186,0.099940926,0.094168775,0.08520949,0.0984193,0.093748756,0.19879164,0.0879165,0.18325946,0.12308122,0.08294588,0.059608523,0.07621319,0.056898538,0.23402841,0.16405028,0.23676361,0.20950149,0.19109757,0.15136157,0.20159744,0.19323036,0.10219211,0.0795685,0.102598704,0.09159391,0.099861816,0.07733429,0.09940112,0.09140331,0.078507006,0.0731365,0.08174837,0.08372814,0.0,0.0069057415,0.0,0.0057199257,0.0,0.0038929984
R_FOP1_ROI,Right,113,0.003827971,0.005811999,0.0056691957,0.0,0.0031945158,0.0,0.0049079238,0.0,0.004468881,0.0,0.0042564604,0.003853452,0.004849453,0.0,0.0047130655,0.0,0.004045523,0.0,0.0041554957,0.0,0.006452209,0.0,0.0033604538,0.0,0.0037833422,0.0,0.006261925,0.1268178,0.1329797,0.14268482,0.15670018,0.022036294,0.014247821,0.02611139,0.021217294,0.086189955,0.1770969,0.11524818,0.16109855,0.08224699,0.17272565,0.11707713,0.15725857,0.074630365,0.16891079,0.10417959,0.14982231,0.021354774,0.02811558,0.034374435,0.038341388,0.019692846,0.02675328,0.032651857,0.034736015,0.014768772,0.025573043,0.02427636,0.030714232,0.1203584,0.11474126,0.13502254,0.13869962,0.020295568,0.019885559,0.023297694,0.019667055,,0.09294634,0.16789116,0.12490451,0.15522446,0.08393114,0.17100006,0.112612896,0.15082838,0.025125315,0.031108275,0.03288646,0.038400173,0.022731354,0.032007508,0.031685494,0.033802945,0.016312055,0.03182207,0.022755155,0.027649745,0.12094633,0.13096984,0.13554953,0.13496567,0.021551022,0.011369982,0.023187026,0.012177659,0.10958545,0.16054417,0.13487417,0.16286753,0.10446941,0.15632477,0.13398944,0.15568541,0.091113195,0.15555227,0.11645422,0.14466232,0.025066946,0.022676045,0.030821545,0.035561055,0.023574838,0.020621384,0.029689271,0.03172346,0.018255444,0.017880056,0.023263713,0.029423848,0.12152825,0.11214448,0.13677257,0.12564187,0.029324448,0.025467873,0.032750033,0.022277666,0.12649101,0.16309565,0.1629211,0.17110719,0.109311536,0.16229703,0.14143562,0.16030136,0.039190955,0.039976124,0.048687134,0.05054935,0.03629374,0.0387796,0.048217926,0.046679217,0.027888814,0.034478143,0.037578076,0.04341112,0.09239043,0.057753712,0.09668003,0.07652685,0.018543398,0.0091971615,0.019809324,0.014466313,0.084677234,0.07686658,0.0974937,0.09459415,0.08009052,0.0693175,0.094234124,0.087066695,0.06835521,0.067370415,0.08055306,0.07552011,0.022226641,0.01615095,0.02501876,0.025566697,0.021259457,0.0141785955,0.02494693,0.021942804,0.017544879,0.013619351,0.020731311,0.02110466,0.09729973,0.0675535,0.10306682,0.081322014,0.02691956,0.026617777,0.02917419,0.02333934,0.10472611,0.10141848,0.12546058,0.116049364,0.0899541,0.0979516,0.107664,0.10657878,0.031250503,0.031535253,0.035136614,0.037685808,0.02925705,0.030988848,0.035492606,0.03491504,0.02426292,0.029860359,0.029716868,0.034285568,0.0,0.003946637,0.0,0.005665114,0.0,0.0050640665
R_FOP2_ROI,Right,115,0.0041922065,0.0020810815,0.0021043725,0.0,0.004417439,0.0,0.005263779,0.0,0.0046772095,0.0,0.0032106608,0.004456338,0.005811271,0.0,0.0044517326,0.0,0.0037645448,0.0,0.0042578806,0.0,0.0041906703,0.0,0.0036695492,0.0,0.004352651,0.0,0.004353765,0.09979041,0.09480931,0.12037641,0.12687314,0.015595295,0.007363785,0.015635911,0.0141500225,0.065718,0.090315826,0.08827539,0.10091052,0.065009534,0.0934134,0.09008338,0.10777696,0.0661762,0.10155768,0.08991533,0.1187198,0.011077735,0.0010921675,0.01230317,0.004211869,0.010104909,0.0027924087,0.011941501,0.006475704,0.010508934,0.0033637981,0.0095291305,0.009805382,0.09143531,0.09966821,0.11046504,0.11715632,0.014869804,0.022931004,0.017416043,0.022206016,,0.06526249,0.117127426,0.087879226,0.11193148,0.06640586,0.13120079,0.091977276,0.12320787,0.01167571,0.026579237,0.016930299,0.019719392,0.012214623,0.030763455,0.019177752,0.021830915,0.013096565,0.033025347,0.018593721,0.024294995,0.10809633,0.09851125,0.12434028,0.12553239,0.027597228,0.015891189,0.031375542,0.019992922,0.08539756,0.109778725,0.10489463,0.11455441,0.08575673,0.11144683,0.10620001,0.1199539,0.079058655,0.11696699,0.10016083,0.1142523,0.02158797,0.027640248,0.028272191,0.023557069,0.02199015,0.02475754,0.028438598,0.022824008,0.020459905,0.021672709,0.024914406,0.020102277,0.10914055,0.106390156,0.12883715,0.13033666,0.029253036,0.0406526,0.03518208,0.034240898,0.10854047,0.16951571,0.13455988,0.16183461,0.10366523,0.17606586,0.13317892,0.15978494,0.030651063,0.05345212,0.040134273,0.04707474,0.030432621,0.053316288,0.041832604,0.048415687,0.028579764,0.054126523,0.038174935,0.04613925,0.08869614,0.047890365,0.09662853,0.09016975,0.022614285,0.005484653,0.022321476,0.014097324,0.065302685,0.07042485,0.07935221,0.080586806,0.06477964,0.06909926,0.07958549,0.08420479,0.05600971,0.07106591,0.06972425,0.07544315,0.01208932,0.022597823,0.016361516,0.021638272,0.01061494,0.01889874,0.015608943,0.019194292,0.009859273,0.017185263,0.012984699,0.016417246,0.11203585,0.0865596,0.1273079,0.11872834,0.02897735,0.03462521,0.033276744,0.033189084,0.115605064,0.16614127,0.14197373,0.16044818,0.10628371,0.16975328,0.1319287,0.15626025,0.02904463,0.043613564,0.036020547,0.04173761,0.028346958,0.043456927,0.036774214,0.041742798,0.025265949,0.044447687,0.031484123,0.039975487,0.0,0.0040006903,0.0,0.0051376913,0.0,0.0056514484
R_FOP3_ROI,Right,114,-0.00050938147,0.00039680884,0.00027642795,0.0,0.0013674621,0.0,-0.00039088624,0.0,0.0008506096,0.0,0.00079768477,-0.0011168402,-0.00010437151,0.0,0.001654258,0.0,0.0015970711,0.0,-0.0004316683,0.0,0.0015454696,0.0,0.001315328,0.0,-0.00037281078,0.0,0.0013414818,0.08785098,0.08759171,0.11017754,0.12764496,0.009172866,-0.00078902056,0.009572852,0.00567973,0.048033178,0.11498334,0.07007846,0.09339059,0.048248097,0.11670741,0.075689435,0.10421271,0.047848802,0.113854,0.06909741,0.11686652,0.006207611,0.0037611476,0.0065275272,0.0047228863,0.005531494,0.0046600928,0.007753678,0.006908862,0.0058182403,0.004167362,0.006009913,0.0067306748,0.07167369,0.060617134,0.08736134,0.09655179,0.009691176,0.0049248305,0.010406174,0.009251646,,0.04692575,0.11048223,0.069458626,0.09123128,0.044750784,0.112879105,0.06420814,0.10394563,0.007866016,0.011404177,0.009066105,0.011413358,0.007262051,0.01236586,0.009352267,0.0138881765,0.006401665,0.01358447,0.00789751,0.013118519,0.102211736,0.10384613,0.122261226,0.13502929,0.014286615,0.0046764193,0.01503297,0.0041823983,0.076481014,0.12596765,0.096098416,0.11803805,0.07641942,0.12746312,0.10080306,0.12820458,0.068730906,0.12624548,0.09096638,0.122839384,0.015213973,0.008862827,0.017603403,0.015511743,0.014964959,0.009149991,0.019592315,0.016742606,0.012698947,0.007942961,0.0147368545,0.014629405,0.09341572,0.069330014,0.109980814,0.11097323,0.015345272,0.01499138,0.015684046,0.012109271,0.090876736,0.12894398,0.11700862,0.13704894,0.082191825,0.13077717,0.10789312,0.13741599,0.020517413,0.020167982,0.024234245,0.026442366,0.021140553,0.019072954,0.025935587,0.027362868,0.017018776,0.017832965,0.021389695,0.024624312,0.09467565,0.07088648,0.10943765,0.106904335,0.01610385,0.0023595246,0.016200826,0.008057629,0.06987613,0.09784316,0.088534586,0.09901232,0.07026435,0.09486467,0.09007418,0.10279618,0.06212849,0.092990465,0.08131735,0.08999942,0.01713512,0.015334923,0.019676529,0.020075139,0.016497526,0.014925081,0.020456947,0.019533543,0.013370253,0.014939621,0.01600529,0.01820068,0.093310885,0.05835894,0.10535723,0.091062,0.018634394,0.008828513,0.01914183,0.012774014,0.095296085,0.108806305,0.12088922,0.12736663,0.0853343,0.11234643,0.108653,0.11946009,0.020625506,0.015549156,0.023844544,0.023812436,0.02051374,0.01364705,0.024890317,0.024376204,0.01683484,0.011581429,0.019887356,0.02343467,0.0,0.0014019674,0.0,0.0003747114,0.0,0.0010152381
R_FOP4_ROI,Right,108,0.019516172,0.0017226022,0.001290451,0.0,0.013420708,0.0,0.008526883,0.0,0.006648158,0.0,0.0148187205,0.0057576285,0.0086163,0.0,0.008252732,0.0,0.015231924,0.0,0.009963045,0.0,0.008383004,0.0,0.015947483,0.0,0.010677316,0.0,0.010608635,0.15683866,0.11367431,0.17305411,0.17902896,0.037135992,0.030288095,0.046302732,0.04671714,0.09221863,0.14624943,0.122525506,0.15271802,0.093747504,0.14842094,0.12429083,0.15915295,0.08960205,0.13950898,0.12079052,0.15572003,0.021710398,0.040730603,0.03542063,0.047648437,0.023509344,0.040771067,0.03703837,0.048259914,0.0222412,0.041486084,0.036011875,0.045406766,0.1520113,0.13550262,0.17096058,0.1716682,0.03195235,0.044173434,0.037419062,0.041029587,,0.10758982,0.15381896,0.1397387,0.1780784,0.10277104,0.14708374,0.13451014,0.17045365,0.0246985,0.048684366,0.031331033,0.04528573,0.025463987,0.04729962,0.032769676,0.0445421,0.023417935,0.04595339,0.03224416,0.040950324,0.16707253,0.10144978,0.17890899,0.16283832,0.033833046,0.011118522,0.03398405,0.027979923,0.122421935,0.15346299,0.14245391,0.16621292,0.1237368,0.14980595,0.14568184,0.1648836,0.11316006,0.14074995,0.13634276,0.15403092,0.029961964,0.03245196,0.033133775,0.04082633,0.031227952,0.030728836,0.03524235,0.04142701,0.02752165,0.029370967,0.03200239,0.03953039,0.16947736,0.111830525,0.18573235,0.17010857,0.048676435,0.033065826,0.054763786,0.04529249,0.1569313,0.17536832,0.18284944,0.2020104,0.14448941,0.16529027,0.17307106,0.19007172,0.04413214,0.05290043,0.05307246,0.058393896,0.045011245,0.049156275,0.05448878,0.057582606,0.039695024,0.04576436,0.04937583,0.054800693,0.14951491,0.07874912,0.15322526,0.13139012,0.02957684,0.0098898215,0.030886754,0.022722246,0.10840523,0.119115904,0.12154997,0.121831305,0.109811224,0.11744119,0.12392039,0.12153584,0.09988236,0.11208181,0.11378325,0.11577486,0.031083144,0.025968505,0.03504573,0.033927355,0.031870972,0.025308609,0.03789896,0.03560867,0.028655628,0.025026727,0.033634014,0.03592504,0.1632273,0.10871596,0.16903342,0.15124634,0.044057257,0.033234008,0.045754254,0.039113607,0.15432668,0.16329598,0.17194963,0.1708121,0.13948394,0.15450345,0.15827264,0.16562046,0.042386923,0.041344587,0.047057495,0.047630966,0.04352933,0.039893024,0.048533823,0.047091454,0.037346408,0.038281824,0.042221997,0.046528485,0.0,0.015445321,0.0,0.0105461115,0.0,0.00818244
R_FOP5_ROI,Right,169,0.011211134,0.003067302,0.0026712774,0.0,0.008716279,0.0,0.00915689,0.0,0.00957596,0.0,0.010725139,0.0088488525,0.009453672,0.0,0.010367323,0.0,0.007604486,0.0,0.0094245225,0.0,0.009886847,0.0,0.007957661,0.0,0.010489526,0.0,0.011035637,0.15563099,0.103110984,0.1607701,0.15866654,0.05104145,0.024772666,0.053620808,0.045511153,0.0798805,0.13442768,0.10126417,0.13285469,0.0819072,0.13304473,0.103049636,0.133474,0.07877224,0.12320797,0.09973828,0.12773575,0.012906179,0.0373307,0.02532526,0.04037666,0.0154215405,0.03358577,0.026873874,0.04312056,0.014778313,0.030591812,0.026395801,0.041592654,0.15683341,0.13927902,0.16594386,0.16094999,0.023812529,0.04699922,0.033901148,0.04193288,,0.11618553,0.15643838,0.13899341,0.16371442,0.11362263,0.1517609,0.13219355,0.15781453,0.018843502,0.039228175,0.024136335,0.038609657,0.019388914,0.0365822,0.02633192,0.037697796,0.018255945,0.03436928,0.024461135,0.034114275,0.16789855,0.085247986,0.16807064,0.13974892,0.055466354,0.023585094,0.05194423,0.03701018,0.1196326,0.11666941,0.13429596,0.14351748,0.12013121,0.114873715,0.13576339,0.14221337,0.108896375,0.10560429,0.12304903,0.13152644,0.034472883,0.043731425,0.038083445,0.047314253,0.03426534,0.039366115,0.036289703,0.047669623,0.030332986,0.03634887,0.033300217,0.04435653,0.16174145,0.11153021,0.16897516,0.1501521,0.053848125,0.035635557,0.057813227,0.04981898,0.14952694,0.14811423,0.17204417,0.1810632,0.13715795,0.1415313,0.15640135,0.17296317,0.045830343,0.051887505,0.05414092,0.05816864,0.046870187,0.04819966,0.05526949,0.057025872,0.0408576,0.04383233,0.0487904,0.05248967,0.15220062,0.048111025,0.14613271,0.10820276,0.062199164,0.020301595,0.059353255,0.038291913,0.10932947,0.07696138,0.116728194,0.10447435,0.11001556,0.0754021,0.118497394,0.10461225,0.09944033,0.066356644,0.10830438,0.09955633,0.04930005,0.04253104,0.05403242,0.051457882,0.05005031,0.038777817,0.054504126,0.051210396,0.045688592,0.035306048,0.050626315,0.04757675,0.14970593,0.083517015,0.1473841,0.121016465,0.059694298,0.04435548,0.06023503,0.05081227,0.13387494,0.11423813,0.14554065,0.13342924,0.120348096,0.106157534,0.13072427,0.13028665,0.04877579,0.052891303,0.053104095,0.05489582,0.04925141,0.049104128,0.05382034,0.05421835,0.043755855,0.044898957,0.048196487,0.050462715,0.0,0.0064595235,0.0,0.008203976,0.0,0.008275908
R_FST_ROI,Right,157,0.008218645,0.009154591,0.008923491,0.0,0.003958772,0.0,0.0050086575,0.0,0.0024743928,0.0,0.0035800035,0.004816805,0.0041525527,0.0,0.002178717,0.0,0.003382265,0.0,0.007069651,0.0,0.0022864826,0.0,0.004289257,0.0,0.0071205334,0.0,0.0035301326,0.14040004,0.066429116,0.12897363,0.114447035,0.03388002,0.025205491,0.02510238,0.022764219,0.074960224,0.09038532,0.0800193,0.08931059,0.07267987,0.09085937,0.07638417,0.08879487,0.07002242,0.08344285,0.0729786,0.08296114,0.0034693233,0.040090732,0.001830323,0.013527707,0.002701735,0.043181952,0.0007057876,0.012441523,0.0025887392,0.043424785,-0.00060904905,0.010032661,0.14385535,0.1074581,0.14507708,0.13156946,0.015890915,0.03306193,0.019507224,0.026036698,,0.10571624,0.14497088,0.11916426,0.13326456,0.10054498,0.14189468,0.115477465,0.12537254,0.011580659,0.048322257,0.015762769,0.025864458,0.011729327,0.049105145,0.016627366,0.02844896,0.010990044,0.04617678,0.015944479,0.027211707,0.16920672,0.06406862,0.15735233,0.1128101,0.058397666,0.015225852,0.049620204,0.031019052,0.14127053,0.114439756,0.14759158,0.13291489,0.13896734,0.104758956,0.14472973,0.13033666,0.12105755,0.0893798,0.12712416,0.11393843,0.045006484,0.04691193,0.04603581,0.044390284,0.04118797,0.048556324,0.0420101,0.04245172,0.03179847,0.04631075,0.0321595,0.035521854,0.17421003,0.09294611,0.17037264,0.13019843,0.041897267,0.029205859,0.043770634,0.035192057,0.18278219,0.16440149,0.19457638,0.18771765,0.16153674,0.14725813,0.17600086,0.17308842,0.05126429,0.05379272,0.056531627,0.055880472,0.048025787,0.053388417,0.0530715,0.05652478,0.036448147,0.05125687,0.043302532,0.051852014,0.16470546,0.03593074,0.14958075,0.09249465,0.075672455,0.026879057,0.07011582,0.041889105,0.1405039,0.08633949,0.14502431,0.12047811,0.1388231,0.068505086,0.14530502,0.124263465,0.11665816,0.053238027,0.12456576,0.10814416,0.06532061,0.0538997,0.07255013,0.06209953,0.06377686,0.054330833,0.07134734,0.06288826,0.053063523,0.05358304,0.06134844,0.058455206,0.16562864,0.059010442,0.15553857,0.09982707,0.04834676,0.031293165,0.049380697,0.03413829,0.18675968,0.13491596,0.19547781,0.1749201,0.15993123,0.10776122,0.17076671,0.1583324,0.061354,0.055254158,0.06677349,0.060671154,0.057968054,0.05211404,0.06315483,0.059854366,0.045484964,0.04631419,0.051893607,0.055356164,0.0,0.0026790716,0.0,0.005972697,0.0,0.0037586181
R_H_ROI,Right,120,0.009176796,0.0061112195,0.0058022486,0.0,0.0028007342,0.0,0.0064179744,0.0,0.00805162,0.0,0.0042139674,0.005017073,0.006506813,0.0,0.009385533,0.0,0.0019035953,0.0,0.006442333,0.0,0.008676229,0.0,0.0027179348,0.0,0.006618669,0.0,0.009703992,0.0922264,0.07867552,0.109507926,0.109996915,0.0284622,0.019677116,0.0228523,0.021173866,0.053117972,0.0982091,0.07044236,0.08044923,0.050248325,0.09750377,0.06666344,0.07753431,0.04831167,0.091983676,0.0648719,0.07897127,0.008056534,0.010238952,0.0039780475,0.00038713153,0.006694324,0.013440176,0.0033545683,-0.0021995273,0.006610133,0.019568445,0.0012504815,-0.0018955935,0.081957094,0.114568554,0.10787352,0.12299919,0.014842643,0.058397394,0.022803545,0.042266726,,0.056180958,0.15340176,0.0809855,0.12096583,0.052672807,0.15126857,0.08100624,0.11994708,0.010207252,0.043794997,0.016582604,0.031033875,0.011683538,0.047425307,0.020012232,0.037068546,0.011855597,0.04808986,0.02059095,0.039759435,0.10991096,0.08507193,0.13223088,0.12369891,0.046657138,0.0015219772,0.050809722,0.030013831,0.06748547,0.1284673,0.09641873,0.1182723,0.06564761,0.12404191,0.09532548,0.11508397,0.05871213,0.11286545,0.08587403,0.10895645,0.008433668,0.0316071,0.016788902,0.022654625,0.007065534,0.029396353,0.0176163,0.019304987,0.006047764,0.025494335,0.013293699,0.015443937,0.099623315,0.12149059,0.12754202,0.142244,0.030254712,0.040350195,0.0424845,0.047322035,0.09174272,0.17660913,0.12563506,0.16275904,0.083100684,0.17248216,0.11919045,0.15351333,0.028706016,0.062546365,0.04279334,0.057874735,0.029339036,0.06422001,0.04555474,0.061890606,0.026060833,0.061354164,0.04159116,0.05964927,0.107352935,0.06850211,0.12495721,0.120893724,0.047787126,0.0027204694,0.05012292,0.032879166,0.05641894,0.1309427,0.08270155,0.11612359,0.05393457,0.12562767,0.08075618,0.11392883,0.04648542,0.11892792,0.07160227,0.10311922,-0.0015597511,0.029643646,0.00572022,0.024805548,-0.003114473,0.030011537,0.0065247617,0.024540016,-0.0033261662,0.030446224,0.004236023,0.020774527,0.10187129,0.11575592,0.12772204,0.13767079,0.028088449,0.048059385,0.03968022,0.048706852,0.09855533,0.1743339,0.13365093,0.16562822,0.08753443,0.16745424,0.12287701,0.15416802,0.03029004,0.060288373,0.04403069,0.05826443,0.031373855,0.06255208,0.045980893,0.063884325,0.027214052,0.060283486,0.04133451,0.061761063,0.0,0.005117494,0.0,0.0069935773,0.0,0.008092029
R_IFJa_ROI,Right,79,0.014007678,0.0041467245,0.0034157725,0.0,0.014721555,0.0,0.013125704,0.0,0.005119718,0.0,0.016382799,0.012432808,0.012351551,0.0,0.006185793,0.0,0.016946506,0.0,0.013232633,0.0,0.006395705,0.0,0.016009476,0.0,0.012982255,0.0,0.0072258553,0.20296997,0.14786546,0.21067561,0.18649837,0.09608254,0.068662055,0.10034232,0.08292824,0.18181778,0.20965026,0.22037187,0.23326065,0.17156662,0.20800664,0.21168245,0.2383869,0.15215896,0.19622898,0.18996336,0.22037561,0.1014605,0.11918295,0.12604067,0.12746398,0.09171236,0.11391746,0.11567826,0.12951879,0.0753358,0.10226919,0.09571388,0.115576565,0.22144905,0.15554939,0.23100844,0.1953222,0.10878584,0.074333176,0.112241,0.09637806,,0.19377163,0.23653284,0.23796509,0.27160448,0.171674,0.22426648,0.21217513,0.24242105,0.114614375,0.12778889,0.1371658,0.14649452,0.1015488,0.1191544,0.12397672,0.14533485,0.08200073,0.10662801,0.10040539,0.12378508,0.18974845,0.11507723,0.18957046,0.15171349,0.081655584,0.03451098,0.08080906,0.059767675,0.18504502,0.1661061,0.20644929,0.20438763,0.17390884,0.16874513,0.19787566,0.20224456,0.15008156,0.16280994,0.17244753,0.18418843,0.093666345,0.08854092,0.10698676,0.10268019,0.08450372,0.084522344,0.09799285,0.1012125,0.06690613,0.0734084,0.07720429,0.089662716,0.20528066,0.12927465,0.20753361,0.16467603,0.09758089,0.04868372,0.10298708,0.07866864,0.21839896,0.21898293,0.2513063,0.26027873,0.18836494,0.20752977,0.21911597,0.23468587,0.12073559,0.11457153,0.14401795,0.1436546,0.106528126,0.10694044,0.13047673,0.14159657,0.08348168,0.094282456,0.10316812,0.12432836,0.13290171,0.07555719,0.12641223,0.0979717,0.028566152,0.0129918475,0.025227401,0.01877949,0.11660397,0.113194674,0.12181153,0.11975058,0.10969386,0.11203498,0.11631697,0.116051055,0.09466994,0.103481404,0.10151079,0.11019422,0.02416236,0.03619248,0.0289866,0.032812767,0.021905793,0.03527382,0.02669135,0.0336401,0.016545195,0.03234729,0.02019162,0.030988717,0.1543558,0.0958413,0.1490677,0.1160833,0.041085217,0.03291012,0.041238412,0.033490278,0.16370685,0.16557212,0.17453888,0.17400943,0.13936901,0.15402567,0.15135351,0.16333072,0.057256915,0.060224902,0.06232873,0.062485687,0.051570836,0.057775635,0.057657048,0.06206607,0.038407587,0.05392346,0.04423663,0.05626694,0.0,0.016320799,0.0,0.01294373,0.0,0.007050355
R_IFJp_ROI,Right,80,0.0064748554,0.0046397275,0.004082681,0.0,0.0043517756,0.0,0.004552659,0.0,0.0043073967,0.0,0.0043593035,0.0042051943,0.0047550737,0.0,0.006148478,0.0,0.0038257774,0.0,0.005680452,0.0,0.004614144,0.0,0.0034368306,0.0,0.0065774326,0.0,0.0042460756,0.113264285,0.050886687,0.12310381,0.11658561,0.023370314,0.0251888,0.022559177,0.027120205,0.07028376,0.10773149,0.09342534,0.114626795,0.07057535,0.09715175,0.08964972,0.11217207,0.06644374,0.08532111,0.084191225,0.107892126,0.009413327,0.03000567,0.011854007,0.023639482,0.008900977,0.03210118,0.011923538,0.02382962,0.006893668,0.032885842,0.008734541,0.01880124,0.10222265,0.0603118,0.116507806,0.102437295,0.007561011,0.031710505,0.010132852,0.017513724,,0.0732275,0.10679483,0.09236105,0.112952776,0.07045802,0.100422546,0.088805854,0.10639475,0.008997773,0.04248878,0.0126682,0.018825851,0.008841158,0.04326751,0.012825304,0.017841646,0.008214696,0.04214122,0.011499609,0.017507348,0.11982002,0.03828922,0.12137277,0.08610976,0.03711012,0.0095066,0.034132697,0.026603382,0.10204565,0.091680154,0.118107386,0.1149157,0.09484191,0.08246515,0.10931361,0.1056161,0.0806508,0.071612485,0.09516007,0.09057199,0.025168825,0.035541598,0.02891861,0.035172362,0.020344337,0.034496725,0.025692962,0.032191675,0.014521962,0.031979445,0.018587854,0.025043737,0.11228365,0.055317197,0.12193188,0.09176738,0.017412078,0.018195614,0.021561265,0.020930756,0.1116758,0.11332914,0.13142614,0.13816822,0.09811946,0.10199924,0.11905273,0.122491,0.024496552,0.03845861,0.032584637,0.037442364,0.020009171,0.036604203,0.027858445,0.034198187,0.01472217,0.03202401,0.02188359,0.02993808,0.10913504,0.02232587,0.10642242,0.06407615,0.03566405,0.011876761,0.033942364,0.0199671,0.093725115,0.0702321,0.105450734,0.09394185,0.08251174,0.06282383,0.094384335,0.08936554,0.06589553,0.054322436,0.07773116,0.076391496,0.02253534,0.03251491,0.029809872,0.035092458,0.019434206,0.03313802,0.027237298,0.03451127,0.014054535,0.03169815,0.021788824,0.029137984,0.10609616,0.050603725,0.11216173,0.0779676,0.021939836,0.029409034,0.028507115,0.025869679,0.10711897,0.10382648,0.12570496,0.12917778,0.090562,0.091352664,0.11042805,0.11133924,0.02945353,0.046190687,0.039974827,0.046127625,0.024861854,0.04404805,0.034587216,0.044986773,0.018298019,0.038231336,0.028243821,0.039443582,0.0,0.0007533453,0.0,0.0035615857,0.0,0.0039638127
R_IFSa_ROI,Right,82,0.012939425,0.0074799582,0.007174715,0.0,0.0117533915,0.0,0.011421131,0.0,0.008972017,0.0,0.012302341,0.009198344,0.011195231,0.0,0.010455875,0.0,0.0118764425,0.0,0.012040439,0.0,0.008958709,0.0,0.010037801,0.0,0.01235071,0.0,0.009739189,0.1905929,0.09478905,0.18935731,0.16970478,0.05140728,0.031296965,0.047866035,0.042029355,0.118204825,0.139583,0.13744588,0.1414611,0.11688389,0.13203949,0.13416943,0.14367715,0.1123407,0.12094683,0.12832297,0.14594159,0.03333648,0.046833403,0.03707367,0.036921628,0.03176644,0.046090756,0.032675076,0.036371004,0.027236253,0.045872085,0.028188981,0.033096876,0.18207581,0.11205502,0.1822678,0.16109891,0.033055704,0.05499286,0.034521747,0.0394809,,0.13179402,0.16382146,0.15164952,0.1642212,0.12615733,0.15784001,0.14419854,0.16475129,0.032613933,0.06049661,0.037404086,0.045969903,0.030803932,0.060237434,0.036858015,0.04780898,0.026228245,0.056854818,0.03302606,0.044743206,0.21015511,0.09785472,0.20141241,0.15962178,0.07493118,0.030458719,0.06903401,0.04315342,0.1578781,0.14711083,0.169205,0.16544594,0.15588655,0.13951303,0.16844378,0.16137661,0.14229187,0.12813994,0.15582336,0.15253302,0.051586825,0.060861256,0.058541823,0.0531525,0.04855833,0.056419175,0.05507023,0.051074326,0.04072938,0.052709915,0.048108008,0.0444757,0.20084663,0.10454077,0.19316556,0.16004817,0.05728201,0.040898982,0.05698823,0.045265883,0.19276789,0.18253984,0.20411322,0.19973561,0.17643212,0.17246988,0.187662,0.19057253,0.063003354,0.07431681,0.069928765,0.077768855,0.059518643,0.07280055,0.06878738,0.07541296,0.049373567,0.06631804,0.058967732,0.067432344,0.18429828,0.06674372,0.1687811,0.12862112,0.071512274,0.022767099,0.06078445,0.03472721,0.12697537,0.09858126,0.13103947,0.121517606,0.1248743,0.09825819,0.13117126,0.12188004,0.11203849,0.09299951,0.11933153,0.11631797,0.036061134,0.049032457,0.04264378,0.045265168,0.033002283,0.04728895,0.04051315,0.043911073,0.02696385,0.044353455,0.03489152,0.039812002,0.19317177,0.101115875,0.1823225,0.15006375,0.058029775,0.057831567,0.0601163,0.0516642,0.18396495,0.16095372,0.19145009,0.18144156,0.16708498,0.15176627,0.17579867,0.17423874,0.06414492,0.07959431,0.070050925,0.078059964,0.061099235,0.07694447,0.06931352,0.07704115,0.051214747,0.07172901,0.06019882,0.07146809,0.0,0.0108896345,0.0,0.0117439395,0.0,0.008748134
R_IFSp_ROI,Right,81,0.0020176866,0.005849977,0.0062695313,0.0,0.0044244523,0.0,0.003701745,0.0,0.0024943002,0.0,0.0049968725,0.0044872025,0.003731523,0.0,0.0033241296,0.0,0.003132043,0.0,0.004913144,0.0,0.003914088,0.0,0.0029847387,0.0,0.005300511,0.0,0.00294744,0.18008018,0.13251433,0.1894846,0.17367767,0.05011871,0.04874489,0.05964014,0.051444594,0.1259165,0.17572466,0.1542246,0.16961288,0.12561572,0.17011857,0.15475215,0.1792688,0.11955465,0.15549177,0.14649901,0.17766866,0.039971687,0.06657401,0.056362715,0.069428965,0.04081575,0.067947455,0.05713221,0.07420441,0.036261573,0.06725118,0.051167373,0.069328606,0.19122197,0.15789403,0.20549098,0.18753241,0.05119512,0.06384379,0.06436694,0.063828364,,0.14488947,0.19900143,0.17912863,0.21663825,0.13863249,0.18593316,0.1703823,0.20528972,0.04449763,0.08267202,0.060344394,0.07766516,0.044699468,0.07831913,0.06035265,0.08378894,0.038355175,0.06949568,0.05263302,0.07382906,0.18183722,0.09478152,0.17932276,0.14048472,0.06474373,0.03795937,0.065718584,0.0511092,0.15577614,0.14270645,0.16818716,0.16420935,0.15395051,0.13611041,0.16949603,0.16761015,0.13831753,0.12144846,0.15368809,0.15791361,0.060452037,0.06354662,0.06801212,0.07208936,0.060547046,0.062481184,0.068123884,0.074000895,0.051424555,0.059353203,0.05866736,0.066886835,0.20083603,0.12530287,0.20316367,0.1667404,0.076072104,0.045041624,0.082542896,0.06872909,0.19427931,0.1854668,0.21700609,0.22727038,0.17524418,0.16609636,0.1977358,0.20801196,0.07434815,0.07994837,0.08856671,0.09171044,0.072848015,0.075982265,0.08783526,0.09540029,0.060815446,0.065309405,0.0753514,0.08349907,0.1461039,0.042585514,0.13345759,0.092688404,0.046374027,0.030291837,0.0434951,0.033440154,0.12167256,0.07452013,0.121371105,0.10320339,0.1206394,0.0734707,0.12220175,0.10425447,0.10695045,0.06467921,0.1094231,0.09869528,0.042445607,0.040110264,0.044955555,0.046291567,0.043517873,0.042011105,0.046559203,0.047021925,0.038763706,0.041609243,0.042198747,0.042862203,0.17323963,0.09118928,0.16406545,0.13036399,0.068344705,0.052311372,0.068078466,0.060635258,0.16836207,0.13518333,0.17460762,0.1720102,0.14685595,0.11815907,0.1547762,0.15308557,0.06265037,0.067014396,0.06608027,0.07246663,0.061607182,0.06373086,0.06622533,0.07380889,0.052281193,0.05598438,0.056791928,0.06415763,0.0,0.0027202547,0.0,0.0046743434,0.0,0.0023190142
R_IP0_ROI,Right,146,0.006878614,0.009431162,0.009537444,0.0,0.0045580803,0.0,0.00307107,0.0,0.002259269,0.0,0.0041273073,0.0032785172,0.00371495,0.0,0.0032721965,0.0,0.0033668282,0.0,0.0035262443,0.0,0.002892495,0.0,0.003477835,0.0,0.004730593,0.0,0.003217588,0.1476124,0.07958117,0.1300994,0.10515184,0.025049238,0.024416981,0.0131495865,0.0050388197,0.1000207,0.08755231,0.09968751,0.09036419,0.09674763,0.088334635,0.094403476,0.08915774,0.09088219,0.08387835,0.08819075,0.0839359,0.024308255,0.028653624,0.016698,0.0090531185,0.022208469,0.030597601,0.0137650175,0.011665893,0.018452896,0.03120691,0.01037401,0.0114388475,0.13297705,0.059945438,0.12557846,0.10397735,0.011684313,0.0255112,0.009747458,0.015037563,,0.09258213,0.09377346,0.09886967,0.10218386,0.0866462,0.091256306,0.09113779,0.09570336,0.009731015,0.016067885,0.008148982,0.011830905,0.00922197,0.015914544,0.0074248114,0.012970343,0.008353122,0.017421458,0.0073382235,0.010813468,0.16684501,0.09178275,0.14483812,0.10449785,0.050269186,0.0184361,0.043685794,0.019526536,0.16170801,0.10944918,0.16049437,0.137628,0.14821565,0.10428663,0.14904125,0.1250943,0.1234988,0.09553522,0.12360023,0.110402316,0.05263043,0.044934798,0.056975845,0.04417633,0.04649516,0.044466667,0.051418,0.04333682,0.036366314,0.04266652,0.040037,0.039372,0.15690228,0.07986103,0.14343902,0.113272235,0.032186985,0.01849291,0.029020945,0.019412147,0.14817278,0.11485323,0.15100913,0.14202362,0.12867154,0.10739543,0.13111727,0.13045488,0.039404027,0.03238866,0.039346643,0.03825467,0.034536533,0.030194845,0.03577152,0.037064854,0.027246527,0.028687732,0.028504558,0.03271764,0.146078,0.06141121,0.12534098,0.07930354,0.03468447,0.0072753793,0.027694095,0.016192488,0.13603845,0.096283935,0.1342386,0.120698586,0.122286275,0.08981487,0.1249196,0.10845353,0.09665703,0.081917234,0.0985153,0.095171496,0.02286786,0.038729295,0.026190627,0.028647596,0.019766582,0.039742388,0.024599127,0.030115083,0.014718776,0.036651347,0.018291477,0.029289585,0.15336192,0.07963663,0.13901684,0.100579195,0.03402612,0.024551379,0.03193071,0.02323365,0.15316157,0.11199552,0.1554394,0.14373375,0.12651648,0.10240072,0.13034366,0.13038123,0.04619893,0.039027106,0.04792876,0.0453358,0.03916801,0.036527686,0.04256981,0.043995462,0.029190648,0.034110937,0.031631444,0.039385743,0.0,0.0039550536,0.0,0.003572438,0.0,0.0022986985
R_IP1_ROI,Right,145,0.008820893,0.004786797,0.0044344137,0.0,0.012218664,0.0,0.009186647,0.0,0.0076043215,0.0,0.013394852,0.00671421,0.009364125,0.0,0.009150683,0.0,0.013915912,0.0,0.012625376,0.0,0.007703373,0.0,0.013151838,0.0,0.011415383,0.0,0.0084474515,0.185226,0.1033038,0.18336014,0.15499963,0.05156686,0.029164044,0.046439584,0.034242984,0.12504938,0.111210816,0.13431062,0.12846091,0.12734568,0.10953983,0.13803102,0.12880917,0.12597907,0.10609019,0.13496213,0.12954247,0.03881392,0.040528446,0.037280615,0.031627744,0.038259417,0.039452437,0.036298905,0.031896673,0.036925126,0.038325552,0.033599768,0.029797439,0.17524873,0.10666327,0.17623994,0.14602053,0.043234143,0.047730155,0.0423781,0.040652752,,0.12200748,0.1292578,0.14497055,0.1478317,0.120357856,0.1255796,0.13973747,0.14769818,0.032414787,0.049695786,0.037652433,0.04425663,0.03331736,0.050372988,0.039220147,0.046419498,0.03279757,0.048808485,0.037769902,0.04632967,0.19768943,0.10579468,0.19545206,0.15922561,0.06298639,0.026331302,0.061294075,0.04079341,0.1538723,0.12692198,0.1622987,0.15615928,0.15491185,0.12395514,0.16666591,0.15262507,0.14431186,0.119450726,0.15575615,0.14790203,0.04277977,0.049081307,0.049406677,0.043861378,0.041412365,0.047807354,0.048189517,0.044007502,0.03720364,0.044799186,0.042654164,0.042127345,0.18565579,0.101765715,0.17896542,0.15033211,0.050436024,0.04486832,0.051556528,0.045574185,0.1709785,0.13819566,0.18166707,0.17588763,0.16058299,0.1310527,0.17049526,0.17150196,0.048089717,0.05425835,0.053923666,0.059773333,0.048768245,0.055051647,0.055863794,0.060746256,0.044157304,0.053694922,0.050781686,0.057903215,0.17799434,0.075668216,0.16931663,0.13878773,0.05169813,0.01504535,0.046338122,0.03092413,0.12233701,0.09580018,0.12657829,0.123666756,0.12245728,0.095867984,0.12931742,0.120496504,0.11045213,0.09651888,0.11798235,0.11494597,0.0169999,0.028258262,0.021780137,0.025842158,0.015823798,0.028279122,0.021377638,0.025719833,0.012860203,0.02793498,0.017566293,0.025724698,0.17982051,0.106525965,0.17179106,0.14748634,0.038942486,0.043901954,0.041141544,0.04114762,0.16964802,0.14144368,0.17576468,0.16364135,0.1546967,0.13651828,0.16199781,0.1607417,0.04200286,0.041821145,0.045653157,0.046552207,0.0418172,0.041220494,0.04623652,0.048328612,0.035885897,0.040459577,0.040976457,0.047707524,0.0,0.0115535455,0.0,0.009222913,0.0,0.0073301485
R_IP2_ROI,Right,144,0.004006355,0.0037113128,0.0034171497,0.0,0.0024770831,0.0,0.0019208491,0.0,0.0022021832,0.0,0.0031316218,0.0021350628,0.0033884346,0.0,0.003101539,0.0,0.0033966636,0.0,0.0033438122,0.0,0.0021685904,0.0,0.0014363974,0.0,0.003894985,0.0,0.0016078831,0.1611241,0.09697055,0.16275014,0.14958455,0.021403873,0.008273251,0.020630324,0.013053553,0.09362264,0.116340905,0.1081161,0.12675738,0.09567677,0.117688864,0.10994469,0.13359392,0.09615301,0.11799598,0.109721474,0.13926241,0.013339211,0.008744834,0.01402703,0.007406363,0.01422571,0.011242242,0.01355895,0.008030921,0.014174297,0.013473477,0.01315192,0.008447036,0.1364877,0.062988654,0.13939919,0.11025428,0.01793838,0.021284012,0.018494684,0.016518205,,0.093661115,0.095699325,0.108012445,0.115891136,0.092452146,0.093855254,0.1069326,0.12041307,0.013410984,0.02254058,0.015235598,0.015962783,0.014478531,0.024992945,0.016663672,0.016670555,0.014429811,0.025981566,0.01720479,0.018351916,0.1624788,0.083550096,0.16131234,0.13525891,0.026416272,0.006253027,0.024864871,0.010066128,0.11922634,0.100183286,0.12576842,0.12310901,0.122108564,0.10108272,0.13073099,0.12697682,0.1176202,0.10201932,0.1259662,0.12478138,0.019010842,0.015923008,0.02049111,0.011552571,0.01939923,0.018097991,0.021053055,0.012443424,0.018795129,0.017417656,0.01994796,0.011923714,0.15346728,0.066267416,0.14976169,0.1156814,0.023351729,0.02135989,0.023717254,0.019837316,0.14099741,0.10668385,0.14889634,0.13638541,0.13548316,0.10568379,0.14252532,0.13559794,0.024849743,0.032401614,0.02766594,0.029686986,0.026275506,0.033974975,0.030229358,0.030765563,0.024563562,0.032486267,0.02847039,0.030319184,0.13503775,0.047228433,0.12910712,0.1007208,0.028084781,-0.00037340616,0.024759589,0.010794187,0.096815005,0.059980173,0.10080922,0.08309328,0.09947936,0.061365075,0.10513295,0.08544605,0.092332594,0.06321,0.097603455,0.08404087,0.015499089,0.012396008,0.01752296,0.012890925,0.015241072,0.011166404,0.017770562,0.012373663,0.013640924,0.009335847,0.015467329,0.012101583,0.15224491,0.07428461,0.14762525,0.11849582,0.025109826,0.021692425,0.024814604,0.021052215,0.14205994,0.10308656,0.15010642,0.12724802,0.1348466,0.10479042,0.14177825,0.12998855,0.027913837,0.027441178,0.030080585,0.027105173,0.028289558,0.028337302,0.03084893,0.027060002,0.025328549,0.02801782,0.027701488,0.027031872,0.0,0.002047324,0.0,0.003749953,0.0,0.0032760967
R_IPS1_ROI,Right,17,0.0029331837,0.0040755435,0.0044200793,0.0,0.0055260686,0.0,0.007822049,0.0,0.003794504,0.0,0.0058683883,0.006893502,0.0075909155,0.0,0.004597302,0.0,0.008153609,0.0,0.004884215,0.0,0.004761717,0.0,0.008970396,0.0,0.0052604596,0.0,0.0033126262,0.13499425,0.069321685,0.13008097,0.10355777,0.01694625,0.01781626,0.017458623,0.015807573,0.088187434,0.08546576,0.09604099,0.09101678,0.08788963,0.08182642,0.09440575,0.087449305,0.08293931,0.07497619,0.09105613,0.08494595,0.013094635,0.016340258,0.014179735,0.018090826,0.013732685,0.017832097,0.014773759,0.018286575,0.013047938,0.018112464,0.014604224,0.01779285,0.12924068,0.05599344,0.12734887,0.10049801,0.013634816,0.007846832,0.012625956,0.014097118,,0.09390355,0.10590996,0.10360539,0.09616063,0.08476752,0.10061966,0.0919577,0.087900676,0.009935308,0.015826916,0.00971259,0.011981854,0.010064623,0.017355347,0.010160132,0.013339072,0.009822383,0.018033057,0.010436696,0.012462259,0.14963476,0.06211817,0.13713679,0.09971417,0.03246528,0.01990546,0.030181084,0.022156024,0.14246698,0.10332808,0.14293191,0.13098843,0.13349046,0.0916223,0.13615634,0.11846915,0.1120133,0.07803267,0.114386775,0.101385854,0.045247477,0.033636272,0.04374902,0.041313652,0.041076746,0.034268375,0.041338284,0.040344264,0.03235178,0.033569448,0.033437643,0.036088407,0.1532042,0.064207725,0.14148238,0.10531733,0.04326069,0.016189959,0.038017802,0.026808454,0.15732923,0.13069902,0.16447945,0.14622208,0.13225766,0.118214265,0.13760313,0.12634015,0.054243147,0.041293316,0.052815743,0.051133905,0.047504906,0.041905593,0.04836587,0.049540386,0.036408603,0.04039571,0.038312852,0.04198253,0.13945782,0.040853776,0.12349544,0.079478055,0.030013718,0.018408269,0.027408948,0.017222153,0.136431,0.08559523,0.13327815,0.12181641,0.12574758,0.071442544,0.12597051,0.11097259,0.1012838,0.056055374,0.10171189,0.09302612,0.043292973,0.029997379,0.042886738,0.035928074,0.038137965,0.029449437,0.039201684,0.03413257,0.028454414,0.028611718,0.030195922,0.03155584,0.1551205,0.05519087,0.13847901,0.092836656,0.04405381,0.022579266,0.03893272,0.025333108,0.16706431,0.12378238,0.17041735,0.15441369,0.13779056,0.10698429,0.14008556,0.13508976,0.060920782,0.04415377,0.060522616,0.054053586,0.052137483,0.04329359,0.05376,0.05212901,0.03842698,0.041691672,0.04044183,0.045715634,0.0,0.005082881,0.0,0.005278946,0.0,0.0035706866
R_Ig_ROI,Right,168,0.0077754194,0.001992457,0.0018634478,0.0,0.0048036585,0.0,0.0028801465,0.0,0.0005522318,0.0,0.0058739516,0.0015826641,0.003422898,0.0,0.0012029858,0.0,0.005497106,0.0,0.0037083516,0.0,0.001192886,0.0,0.0057664947,0.0,0.0037006391,0.0,0.0012990861,0.08714031,0.07536815,0.11125158,0.12450336,0.018839097,0.022089101,0.023398671,0.025640212,0.06285948,0.12169584,0.09265076,0.12979701,0.055182073,0.119387776,0.0898106,0.1303656,0.054172892,0.11242757,0.08057785,0.12160506,0.01750523,0.028541652,0.027130986,0.039763283,0.013779176,0.026992196,0.024624938,0.03865449,0.011342387,0.023950132,0.01907389,0.030519674,0.08159356,0.064295165,0.10308761,0.106909566,0.018316014,0.01894053,0.022897147,0.027316254,,0.06046004,0.12007416,0.09557333,0.1262344,0.057714622,0.11536601,0.08430957,0.117268816,0.021478945,0.035508297,0.030017765,0.043856975,0.01692553,0.031920698,0.028645314,0.04414385,0.014197187,0.027946977,0.021535452,0.03516876,0.08894139,0.06605755,0.108633615,0.11077022,0.019647863,0.015012178,0.023200167,0.017376497,0.06872732,0.1290195,0.09500572,0.12108649,0.066198446,0.12612057,0.09388295,0.11982403,0.061368145,0.11892055,0.085275345,0.112144016,0.018086012,0.02744051,0.0251104,0.035395145,0.015374704,0.025551645,0.023950912,0.03297862,0.012903081,0.020241262,0.018663712,0.024489673,0.08940993,0.07830188,0.11030496,0.11101196,0.02160864,0.026031649,0.026909916,0.027099228,0.08680527,0.1576316,0.12302411,0.14491226,0.08039499,0.14546248,0.1101051,0.13380505,0.027310159,0.04740022,0.0382852,0.050971046,0.02366349,0.043625735,0.03709999,0.048912525,0.020355156,0.03578129,0.029646153,0.038765945,0.07332029,0.01428677,0.08690032,0.07428019,0.015530702,0.0007404431,0.016140712,0.0070126327,0.053279098,0.07695072,0.07012131,0.08100898,0.052999746,0.072778635,0.07148545,0.07938323,0.046192896,0.06470322,0.06282062,0.07562832,0.010241695,0.012810706,0.013617651,0.020029604,0.009196483,0.010792657,0.013813957,0.016062245,0.007824959,0.0058772853,0.010615044,0.010189878,0.08228818,0.057886373,0.100208364,0.09457957,0.015975649,0.018641043,0.018184246,0.016310468,0.08188988,0.13277403,0.11106186,0.12937318,0.07267267,0.118882895,0.09979437,0.12324546,0.017888801,0.033660028,0.02330703,0.031054012,0.017498028,0.03051721,0.023956167,0.02811276,0.014697508,0.023306558,0.019421797,0.022085287,0.0,0.005906058,0.0,0.0029382214,0.0,0.0010107289
R_LBelt_ROI,Right,174,0.02492593,0.0054436037,0.0037784695,0.0,0.0046412544,0.0,0.0017582215,0.0,0.00067105883,0.0,0.005752269,0.001881821,0.001909477,0.0,0.0006995384,0.0,0.005181137,0.0,0.0021335117,0.0,0.0010939679,0.0,0.004804565,0.0,0.002219068,0.0,0.0016157603,0.16388133,0.07905541,0.15469852,0.12013531,0.083649516,0.031408414,0.0767416,0.057105422,0.19015627,0.1640539,0.21050501,0.20382161,0.1587177,0.15831864,0.17669357,0.18290667,0.11961523,0.13626456,0.13435458,0.14879058,0.102504745,0.063075006,0.11441898,0.11006562,0.08024588,0.061956517,0.093205,0.10257043,0.053888973,0.057005804,0.06449522,0.07938522,0.11403882,0.05684804,0.10339329,0.074082434,0.043555208,0.022400098,0.03605057,0.0240402,,0.116586335,0.1080393,0.12661655,0.13252005,0.085961,0.095229164,0.097736865,0.108641334,0.0595024,0.062482238,0.062195998,0.060111947,0.0483605,0.059828117,0.05020702,0.05498678,0.031015506,0.051812235,0.034809746,0.043743026,0.11940339,0.041205514,0.11573134,0.083860785,0.04091522,0.014547827,0.03578372,0.030225996,0.1345863,0.10350296,0.1492435,0.1484652,0.114978775,0.101416655,0.12882008,0.13213441,0.09151193,0.08815235,0.10429953,0.10769369,0.047027115,0.041267645,0.047865525,0.05820301,0.03632225,0.037401702,0.038394947,0.05689487,0.024697259,0.030519629,0.025890395,0.045389593,0.0976066,0.03844312,0.09359275,0.06767565,0.03173485,0.013189261,0.031382404,0.021444902,0.10665208,0.08687068,0.11905894,0.11929053,0.08416388,0.07794423,0.09484988,0.09509108,0.047363315,0.05473574,0.056465127,0.058561977,0.03925258,0.05323422,0.047072455,0.053112842,0.026609628,0.04571761,0.033729125,0.04160159,0.06374217,-0.020798324,0.058003362,0.027672237,0.0094916085,-0.013112883,0.0079064835,-0.005523284,0.04984847,0.0043283436,0.049138878,0.036086973,0.04482876,0.010989255,0.044578943,0.028889364,0.040241156,0.0073472536,0.041826993,0.02138658,0.007876026,-0.008606677,0.007411132,-0.00019621819,0.004943429,-0.008285955,0.0050700246,-0.00053009397,0.0024466675,-0.008141273,0.00246011,-0.0029289178,0.0602927,0.015157467,0.05754963,0.036895886,0.0055215987,0.0009528325,0.0063917856,0.0047855345,0.05860626,0.041330922,0.062103618,0.05674452,0.052636266,0.037567805,0.056929257,0.047859844,0.008874167,0.01819723,0.010971663,0.012713294,0.007878319,0.018763566,0.009796939,0.013378152,0.0061722775,0.0154858045,0.008147664,0.011533074,0.0,0.0057497546,0.0,0.0037658508,0.0,0.0014678213
R_LIPd_ROI,Right,95,0.014905509,0.005941768,0.004948281,0.0,0.008330106,0.0,0.010195366,0.0,0.00924442,0.0,0.007899154,0.008900056,0.011260158,0.0,0.010880834,0.0,0.006302065,0.0,0.00994286,0.0,0.010003764,0.0,0.0067911926,0.0,0.011880003,0.0,0.010406606,0.123840295,0.06501215,0.113925375,0.09963521,0.018508287,-0.0042023696,0.004855345,0.0030862733,0.07717107,0.054793175,0.08094364,0.08162532,0.073462956,0.062113967,0.077633016,0.08545642,0.07018341,0.065237164,0.0710407,0.08353137,0.011511179,-0.0067142113,0.0021191675,-0.008669925,0.009044446,-0.00046193355,-0.00018767956,-0.005309213,0.006932911,0.0053805406,-0.002462468,-0.004341767,0.1148827,0.054901764,0.115769565,0.09071743,0.008122387,0.014173152,0.0052412446,0.007613837,,0.076668315,0.06469963,0.08676068,0.08577571,0.0741416,0.07098048,0.079511836,0.08549808,0.010896271,0.015617474,0.009458549,0.0075054597,0.008822025,0.017160801,0.007978444,0.007701667,0.006379903,0.018522914,0.00507144,0.00861261,0.12324994,0.06806368,0.11362031,0.0891897,0.031025069,0.005801731,0.022185786,0.0025047099,0.10097848,0.062451847,0.10849477,0.0960707,0.09259522,0.0672498,0.1019383,0.094495706,0.08020455,0.06849219,0.086226165,0.08435439,0.015103963,0.010473489,0.018154474,0.0073358268,0.012429527,0.012437832,0.014156663,0.0067978986,0.00964786,0.011751467,0.010047682,0.0038914243,0.12405932,0.06073957,0.119163096,0.09087294,0.020150356,0.005759217,0.019080626,0.014301963,0.11551313,0.082497284,0.12467127,0.11760352,0.1054703,0.081246555,0.1110509,0.112335995,0.030370861,0.02891114,0.033190828,0.030192623,0.025703905,0.027027441,0.029477628,0.03094544,0.01989702,0.02217962,0.022054141,0.029415786,0.09924502,0.021042012,0.087751284,0.059620522,0.028231815,-0.010070517,0.020378137,0.0037557096,0.07513411,0.043472912,0.08194716,0.07202197,0.0665718,0.045701984,0.07518421,0.06831339,0.053768273,0.04653016,0.059429824,0.05739291,0.00028726086,0.01176284,0.006693755,0.0043146876,-0.00096289953,0.0113462275,0.0047985753,0.006406646,-0.00180191,0.0073915855,0.0017692796,0.007054344,0.11199834,0.046447817,0.10589231,0.075403996,0.02457677,0.020608645,0.024930807,0.0188547,0.108019814,0.07537617,0.11704081,0.11221976,0.09522534,0.07286734,0.10167004,0.10549433,0.03371981,0.038705498,0.039098043,0.03484635,0.028678723,0.03807675,0.034145273,0.035066694,0.022239063,0.034129895,0.025382726,0.03307859,0.0,0.008768617,0.0,0.011473207,0.0,0.009487636
R_LIPv_ROI,Right,48,0.0021654018,0.004607119,0.005004551,0.0,0.0018971098,0.0,0.0040933304,0.0,0.0021155141,0.0,0.0022663164,0.0039657135,0.0038008397,0.0,0.0019332306,0.0,0.0028494762,0.0,0.004085001,0.0,0.0019510477,0.0,0.0021289312,0.0,0.0040503144,0.0,0.0010173564,0.11655037,0.061210725,0.11175473,0.09184638,0.018469801,0.02279645,0.018127253,0.018030256,0.0839449,0.08171364,0.0941763,0.09248411,0.080809824,0.07398782,0.09080595,0.09048318,0.073444024,0.065375455,0.081738226,0.08959388,0.017688619,0.021462975,0.018698873,0.021523418,0.017741226,0.023756381,0.01935233,0.020566525,0.015922194,0.026224824,0.017404288,0.018669246,0.100825734,0.040925432,0.09597604,0.06899389,0.014597019,0.018173931,0.015325076,0.016841203,,0.07572843,0.05699465,0.08593727,0.07640209,0.066578306,0.05047077,0.07195562,0.07229174,0.0130542,0.02168685,0.016233439,0.019738538,0.013268244,0.022060381,0.016654566,0.019853642,0.011784687,0.023239728,0.014310285,0.018270133,0.1389415,0.06040376,0.12757546,0.090462096,0.03645426,0.024407761,0.032134853,0.022425033,0.14141916,0.10089146,0.14389111,0.128091,0.12924688,0.09095674,0.13494445,0.11966354,0.10573656,0.080586486,0.110020034,0.10751528,0.04623383,0.035104245,0.0476842,0.041411333,0.042103477,0.033604447,0.044399522,0.038780995,0.032220796,0.031504825,0.034386642,0.03287441,0.13280584,0.05172772,0.11892651,0.07987602,0.038859796,0.02848434,0.034182195,0.023085488,0.14267679,0.08396555,0.14940153,0.12860537,0.1143229,0.07536046,0.118812464,0.11209837,0.053176966,0.034368694,0.055848666,0.049723778,0.047317445,0.033903208,0.051070306,0.047471944,0.03408818,0.03251687,0.03816345,0.04044173,0.13011967,0.047417287,0.11357981,0.0728146,0.030552877,0.017835343,0.026039643,0.014916284,0.13095622,0.0963095,0.12956385,0.10769028,0.11898608,0.08600192,0.12015187,0.09991395,0.094883084,0.07356369,0.0944475,0.08684909,0.038107958,0.02771407,0.03968236,0.03506281,0.033697244,0.02652024,0.036324885,0.031705763,0.025023822,0.023855671,0.027736064,0.026695622,0.13761397,0.051859744,0.11884347,0.07539266,0.039750006,0.03419399,0.03561728,0.025997635,0.15158826,0.09781658,0.15369605,0.13380422,0.11967672,0.08852126,0.120190606,0.115183175,0.058433,0.03595045,0.05972421,0.050700787,0.050294463,0.033068117,0.05288815,0.04836857,0.03525104,0.030424,0.03866462,0.040410835,0.0,0.0012657824,0.0,0.0033677185,0.0,0.0017937615
R_LO1_ROI,Right,20,0.005070544,0.0109699285,0.011268853,0.0,0.006903087,0.0,0.014049371,0.0,0.015198013,0.0,0.0070019863,0.0134294005,0.012786996,0.0,0.01305325,0.0,0.0060550673,0.0,0.016628992,0.0,0.014797847,0.0,0.007870479,0.0,0.017049957,0.0,0.016003864,0.12110528,0.06611845,0.115010284,0.0998843,0.04316714,0.033661395,0.045892358,0.043457266,0.06888639,0.091022484,0.08011122,0.09215614,0.06541832,0.096170045,0.075170524,0.09998053,0.060511455,0.098995395,0.07072937,0.09958587,0.011787091,0.059273947,0.019330641,0.044724587,0.0124520995,0.060373496,0.020249736,0.044724155,0.012760384,0.059270926,0.020101324,0.04056536,0.121369354,0.08664815,0.12474477,0.106246114,0.029258994,0.04320202,0.03455876,0.036741823,,0.08672661,0.110871725,0.10155471,0.10957872,0.08403319,0.11363238,0.095643595,0.11326372,0.01943828,0.054986227,0.02569597,0.036242794,0.019386766,0.053466316,0.025547534,0.037784472,0.018244863,0.052170314,0.022993848,0.0346595,0.17923927,0.065275595,0.1613093,0.11160347,0.069460206,0.026156904,0.06303205,0.04960007,0.17642976,0.13421446,0.1773865,0.15396962,0.16811149,0.12152138,0.16902776,0.15324812,0.13859951,0.10790224,0.14255852,0.13866085,0.07041953,0.07339032,0.06944705,0.07248709,0.06589412,0.07449137,0.06614285,0.07248321,0.050212204,0.06874022,0.05121247,0.06326975,0.18066701,0.07997603,0.16815579,0.12107116,0.07578783,0.041998677,0.073537156,0.056602772,0.19496344,0.15634498,0.20164186,0.18253289,0.16215612,0.13942984,0.17057495,0.16747628,0.08423848,0.07889701,0.08865664,0.079638585,0.07816669,0.07791143,0.08380671,0.07989565,0.059601054,0.07234515,0.06726623,0.07005482,0.19291233,0.054275032,0.17305988,0.107573375,0.093705334,0.045128416,0.087569624,0.058936384,0.20584457,0.15076365,0.20376481,0.17138432,0.1977577,0.12710226,0.19696207,0.16525948,0.161224,0.10304983,0.16568576,0.14989391,0.11113402,0.08626705,0.112770535,0.09188506,0.107426345,0.08243629,0.10902336,0.09031171,0.08766525,0.07363083,0.09251302,0.08459728,0.19737259,0.070127696,0.17600583,0.109285496,0.09100315,0.048689093,0.084273204,0.058419056,0.22558211,0.1490942,0.22709139,0.19466214,0.17809735,0.12204273,0.18513165,0.16958171,0.10309093,0.07077246,0.10305879,0.08690607,0.09456256,0.06754221,0.096270055,0.084649004,0.07170245,0.059904266,0.076352924,0.07258754,0.0,0.0068993624,0.0,0.013483757,0.0,0.013507968
R_LO2_ROI,Right,21,0.0037306047,0.011003592,0.0112428265,0.0,0.0050883694,0.0,0.0075755683,0.0,0.008845547,0.0,0.0047842213,0.0067885695,0.0066811,0.0,0.008070754,0.0,0.0044156713,0.0,0.008467316,0.0,0.0065511493,0.0,0.005204732,0.0,0.008681474,0.0,0.0076270993,0.13484496,0.09192582,0.12860163,0.10966751,0.03537694,0.04472004,0.033959623,0.030587832,0.075706095,0.09635024,0.08428803,0.09657689,0.075715296,0.10270117,0.08486059,0.10795945,0.07393416,0.10930447,0.083303265,0.107377484,0.011520993,0.04877666,0.014040079,0.032184955,0.012737382,0.054104593,0.015649265,0.035525884,0.012870276,0.057218064,0.015981069,0.034041237,0.1270406,0.090896875,0.13007498,0.10848099,0.034549035,0.048461415,0.039711323,0.040354006,,0.08663322,0.09415534,0.10385507,0.111157596,0.082501724,0.099615835,0.097240455,0.107903704,0.02319151,0.042551175,0.031061491,0.04214831,0.025152704,0.044817127,0.033241827,0.0445049,0.02368523,0.045050222,0.031304426,0.042193934,0.18935874,0.1005575,0.17632386,0.12994331,0.06668833,0.03224003,0.06413965,0.046544783,0.17590891,0.13522653,0.18093221,0.15643232,0.1722951,0.1336009,0.17927796,0.16383064,0.15068738,0.1308672,0.15817134,0.154432,0.07155989,0.061672293,0.07516804,0.064788796,0.06854459,0.065554716,0.07407871,0.071323544,0.054828964,0.065475956,0.05927337,0.06706276,0.18164814,0.101849854,0.17433658,0.12874416,0.07748049,0.046403978,0.07644603,0.05412605,0.19109072,0.1495457,0.20321998,0.18506257,0.16385667,0.1455234,0.17653947,0.1721082,0.086105265,0.07541735,0.09317454,0.08417939,0.08385968,0.07764932,0.093508035,0.08601616,0.068232924,0.075930074,0.07664488,0.08019926,0.20087096,0.0985779,0.18745244,0.13579695,0.0850167,0.053202134,0.082148954,0.0651199,0.19408143,0.15206854,0.20008768,0.17294297,0.19143528,0.15048985,0.19963881,0.1769568,0.16273467,0.14432858,0.17340568,0.16254748,0.09614749,0.07748309,0.10153882,0.08844066,0.09424763,0.08232328,0.10070124,0.09169796,0.078421436,0.08318027,0.08564803,0.087499894,0.19164936,0.09079986,0.18013051,0.122633666,0.0809315,0.05136922,0.07709142,0.055110477,0.21662346,0.15979579,0.22620311,0.20041606,0.17889106,0.14760408,0.19281231,0.18304478,0.098022245,0.07819683,0.101306655,0.091462195,0.09485216,0.07914686,0.099601105,0.09245691,0.075982496,0.07628474,0.081202716,0.0840311,0.0,0.004695014,0.0,0.007162194,0.0,0.0061393334
R_LO3_ROI,Right,159,0.0049111038,0.011977688,0.012142304,0.0,0.009367201,0.0,0.016258687,0.0,0.014252523,0.0,0.009420483,0.015670674,0.015443811,0.0,0.013247133,0.0,0.009113534,0.0,0.016206717,0.0,0.012471447,0.0,0.010392928,0.0,0.01643364,0.0,0.013095022,0.14122468,0.061130963,0.1307677,0.11036219,0.044508245,0.028929712,0.043106772,0.036689613,0.087041564,0.10728474,0.09559005,0.09807919,0.083170034,0.11043609,0.09038016,0.100735895,0.07800139,0.108497605,0.084126905,0.102686875,0.019140117,0.056145284,0.024024384,0.04341519,0.019270122,0.06250655,0.023958672,0.041388,0.018198706,0.06462267,0.021703722,0.04001737,0.14223377,0.078698166,0.1434328,0.12255518,0.046868652,0.04070646,0.05121625,0.049609717,,0.101185784,0.11813599,0.118053265,0.1212387,0.09532691,0.12124352,0.10863108,0.12174775,0.03336362,0.062487595,0.03963628,0.05762493,0.032406677,0.06303742,0.039564546,0.05765799,0.028972883,0.06248621,0.03581601,0.05304164,0.19528785,0.07007041,0.1760373,0.122497566,0.07456642,0.04231739,0.06921779,0.05194396,0.19651121,0.14751305,0.19711636,0.17164189,0.18823153,0.13414694,0.19146338,0.16769288,0.15956523,0.11795146,0.16170822,0.1530019,0.08067001,0.07438135,0.07977307,0.08191517,0.077346765,0.07885491,0.0776354,0.08004122,0.062098715,0.07757401,0.06252346,0.07166166,0.20098576,0.073213674,0.18477678,0.1345527,0.09201854,0.047555115,0.086648636,0.06543544,0.21684769,0.16385083,0.22726548,0.2030829,0.18189302,0.15092237,0.19066642,0.18429206,0.101660244,0.086926684,0.10467518,0.101198845,0.0954466,0.08673494,0.09996206,0.09998101,0.07515059,0.08070511,0.081647895,0.08949988,0.19708267,0.04807444,0.17427811,0.106874816,0.086572714,0.044779323,0.08001652,0.054917183,0.2058985,0.13727261,0.20245126,0.17620693,0.19952267,0.115826555,0.19913243,0.17223606,0.16451181,0.095353656,0.1655472,0.14984614,0.10537178,0.06687841,0.10355264,0.08627929,0.10322677,0.06900247,0.10254239,0.0838679,0.08543287,0.06822216,0.086259186,0.076055996,0.21523859,0.066718824,0.19116451,0.12507518,0.09693784,0.05163721,0.08723069,0.05924416,0.2490691,0.17729987,0.25469312,0.22660471,0.20139948,0.15410519,0.20792054,0.19644915,0.113428965,0.07520106,0.11188794,0.09634806,0.105560295,0.07197601,0.10506152,0.09272868,0.081964515,0.06372065,0.084169336,0.082044065,0.0,0.010146168,0.0,0.014042498,0.0,0.012262756
R_MBelt_ROI,Right,173,0.029724615,0.0050636046,0.0034512882,0.0,0.010748849,0.0,0.003840522,0.0,0.0029631923,0.0,0.012777188,0.003341138,0.004803276,0.0,0.002980522,0.0,0.010107695,0.0,0.0059432485,0.0,0.0027176775,0.0,0.010005377,0.0,0.0051389737,0.0,0.0034499147,0.18354891,0.11857049,0.18186738,0.15295556,0.09188992,0.055845466,0.09058028,0.07515946,0.1936921,0.2256107,0.23536909,0.25019377,0.16522288,0.21601829,0.19860268,0.2265127,0.12839879,0.18795098,0.15642384,0.1874677,0.09560807,0.09975347,0.11832011,0.12665239,0.078433216,0.09642459,0.09808288,0.11939536,0.05634701,0.08684117,0.073730156,0.100854084,0.14810254,0.08224189,0.14016007,0.10503064,0.06262046,0.047191206,0.054427065,0.04509459,,0.14522661,0.14449069,0.16237006,0.17549135,0.11272693,0.12658086,0.12641704,0.14425915,0.0761899,0.080655985,0.078398526,0.08744111,0.06308438,0.0782686,0.06694281,0.081263855,0.044874225,0.070662424,0.0496259,0.06618278,0.13759811,0.066813104,0.1378505,0.10812367,0.042476676,0.024494356,0.03910941,0.03600157,0.14420713,0.14923818,0.16762948,0.18427254,0.12523079,0.14677253,0.1456431,0.16450618,0.102283694,0.12858944,0.11931378,0.13555264,0.043944918,0.057128925,0.047086786,0.071706995,0.03584344,0.054698218,0.03907971,0.06802599,0.025463955,0.04844641,0.02828545,0.0573965,0.1295102,0.05307895,0.12860034,0.09633869,0.04915872,0.03380099,0.050702155,0.042511523,0.13749385,0.13551976,0.1574186,0.1646025,0.113199,0.122653335,0.12883322,0.13444816,0.06366682,0.07283197,0.07518953,0.08606393,0.05502036,0.07044245,0.06549567,0.078620605,0.040838946,0.06398703,0.050952487,0.06341315,0.0799365,-0.008287604,0.07471202,0.03955168,0.01426304,-0.010645348,0.012548826,-0.0010155457,0.060795557,0.033515632,0.063526824,0.06029117,0.05682131,0.03968589,0.058760103,0.052549187,0.051487677,0.03242973,0.054438833,0.041419916,0.014231918,0.00030797135,0.016066799,0.011047968,0.011685588,-0.0011451233,0.011738697,0.00939209,0.007417609,-0.0014772208,0.00778282,0.0052487883,0.08700729,0.0309729,0.08726464,0.06290055,0.01621905,0.013177773,0.017462984,0.01623271,0.082190335,0.08835446,0.093008816,0.09534078,0.07419034,0.081757136,0.08355565,0.081797116,0.017957756,0.028161552,0.021712396,0.026913391,0.016397152,0.0280865,0.019938022,0.024754196,0.0123852035,0.025178537,0.016006503,0.020935591,0.0,0.011263392,0.0,0.007231726,0.0,0.0029720648
R_MIP_ROI,Right,50,0.008647799,0.0075290343,0.007434426,0.0,0.0056035114,0.0,0.005935522,0.0,0.0045290734,0.0,0.006968889,0.005336221,0.0068433406,0.0,0.0058715246,0.0,0.0057754973,0.0,0.005075172,0.0,0.004855431,0.0,0.0056006974,0.0,0.0062810825,0.0,0.004853178,0.13425888,0.05387074,0.12161328,0.093320794,0.011749211,0.012631952,0.009317874,0.0027932283,0.0964359,0.062035136,0.09894187,0.08773207,0.09208077,0.062334288,0.09559321,0.08342338,0.08445056,0.06411447,0.085819654,0.07894044,0.011952366,0.012664923,0.00857094,0.003665247,0.00938276,0.014720578,0.0066907434,0.004888044,0.0071978127,0.016212568,0.0048976755,0.004532512,0.11394242,0.041948233,0.10694107,0.07993061,0.005916417,0.02242978,0.005750236,0.013101144,,0.086206265,0.039204147,0.0919341,0.080246866,0.07646566,0.04298561,0.07914931,0.07345914,0.008289745,0.010207138,0.00766716,0.009099305,0.0071373126,0.0117510995,0.0069664405,0.008730156,0.005214654,0.013518296,0.005687735,0.0071125505,0.14084382,0.05334655,0.12956724,0.09549063,0.0239585,0.008188398,0.023695663,0.007896626,0.13479696,0.082385905,0.1346533,0.1167738,0.124908976,0.079226315,0.12715927,0.108803794,0.10636655,0.074431114,0.10844143,0.09809062,0.030956028,0.017416077,0.033113297,0.023088994,0.027195008,0.018584583,0.029804261,0.022334738,0.021350294,0.020024048,0.023650233,0.017847866,0.13208714,0.05259653,0.12000103,0.09358471,0.022509765,0.015310763,0.021067891,0.017586753,0.13076748,0.08039081,0.13430785,0.12207342,0.11270203,0.0794342,0.11450772,0.10879113,0.030888136,0.019528123,0.031159107,0.029225457,0.027558338,0.020405548,0.028496912,0.028634423,0.021659983,0.020754112,0.022712173,0.023761913,0.12835729,0.018175943,0.11637883,0.07790809,0.022884393,-0.0030645218,0.021364093,0.0109078875,0.11484094,0.066194706,0.11362053,0.08955326,0.1067395,0.06447136,0.10633921,0.08625894,0.09047676,0.057708327,0.09038652,0.079502515,0.01831464,0.017318314,0.01951955,0.017164273,0.017771786,0.015230913,0.019123273,0.018531289,0.015895577,0.0126006985,0.016998993,0.016944855,0.13420711,0.043397423,0.121828675,0.090986796,0.026774157,0.018104907,0.025595313,0.021283137,0.1317337,0.084814444,0.13330543,0.12083538,0.113434836,0.08071353,0.11461971,0.1120218,0.034112744,0.029009944,0.03582961,0.032746017,0.03007525,0.027937662,0.031727556,0.033550452,0.023020562,0.025555354,0.024816219,0.030428562,0.0,0.006770357,0.0,0.005943786,0.0,0.0035872979
R_MI_ROI,Right,109,0.0047150394,0.00041871605,0.0003513041,0.0,0.0011797344,0.0,0.00034514602,0.0,0.001994224,0.0,0.002091642,-0.000112722846,0.0012661979,0.0,0.0032399185,0.0,0.0025032854,0.0,0.0018784184,0.0,0.0027470342,0.0,0.0025473342,0.0,0.0013353145,0.0,0.002888774,0.14923002,0.11914792,0.17091194,0.18223783,0.020677906,0.016729206,0.026886972,0.024904935,0.08667207,0.13837253,0.11756539,0.14505541,0.08962882,0.1434232,0.11963209,0.15161051,0.08590162,0.13790391,0.11397086,0.1564799,0.013377281,0.022433892,0.020071084,0.024783999,0.01364067,0.024527969,0.019721132,0.026053159,0.013090362,0.024179183,0.01943393,0.024618521,0.13336179,0.11366117,0.14950356,0.15371737,0.021454575,0.033140775,0.02317908,0.027706586,,0.09198318,0.13434625,0.11996101,0.14659576,0.08525185,0.13192387,0.11199283,0.14806758,0.01696977,0.032669846,0.022487298,0.033719484,0.016376857,0.033430446,0.022737196,0.03422048,0.015433054,0.032249987,0.021429557,0.030371897,0.16571547,0.11915792,0.18137941,0.17050768,0.028998792,0.017283667,0.033613082,0.022584204,0.12656415,0.13801408,0.14549099,0.15171565,0.1304948,0.14000763,0.15027098,0.16103552,0.11948471,0.13283134,0.13983369,0.16179332,0.027116232,0.027231783,0.033825718,0.033063654,0.028267944,0.027968539,0.035123434,0.03511571,0.024375563,0.025877763,0.03044573,0.03158188,0.16108023,0.12067752,0.17413795,0.1621606,0.034122735,0.03656599,0.038028628,0.036095828,0.15281107,0.15415998,0.17725006,0.183931,0.1394107,0.1495234,0.1650127,0.18654215,0.03904548,0.0432355,0.050327774,0.053502295,0.039603733,0.04359659,0.05084049,0.05471339,0.033299867,0.04099072,0.04302768,0.048815273,0.14233269,0.08481016,0.15113485,0.135443,0.025258148,0.005718003,0.025663605,0.017185941,0.10916878,0.10673427,0.12252925,0.11014235,0.11303601,0.10550153,0.12728108,0.12205516,0.10200977,0.0989315,0.11593938,0.12338853,0.02327767,0.018887194,0.02671212,0.02580328,0.024278278,0.019295428,0.028768003,0.02864546,0.021313135,0.019208388,0.02409929,0.027516633,0.15913673,0.10429686,0.16656642,0.14512755,0.038684953,0.029791567,0.039711617,0.036909793,0.15469596,0.14134812,0.17440116,0.16567037,0.14128433,0.13195072,0.1605678,0.16687812,0.037474602,0.030120667,0.042702843,0.042679287,0.0387773,0.030176573,0.04465383,0.044585496,0.033292234,0.028283233,0.037801433,0.042229444,0.0,0.002618549,0.0,0.0011386115,0.0,0.0017466205
R_MST_ROI,Right,2,0.0056594214,0.0067732125,0.0068275617,0.0,0.0060406965,0.0,0.0062858383,0.0,0.0030742232,0.0,0.0055505335,0.0056378827,0.0056541995,0.0,0.0022660696,0.0,0.004631554,0.0,0.008287252,0.0,0.0024925657,0.0,0.00482762,0.0,0.0072376155,0.0,0.0023934946,0.13896969,0.08475592,0.13279362,0.112404585,0.022971243,0.020341681,0.023539275,0.026154386,0.08793544,0.1270559,0.09523493,0.11383472,0.082962096,0.12670135,0.094058156,0.11211518,0.07964965,0.12059656,0.087633625,0.112822235,0.0041310056,0.03436438,0.0071842317,0.026105646,0.003403671,0.034228712,0.007367078,0.024042208,0.0038401068,0.03156757,0.00684588,0.02028038,0.12472877,0.049849562,0.121431865,0.08505297,0.020486956,0.020410731,0.024634166,0.023035498,,0.094269276,0.08701034,0.10529216,0.1056262,0.08919248,0.08257571,0.098453104,0.10421765,0.015497104,0.03549171,0.018994091,0.027336601,0.0144157065,0.033080034,0.019226955,0.027391493,0.014514719,0.02940956,0.018813765,0.025426026,0.16750589,0.060482364,0.15579186,0.10554621,0.046779368,0.02092327,0.043275807,0.035158306,0.16931267,0.1369279,0.17572558,0.16101348,0.15884191,0.13312908,0.1657431,0.15397412,0.13477416,0.12175474,0.14158918,0.14078888,0.049081508,0.052728184,0.050212357,0.05607558,0.045442414,0.050825518,0.04596631,0.056480892,0.03488554,0.04590996,0.035940915,0.04984468,0.15389314,0.031011367,0.14279138,0.08415296,0.057728022,0.033479642,0.05607733,0.03920999,0.17017217,0.10808967,0.17722201,0.15260644,0.14175946,0.09470605,0.15267752,0.13627265,0.068249166,0.05944173,0.073099256,0.0693137,0.06138753,0.057244107,0.06809156,0.06778719,0.048234407,0.053042542,0.055633217,0.060794823,0.16112399,0.017810345,0.14736027,0.08157629,0.050294697,0.028317057,0.049869057,0.03402924,0.17103113,0.11066314,0.17890108,0.14471437,0.16056101,0.106676705,0.16622697,0.14041768,0.13178612,0.09662349,0.13949081,0.122987896,0.063244365,0.046329543,0.069071874,0.061112285,0.058912955,0.045699038,0.064614974,0.060299866,0.046302848,0.043227278,0.052392293,0.053972613,0.14921153,0.023185685,0.13562325,0.07141596,0.052656148,0.026767626,0.04953703,0.03215114,0.18094106,0.10875403,0.18640806,0.14994793,0.1456305,0.09048307,0.1551882,0.13074398,0.07053437,0.051525433,0.07535743,0.065989114,0.06518481,0.048265878,0.06982321,0.06376736,0.05044809,0.043092143,0.055009987,0.056367986,0.0,0.007028422,0.0,0.0064458437,0.0,0.002142419
R_MT_ROI,Right,23,0.0050647855,0.0049403375,0.0049468996,0.0,0.002283345,0.0,0.003828137,0.0,0.0028804468,0.0,0.0029637816,0.003852914,0.0041794875,0.0,0.0026947933,0.0,0.0021606814,0.0,0.0036107816,0.0,0.002890396,0.0,0.0041763685,0.0,0.0035211234,0.0,0.0030652494,0.1137775,0.023041416,0.10526949,0.07877913,0.022294668,0.005306781,0.020170035,0.014024685,0.055860627,0.05002784,0.06142315,0.07177346,0.056314446,0.049340826,0.060600292,0.06689838,0.055178005,0.038236454,0.057914592,0.06240577,0.00011436694,0.01920421,0.0027729706,0.014222758,-0.0006869185,0.021787057,0.00063607923,0.013941927,-0.0015840483,0.021621171,-0.0013129438,0.010931747,0.095471926,0.033963595,0.093802914,0.067108065,0.017875487,0.004309121,0.02399153,0.017956993,,0.07094208,0.04682554,0.08036176,0.07794148,0.068350405,0.039183218,0.07527026,0.070234686,0.015533876,0.023515787,0.019701887,0.028858325,0.015471214,0.02362673,0.019776382,0.02533282,0.013761566,0.020802535,0.017995767,0.02168648,0.14370278,0.028038735,0.13315171,0.086661205,0.043715715,0.018605001,0.040313665,0.028170094,0.1289242,0.06905083,0.13003385,0.12023451,0.12378088,0.06649629,0.12635538,0.112153396,0.10736933,0.05237902,0.11138506,0.09902532,0.04014612,0.038329475,0.039318766,0.040697962,0.039238453,0.03771564,0.037272744,0.03848658,0.030400546,0.034278166,0.028920786,0.032312386,0.11121481,0.024135161,0.10418335,0.065444164,0.037717648,0.016512837,0.03848031,0.027429577,0.12213089,0.057481926,0.12977064,0.11489398,0.105181254,0.046027854,0.1137942,0.0988057,0.041245237,0.0370068,0.045781203,0.050735097,0.039459854,0.038431533,0.044456396,0.04896047,0.03160735,0.03661185,0.036507767,0.040950958,0.14585039,0.0084075825,0.13232851,0.07258819,0.05237785,0.013481102,0.049904887,0.030816112,0.13532284,0.0614412,0.13628033,0.116792805,0.12922017,0.0595283,0.13018742,0.11154186,0.108912244,0.051804498,0.11294075,0.098824516,0.056230552,0.025519844,0.055400234,0.03890541,0.05591102,0.028273229,0.054492265,0.038074765,0.045372922,0.02889934,0.04661452,0.03553286,0.11635345,0.017184779,0.10601391,0.060310833,0.032657504,0.01644737,0.030464578,0.019373313,0.135868,0.07709354,0.14239958,0.12413379,0.11260869,0.063425384,0.1210566,0.10776214,0.04185399,0.027377686,0.043943547,0.038972348,0.038145274,0.028497055,0.040991466,0.039516132,0.028364604,0.027146745,0.031326525,0.03434177,0.0,0.004831713,0.0,0.0035686628,0.0,0.0021587033
R_OFC_ROI,Right,93,0.011616469,0.0030965211,0.0026600119,0.0,0.009095305,0.0,0.009243646,0.0,0.008872725,0.0,0.011064097,0.0091283,0.011232064,0.0,0.012340358,0.0,0.007240298,0.0,0.013497173,0.0,0.0108119035,0.0,0.008025819,0.0,0.014752904,0.0,0.012308175,0.108272426,0.078958206,0.13293265,0.14356613,0.030420182,0.018065752,0.035678424,0.038938176,0.043432478,0.11698533,0.067373894,0.09356964,0.042763654,0.112512834,0.06815588,0.09997637,0.043435816,0.10837297,0.06770164,0.10412638,0.0032823593,0.039565984,0.007478408,0.0137389805,0.002297575,0.0394651,0.008535736,0.017292943,0.0032912341,0.03855542,0.0063094376,0.018190717,0.1056387,0.121260755,0.14010942,0.1654482,0.013036945,0.04819968,0.022398042,0.037468795,,0.06657372,0.13227393,0.09847119,0.12611583,0.06780304,0.1311092,0.09802402,0.1314572,0.0091603035,0.04035469,0.014963556,0.024590207,0.009383229,0.039225522,0.01633954,0.025335174,0.0092353765,0.037856795,0.014022187,0.025194634,0.118575096,0.07572425,0.14645852,0.14308318,0.029403327,0.008586264,0.032795332,0.031193089,0.0584951,0.110248454,0.084438026,0.11189126,0.057839338,0.10573905,0.08403767,0.11468887,0.05743074,0.102374084,0.08471475,0.11675851,0.0068901773,0.0370456,0.009012437,0.019958733,0.004819374,0.03658681,0.007565422,0.020916881,0.003348984,0.03254885,0.0038813504,0.020600067,0.120452195,0.12638946,0.15646967,0.17069782,0.025900245,0.040135704,0.03813524,0.050431527,0.09617119,0.15775524,0.13452938,0.16626726,0.09659719,0.15771174,0.13589165,0.1686203,0.019755278,0.054969016,0.029516567,0.041709933,0.019187776,0.053039756,0.030536177,0.042191092,0.018742574,0.0505892,0.028044699,0.0404152,0.13203205,0.09448497,0.16224827,0.15549532,0.046268854,0.026207386,0.057195123,0.051673498,0.07257878,0.11983467,0.10343842,0.12503433,0.07272787,0.11704814,0.10542841,0.13090302,0.07252456,0.11616774,0.105258696,0.12932003,0.026115488,0.04255407,0.03851186,0.048737172,0.025719373,0.045311455,0.04076537,0.052872695,0.024430895,0.04277173,0.037730273,0.048929643,0.12425386,0.13104916,0.15548058,0.1642743,0.031343173,0.04362267,0.042213906,0.049961094,0.09449137,0.1547751,0.12741973,0.15734906,0.0936014,0.15663181,0.12919413,0.15416302,0.021839887,0.048417177,0.031363554,0.04315081,0.022069128,0.04779583,0.032223944,0.04400477,0.021107584,0.04673091,0.030892354,0.042025153,0.0,0.010504506,0.0,0.013113215,0.0,0.009447374
R_OP1_ROI,Right,101,0.0022359442,-0.0049954583,-0.0051900814,0.0,0.00089184457,0.0,0.0004416755,0.0,0.00044503566,0.0,0.0014323916,0.00030309634,0.001043776,0.0,0.00071036076,0.0,0.0011966635,0.0,0.0013341687,0.0,0.0012565273,0.0,0.0010297302,0.0,0.0018291209,0.0,0.0014369271,0.07922901,0.04925523,0.08397834,0.09025973,0.0102022085,0.01875371,0.009691789,0.013667035,0.059318174,0.06867742,0.07150215,0.093530655,0.055786718,0.06920015,0.069087505,0.09466902,0.05170096,0.06757433,0.062243868,0.07792578,0.012447208,0.011866907,0.016909957,0.026470339,0.011379983,0.013561684,0.016258685,0.020571426,0.009273232,0.015443488,0.010681549,0.012058719,0.07179755,0.04118615,0.07697518,0.07792412,0.010944625,0.016385289,0.010667607,0.012820362,,0.057268728,0.06672245,0.06529934,0.07989286,0.053802382,0.066952094,0.06308888,0.07288522,0.011721943,0.014123334,0.013270834,0.021860376,0.0113444105,0.018072085,0.012730965,0.01617724,0.009168758,0.019441396,0.00969895,0.012990028,0.100999035,0.09420026,0.104961164,0.10087575,0.014756089,0.0069901724,0.01299009,0.014734768,0.09779543,0.10294927,0.11121311,0.12449946,0.091254786,0.101738855,0.10624135,0.11930852,0.07952463,0.10336548,0.09088662,0.10562072,0.0202848,0.030066015,0.02218683,0.036769953,0.018819137,0.027756989,0.019858133,0.032534424,0.014066329,0.025144996,0.013273202,0.024933446,0.096480004,0.07329904,0.10307935,0.09236997,0.019982666,0.017384624,0.019191952,0.01586072,0.10551392,0.10716858,0.12436938,0.13350423,0.0928439,0.107217394,0.11119056,0.12090629,0.031300995,0.03460795,0.037512194,0.046148654,0.028509114,0.0339789,0.034004394,0.038326822,0.020548066,0.032407843,0.024627853,0.031457912,0.09741081,0.08968848,0.103662536,0.08932358,0.010280893,0.008577877,0.009446861,0.004312448,0.093116015,0.101553574,0.10724288,0.10792266,0.08649963,0.09889091,0.10300457,0.101542205,0.07345508,0.106017,0.08773539,0.09630889,0.019161014,0.026722478,0.023232348,0.029373942,0.016948637,0.025862647,0.020582609,0.023036392,0.010250868,0.026236713,0.012478669,0.018156687,0.103816755,0.075572446,0.111779206,0.09251107,0.021814583,0.018214956,0.022384161,0.020979103,0.116706,0.12555704,0.14006732,0.14544615,0.10123838,0.12734865,0.12389234,0.13603859,0.030591477,0.035280697,0.03497373,0.03809351,0.027580585,0.033718377,0.03227968,0.035722006,0.02052024,0.032884084,0.025085354,0.03298661,0.0,0.0013536356,0.0,0.001901408,0.0,0.0011207666
R_OP2-3_ROI,Right,102,0.009235093,0.0027428432,0.0024083767,0.0,0.0013627196,0.0,0.0021005454,0.0,0.0041256286,0.0,0.0019045444,0.0010998688,0.0026588703,0.0,0.0054063215,0.0,0.0017079265,0.0,0.003560912,0.0,0.0057004555,0.0,0.0014549642,0.0,0.003157248,0.0,0.00592392,0.06567001,0.0734709,0.08131504,0.08996755,0.024520814,0.004724685,0.026991438,0.01770682,0.04460748,0.08414025,0.06442705,0.082427695,0.0393113,0.073729016,0.05598979,0.075697444,0.038371652,0.07103417,0.050884664,0.076470844,0.015280564,0.03369864,0.021518854,0.017018896,0.011541143,0.033651687,0.015832609,0.017490415,0.009733292,0.031073479,0.013981375,0.014809559,0.058304492,0.08818147,0.07628759,0.095368035,0.019287303,0.022359228,0.025083344,0.03150979,,0.04522517,0.10137665,0.06609777,0.0982864,0.041194864,0.10658911,0.05941947,0.097949125,0.022545869,0.044404667,0.03371631,0.042906445,0.016550647,0.045032505,0.026195658,0.042054657,0.012653636,0.046894547,0.020972492,0.04040886,0.07318037,0.08251326,0.094885714,0.096073925,0.026603729,0.0028084663,0.032162473,0.010810755,0.05389102,0.09949891,0.08008231,0.101916924,0.04935296,0.0969807,0.07255505,0.093384154,0.047579564,0.090749525,0.07070797,0.08842955,0.01640687,0.028876975,0.024968443,0.018429123,0.011460028,0.026821945,0.019576905,0.014181289,0.009310505,0.02314103,0.015417864,0.011223017,0.059067134,0.07355672,0.07781374,0.09163501,0.017124997,0.014873408,0.021557596,0.022772165,0.053832076,0.095234506,0.0784917,0.10185247,0.050730307,0.0914863,0.07273001,0.09362756,0.023870021,0.038130265,0.033628978,0.040368397,0.018796466,0.03668931,0.028036918,0.038483936,0.0141466325,0.034001276,0.021285215,0.032762814,0.0649139,0.030981066,0.079101615,0.070446685,0.026725529,-0.015295218,0.028599607,0.010989192,0.040731825,0.053448863,0.05665056,0.07207155,0.037175756,0.05908073,0.052892067,0.06705987,0.03268973,0.054091897,0.048519738,0.05430386,0.012958007,0.012188778,0.018406138,0.016962701,0.00994592,0.010076778,0.015826248,0.013523989,0.006146467,0.0052919225,0.008909235,0.009233142,0.05182002,0.031208334,0.064305104,0.067479186,0.011038759,0.009965412,0.011704495,0.012437589,0.044946738,0.058975898,0.06252566,0.073848076,0.04123935,0.050797347,0.058368295,0.061620053,0.013340949,0.020159869,0.01670141,0.020463636,0.011652539,0.018684767,0.0152798565,0.019047381,0.008674561,0.016787764,0.011152844,0.015269387,0.0,0.0010758863,0.0,0.0034952397,0.0,0.0032701087
R_OP4_ROI,Right,100,0.020067973,-0.0042981864,-0.0052101854,0.0,0.011125229,0.0,0.0062278705,0.0,0.0010448741,0.0,0.01337955,0.006020249,0.0069078943,0.0,0.0014678837,0.0,0.011802168,0.0,0.0074958326,0.0,0.0022339898,0.0,0.012214709,0.0,0.007417255,0.0,0.0037144623,0.1657014,0.090079874,0.1644851,0.1435987,0.05091518,0.048501603,0.047382805,0.041809313,0.14409538,0.16215405,0.17016512,0.18568711,0.12677903,0.1617471,0.15236127,0.18223171,0.10559905,0.14506724,0.12819979,0.16247118,0.051218662,0.04896108,0.07093949,0.07477604,0.03959397,0.046009846,0.055382665,0.06697369,0.026068801,0.04305804,0.037634287,0.05329044,0.16858837,0.08735819,0.16589056,0.13599946,0.053522617,0.034415692,0.046248734,0.030758407,,0.15548944,0.16119279,0.17727792,0.18970454,0.12911129,0.15372275,0.1490029,0.17200364,0.07510497,0.04430107,0.07904496,0.06548357,0.059262563,0.042556107,0.062824376,0.059599698,0.03997325,0.040985525,0.04371048,0.049363215,0.1546758,0.075897224,0.15371144,0.12640528,0.030550955,0.010908692,0.024996439,0.021485977,0.151245,0.14403275,0.1653113,0.17660856,0.13824601,0.13942765,0.15439747,0.16586468,0.11819793,0.12412811,0.13481691,0.14541902,0.025227964,0.031045085,0.026155004,0.050669372,0.021094637,0.02760795,0.022868177,0.044579085,0.015444085,0.022233114,0.016752494,0.034823235,0.163296,0.086210586,0.16728044,0.1354068,0.049373586,0.033629496,0.04892431,0.032934576,0.18012436,0.17700936,0.20546333,0.2127643,0.15489711,0.16446196,0.18067832,0.19254777,0.076789126,0.05829364,0.08512614,0.08198979,0.06463502,0.054486003,0.075266175,0.075681575,0.046481095,0.04982487,0.056738548,0.06511138,0.122468844,0.048712086,0.12065937,0.08623994,0.010923224,-0.0028028383,0.008013771,-0.0010972583,0.10682609,0.09597132,0.11417565,0.10550425,0.103335835,0.088997595,0.11036504,0.09528812,0.09159219,0.07455766,0.10009503,0.08720689,0.012911187,0.010844395,0.015700337,0.023777872,0.011008314,0.008376566,0.013848939,0.017416237,0.007736406,0.006855378,0.008928151,0.011093099,0.13630691,0.058627505,0.13804676,0.105412364,0.027575817,0.023255136,0.027524717,0.021127237,0.14370899,0.1406466,0.1570795,0.1550052,0.13047294,0.12757279,0.14871728,0.14705145,0.033430107,0.03394601,0.037313998,0.043582305,0.032363705,0.032392595,0.036208775,0.03983593,0.026732692,0.030809766,0.030886468,0.034931097,0.0,0.011278494,0.0,0.007546797,0.0,0.0031786282
R_PBelt_ROI,Right,124,0.029993864,0.006628632,0.004460045,0.0,0.007426182,0.0,0.0033818956,0.0,0.0016892342,0.0,0.008896857,0.0015641606,0.003082257,0.0,0.0009946451,0.0,0.0085284235,0.0,0.003735591,0.0,0.0015470068,0.0,0.008068818,0.0,0.0038002732,0.0,0.0013231953,0.21588685,0.115307085,0.19899492,0.16144,0.11445475,0.04774496,0.10204195,0.07439082,0.23927481,0.22602169,0.26720124,0.26177874,0.21141626,0.2247052,0.23439218,0.24734499,0.16190588,0.2023679,0.17828763,0.2040267,0.13735414,0.096848436,0.14900066,0.1426185,0.117133014,0.09315207,0.12910879,0.13426188,0.08308225,0.08361947,0.093028545,0.10649854,0.16247259,0.103485115,0.14655341,0.10793578,0.063089386,0.02755504,0.0513074,0.030613938,,0.16322218,0.1614945,0.17651509,0.18254961,0.12782538,0.15614809,0.13845922,0.15566063,0.07521861,0.07433445,0.07495014,0.07148498,0.06716622,0.07283228,0.06795454,0.07016837,0.047713663,0.06270403,0.04919151,0.058007244,0.15514661,0.066706285,0.14758776,0.11263453,0.05531637,0.019029027,0.04859731,0.040116932,0.17484699,0.15095045,0.190372,0.19396351,0.15607929,0.15100168,0.17112134,0.17964421,0.12260143,0.13693593,0.13464043,0.15033098,0.06843774,0.055158,0.06839126,0.08025849,0.059218045,0.053255085,0.060200434,0.080254026,0.04195473,0.045482043,0.042645212,0.06801622,0.1357404,0.072453,0.12852402,0.08892716,0.04543471,0.019533534,0.04392162,0.029968651,0.15284654,0.13390335,0.16654935,0.16530876,0.12268666,0.12752728,0.13393071,0.13945052,0.060954574,0.064756386,0.06935154,0.07506798,0.055829983,0.0631861,0.064086094,0.071466975,0.040705852,0.054613274,0.047495294,0.058220085,0.082775295,0.012834276,0.076074466,0.04654259,0.011424075,-0.008376213,0.010768083,0.00167062,0.07003106,0.02773458,0.06867982,0.058681842,0.06570393,0.034700934,0.063472144,0.053316776,0.05778728,0.035101764,0.059416752,0.045894172,0.01425241,0.0027054471,0.0149166025,0.011387543,0.011275233,0.001366999,0.012136069,0.011896667,0.0073176925,0.00019580568,0.008714586,0.0077954927,0.08209758,0.035963707,0.07738497,0.047992248,0.0082048625,0.0068898164,0.009213603,0.008316425,0.08678005,0.06544054,0.088080816,0.077884264,0.07522391,0.0645901,0.07943886,0.07181419,0.013395883,0.021807969,0.015557776,0.019091276,0.011419654,0.019942341,0.013898258,0.0186262,0.008406647,0.015376891,0.010360652,0.01619501,0.0,0.008311165,0.0,0.005420691,0.0,0.002271361
R_PCV_ROI,Right,27,0.0064554396,0.0070461174,0.0069994903,0.0,0.013742691,0.0,0.015554456,0.0,0.009342834,0.0,0.014761702,0.014047088,0.01531315,0.0,0.010710254,0.0,0.01107476,0.0,0.014565888,0.0,0.0075224484,0.0,0.013801015,0.0,0.01463869,0.0,0.009464981,0.18269351,0.1648545,0.18219462,0.18004557,0.054711163,0.032725476,0.05828673,0.049037904,0.113266446,0.1589463,0.13216229,0.15973961,0.11110978,0.15575078,0.12968059,0.16561866,0.104872204,0.15642667,0.12357409,0.15884387,0.033154443,0.052054904,0.04612833,0.05493924,0.032300655,0.049408708,0.04605752,0.05755645,0.028928999,0.046356495,0.042544477,0.056480385,0.1794658,0.15468189,0.18846203,0.1642009,0.057591777,0.04818472,0.060718767,0.048081636,,0.13028672,0.16345,0.15705036,0.171974,0.1250367,0.16571179,0.15259065,0.16857527,0.043130215,0.061169717,0.049192697,0.056586273,0.042848676,0.057563473,0.050759494,0.05841539,0.037903342,0.052185647,0.045960687,0.054317985,0.23152392,0.1682075,0.22412856,0.1974181,0.07201963,0.04054465,0.06969123,0.055368215,0.18239717,0.20085828,0.19689783,0.20472291,0.17935455,0.19565521,0.19462636,0.20786409,0.16226287,0.18957733,0.17802823,0.19594027,0.060600705,0.07745967,0.06698487,0.07248914,0.058930967,0.073485784,0.06599085,0.07376614,0.049763616,0.06692045,0.056508273,0.069092296,0.21714309,0.15399978,0.21272501,0.1764276,0.09075473,0.059030626,0.09141486,0.06992298,0.2046331,0.20132546,0.22344887,0.22263646,0.18690024,0.19812165,0.20625181,0.21605627,0.08953492,0.0943659,0.09990191,0.09879141,0.08772028,0.09223843,0.09933177,0.0984955,0.07412651,0.08537513,0.08583849,0.09089179,0.21656033,0.12971425,0.20739332,0.17500864,0.065919,0.035820045,0.06234878,0.04817629,0.16531636,0.1789088,0.17468971,0.17373703,0.16307198,0.17395891,0.1734629,0.17320442,0.1461562,0.16670488,0.15618214,0.1642965,0.060643308,0.06938388,0.06618563,0.06577592,0.058640905,0.06861553,0.065159805,0.066419244,0.050752632,0.06366167,0.05657391,0.061799414,0.21749413,0.12830247,0.20611766,0.16355194,0.08435063,0.06646502,0.08081427,0.063258186,0.20450604,0.19368695,0.21355101,0.19818985,0.18373343,0.18637708,0.19218066,0.1933972,0.087650195,0.08454395,0.09213808,0.08532398,0.08419019,0.083261974,0.08831889,0.08300763,0.07040062,0.078623414,0.07466629,0.07734182,0.0,0.014795884,0.0,0.017376466,0.0,0.008381686
R_PEF_ROI,Right,11,0.0033449898,0.006235722,0.0064975396,0.0,0.0022762509,0.0,0.0021309536,0.0,0.0031322942,0.0,0.0028277393,0.002683429,0.0018867053,0.0,0.0031813646,0.0,0.004773614,0.0,0.0030973447,0.0,0.0034002124,0.0,0.002690798,0.0,0.0036105444,0.0,0.002458026,0.12138163,0.082743,0.121980906,0.10648559,0.02316785,0.038859434,0.023462832,0.024048181,0.0790646,0.12565507,0.09129439,0.10307239,0.0759939,0.12225883,0.09246802,0.10191882,0.07250023,0.11180928,0.08565087,0.106120445,0.019371724,0.03827823,0.02190058,0.030514143,0.019259244,0.04204785,0.022788389,0.02810928,0.018371081,0.042685956,0.02037475,0.025187967,0.106641695,0.064093225,0.108827196,0.08520502,0.016497504,0.041238833,0.020017719,0.02367182,,0.07122904,0.09671523,0.08273076,0.09197234,0.068757705,0.09069555,0.080601156,0.09264689,0.01405096,0.03535329,0.01773484,0.02695674,0.013919507,0.0369722,0.018870417,0.025985142,0.013221547,0.036436826,0.017421857,0.023327803,0.13989057,0.07860052,0.13409348,0.10357632,0.041857086,0.039209478,0.0409148,0.03349394,0.14422394,0.12640584,0.14720961,0.13707992,0.129669,0.11716474,0.13823913,0.13116337,0.10740773,0.10711796,0.11714446,0.12237255,0.0471473,0.04604331,0.050430186,0.04939601,0.04363901,0.047499128,0.049166728,0.046946168,0.035475023,0.046163917,0.039183006,0.042360194,0.1390381,0.07190218,0.1350209,0.10162777,0.041732684,0.03445247,0.042281475,0.0345064,0.14107892,0.10794387,0.14996266,0.14188884,0.11672021,0.09898657,0.12833045,0.13058378,0.050977137,0.04038831,0.055819154,0.051807094,0.045233753,0.042139165,0.052573472,0.051243953,0.03417031,0.040134747,0.040759724,0.045855816,0.12755501,0.05284769,0.116497755,0.07985455,0.03243932,0.019471226,0.029914636,0.019797558,0.13692538,0.08414243,0.13758892,0.11294997,0.12063156,0.078396626,0.12612367,0.1090705,0.095080316,0.07227546,0.10114278,0.098777235,0.038827,0.029397996,0.04071501,0.03608617,0.035524216,0.03224081,0.03955618,0.035651196,0.02823938,0.032436065,0.03139514,0.03269392,0.13826153,0.06741781,0.12877014,0.09076471,0.044758357,0.03155989,0.04437801,0.034747273,0.1488391,0.09362865,0.15574457,0.14021446,0.116541296,0.08259774,0.12537469,0.122771464,0.05690363,0.036632568,0.05908867,0.0517951,0.050632004,0.036943287,0.055204067,0.05152378,0.038282722,0.034210213,0.04294315,0.04608286,0.0,0.002740191,0.0,0.0027279665,0.0,0.0027436167
R_PF_ROI,Right,148,0.014304136,0.0035549044,0.003156137,0.0,0.010398208,0.0,0.00790796,0.0,0.010024473,0.0,0.012308017,0.0051328135,0.0077751353,0.0,0.012135969,0.0,0.011448808,0.0,0.009833202,0.0,0.014252648,0.0,0.009058893,0.0,0.01064581,0.0,0.014723641,0.1814652,0.0957297,0.17335822,0.15979365,0.037295554,0.012780963,0.037410963,0.030841934,0.10945301,0.142393,0.121630475,0.14576496,0.10977088,0.14543223,0.12370169,0.14736724,0.10628187,0.1425718,0.117807515,0.1428584,0.023801878,0.039283525,0.030532867,0.033029854,0.023545263,0.041624956,0.030354798,0.032121684,0.022033509,0.04091973,0.027213622,0.030419447,0.16965747,0.08232897,0.1642217,0.13619508,0.033178326,0.028195113,0.031763554,0.02788966,,0.11839862,0.12599798,0.1298953,0.13636601,0.11465464,0.123026505,0.12584019,0.13229954,0.028826054,0.04928033,0.0304234,0.03395563,0.027900133,0.05029045,0.030737549,0.033298228,0.025523482,0.048494875,0.027862964,0.03134059,0.18883966,0.11133671,0.18138851,0.15309857,0.03282113,0.009463914,0.029647788,0.0147784995,0.14474213,0.15056525,0.14918327,0.1594429,0.1467054,0.15103306,0.15332498,0.15773307,0.13855171,0.14703652,0.14530991,0.1470833,0.028865423,0.025695704,0.02813217,0.028838128,0.029287817,0.026274549,0.030237606,0.02770259,0.02589881,0.025532078,0.026744392,0.025471207,0.1819074,0.10443021,0.17319074,0.1425152,0.044518407,0.0234758,0.04202643,0.03179071,0.17135513,0.16191243,0.17808233,0.17196596,0.16183364,0.15904891,0.16883591,0.16262591,0.047080517,0.05451491,0.048316278,0.053669225,0.04693435,0.055202767,0.050228994,0.051875412,0.04199141,0.052481234,0.045539055,0.04730258,0.17169906,0.08608257,0.16234122,0.1321287,0.036693525,0.009664958,0.03476418,0.023977181,0.13168085,0.118807435,0.13365006,0.12656197,0.13414694,0.12122463,0.13710526,0.12787594,0.12581672,0.121319145,0.1298989,0.120951995,0.034002364,0.026840981,0.03488533,0.030783009,0.03434416,0.027161237,0.036186606,0.031494766,0.031245451,0.026226297,0.03293482,0.030818937,0.17380573,0.10061935,0.16406308,0.13429667,0.045406338,0.031029545,0.043882996,0.03461558,0.16360244,0.14789672,0.1666535,0.15302527,0.15365052,0.14888689,0.1579967,0.14850615,0.043265514,0.047299117,0.044264432,0.045461997,0.043675248,0.04870982,0.046222646,0.045590334,0.038731404,0.047209892,0.04116073,0.043465044,0.0,0.011161557,0.0,0.009720715,0.0,0.009491631
R_PFcm_ROI,Right,105,0.0077953483,-0.0017646209,-0.0016003491,0.0,0.0058618267,0.0,0.0046057664,0.0,0.004314178,0.0,0.006830827,0.004093069,0.0052679093,0.0,0.005392249,0.0,0.007057317,0.0,0.0054953066,0.0,0.004683417,0.0,0.0055350517,0.0,0.0057224412,0.0,0.004960403,0.12059771,0.054497086,0.111155115,0.0981301,0.02660035,0.010464848,0.022873137,0.017153379,0.08194197,0.08494788,0.08851414,0.0989076,0.07880454,0.08481265,0.08686971,0.10238929,0.07000117,0.08205283,0.07696898,0.09664848,0.025108399,0.023949744,0.026256945,0.027977895,0.023013871,0.022225406,0.025702547,0.026267637,0.018663857,0.019985618,0.020522462,0.021338088,0.115424775,0.061659742,0.11058343,0.10178245,0.02419649,0.017141715,0.020928783,0.01972094,,0.08520306,0.10407479,0.09968542,0.11625457,0.08093261,0.1047752,0.09304155,0.110361144,0.026089896,0.038598325,0.030547645,0.034979433,0.024142744,0.03403544,0.029292952,0.0347474,0.020367594,0.029907573,0.02520528,0.029863419,0.14503197,0.090707414,0.134678,0.112958916,0.03308743,0.0089530805,0.02979854,0.020596202,0.12547894,0.113578446,0.1285706,0.13093759,0.11984483,0.112975016,0.12424769,0.13065174,0.10454286,0.11310001,0.11045307,0.120085955,0.04025963,0.03717511,0.040905025,0.043873638,0.034778,0.035152677,0.037795957,0.040975932,0.026455566,0.03177059,0.028679542,0.033016216,0.14111896,0.09891248,0.13511892,0.12024785,0.040853385,0.023688285,0.03798521,0.027153268,0.14073351,0.1448623,0.1530801,0.16255645,0.12722693,0.14271042,0.13914001,0.14915112,0.054942373,0.0614422,0.06034512,0.06507267,0.049225207,0.057880525,0.057525937,0.061908554,0.038766257,0.05338817,0.04666413,0.05225595,0.1330838,0.06652827,0.12286342,0.09732159,0.026498644,0.003779791,0.024064125,0.015927225,0.10818921,0.090817265,0.110419646,0.104265526,0.103622444,0.08745051,0.1067294,0.10251923,0.08970081,0.08609939,0.09457887,0.093667194,0.031059258,0.032760598,0.033707112,0.03433675,0.027482359,0.031683482,0.03063165,0.033792697,0.021037549,0.030263264,0.023558006,0.028928282,0.1420848,0.09086198,0.13665894,0.118294366,0.04023094,0.027359745,0.040082753,0.0344418,0.14668708,0.14810647,0.1562172,0.15930547,0.13001645,0.14217912,0.14182237,0.14818609,0.04998865,0.057828583,0.055704717,0.05814091,0.04578364,0.058218025,0.0529631,0.058824662,0.036456905,0.057261653,0.043088976,0.054867443,0.0,0.0034148707,0.0,0.004293933,0.0,0.003664737
R_PFm_ROI,Right,149,0.012358135,0.0032104778,0.0033453184,0.0,0.016991924,0.0,0.010564731,0.0,0.00473776,0.0,0.019152012,0.008819564,0.009914176,0.0,0.006063242,0.0,0.022833575,0.0,0.011972277,0.0,0.0039877435,0.0,0.02087945,0.0,0.0122097125,0.0,0.0045970036,0.17922844,0.12967476,0.18079343,0.17997877,0.03680846,0.03844317,0.038465288,0.036476783,0.10609437,0.13871911,0.11716701,0.13215911,0.10712027,0.13815722,0.11771127,0.13437377,0.10639427,0.13601302,0.11845508,0.13463345,0.025801389,0.04585888,0.030342994,0.03538657,0.026468812,0.04600994,0.031050714,0.035347875,0.026270695,0.04564631,0.030345028,0.035258066,0.18206641,0.15661323,0.1858185,0.17638914,0.03550073,0.062528394,0.039288364,0.044973105,,0.12434292,0.14583278,0.1399288,0.1520537,0.123038925,0.14652896,0.14088854,0.15527567,0.02691102,0.054437544,0.031944953,0.039508365,0.027822673,0.055668518,0.034086734,0.04162659,0.02779261,0.054160666,0.033486813,0.042960066,0.19661218,0.13640991,0.20085374,0.18326943,0.045089122,0.031393047,0.04532706,0.040169857,0.13365485,0.13773055,0.14487311,0.15564893,0.13861191,0.13755608,0.15005194,0.16018608,0.1381962,0.134709,0.1510841,0.159278,0.033797882,0.044016164,0.03601206,0.041173097,0.035825733,0.04436212,0.03908545,0.043328512,0.03640007,0.04376433,0.038741022,0.044185355,0.19225219,0.13709009,0.19659841,0.17836103,0.05700876,0.049008213,0.062199052,0.05973006,0.16254494,0.15182458,0.17411567,0.17728715,0.16170527,0.15217568,0.1755153,0.18248011,0.043298285,0.06032699,0.049829178,0.058758188,0.046572596,0.061636444,0.054768104,0.06149297,0.04701602,0.060446046,0.054523833,0.0619285,0.18305205,0.11663269,0.18085381,0.16203949,0.04610032,0.03735358,0.04672515,0.04401936,0.11508765,0.11153909,0.12289479,0.12566066,0.12117589,0.11496273,0.12932655,0.1313808,0.121250056,0.11434422,0.1305939,0.13387144,0.033900857,0.04346699,0.037903894,0.042422812,0.036120664,0.043770783,0.041882727,0.046197794,0.036827985,0.04396153,0.04165695,0.04865529,0.18763465,0.13153432,0.18625876,0.16923568,0.05780713,0.06311772,0.06320619,0.064535014,0.15578529,0.1447462,0.16353811,0.1595957,0.15479085,0.14414668,0.16392921,0.16779396,0.042541813,0.058625583,0.047702707,0.056099836,0.045082822,0.058756992,0.05159254,0.05935405,0.044422273,0.058073584,0.05050057,0.060257558,0.0,0.014982163,0.0,0.009130264,0.0,0.0033250637
R_PFop_ROI,Right,147,0.008191676,0.0058914307,0.005892388,0.0,0.0040371716,0.0,0.0055348356,0.0,0.0072837477,0.0,0.0048066913,0.0066213687,0.0067587486,0.0,0.007199086,0.0,0.004321643,0.0,0.006209578,0.0,0.008494512,0.0,0.003642702,0.0,0.0069038724,0.0,0.010503676,0.15142953,0.09700356,0.15342659,0.14587806,0.023265082,0.012430676,0.02318561,0.021647817,0.09258867,0.11994247,0.107509196,0.11792973,0.09242775,0.12080763,0.10905294,0.123179935,0.0904178,0.123360865,0.1047771,0.12716697,0.011072448,0.015421839,0.015591891,0.016289415,0.009902983,0.016898062,0.013556065,0.019537978,0.009462586,0.020803384,0.012027799,0.020930948,0.14097758,0.10042001,0.14249861,0.13708274,0.016856575,0.016853256,0.018615762,0.01727356,,0.100396715,0.12213477,0.1149467,0.1295358,0.09646719,0.12399096,0.10928586,0.12670474,0.011904322,0.022030504,0.014108092,0.01792291,0.011346824,0.021341197,0.013864554,0.01817547,0.01055821,0.020719064,0.012414479,0.017436288,0.15831314,0.07904039,0.1558442,0.1268662,0.02529256,0.0068676625,0.025341766,0.017149812,0.124059565,0.12060659,0.13191015,0.12884977,0.12451036,0.11853541,0.1340524,0.13088894,0.11322813,0.12002573,0.12179316,0.12681957,0.017457066,0.029235194,0.020424277,0.023218766,0.017532662,0.028072895,0.020092245,0.023711473,0.014637494,0.027884154,0.01678324,0.022293238,0.14796115,0.09636078,0.1464194,0.12899671,0.023921711,0.03152435,0.026607698,0.025222985,0.14291766,0.14046365,0.1554531,0.15510419,0.13173552,0.13932864,0.14216274,0.15129496,0.026004376,0.03073563,0.030469192,0.032003727,0.02719709,0.030529838,0.031965908,0.033908185,0.023409234,0.030315423,0.028286533,0.032157023,0.13683769,0.033121504,0.13062267,0.09371115,0.0264779,-0.003916784,0.02647139,0.013950757,0.11168848,0.081650786,0.117156856,0.095902555,0.11177324,0.08174713,0.11938686,0.0982253,0.09851612,0.084155135,0.10499246,0.09631919,0.02344309,0.027444726,0.027708577,0.02582897,0.023808436,0.027981734,0.0281633,0.025830707,0.020050794,0.027528837,0.023723517,0.023791062,0.13840248,0.07738776,0.13332936,0.11260225,0.025020618,0.026821986,0.025144817,0.022412326,0.13597824,0.12222262,0.14372279,0.13288063,0.12234389,0.12181675,0.12953381,0.13077073,0.027332602,0.028244523,0.029945992,0.029944746,0.028481932,0.02924243,0.031804238,0.03215358,0.024229709,0.028062189,0.02661765,0.029336825,0.0,0.0045630634,0.0,0.006878705,0.0,0.008304863
R_PFt_ROI,Right,116,0.00856375,0.0033603148,0.003527068,0.0,0.0054792054,0.0,0.0085778525,0.0,0.010217178,0.0,0.006046709,0.0076354365,0.009571755,0.0,0.011667014,0.0,0.0062468867,0.0,0.009555401,0.0,0.014241066,0.0,0.0066079204,0.0,0.01028094,0.0,0.016901556,0.14824678,0.0693158,0.1509284,0.1287564,0.0416249,0.0044817263,0.04613978,0.038246635,0.09616207,0.100265585,0.114939794,0.12305664,0.09501757,0.10638558,0.11552512,0.12165757,0.09519494,0.0965321,0.11349406,0.123809926,0.01970793,0.036967255,0.032209367,0.03606489,0.020917892,0.037998144,0.03374099,0.038304422,0.021768095,0.033111073,0.031445567,0.041059673,0.13581516,0.042539418,0.1351949,0.108304136,0.027724711,0.014300077,0.030989697,0.025004372,,0.096427806,0.080022454,0.11101734,0.10670065,0.09489096,0.06564664,0.10653722,0.10781368,0.0200527,0.037854046,0.02427879,0.025458662,0.02106285,0.034143206,0.0260457,0.026185999,0.020541606,0.026613887,0.024125518,0.025805922,0.15653326,0.060013767,0.15255009,0.117800325,0.036367476,0.0040716343,0.03443879,0.026757058,0.12705538,0.11350942,0.13182747,0.13268924,0.12556277,0.112503484,0.13065016,0.12692486,0.11327564,0.10360507,0.12102533,0.11842297,0.031318817,0.03727865,0.031716853,0.036531948,0.031628642,0.036586214,0.03218442,0.035677113,0.027573463,0.03145459,0.028205525,0.034812182,0.13932516,0.039583884,0.13778451,0.109944716,0.044643432,0.014416263,0.04631933,0.03576883,0.13437498,0.10511922,0.14197756,0.13228726,0.123131394,0.09167986,0.13288581,0.1247001,0.04105616,0.0486576,0.044074297,0.044623636,0.041905176,0.04203787,0.046022244,0.043831553,0.037380517,0.032394353,0.041822467,0.03941565,0.14209044,0.029012028,0.13543509,0.09115077,0.03614834,0.0043958467,0.03736392,0.027413253,0.12695315,0.09901806,0.12968445,0.11397592,0.12481121,0.09896072,0.12843606,0.10778712,0.108966276,0.09147302,0.11474777,0.097088195,0.03919378,0.031058373,0.04148406,0.036703438,0.04016315,0.030151425,0.04279134,0.038308155,0.03598524,0.025200646,0.039636884,0.037598204,0.13090159,0.028735936,0.123820074,0.08805048,0.03984809,0.020013005,0.03887228,0.02805782,0.1311569,0.10289329,0.13450469,0.11596569,0.116482966,0.09647452,0.12124778,0.103416316,0.037647154,0.03920051,0.038399164,0.036884185,0.037904836,0.034707002,0.039965723,0.036058936,0.033185307,0.027841272,0.0353316,0.031285997,0.0,0.0056582848,0.0,0.008558812,0.0,0.011014284
R_PGi_ROI,Right,150,0.017583353,0.0025692694,0.0021249691,0.0,0.017617285,0.0,0.0146197695,0.0,0.009929762,0.0,0.019648014,0.010978907,0.014186669,0.0,0.012322885,0.0,0.021821722,0.0,0.01469946,0.0,0.011484981,0.0,0.022312844,0.0,0.015227273,0.0,0.0139743555,0.19463716,0.11172164,0.18986426,0.16077721,0.057325043,0.03384572,0.051979784,0.038236924,0.115198344,0.12730657,0.12882853,0.13502689,0.1209732,0.12481686,0.13365708,0.13948943,0.122284785,0.12036871,0.13463424,0.14151713,0.034962837,0.04949519,0.0388763,0.035608288,0.038518496,0.050044984,0.04033507,0.037327744,0.039451297,0.050792374,0.039747182,0.038139712,0.1992199,0.15877916,0.20579755,0.17913066,0.04929849,0.05548096,0.053697802,0.05144399,,0.14111063,0.1686695,0.16603924,0.17826226,0.14414346,0.16470332,0.17075697,0.17919508,0.0383335,0.06888742,0.046551105,0.05382604,0.041574128,0.06901611,0.051540617,0.058570024,0.041392352,0.06685959,0.051892,0.059599634,0.20232245,0.114573106,0.19787958,0.15785602,0.06999004,0.027410876,0.06682395,0.04076333,0.12528445,0.12641123,0.14040855,0.14970832,0.13307233,0.124993846,0.14912036,0.15218511,0.13245009,0.12448312,0.14991151,0.1490475,0.036699366,0.047116227,0.04284579,0.043127585,0.039651968,0.049252097,0.046759255,0.046478726,0.03961766,0.049832687,0.046489026,0.04588106,0.19907025,0.14859508,0.20222022,0.17170931,0.06510245,0.0498316,0.06952555,0.057013534,0.17624083,0.16651163,0.19406116,0.19347003,0.17818661,0.16429769,0.1992899,0.1918564,0.05726073,0.08195793,0.06696866,0.08054464,0.062076144,0.083584845,0.07410587,0.085901886,0.060397666,0.08092814,0.07336216,0.08423196,0.18328336,0.09028858,0.17299499,0.14106034,0.06943782,0.020766554,0.06281839,0.041711412,0.099226974,0.102806196,0.10873603,0.11466725,0.10363137,0.10507273,0.11379074,0.11755023,0.1010021,0.109972015,0.11240935,0.11464539,0.028008858,0.042036302,0.035657797,0.03946955,0.027184097,0.043781675,0.036470745,0.042232785,0.025278162,0.045368932,0.03395209,0.04188411,0.18213202,0.123909116,0.17700912,0.14947583,0.057595566,0.054665808,0.060664598,0.054067615,0.16047955,0.15130973,0.16799693,0.16136526,0.16024685,0.15364738,0.17022754,0.16356623,0.051377755,0.07347434,0.058163457,0.0668035,0.05406113,0.07312925,0.062052384,0.070853285,0.05098172,0.070165046,0.059048418,0.069545455,0.0,0.018448189,0.0,0.013514112,0.0,0.009195632
R_PGp_ROI,Right,143,0.007140738,0.012032662,0.0121444175,0.0,0.008090346,0.0,0.008809189,0.0,0.0052066958,0.0,0.006791298,0.008819104,0.008774706,0.0,0.005748042,0.0,0.005860607,0.0,0.008739617,0.0,0.0057435897,0.0,0.0062993253,0.0,0.009993481,0.0,0.0058634654,0.17084073,0.09028994,0.1589338,0.14146915,0.03223571,0.03877102,0.025907975,0.02725047,0.11415522,0.103275545,0.12306797,0.114646785,0.11431324,0.11063505,0.11947667,0.12378409,0.11136148,0.110164754,0.11447353,0.12561715,0.024282385,0.025960475,0.02404542,0.021328958,0.023194479,0.030181196,0.021157283,0.025687816,0.020538514,0.03309801,0.018652081,0.027443081,0.17415522,0.10589899,0.16683553,0.12997033,0.018158393,0.040640306,0.019408269,0.022461535,,0.12511073,0.124036975,0.13518873,0.12890755,0.12519956,0.12700076,0.13286142,0.12986456,0.016034199,0.031107644,0.017621962,0.019444337,0.016394977,0.034306627,0.018099803,0.020811465,0.015789097,0.035654478,0.017941566,0.021196522,0.18769811,0.0871982,0.16989516,0.120204225,0.06933707,0.04714284,0.061020683,0.040642794,0.16437878,0.10823794,0.16901687,0.13314089,0.16219227,0.10634376,0.16573654,0.13568701,0.1426749,0.10102629,0.14829575,0.13110614,0.061610434,0.05664856,0.06646127,0.052724086,0.059465446,0.057819895,0.06306955,0.055179715,0.050168123,0.056350414,0.0531334,0.052831475,0.19758236,0.123883955,0.18449612,0.13759518,0.052518047,0.047016677,0.052747846,0.039418306,0.19408406,0.14546971,0.19730781,0.17305157,0.17865671,0.1396563,0.18327917,0.16833752,0.05663365,0.054560654,0.060888465,0.056057874,0.05594776,0.05546682,0.061531853,0.058443494,0.04774591,0.053398427,0.05374402,0.05781403,0.15295719,0.048626155,0.13379477,0.0822125,0.05682656,0.02846192,0.049091633,0.030592697,0.12482971,0.071104,0.12514248,0.10049997,0.12512699,0.065024994,0.12673098,0.10184884,0.1048366,0.060325023,0.108454525,0.10051697,0.036598936,0.048484772,0.04294035,0.039916527,0.03707966,0.050426457,0.044504944,0.04378942,0.032329384,0.04879829,0.039146822,0.04617012,0.18719365,0.1263292,0.17394497,0.13035588,0.060741417,0.06085765,0.06110922,0.04702976,0.19046679,0.15566216,0.19470225,0.17998494,0.167561,0.14489213,0.1733905,0.17062336,0.06595667,0.07256736,0.07213639,0.07020294,0.06335691,0.071686454,0.07066901,0.07017398,0.052695516,0.066481136,0.059602626,0.06789794,0.0,0.006812669,0.0,0.007763219,0.0,0.0073251193
R_PGs_ROI,Right,151,0.010871188,0.0031654949,0.0027068988,0.0,0.009236021,0.0,0.008107611,0.0,0.004784442,0.0,0.010913068,0.0067846226,0.0077801547,0.0,0.0053018453,0.0,0.011274757,0.0,0.008041099,0.0,0.0049713673,0.0,0.009392679,0.0,0.007763662,0.0,0.004042715,0.19920214,0.15418112,0.19846523,0.190137,0.05313093,0.03495688,0.05102957,0.041751135,0.12762985,0.13843535,0.13431087,0.13045444,0.1311339,0.13737936,0.14034465,0.13870764,0.13049328,0.13578951,0.14276873,0.1382531,0.032981776,0.044423103,0.03390173,0.030894581,0.035713904,0.042954065,0.03622173,0.032928795,0.035524283,0.04088911,0.036593262,0.033877317,0.19266646,0.13504125,0.19616958,0.17773186,0.049210493,0.050226253,0.049186222,0.052933794,,0.13082531,0.14546636,0.1544569,0.16519102,0.13244267,0.1448202,0.15667462,0.16152135,0.029485524,0.052481595,0.036496878,0.045673013,0.032932606,0.050779182,0.040421955,0.050272044,0.033735726,0.048855744,0.0421798,0.051531084,0.22209142,0.14853878,0.2215209,0.20288232,0.05568731,0.016865626,0.054732867,0.040179245,0.15749659,0.15412495,0.16415738,0.16741024,0.16271898,0.15269777,0.17159548,0.1696724,0.15924346,0.14986248,0.16995585,0.1669962,0.034436934,0.04268589,0.038210426,0.039388154,0.036703523,0.04084616,0.040504128,0.04054806,0.035424594,0.03762561,0.039682243,0.04016166,0.20211713,0.12993741,0.20110323,0.18297069,0.056765854,0.04796675,0.057614695,0.054068428,0.17190048,0.15529001,0.1843087,0.18928441,0.17073889,0.15151988,0.18511225,0.18573463,0.04589825,0.061405793,0.051141735,0.061931666,0.05028311,0.060745955,0.05660584,0.06585652,0.049832094,0.05892332,0.057102613,0.06518421,0.19871788,0.10983438,0.19054887,0.17252359,0.049756914,0.019298522,0.0466424,0.03859317,0.12730995,0.13859439,0.1319797,0.14204785,0.13002492,0.14000121,0.1364721,0.13895857,0.12526786,0.13939069,0.1323109,0.13493167,0.02329251,0.03499443,0.026832696,0.03254905,0.023029167,0.035676874,0.02763334,0.034540392,0.020703765,0.03534979,0.02531475,0.03533881,0.19068529,0.116375335,0.18289874,0.16480802,0.042205993,0.048399463,0.044829126,0.047592074,0.16414902,0.15442738,0.17010345,0.1681141,0.15917525,0.1499612,0.16578174,0.16280887,0.04012095,0.043421175,0.043329112,0.047082245,0.042922832,0.04356322,0.04694482,0.05188512,0.04097973,0.043444335,0.045530666,0.05367426,0.0,0.010090533,0.0,0.005394273,0.0,0.0025560923
R_PHA1_ROI,Right,126,0.006745797,0.0063416134,0.0065301727,0.0,0.00785564,0.0,0.0057283016,0.0,0.004077145,0.0,0.008130959,0.0025293832,0.0057979818,0.0,0.0057296376,0.0,0.009266979,0.0,0.005678308,0.0,0.0063540465,0.0,0.009149358,0.0,0.0058140005,0.0,0.008066081,0.13549784,0.10145401,0.13005257,0.1098913,0.041859988,0.021542411,0.03553668,0.024902703,0.09790584,0.10716783,0.10780636,0.10502804,0.10075966,0.106123246,0.11160543,0.101298444,0.09323616,0.10095036,0.10225395,0.09842904,0.035705842,0.037604235,0.03575901,0.030674389,0.035740707,0.03785526,0.03663588,0.030272273,0.031169506,0.03726969,0.031197915,0.028431328,0.105684645,0.10643426,0.11957606,0.11596704,0.019622726,0.027343065,0.022377312,0.023153406,,0.07632969,0.1124632,0.099834494,0.11244058,0.0756553,0.12236143,0.097759485,0.110216804,0.016748812,0.024020838,0.020096306,0.02116002,0.016110824,0.027303101,0.019620346,0.021583589,0.013797416,0.030819764,0.018060567,0.022243958,0.16505052,0.103903614,0.15841268,0.12881209,0.059265297,0.019143222,0.056279782,0.03496719,0.1570114,0.14259598,0.16751029,0.15437439,0.15027568,0.14223243,0.16218577,0.14132191,0.12722933,0.13629542,0.13866521,0.12972072,0.054962453,0.052255336,0.06314873,0.057888206,0.05199534,0.05115753,0.06111257,0.055552606,0.04272461,0.04841802,0.049794693,0.05059417,0.10734094,0.103834026,0.11848084,0.11811923,0.030037759,0.03590726,0.03202474,0.031201122,0.10179225,0.1222546,0.12228323,0.12316453,0.092451945,0.12347197,0.112016715,0.12086249,0.032121837,0.04036015,0.035362415,0.03595328,0.029751,0.04319177,0.033683483,0.036777202,0.025752911,0.043054678,0.028809102,0.03719399,0.14749564,0.08615799,0.13957085,0.1163731,0.037682183,0.009275155,0.032649316,0.0207354,0.13772057,0.1434883,0.14513549,0.14220013,0.12610926,0.1464826,0.13564132,0.13168958,0.10143291,0.14075623,0.11064855,0.118428506,0.025752155,0.034029752,0.031249223,0.033604976,0.022667257,0.036403213,0.02965208,0.03344774,0.016156256,0.036463853,0.020573644,0.03149617,0.10479999,0.097312555,0.11388528,0.11466826,0.029545305,0.041058663,0.03251836,0.033762578,0.10476788,0.13349901,0.12383918,0.1272409,0.0903349,0.13188924,0.108029015,0.12336051,0.03502185,0.050559003,0.04211914,0.042893074,0.0311878,0.0520248,0.03906953,0.04376668,0.026546596,0.049328864,0.03210667,0.044823293,0.0,0.0064085727,0.0,0.006115722,0.0,0.005355299
R_PHA2_ROI,Right,155,0.010596468,0.006969907,0.0068267547,0.0,0.008936918,0.0,0.006243865,0.0,0.00030046672,0.0,0.009926723,0.005131429,0.0064378446,0.0,0.001841167,0.0,0.009125213,0.0,0.005270803,0.0,0.0014801343,0.0,0.00893774,0.0,0.005546864,0.0,0.0038671787,0.14028531,0.13033274,0.1514801,0.14285122,0.03975048,0.024451822,0.04117897,0.03179803,0.09772215,0.1348252,0.12107533,0.13079022,0.10103613,0.13568127,0.124470405,0.1356619,0.0980239,0.13253121,0.12337697,0.12938192,0.03505282,0.040252205,0.041554872,0.042630643,0.03423062,0.039495006,0.04007724,0.04417196,0.030152626,0.036461342,0.036886774,0.03967911,0.08609347,0.095662,0.10313695,0.1064525,0.011413275,0.011990864,0.01221623,0.010186182,,0.05862221,0.12562445,0.07979073,0.101418674,0.05883508,0.12584046,0.07891702,0.09780747,0.011397774,0.02156011,0.013483755,0.015265414,0.0100352345,0.021638285,0.012772071,0.014870927,0.009556856,0.020176087,0.011817354,0.014507328,0.16526233,0.14097047,0.17276308,0.16481657,0.045762215,0.023778686,0.048197217,0.040223084,0.1516758,0.16703223,0.17295614,0.18066566,0.14700243,0.16719885,0.16882199,0.17687231,0.12859991,0.16350217,0.14978004,0.16050062,0.056921184,0.05465096,0.064327165,0.06507129,0.052877374,0.0570074,0.061245285,0.06747189,0.0425236,0.054290872,0.049861282,0.058781687,0.095639974,0.113063745,0.1110973,0.108680606,0.020756362,0.022748033,0.022739928,0.021890378,0.09203624,0.14011115,0.11695776,0.13117713,0.08294291,0.13749826,0.106849976,0.1266365,0.029124275,0.039806936,0.0341536,0.034426507,0.024994705,0.040674772,0.030994643,0.03470466,0.019434419,0.038715944,0.024003856,0.03421611,0.14520903,0.11513947,0.14757687,0.13916375,0.028794518,0.016128872,0.028316244,0.021995654,0.1365122,0.15492187,0.1503695,0.1553367,0.12744385,0.15588516,0.14457405,0.15155038,0.10564551,0.15294744,0.120365635,0.13751811,0.03862817,0.03269144,0.042536017,0.039684538,0.035623085,0.035690393,0.040391177,0.041249994,0.027302621,0.034275383,0.031137226,0.036669225,0.09452153,0.10367352,0.10464933,0.09490305,0.020007737,0.020606162,0.021988079,0.02089021,0.092835434,0.13220714,0.11556232,0.12869878,0.07950709,0.12494516,0.10019113,0.12668313,0.028824782,0.041632567,0.035796348,0.03977148,0.024986172,0.042600583,0.03276148,0.039698303,0.018605638,0.040314652,0.024307014,0.038710196,0.0,0.010496873,0.0,0.006049225,0.0,0.0018371254
R_PHA3_ROI,Right,127,0.005729013,0.01077386,0.011042608,0.0,0.0057573183,0.0,0.0046947305,0.0,0.00077838916,0.0,0.0057214242,0.0039231377,0.0047579035,0.0,0.0014551646,0.0,0.005109612,0.0,0.0044646356,0.0,0.0022110161,0.0,0.0057998137,0.0,0.004569713,0.0,0.0023281896,0.1300479,0.103599444,0.123808146,0.09818616,0.029379155,0.021128071,0.026121676,0.020052126,0.09380849,0.09452093,0.10146249,0.09458311,0.09108212,0.08696032,0.09592307,0.09113122,0.08316405,0.08376262,0.09058926,0.08987867,0.02749024,0.028698742,0.027677188,0.025114287,0.02605635,0.028405873,0.02619675,0.026077705,0.021209227,0.028709788,0.0231237,0.025363855,0.09060329,0.0540611,0.093939126,0.078401506,0.008929683,0.029743878,0.013098891,0.018358868,,0.06163442,0.09274833,0.06928132,0.07556917,0.05901636,0.08861037,0.06509044,0.06702326,0.0066926684,0.025510916,0.008689271,0.01752779,0.006897054,0.025257416,0.009333379,0.016080512,0.006706186,0.026113143,0.009921909,0.0168141,0.16333985,0.10997866,0.15522847,0.12742633,0.049538013,0.0230766,0.049352445,0.037521604,0.16577278,0.14134537,0.17348862,0.15843107,0.15231271,0.12976605,0.15970546,0.14791489,0.12258404,0.12327268,0.13333277,0.13468239,0.06063872,0.053561132,0.06620195,0.060717326,0.054509692,0.052563578,0.060686287,0.06129958,0.040519044,0.05059248,0.04775358,0.056384683,0.108137816,0.0838781,0.10716148,0.095710926,0.030480996,0.039750397,0.032706812,0.033275235,0.11145882,0.1132982,0.12007195,0.11622704,0.09217149,0.106339075,0.098799534,0.10233631,0.03634382,0.042316936,0.038550366,0.04079112,0.03207347,0.03912062,0.035197947,0.039123118,0.02330586,0.038148623,0.02778421,0.039306793,0.14996858,0.09516366,0.14135277,0.11808458,0.035836402,0.023491578,0.033395477,0.026996091,0.1591215,0.14947808,0.16418347,0.155558,0.1424872,0.14383033,0.1500014,0.14590284,0.10907382,0.14006644,0.11870974,0.12852643,0.045729667,0.04626123,0.049143955,0.04555544,0.041397486,0.045843713,0.04534629,0.046337664,0.029692778,0.044034902,0.034018695,0.04334077,0.109220155,0.10075405,0.10831862,0.09709429,0.030180741,0.040497642,0.030795703,0.028885862,0.117401,0.121076256,0.13131541,0.13010155,0.092105016,0.11629633,0.10335183,0.118541524,0.04172542,0.0437828,0.04576048,0.04647502,0.035553396,0.039778538,0.038962096,0.044124704,0.024153654,0.036884353,0.028454857,0.04181629,0.0,0.006600239,0.0,0.0041613495,0.0,0.0021749448
R_PHT_ROI,Right,137,0.0039968574,0.0047636773,0.00520162,0.0,0.0045795217,0.0,0.0060587083,0.0,0.007490129,0.0,0.005206875,0.0061461395,0.006425109,0.0,0.008262888,0.0,0.008048833,0.0,0.0061220084,0.0,0.009515392,0.0,0.0066975225,0.0,0.008377044,0.0,0.0085998755,0.18174897,0.11976814,0.17745472,0.17079781,0.024347266,0.021798471,0.02364993,0.018982561,0.10379133,0.15992972,0.115370505,0.13131773,0.109960906,0.15401825,0.12036062,0.13986638,0.10813857,0.14605,0.119015954,0.14429043,0.015888602,0.025702901,0.017091021,0.01941949,0.01684868,0.027947458,0.018517543,0.021436455,0.0151189305,0.030600019,0.01701051,0.021914462,0.17476724,0.13695356,0.16946842,0.15165527,0.022381278,0.037856303,0.023458868,0.02647567,,0.12400473,0.14398012,0.13263868,0.13762002,0.122354016,0.14339802,0.13084301,0.14402696,0.021518594,0.04449012,0.023021428,0.02789065,0.021062206,0.045436136,0.024043208,0.029847268,0.018708188,0.045850523,0.02152702,0.028820045,0.19527133,0.117372505,0.18863067,0.1569902,0.044218086,0.02372584,0.04315428,0.023359148,0.14876343,0.1661668,0.15633117,0.15721223,0.158145,0.15659164,0.1656642,0.16329286,0.15081617,0.14409015,0.15856037,0.15915969,0.042710584,0.036692563,0.04384466,0.04353414,0.04668875,0.03682468,0.048384435,0.04496657,0.04239214,0.03648568,0.044690255,0.04247002,0.19157146,0.12808703,0.18482803,0.15459749,0.05328037,0.038689796,0.052643362,0.04123188,0.18211316,0.17547199,0.19003485,0.18093023,0.17395352,0.1631137,0.18142106,0.18095922,0.052381393,0.059479944,0.0555824,0.062247112,0.05605332,0.06056349,0.060297266,0.06506533,0.050380107,0.058713857,0.055507835,0.060884595,0.16890576,0.06458688,0.15768076,0.114048235,0.052205402,0.01967549,0.04988242,0.031558752,0.13003635,0.114907,0.13250259,0.12144253,0.13860764,0.107286364,0.14222227,0.12614551,0.13036631,0.09530093,0.13442981,0.11973956,0.046842754,0.035617266,0.049547136,0.046369735,0.051468313,0.035915397,0.05497879,0.048713796,0.048415106,0.03582805,0.052224856,0.047629956,0.17664902,0.09877919,0.16711518,0.1278372,0.061568305,0.048515953,0.061278287,0.04589403,0.17109458,0.14540954,0.17651439,0.16040102,0.16132376,0.12922049,0.16683999,0.15568717,0.055251256,0.055847105,0.058869313,0.062141344,0.059572056,0.05513754,0.06390113,0.06531197,0.05448723,0.05337512,0.05912454,0.062670454,0.0,0.004975437,0.0,0.00743875,0.0,0.006587905
R_PH_ROI,Right,138,0.008664298,0.006001379,0.0059363316,0.0,0.0057045375,0.0,0.00932123,0.0,0.0062503954,0.0,0.005763884,0.008930555,0.008792797,0.0,0.0074226065,0.0,0.0048525026,0.0,0.009283667,0.0,0.0076016923,0.0,0.005104154,0.0,0.010263956,0.0,0.0078293,0.14723568,0.05882189,0.13536547,0.111687794,0.04006112,0.020709151,0.037213434,0.037690457,0.08634772,0.089415886,0.091984406,0.09875272,0.086802594,0.08110214,0.09131431,0.09792895,0.08191199,0.07045894,0.08442151,0.09523576,0.0043130564,0.028416973,0.008709001,0.02863792,0.005015029,0.02922435,0.008298987,0.028511968,0.0054501896,0.02996278,0.008375667,0.026796635,0.15391265,0.09369837,0.15289249,0.1260447,0.018832287,0.03540759,0.02333488,0.029983293,,0.117364064,0.115257174,0.13365288,0.14211597,0.110426836,0.10297937,0.121896066,0.13910203,0.015296039,0.04281647,0.017884374,0.028020019,0.015220884,0.04413151,0.019178046,0.02940601,0.0145704,0.04289234,0.017899109,0.028592939,0.18926921,0.06336778,0.17211497,0.12059022,0.057907037,0.010221269,0.044500258,0.02655974,0.15933609,0.119420536,0.16123913,0.157005,0.15912266,0.1089089,0.16248158,0.14975867,0.13961153,0.09583394,0.1432407,0.13368769,0.04110335,0.034909904,0.037184417,0.037454933,0.040026117,0.032338027,0.03756923,0.037705578,0.030626934,0.028612513,0.027707499,0.032403715,0.18762565,0.087364554,0.17796618,0.13388611,0.05132744,0.025082348,0.049341064,0.037451718,0.19528879,0.15764894,0.20497428,0.19804458,0.17342344,0.13728756,0.18138057,0.1828631,0.058622416,0.052167583,0.060264885,0.060725577,0.056345306,0.05312227,0.06051362,0.061536755,0.04504404,0.048754815,0.04942566,0.054730278,0.19052182,0.051562987,0.17198743,0.11173852,0.07808626,0.021038318,0.06797618,0.03964011,0.16432048,0.12565519,0.16629039,0.15806258,0.16142778,0.11875904,0.16665989,0.15162544,0.13865198,0.107526645,0.14588638,0.13502799,0.06995213,0.055163793,0.07320268,0.06430022,0.06747786,0.052123208,0.07335473,0.064624965,0.05465815,0.047336355,0.06054133,0.057757165,0.18544044,0.065159805,0.16928542,0.1136495,0.058905013,0.03226695,0.05575589,0.038236413,0.1955636,0.15342902,0.20249447,0.18097048,0.16945684,0.13249096,0.17535245,0.16559039,0.06944162,0.05982357,0.07105644,0.06421847,0.06570787,0.058230754,0.07003866,0.06480112,0.05115666,0.051467475,0.055877864,0.057409767,0.0,0.0040012198,0.0,0.008359163,0.0,0.0068238643
R_PIT_ROI,Right,22,0.0030180938,0.009846058,0.010355995,0.0,0.0045938264,0.0,0.0058599203,0.0,0.006125173,0.0,0.004426991,0.006502487,0.006253759,0.0,0.005552015,0.0,0.004979533,0.0,0.009226737,0.0,0.004678634,0.0,0.0061420305,0.0,0.009464002,0.0,0.0048095537,0.13086636,0.078187145,0.12894058,0.10098818,0.0377872,0.03327073,0.033970986,0.030308656,0.086873695,0.06689468,0.100418985,0.10278671,0.088915646,0.0802886,0.103795625,0.10842716,0.08442931,0.0850472,0.098703116,0.106983036,0.02728049,0.030368783,0.028106833,0.025067663,0.029804457,0.032092806,0.029373895,0.02839391,0.027810205,0.033263892,0.027974328,0.029560285,0.12485949,0.07835788,0.123649694,0.086648665,0.034519237,0.035022732,0.035157047,0.027582763,,0.087826066,0.07363674,0.10378721,0.10324208,0.08632544,0.08315346,0.10166038,0.10422992,0.025733804,0.032639,0.034374435,0.03491584,0.028988019,0.03302038,0.035816435,0.03915358,0.026852516,0.032542255,0.03422277,0.038652077,0.16180764,0.07221622,0.14926486,0.09813836,0.07265579,0.03793934,0.07060419,0.04777297,0.15518296,0.10131585,0.1598789,0.13385431,0.15181668,0.10516712,0.15783352,0.13252495,0.13017634,0.10005969,0.13719374,0.12362131,0.068410024,0.0652772,0.075110756,0.06586609,0.06761967,0.065131634,0.07516596,0.06848075,0.056659706,0.0637814,0.06365696,0.06460915,0.15774949,0.0720417,0.14708294,0.099418275,0.06515246,0.03861233,0.06592181,0.044056185,0.17337717,0.11846065,0.17968719,0.15118653,0.15183312,0.11786211,0.15979084,0.14182016,0.074114844,0.072519705,0.083338894,0.07874156,0.07398047,0.07274307,0.08578477,0.08235891,0.0612936,0.06867449,0.07336958,0.07791586,0.14714007,0.040353615,0.13190986,0.07988178,0.06583926,0.029374095,0.05995117,0.04021965,0.14217524,0.08951729,0.14467968,0.12419113,0.1369511,0.09735363,0.14039533,0.11947171,0.11416096,0.09503274,0.11837085,0.10843719,0.056341935,0.05807249,0.061357982,0.061252672,0.05568629,0.05953057,0.06145907,0.0616196,0.046449907,0.058310036,0.05196691,0.05935608,0.16129684,0.077237554,0.14808808,0.10321304,0.06428122,0.04990299,0.060392994,0.043876894,0.19086915,0.15292247,0.19702,0.17588149,0.15871266,0.14837542,0.16536818,0.15643203,0.08451929,0.08455893,0.08895418,0.08484009,0.08164995,0.08446446,0.08653926,0.084327176,0.06540213,0.081713565,0.07053263,0.079414174,0.0,0.00525951,0.0,0.0069373846,0.0,0.006462123
R_PI_ROI,Right,178,0.049954887,0.008106631,0.005560325,0.0,0.03940601,0.0,0.033128213,0.0,0.015058799,0.0,0.0451935,0.02747242,0.033011552,0.0,0.017205156,0.0,0.04001245,0.0,0.035076305,0.0,0.016665176,0.0,0.043663673,0.0,0.03529731,0.0,0.022717291,0.28162453,0.21078007,0.29484564,0.26695606,0.1732623,0.12123191,0.18332222,0.17118996,0.20934612,0.2838232,0.27000403,0.32432464,0.22318907,0.2818022,0.2861746,0.32897407,0.20068572,0.2747527,0.2577427,0.31283483,0.11823631,0.16045399,0.16099697,0.1886312,0.12442659,0.15877937,0.16930512,0.19592592,0.109690435,0.15691647,0.14870612,0.18132615,0.2620825,0.22597952,0.2792542,0.24555561,0.15703657,0.13724934,0.16029507,0.1428325,,0.24501659,0.259208,0.2955748,0.31998506,0.22402313,0.26057318,0.27053806,0.3004464,0.13350025,0.14627706,0.14974564,0.16340275,0.14315495,0.14321686,0.1614327,0.17377684,0.12383323,0.14205997,0.14156444,0.16128762,0.21720865,0.14104137,0.22288302,0.19245766,0.090218805,0.04321522,0.086150676,0.0893083,0.15906067,0.22227903,0.18677475,0.24450615,0.16681607,0.21703172,0.2011413,0.24147084,0.14916573,0.2058385,0.17912565,0.2267117,0.05956597,0.08886939,0.06312353,0.10834411,0.06167203,0.09001277,0.066869415,0.114189886,0.05034065,0.089477494,0.055675577,0.10724766,0.22437112,0.18533047,0.24330379,0.21304275,0.121766284,0.08497902,0.13646953,0.12240206,0.23334883,0.25452206,0.27983424,0.2995576,0.21279995,0.24889229,0.2554891,0.27928907,0.12028135,0.122040495,0.1402091,0.15163891,0.12567851,0.12084545,0.14967561,0.1601722,0.10578442,0.117946856,0.13035852,0.14761731,0.14184222,0.07441556,0.14312798,0.12119995,0.046629906,0.009449648,0.046875317,0.036987413,0.09877171,0.13089211,0.109293126,0.12913011,0.09816849,0.12632202,0.11438137,0.12506583,0.09148086,0.11630811,0.10406708,0.11616768,0.042277653,0.042196587,0.049470596,0.054606855,0.039988317,0.040525556,0.04675739,0.05536365,0.032843526,0.036648784,0.03905502,0.047248837,0.14905864,0.12882042,0.15741324,0.14673959,0.051826052,0.04880047,0.053518124,0.05239045,0.13690981,0.1701133,0.15767106,0.17380974,0.1262437,0.16507022,0.1452789,0.16137317,0.053082097,0.06585306,0.059531383,0.070042945,0.050011594,0.06745668,0.057859782,0.06845531,0.038933106,0.064007394,0.045169007,0.058894105,0.0,0.04194975,0.0,0.0343851,0.0,0.016731123
R_POS1_ROI,Right,31,0.010860501,0.008202776,0.00820852,0.0,0.007862315,0.0,0.0050655613,0.0,0.0041310037,0.0,0.008236825,0.0042106505,0.0050709406,0.0,0.0038067997,0.0,0.0070980126,0.0,0.006012619,0.0,0.0035970549,0.0,0.008245872,0.0,0.006831584,0.0,0.003923718,0.17170379,0.12708771,0.16073371,0.14307643,0.044139303,0.03891873,0.040166207,0.03190032,0.12579429,0.14609863,0.13328408,0.13694511,0.12613083,0.14687088,0.13259342,0.13625382,0.11676811,0.142951,0.122690044,0.12930478,0.040077623,0.0469531,0.041591756,0.041195937,0.038821865,0.05012632,0.040029936,0.04054734,0.03298837,0.050253328,0.034285784,0.038683955,0.1793224,0.12793377,0.17758355,0.15460822,0.036831673,0.051035248,0.040361192,0.04069855,,0.1312437,0.16233636,0.15301885,0.16542223,0.12390982,0.1571717,0.14362682,0.15973283,0.03160498,0.050680526,0.03953959,0.04434189,0.02963103,0.053692997,0.037150532,0.043932863,0.025045166,0.054934386,0.032381274,0.042200778,0.19797084,0.12507257,0.18848535,0.16552666,0.06454764,0.03229236,0.058997333,0.04414884,0.17714988,0.17851952,0.18882632,0.18132831,0.16969822,0.17747477,0.18048562,0.17587516,0.1484159,0.16798851,0.15927635,0.16015708,0.060885236,0.066337,0.06796146,0.06788694,0.057499044,0.067236006,0.0648768,0.06532353,0.04829522,0.064319536,0.05327522,0.05831755,0.1883751,0.12946829,0.1850376,0.164802,0.055755444,0.056072883,0.056052685,0.050242476,0.17810847,0.18538682,0.19139764,0.1906942,0.16103566,0.17882916,0.17570351,0.18081118,0.060991768,0.075442255,0.06708341,0.068182714,0.056878038,0.07809252,0.064165905,0.06754315,0.0478993,0.076580174,0.055282705,0.061346166,0.17321561,0.09279095,0.1622567,0.14064372,0.044378374,0.020154929,0.03793431,0.028639741,0.14666083,0.15712297,0.15498982,0.15324378,0.13725019,0.15872121,0.14553978,0.14893901,0.116738886,0.14982738,0.12438466,0.13311514,0.031818036,0.04514688,0.03858987,0.043385442,0.030626098,0.04826136,0.037748165,0.044323355,0.026344595,0.048350137,0.0314005,0.041043196,0.18024881,0.1258936,0.17458203,0.15839817,0.057834454,0.06205325,0.057443444,0.05644501,0.17603675,0.17924127,0.18341246,0.18068565,0.15350187,0.17519318,0.16313565,0.17137602,0.06578308,0.073481485,0.07057344,0.071618676,0.06235165,0.07511598,0.0676371,0.07197875,0.05174293,0.07375829,0.056850962,0.067263015,0.0,0.011745466,0.0,0.007171197,0.0,0.0038542422
R_POS2_ROI,Right,15,0.012346719,0.0065673487,0.005965807,0.0,0.009734736,0.0,0.010342796,0.0,0.007347268,0.0,0.0109115755,0.009030526,0.009577162,0.0,0.00805629,0.0,0.008996972,0.0,0.01090106,0.0,0.005525711,0.0,0.008807653,0.0,0.010287627,0.0,0.0058416803,0.1853505,0.10281397,0.17751984,0.14840211,0.05203839,0.010829107,0.039735198,0.019709034,0.10515453,0.11406755,0.11280803,0.11857474,0.10571691,0.11030733,0.11445372,0.12191141,0.10397708,0.105134815,0.1112199,0.122243896,0.021067746,0.025126675,0.017342297,0.0109170135,0.020618537,0.022247601,0.015782205,0.01034662,0.0182172,0.02097721,0.011841877,0.008055619,0.2007775,0.15171613,0.20092036,0.17068441,0.045897957,0.059765145,0.047819857,0.047705006,,0.14291073,0.18115708,0.1696303,0.18498129,0.13962595,0.17826119,0.16434449,0.18263349,0.033477843,0.064043134,0.041501533,0.052674048,0.035104867,0.063244455,0.043713234,0.054151595,0.033520404,0.059833802,0.041431747,0.052550055,0.21167788,0.11051802,0.2024,0.15660028,0.071368344,0.010183371,0.06414442,0.03055859,0.15330887,0.12442206,0.16261147,0.15152335,0.15064426,0.12122785,0.16085516,0.14834952,0.14067149,0.11478181,0.14866187,0.14304367,0.032290217,0.04424852,0.039949615,0.033127364,0.027637294,0.037828002,0.035733283,0.03167789,0.022572499,0.031774316,0.029286977,0.029143235,0.22233407,0.14246905,0.21655497,0.1854942,0.07265803,0.05643549,0.075916894,0.06418223,0.20632496,0.20002988,0.2230831,0.22507066,0.19297537,0.19217943,0.20893691,0.22062157,0.06953166,0.08901762,0.080828495,0.09176469,0.06885135,0.087036446,0.081819706,0.09170417,0.06188536,0.08146093,0.07405876,0.087057546,0.2044492,0.103485115,0.19348349,0.15586114,0.08658598,0.02152848,0.07651746,0.04951847,0.13917905,0.13524736,0.15192421,0.1492684,0.13618448,0.13335104,0.14835104,0.14445679,0.12510753,0.12791225,0.13627245,0.1377298,0.032022066,0.04835286,0.042856727,0.04804458,0.028633533,0.047719605,0.03997864,0.04905806,0.024491664,0.046108756,0.034231126,0.04814183,0.21169828,0.13898696,0.20336762,0.17306854,0.06654774,0.07254778,0.0698362,0.066177964,0.20070742,0.18500772,0.21057159,0.20245932,0.18269977,0.17750129,0.19296494,0.19573054,0.06983687,0.07613792,0.07882076,0.083894305,0.06760349,0.07465901,0.07769372,0.086187,0.05824836,0.07229202,0.06724595,0.08309763,0.0,0.008806316,0.0,0.008690869,0.0,0.0048947358
R_PSL_ROI,Right,25,0.0266684,0.0056332797,0.004538201,0.0,0.016556023,0.0,0.015860097,0.0,0.0132435225,0.0,0.019297255,0.013568311,0.015747363,0.0,0.013816089,0.0,0.01767309,0.0,0.016019987,0.0,0.014701019,0.0,0.020855054,0.0,0.017939463,0.0,0.017425766,0.21222909,0.13612494,0.20349605,0.18485217,0.0621012,0.037619684,0.060753714,0.057382476,0.14515625,0.17815308,0.1678015,0.191103,0.14245507,0.18055607,0.16482699,0.18766761,0.12918366,0.17092253,0.1480981,0.17835729,0.030602828,0.049976856,0.05041032,0.05704324,0.027499259,0.05079746,0.04522176,0.060784776,0.020026926,0.0514516,0.035210747,0.057088077,0.22020642,0.16611047,0.21518472,0.18966202,0.051413596,0.05866073,0.052426763,0.049190108,,0.1842454,0.22135071,0.20278673,0.21776336,0.16800544,0.21674268,0.18481478,0.2094298,0.056453507,0.0655525,0.05853492,0.058358546,0.053016588,0.06530065,0.056509398,0.06137621,0.04202374,0.061365858,0.046443634,0.057834934,0.1948,0.094393626,0.18286693,0.14577706,0.04696479,0.020828206,0.038119372,0.031508297,0.15665299,0.1509695,0.16741954,0.17569946,0.15241608,0.14891478,0.16588156,0.16897751,0.13629079,0.13281943,0.14743468,0.15430836,0.0270558,0.033712808,0.028387194,0.04066891,0.024168674,0.032787498,0.0267348,0.04048954,0.0176547,0.03463239,0.019604355,0.033029176,0.22081186,0.1558496,0.21256432,0.17705111,0.06199609,0.047692556,0.060898136,0.050520413,0.22264835,0.22882032,0.23897977,0.24353942,0.20177451,0.21475644,0.2147998,0.2279721,0.0799153,0.07948244,0.08332189,0.08338621,0.07410763,0.07740013,0.0803142,0.08398935,0.05819742,0.07051569,0.06490691,0.074441075,0.14577544,0.027199363,0.1320968,0.08989424,0.04161268,0.0010548045,0.035377104,0.018050207,0.10538984,0.075906634,0.106936686,0.10090945,0.104157254,0.07391718,0.10718414,0.095582515,0.09319619,0.06677488,0.09687951,0.08749866,0.030391647,0.020836841,0.033760127,0.029678421,0.029602574,0.021351038,0.03391725,0.028683882,0.024266407,0.02282307,0.02781292,0.024832262,0.18912126,0.1302341,0.18080474,0.14587566,0.054459568,0.046168607,0.051417347,0.04044163,0.18222786,0.19078243,0.19188388,0.19357042,0.16741966,0.17851187,0.17590058,0.1831187,0.06283623,0.064499915,0.06520279,0.065431096,0.059759032,0.06330185,0.064383395,0.06524262,0.04920606,0.05960192,0.05272526,0.05945173,0.0,0.021893037,0.0,0.014973093,0.0,0.010417804
R_PeEc_ROI,Right,122,0.008497086,0.012542241,0.012812605,0.0,0.01273533,0.0,0.013227322,0.0,0.011443676,0.0,0.013214493,0.0107139805,0.013188579,0.0,0.012738921,0.0,0.010564388,0.0,0.012874863,0.0,0.011510424,0.0,0.0093850475,0.0,0.013088717,0.0,0.0128926635,0.1767223,0.16020043,0.18894053,0.17829144,0.05325102,0.035913,0.050656863,0.037408352,0.12285829,0.16404729,0.14854729,0.15731762,0.12135613,0.16597112,0.14811058,0.1634528,0.11910172,0.16145645,0.1435643,0.1668282,0.039921463,0.043994877,0.043597963,0.038375437,0.039967425,0.04721949,0.04171753,0.039266113,0.037644614,0.04957023,0.0385778,0.03767682,0.14829446,0.16499585,0.17723301,0.18267132,0.045113314,0.07568091,0.055404775,0.063815646,,0.10105527,0.17405094,0.14077306,0.17356162,0.10097509,0.16762753,0.13751757,0.17575704,0.02836862,0.07250681,0.039896548,0.059972085,0.031766895,0.07080651,0.04524031,0.06628382,0.03215018,0.069598794,0.04606516,0.06665213,0.21660534,0.1581497,0.22106765,0.18795073,0.09228341,0.052920856,0.09510802,0.06184625,0.18689382,0.20815697,0.21254559,0.2108501,0.1822457,0.20307398,0.20964625,0.20988347,0.16052715,0.19235231,0.18775253,0.1985855,0.071178675,0.08988356,0.088145144,0.084338814,0.07148718,0.09057396,0.08831483,0.08361089,0.061926033,0.087223776,0.07671857,0.07683766,0.18954957,0.15648176,0.20744935,0.1956395,0.079688065,0.075700395,0.08962143,0.07907547,0.1889787,0.22213314,0.2233965,0.2411387,0.17134982,0.20910595,0.20708431,0.23153447,0.08071297,0.11087931,0.09806234,0.11000044,0.0817861,0.11095656,0.10172413,0.115373306,0.07153688,0.10669477,0.0904336,0.11050386,0.19118932,0.09936999,0.18532608,0.14799047,0.07537397,0.023919808,0.06913608,0.04263988,0.15593827,0.1598207,0.17145416,0.16498242,0.15074182,0.15131368,0.16575642,0.16369115,0.12419127,0.14202859,0.1412275,0.14990796,0.043018874,0.052769355,0.052852307,0.05307146,0.040857323,0.053767655,0.050823186,0.053479727,0.031399306,0.05256999,0.040935423,0.050372608,0.20023881,0.15151684,0.2118769,0.18911922,0.07941729,0.07480061,0.08567952,0.07595349,0.21413398,0.24257626,0.2435648,0.25348428,0.18638635,0.22830132,0.21753761,0.23972629,0.089884706,0.10576554,0.10399353,0.10897321,0.0889241,0.10548634,0.10307615,0.11130299,0.07384604,0.1000048,0.08645142,0.10508322,0.0,0.013379759,0.0,0.012544923,0.0,0.01056254
R_Pir_ROI,Right,110,0.007654428,0.0040484336,0.003998584,0.0,0.0029263548,0.0,0.0023511108,0.0,0.0040921504,0.0,0.0040926193,0.0014825765,0.0026420392,0.0,0.0053011486,0.0,0.003951862,0.0,0.0017413481,0.0,0.004545759,0.0,0.0036915508,0.0,0.0033826788,0.0,0.004504275,0.07470036,0.06801689,0.09811764,0.10751475,0.02524962,0.013972956,0.031036321,0.024156487,0.03625692,0.11654853,0.058663014,0.086682975,0.032491025,0.10411857,0.05684011,0.08209448,0.032604158,0.10113113,0.052608494,0.0788902,0.0030800002,0.032739636,0.0097673675,0.010977656,0.0024787528,0.030832915,0.010523147,0.013093982,0.0037929153,0.032311212,0.0078914985,0.017339839,0.06984944,0.082771696,0.096648164,0.11964225,0.013424038,0.044878125,0.021060634,0.031124676,,0.04766762,0.11126308,0.07408455,0.1002552,0.047590137,0.10914783,0.0717724,0.098851934,0.008108485,0.03846451,0.01403402,0.021525836,0.009764791,0.03470299,0.01576611,0.021683484,0.010023206,0.035361502,0.015983744,0.025284495,0.084148705,0.080059655,0.1121593,0.12091873,0.024097137,-0.0012163215,0.02745883,0.012568929,0.05259604,0.13494636,0.079665564,0.12635155,0.04878694,0.12594995,0.07794279,0.11602938,0.044524916,0.12420023,0.06918586,0.11330045,0.006100268,0.023080405,0.007850864,0.01598853,0.005264218,0.016005563,0.007903642,0.012633517,0.0037404343,0.015388251,0.004828596,0.014604186,0.0794409,0.08982361,0.11027027,0.13015346,0.021706732,0.027599698,0.03145031,0.036582183,0.067458384,0.15253043,0.10547634,0.14220046,0.0640608,0.14953896,0.096160054,0.13681816,0.019104589,0.044611424,0.029490404,0.038410317,0.01943995,0.039829798,0.030930186,0.03761124,0.017527672,0.038145307,0.026959807,0.040474493,0.08255123,0.069333486,0.1101072,0.117443606,0.034238167,0.006766749,0.04204677,0.031315405,0.052166693,0.12665355,0.077671595,0.115882024,0.04897871,0.12182164,0.07688199,0.10929916,0.04622441,0.11734646,0.071109,0.10873588,0.019052044,0.031038996,0.029237181,0.03574973,0.017555771,0.032075528,0.03057978,0.032885287,0.016277337,0.030401042,0.026272696,0.036389943,0.076954894,0.08491224,0.10507171,0.11965932,0.025217123,0.033882193,0.035739187,0.03900283,0.060668834,0.13792314,0.092667185,0.12432052,0.05715674,0.13154912,0.08290046,0.11709809,0.01956343,0.038918335,0.028738078,0.037846535,0.019055888,0.03706029,0.029977541,0.036607075,0.016315028,0.03495491,0.025960833,0.038251933,0.0,0.0031833448,0.0,0.0031773306,0.0,0.004500524
R_PoI1_ROI,Right,167,0.018689023,0.003493946,0.0032364237,0.0,0.0074057463,0.0,0.0060161017,0.0,0.004345659,0.0,0.008622349,0.0037525066,0.0060879136,0.0,0.004795986,0.0,0.008252373,0.0,0.00534469,0.0,0.0049879886,0.0,0.008383569,0.0,0.005899418,0.0,0.004933674,0.14120808,0.10617598,0.15768942,0.1592905,0.04109603,0.02443795,0.044984553,0.047729686,0.08351564,0.15289794,0.102399044,0.13278343,0.08291782,0.1491724,0.10860976,0.13323888,0.081315815,0.14314015,0.104273185,0.12914148,0.021035774,0.04941681,0.02726483,0.037401766,0.02009393,0.047743082,0.028436486,0.037384007,0.01994877,0.047114488,0.024903476,0.038412035,0.12979518,0.13350484,0.15538786,0.16668442,0.02349527,0.039845146,0.031695183,0.040930893,,0.095297754,0.15636957,0.1323169,0.16269022,0.092958756,0.1517706,0.1291246,0.15908669,0.019807855,0.050268143,0.027730087,0.041907344,0.019087734,0.047677033,0.029032363,0.045152847,0.01733617,0.04520654,0.027270762,0.042059537,0.15417542,0.13590984,0.18252382,0.18009569,0.03879836,0.025089469,0.042765226,0.04336843,0.113838114,0.19485563,0.14672028,0.18868847,0.11342084,0.1900643,0.1487048,0.18358332,0.103300974,0.1831192,0.1371951,0.1690741,0.027076732,0.061873864,0.031848643,0.05098378,0.026303098,0.05800508,0.031304013,0.05036352,0.02261346,0.053668566,0.025989024,0.046766885,0.14179428,0.1476271,0.17595054,0.18541767,0.038395483,0.044444595,0.049127463,0.05269066,0.13047689,0.19853818,0.17444217,0.21354413,0.120549396,0.1918262,0.16525684,0.20355663,0.03709274,0.06917291,0.05093017,0.06693204,0.03756464,0.066939406,0.052178998,0.067316,0.030977542,0.063167095,0.04499308,0.06140711,0.14232147,0.11057794,0.16378485,0.15937813,0.043154627,0.027481828,0.049922474,0.041953325,0.10617255,0.16389534,0.13435471,0.15691863,0.10679153,0.15811901,0.13547795,0.15372775,0.094900005,0.14958477,0.123157814,0.14323224,0.03711239,0.05542512,0.049333725,0.055451844,0.036830876,0.053297687,0.048672356,0.054483894,0.031027613,0.04968208,0.042058658,0.050789032,0.1326363,0.134999,0.1574908,0.1625613,0.040393855,0.048752572,0.0499123,0.04950345,0.12445967,0.17553093,0.15631442,0.1806413,0.11225381,0.1694317,0.1456189,0.17237209,0.03680103,0.062305678,0.04851868,0.059077036,0.03815256,0.06016022,0.04919248,0.056407895,0.031519003,0.05543744,0.04291016,0.051830094,0.0,0.008277864,0.0,0.00711354,0.0,0.004666786
R_PoI2_ROI,Right,106,0.0029147218,0.0030443354,0.003076048,0.0,0.0022464579,0.0,0.0014992002,0.0,0.0016283017,0.0,0.0019436645,0.0009434566,0.002101997,0.0,0.002499433,0.0,0.0019411488,0.0,0.0014325471,0.0,0.00074760045,0.0,0.00086093164,0.0,0.0012804213,0.0,0.0008807332,0.11109847,0.10303275,0.13601911,0.15741827,0.014488493,0.023784047,0.015548692,0.022250498,0.067606695,0.10923831,0.08997489,0.11836295,0.06385726,0.11138917,0.089686275,0.11967768,0.06378084,0.10976035,0.08616393,0.11977493,0.008514924,0.024809247,0.010421263,0.016536357,0.007786333,0.02643542,0.008777796,0.018466547,0.00900858,0.029840048,0.008779041,0.017550634,0.09466775,0.106763564,0.1134094,0.12519763,0.011086205,0.020776028,0.013420889,0.014007017,,0.0611585,0.10299437,0.087382436,0.10969467,0.060003556,0.11063447,0.08032263,0.11488183,0.009344728,0.027613962,0.0125680715,0.020803781,0.009122343,0.026541555,0.013889528,0.021746822,0.009854354,0.02969635,0.014076876,0.022765297,0.12041325,0.113627836,0.14648652,0.1538272,0.020548834,0.021658564,0.023298763,0.021473201,0.09083615,0.11941342,0.11799956,0.13943917,0.09217668,0.11907132,0.120805606,0.13926768,0.08651622,0.11647903,0.11452402,0.13323474,0.015454545,0.02746279,0.02076574,0.024829116,0.015770834,0.027249586,0.021362424,0.026867134,0.014945859,0.028277237,0.018777948,0.024030134,0.10716336,0.11701637,0.1290332,0.13946415,0.015249857,0.023333158,0.018837303,0.018542487,0.100363724,0.13774766,0.13031551,0.15106888,0.09287256,0.14034784,0.12106259,0.14862695,0.017571528,0.029945295,0.024374848,0.031497024,0.018760664,0.029408677,0.02624723,0.03295604,0.016752582,0.030592896,0.023693325,0.03047845,0.1051941,0.09071923,0.12328048,0.13077796,0.018530013,0.009043387,0.02013548,0.013974043,0.07811023,0.0892321,0.09981065,0.10801392,0.079948634,0.09515394,0.10179679,0.11291268,0.07220865,0.09497189,0.09346044,0.11132335,0.012274666,0.02656209,0.018116837,0.023537427,0.01189021,0.027133327,0.017706111,0.024574785,0.009303364,0.026156243,0.015044275,0.02108486,0.1042609,0.11369752,0.12414138,0.13182746,0.016163027,0.021784838,0.020346226,0.018620742,0.10505306,0.14435948,0.13295601,0.14733328,0.09385902,0.14689359,0.12190437,0.14414352,0.018663907,0.028624011,0.025082463,0.029847326,0.019737272,0.029997848,0.026170043,0.031270508,0.01667844,0.029379537,0.023571378,0.02896346,0.0,0.0005564926,0.0,0.0019372405,0.0,0.0016537104
R_PreS_ROI,Right,119,0.0048367414,0.0048877657,0.0053802123,0.0,0.00395775,0.0,0.0033814195,0.0,0.0032042738,0.0,0.0042534247,0.0025630288,0.0032405297,0.0,0.0042135864,0.0,0.00458949,0.0,0.0042859167,0.0,0.0031774673,0.0,0.0039028972,0.0,0.0038632327,0.0,0.0038837038,0.114334784,0.09754694,0.12336909,0.10598604,0.037005115,0.036776964,0.036776364,0.03136555,0.07661594,0.10512089,0.08965809,0.09496181,0.07859166,0.10145957,0.09450617,0.09177269,0.07981272,0.09841448,0.09506027,0.094755955,0.02617767,0.039037585,0.028249651,0.03276828,0.027742028,0.042897556,0.03139135,0.031726804,0.028826285,0.04512903,0.032146752,0.03043168,0.10278212,0.085533015,0.12046189,0.108491436,0.032296598,0.053116385,0.038543433,0.046427872,,0.07444859,0.105532065,0.10052998,0.11621474,0.07438105,0.10305782,0.101608776,0.11292996,0.020012824,0.046880636,0.026428644,0.04149562,0.02240109,0.04914844,0.031140717,0.044653233,0.024187105,0.050546408,0.033504035,0.0448369,0.13485417,0.09605763,0.14201522,0.115077145,0.05652475,0.029804105,0.058953278,0.04404637,0.11087573,0.13313915,0.12756571,0.13378061,0.11094369,0.1269441,0.1289649,0.12002083,0.10242464,0.12383573,0.12106093,0.11361428,0.040779445,0.05615995,0.04968891,0.057604514,0.04182632,0.05596048,0.052714262,0.056160763,0.039393768,0.05503798,0.04978716,0.054307226,0.11594413,0.09199879,0.12858947,0.11843836,0.046482734,0.045899846,0.052631233,0.047799055,0.11678095,0.123986974,0.13919654,0.13972001,0.108248964,0.12241444,0.13360833,0.13544403,0.044311844,0.058695868,0.052637268,0.063373275,0.046506673,0.058830403,0.05726259,0.065312654,0.043120563,0.060211632,0.05483397,0.06456439,0.12040914,0.071322255,0.12151777,0.101514205,0.040303472,0.020603329,0.040035218,0.030105833,0.093879245,0.12787546,0.10667251,0.120712325,0.09165455,0.124706425,0.10473631,0.10738926,0.07910873,0.12341155,0.09278328,0.0993251,0.0195646,0.046848826,0.025824366,0.03996036,0.019648409,0.04810445,0.028563855,0.04125554,0.016932828,0.049221452,0.02601157,0.040955994,0.11470856,0.105041094,0.123816945,0.11950438,0.038673222,0.056561373,0.045398343,0.04723582,0.1217362,0.14083533,0.13972972,0.14433885,0.10831936,0.13945186,0.1263783,0.14004715,0.04483113,0.066861376,0.053192884,0.06420284,0.04734855,0.06529577,0.057687465,0.06782412,0.040994707,0.065972105,0.05219394,0.06892741,0.0,0.0033136501,0.0,0.0032217016,0.0,0.0030550484
R_ProS_ROI,Right,121,0.0040952605,0.0030608042,0.0040517743,0.0,0.0015885723,0.0,0.004541713,0.0,0.006582639,0.0,0.0018978373,0.003025988,0.003842759,0.0,0.006731667,0.0,0.0015761743,0.0,0.004661667,0.0,0.0057736496,0.0,0.0022907187,0.0,0.004191029,0.0,0.006373606,0.11458598,0.080989294,0.11444659,0.09136506,0.025511688,0.024124816,0.024119169,0.016506553,0.089423545,0.07566006,0.09969915,0.08645718,0.08633944,0.07800141,0.09824181,0.081256695,0.07819641,0.07544584,0.08662328,0.07860204,0.027084917,0.030817477,0.027735788,0.022967432,0.024220545,0.033351917,0.025685206,0.02261453,0.020636603,0.03476453,0.019830542,0.021028787,0.088935785,0.09228688,0.09575475,0.08633564,0.015626986,0.03385143,0.017861392,0.017834932,,0.06643806,0.08624018,0.084438145,0.07741916,0.06106966,0.09282921,0.07948083,0.07413537,0.012880334,0.016318178,0.018455086,0.018636439,0.011543045,0.019434903,0.016392844,0.017839167,0.009829335,0.020391662,0.013191439,0.01754177,0.124755025,0.072200514,0.121278435,0.09337622,0.051148284,0.014876312,0.051892232,0.029671263,0.11047458,0.105076835,0.12636566,0.10833587,0.10240238,0.10749196,0.118107185,0.102889314,0.08766358,0.098694906,0.09907077,0.0960788,0.034137152,0.041341357,0.046666857,0.036152754,0.030254956,0.041933168,0.0422279,0.037837476,0.025117623,0.038659718,0.034651577,0.03612043,0.10034864,0.08392965,0.10278254,0.09333347,0.032189112,0.03571547,0.033782143,0.027769074,0.09390992,0.1083462,0.10686986,0.10864517,0.0852561,0.10945023,0.10034138,0.1020384,0.033216935,0.034788348,0.039703183,0.043025255,0.031907022,0.038470242,0.037183024,0.043145142,0.028589917,0.03919742,0.03469016,0.041050423,0.10543893,0.044536807,0.09842116,0.077643596,0.030116977,-0.0056231185,0.024814337,0.008573641,0.08182859,0.09977257,0.09300449,0.09317266,0.07143763,0.100148134,0.081166774,0.08640966,0.056769192,0.09052771,0.06384947,0.07831562,0.0029707695,0.018934965,0.0100353025,0.017837789,-0.0006393249,0.020061674,0.0055957064,0.018448323,-0.0051120752,0.019524591,-0.0019109976,0.01744003,0.09388516,0.074090034,0.093833596,0.084275424,0.025325311,0.03657823,0.028063696,0.026931375,0.09426928,0.106322125,0.1014325,0.107472114,0.085147396,0.10079469,0.09448678,0.100978374,0.033018053,0.04081315,0.040178537,0.042980064,0.033071853,0.043874286,0.038501374,0.04573542,0.031358216,0.04508409,0.037497856,0.04416786,0.0,0.0021937059,0.0,0.0042451792,0.0,0.004336941
R_RI_ROI,Right,104,0.023690162,0.0048377435,0.003980278,0.0,0.010551437,0.0,0.008461861,0.0,0.0028625326,0.0,0.012111742,0.00787808,0.008331448,0.0,0.003925431,0.0,0.009151375,0.0,0.009039494,0.0,0.0037059423,0.0,0.010203346,0.0,0.008061064,0.0,0.00575587,0.17458045,0.07318214,0.16459967,0.1437685,0.07350372,0.046273064,0.068229854,0.055607423,0.16884466,0.17988238,0.18585366,0.19218041,0.13937457,0.1741314,0.15452169,0.17241454,0.11020699,0.1522068,0.12077831,0.14143454,0.07338863,0.06421555,0.095855325,0.09716119,0.050929982,0.061612554,0.07199002,0.08662277,0.032532394,0.05725361,0.047294255,0.06961768,0.14536522,0.07317035,0.13449025,0.117536284,0.051578995,0.032485854,0.04050813,0.029309774,,0.13097051,0.15180835,0.14169122,0.14613351,0.106040634,0.14238788,0.11430027,0.12895621,0.07501942,0.044692535,0.07347294,0.061311074,0.054231904,0.044056956,0.05637729,0.053221527,0.034960475,0.04291431,0.036076408,0.04035109,0.15294895,0.07746261,0.14219022,0.11613524,0.044380568,0.025381537,0.035313606,0.03080777,0.15807894,0.14870353,0.16784334,0.17484945,0.13531339,0.14413644,0.14584687,0.15625818,0.10672732,0.13074088,0.116863474,0.1310538,0.040260784,0.037598822,0.041231308,0.0529405,0.029902825,0.03537599,0.03090453,0.047303833,0.018507885,0.03161437,0.020814357,0.03855153,0.15228021,0.09491906,0.14457703,0.121669896,0.052449387,0.037355736,0.04996859,0.04180267,0.16754371,0.16228338,0.18216065,0.1821115,0.1363728,0.15397193,0.15008155,0.16343726,0.07940103,0.06545256,0.08445076,0.07813726,0.062273487,0.06628322,0.07030569,0.07192052,0.042421695,0.062605135,0.04980337,0.06193775,0.10868741,0.002767004,0.0948574,0.0518577,0.02013543,-0.005211825,0.015862748,0.005183098,0.092089646,0.029067669,0.09182857,0.07469716,0.0816092,0.022880638,0.0822598,0.06565374,0.06418664,0.017898813,0.06374479,0.054868042,0.013806806,0.009505711,0.01555912,0.013718959,0.011731967,0.007442745,0.013092175,0.011078834,0.007241667,0.0025706992,0.008381316,0.0062754364,0.13371146,0.070452526,0.1273661,0.1004601,0.029522931,0.026370136,0.029573072,0.026239222,0.14412692,0.11950336,0.15456584,0.15271704,0.121754974,0.110553026,0.13169433,0.14022613,0.041171182,0.050835185,0.04519287,0.048817746,0.03649488,0.052752335,0.040904228,0.047813624,0.027740447,0.049727954,0.032084618,0.043758385,0.0,0.009219436,0.0,0.00992681,0.0,0.004794941
R_RSC_ROI,Right,14,0.010359409,0.006877311,0.006354571,0.0,0.0058100447,0.0,0.008338735,0.0,0.007717689,0.0,0.0068923705,0.006882844,0.007957719,0.0,0.008552031,0.0,0.005184637,0.0,0.007649469,0.0,0.0059037954,0.0,0.0058069294,0.0,0.007140252,0.0,0.0071883644,0.15418898,0.09177133,0.15498789,0.1265987,0.031983316,0.009313136,0.02691561,0.012857571,0.09040585,0.10818969,0.10024556,0.092880264,0.09062599,0.106510155,0.10060239,0.09582257,0.088607,0.09978839,0.09964982,0.09461192,0.015658306,0.022891363,0.01322739,0.00077520846,0.0142162265,0.021934707,0.011073306,0.0027001863,0.012967223,0.019152489,0.009120274,0.00434415,0.14096116,0.09418189,0.15101412,0.12800917,0.026566079,0.042755622,0.03218194,0.03642833,,0.09253136,0.14755385,0.117159754,0.12737574,0.09174215,0.1376314,0.11667478,0.12467278,0.018316133,0.045882963,0.02670902,0.034281004,0.019477788,0.046653334,0.028472748,0.037718233,0.018833289,0.045819014,0.029435545,0.039558806,0.16659237,0.09755043,0.16853094,0.13287446,0.057215806,0.0023616909,0.05803019,0.024396894,0.1099995,0.10818268,0.12432457,0.11548066,0.11078738,0.10922631,0.12618934,0.11414695,0.10549901,0.1051284,0.12130486,0.114262484,0.019371523,0.041860577,0.031130936,0.024383385,0.016568776,0.03528672,0.029082393,0.022765076,0.013412686,0.027012413,0.02571398,0.022051187,0.1604485,0.10183935,0.1662167,0.14777328,0.049026925,0.045944,0.05617254,0.049027324,0.14474979,0.15764546,0.163529,0.16622625,0.13869773,0.1525837,0.15810409,0.16382197,0.043534085,0.06622006,0.053803045,0.065379485,0.04564559,0.06624562,0.059434775,0.06951768,0.042872712,0.06578153,0.057678327,0.06962646,0.15296331,0.073442064,0.14967638,0.12877141,0.06634225,0.0038593456,0.06047963,0.03796135,0.08979039,0.10239784,0.10191109,0.104532234,0.089347415,0.107118964,0.10362458,0.10623035,0.08273886,0.10871446,0.09554151,0.10835121,0.0104506295,0.03684271,0.019122887,0.026959738,0.007662668,0.036444895,0.018255007,0.029397372,0.0039304225,0.03466325,0.013742849,0.03158032,0.15817942,0.105897546,0.16012502,0.14968313,0.042205445,0.054718662,0.04901449,0.051488347,0.15359356,0.15987195,0.1680783,0.16941404,0.14448942,0.15718043,0.15853122,0.16826181,0.04498357,0.057121176,0.052472703,0.05952301,0.0477262,0.057453882,0.058679335,0.0667546,0.044227596,0.05817051,0.05496984,0.069142394,0.0,0.008936138,0.0,0.0072230105,0.0,0.005586907
R_SCEF_ROI,Right,43,0.015779095,0.0066133286,0.005694649,0.0,0.013699144,0.0,0.010505318,0.0,0.007783644,0.0,0.014654164,0.009364955,0.010274914,0.0,0.007870929,0.0,0.013257578,0.0,0.010960105,0.0,0.007293334,0.0,0.013483702,0.0,0.011508699,0.0,0.008190858,0.19337438,0.11993445,0.19204018,0.16694531,0.078169465,0.052667312,0.07504796,0.060321335,0.19034545,0.19309804,0.22136115,0.22510244,0.17436668,0.18435337,0.2045432,0.21743676,0.14452578,0.16792451,0.17151919,0.19558096,0.08998711,0.08453442,0.106918514,0.10416001,0.07744723,0.08124446,0.09444661,0.097608455,0.057286985,0.07539695,0.071968384,0.081708185,0.1943972,0.1447238,0.19792946,0.17658795,0.065972514,0.062200468,0.06945275,0.06516868,,0.17708994,0.20724796,0.2087426,0.2283778,0.15180434,0.19292557,0.18031609,0.21135686,0.076541565,0.07974106,0.086522415,0.09109915,0.06817763,0.07581772,0.08102785,0.08730083,0.05252779,0.07081187,0.06474753,0.07682277,0.16744079,0.0999834,0.16259801,0.13108876,0.06726647,0.028633973,0.06067294,0.039849542,0.18282947,0.15961957,0.20082,0.19221386,0.16186443,0.15300383,0.17913605,0.17706923,0.13050604,0.1404481,0.14557089,0.15844843,0.07989548,0.06315784,0.08543143,0.08060951,0.06883054,0.057765026,0.07558845,0.07287119,0.05141968,0.05073314,0.056544624,0.059025664,0.17922851,0.1111095,0.1777099,0.15198149,0.068638995,0.045145847,0.06961763,0.051992852,0.19967821,0.19160064,0.22218536,0.22109285,0.16487835,0.17638995,0.18545066,0.19990042,0.091356255,0.07256175,0.10081109,0.0949588,0.07871026,0.06783933,0.09106518,0.086880855,0.058736086,0.06168582,0.06872874,0.07334681,0.11311565,0.050818183,0.10259004,0.07255857,0.024196668,0.005545873,0.018796682,0.010158336,0.108960874,0.07840912,0.11141623,0.099217,0.0940929,0.07464343,0.096240565,0.086311705,0.07422816,0.07050008,0.07742627,0.077529,0.019682856,0.022772938,0.024126032,0.024447847,0.016413555,0.019719003,0.020256383,0.022004057,0.011630429,0.015999543,0.014206217,0.016312692,0.14697443,0.09181989,0.13909698,0.115583785,0.039675586,0.040459547,0.03828067,0.03409005,0.16233447,0.15851034,0.17001809,0.16548073,0.13385105,0.14794515,0.14166734,0.14919649,0.055025645,0.053019065,0.05867704,0.056666963,0.046229154,0.04946165,0.051515836,0.05273934,0.034042586,0.044445124,0.03743017,0.045090195,0.0,0.0121352095,0.0,0.0101589775,0.0,0.007866917
R_SFL_ROI,Right,26,0.028496716,0.0053443937,0.0035357338,0.0,0.02394356,0.0,0.021512883,0.0,0.012974289,0.0,0.027851496,0.018144848,0.020595478,0.0,0.013088487,0.0,0.023751527,0.0,0.02106287,0.0,0.014164493,0.0,0.026681772,0.0,0.022389842,0.0,0.017926961,0.22255324,0.14024645,0.21854731,0.19710313,0.09051361,0.062331624,0.09345337,0.08646683,0.19072747,0.2197397,0.22220214,0.24853685,0.17780429,0.216528,0.20809408,0.2413623,0.15110855,0.20720506,0.18006393,0.2133429,0.08719192,0.10236877,0.11149226,0.1295448,0.07515504,0.1008322,0.098641016,0.12265467,0.05569797,0.09774154,0.0777728,0.102386504,0.2229369,0.15910089,0.21857055,0.19322968,0.077229396,0.06396343,0.0761418,0.07185449,,0.19504541,0.21879837,0.21627083,0.23398465,0.16803992,0.21948412,0.19038153,0.21425994,0.09031594,0.082166046,0.09562568,0.09972584,0.076337524,0.08357524,0.0835506,0.09375801,0.055609576,0.082608014,0.06432961,0.079049855,0.1896022,0.10723782,0.18700166,0.1599443,0.053829096,0.017343936,0.049270943,0.04331208,0.18632346,0.1754969,0.20653446,0.2168423,0.17039819,0.17106232,0.18962713,0.20761533,0.14129627,0.16212584,0.16008234,0.184352,0.06591251,0.056930725,0.069489405,0.08183873,0.055887,0.056385465,0.06051953,0.078633405,0.03924476,0.05387301,0.04468059,0.06418821,0.18868183,0.12567078,0.18956368,0.16513792,0.06152666,0.036964197,0.06121725,0.054987416,0.19284081,0.18546866,0.21248266,0.22056705,0.16764957,0.18131684,0.18811028,0.19983675,0.0842513,0.065144904,0.090044625,0.08628361,0.07154504,0.06346208,0.078582615,0.080714844,0.052633423,0.060942918,0.06072056,0.06706716,0.1316774,0.061470408,0.12705092,0.10519105,0.024369448,0.004706697,0.022633828,0.016567482,0.11820961,0.09886193,0.123276,0.11814617,0.106226504,0.095706426,0.11224632,0.11287703,0.08918225,0.091159604,0.096906446,0.100271106,0.03773551,0.021153742,0.03932428,0.032525245,0.03204229,0.020694729,0.033755872,0.03203437,0.023495378,0.019352477,0.026306104,0.02591713,0.13722767,0.09610217,0.13745457,0.12329579,0.031007424,0.033707406,0.031669647,0.033210576,0.12578616,0.12635146,0.13315627,0.13798775,0.11327774,0.12327281,0.124558665,0.12796141,0.03491893,0.039230708,0.036487244,0.037028294,0.029521916,0.037954867,0.031832393,0.03492129,0.02294756,0.03638961,0.026093064,0.029149245,0.0,0.027725877,0.0,0.020870658,0.0,0.013255137
R_STGa_ROI,Right,123,0.016060045,0.0074983984,0.0066773607,0.0,0.007859659,0.0,0.0040452373,0.0,0.0030261164,0.0,0.008745957,0.005034599,0.004679251,0.0,0.0042463765,0.0,0.007929132,0.0,0.007027473,0.0,0.0039890297,0.0,0.009004037,0.0,0.0075444835,0.0,0.0058358344,0.2369592,0.1758907,0.24896853,0.23165171,0.101787485,0.101408355,0.11588288,0.11716799,0.18390107,0.2348652,0.22798972,0.25856397,0.18664731,0.23986278,0.22612204,0.2689713,0.17071466,0.23285265,0.21201146,0.2602848,0.08904957,0.1353364,0.12042881,0.13888024,0.08817628,0.13931231,0.118604325,0.15123977,0.07793233,0.14193429,0.106385164,0.14812736,0.16523956,0.12916817,0.1686937,0.15080702,0.051856574,0.05883866,0.054886002,0.056453,,0.14402483,0.1559427,0.16048007,0.17296551,0.12450761,0.15234752,0.1442727,0.16894983,0.054419573,0.068820976,0.06364293,0.06366531,0.050812382,0.073053725,0.060075015,0.06701683,0.04163636,0.07708141,0.051059503,0.067424625,0.21631174,0.13438714,0.22319885,0.18683074,0.08599994,0.07282603,0.09398747,0.094259955,0.19311124,0.19283377,0.22010173,0.22661628,0.1960174,0.19603741,0.22285438,0.2273253,0.17607862,0.19180687,0.20568444,0.21561413,0.089390546,0.111756615,0.104915805,0.122883774,0.09266093,0.11808812,0.108360805,0.13179405,0.08385249,0.12050223,0.10129138,0.12834682,0.15203656,0.11597418,0.1593401,0.14673136,0.057397593,0.057849582,0.05930863,0.05854854,0.15217583,0.15355384,0.16969882,0.17079979,0.1359768,0.14755355,0.15486366,0.1622318,0.06310949,0.07592518,0.06756825,0.06959545,0.06307593,0.07978249,0.0694831,0.07279077,0.053668458,0.082101345,0.062016685,0.07270866,0.13721491,0.0497693,0.1320213,0.10081006,0.042938396,0.04478455,0.044171575,0.04739142,0.11575078,0.09544433,0.11669312,0.11178794,0.11646672,0.09859084,0.1215282,0.10788932,0.10400247,0.100491025,0.10820549,0.100961454,0.049209144,0.070327066,0.05263764,0.060749497,0.05225208,0.07567542,0.0578645,0.067325644,0.048742604,0.0796522,0.05430026,0.06865551,0.12103314,0.09486523,0.1255127,0.11955189,0.04086576,0.05245826,0.04394379,0.048656646,0.11752889,0.13154203,0.12864853,0.12526797,0.10695516,0.13379055,0.11667118,0.11909031,0.04100244,0.05800024,0.045030296,0.051885974,0.042366058,0.06432272,0.048022572,0.05394123,0.03931194,0.06865397,0.04458576,0.055831607,0.0,0.010246386,0.0,0.0044086888,0.0,0.003753882
R_STSda_ROI,Right,128,0.03658436,0.008569262,0.006314251,0.0,0.023368528,0.0,0.020494955,0.0,0.009896697,0.0,0.025415106,0.019089757,0.020020543,0.0,0.011765584,0.0,0.028016303,0.0,0.022141248,0.0,0.010345376,0.0,0.02770607,0.0,0.021266531,0.0,0.01437049,0.27540383,0.15603112,0.27711824,0.23627724,0.13925913,0.096879855,0.14591661,0.12428273,0.23811312,0.24694994,0.28328392,0.2948877,0.23118165,0.24451165,0.27547953,0.3014457,0.19952616,0.2334381,0.2387178,0.27991438,0.13342583,0.14298165,0.16921124,0.17564702,0.1257635,0.14306252,0.16301799,0.17874835,0.102908894,0.13764262,0.13290513,0.16512239,0.23143172,0.14151308,0.22076981,0.17900299,0.103542574,0.06550016,0.09361537,0.07643505,,0.20753379,0.22089683,0.2296436,0.23219085,0.17737556,0.21756588,0.19768868,0.20901428,0.116808645,0.10538326,0.12075544,0.118529215,0.10458107,0.1079369,0.112409025,0.1174065,0.0809622,0.104947545,0.09092909,0.10505382,0.2368689,0.1214249,0.23602363,0.18861564,0.09957375,0.05652934,0.09944098,0.086885795,0.21285406,0.19368866,0.23834267,0.24458711,0.20700707,0.19413924,0.23519257,0.24392594,0.17971016,0.186708,0.20773421,0.22488481,0.101098366,0.09941286,0.11432479,0.12618087,0.0992851,0.10279167,0.11507702,0.13129117,0.083944425,0.10033147,0.09924715,0.12330566,0.21196792,0.13822137,0.20624633,0.16766569,0.10181202,0.0641976,0.09975814,0.07982815,0.22282083,0.20099632,0.24159837,0.23817776,0.19487852,0.19850065,0.21346113,0.21440317,0.12200664,0.11643792,0.1308333,0.13779542,0.11543018,0.11671768,0.12834992,0.13824798,0.09526754,0.112770386,0.10906386,0.1268907,0.1502392,0.060183577,0.14482589,0.1107737,0.034375075,0.014076357,0.033151414,0.026521197,0.11016209,0.110702634,0.114842944,0.11689225,0.10848833,0.11160324,0.11449955,0.11216797,0.096995376,0.10532657,0.1044845,0.10392223,0.026938086,0.039159246,0.031025222,0.036918163,0.027421342,0.040311005,0.032948975,0.03919818,0.023933096,0.03974319,0.029588355,0.039536335,0.16567886,0.13263354,0.16439442,0.14116468,0.0537161,0.056220826,0.056758575,0.05514355,0.16453958,0.18330754,0.17602707,0.18050216,0.14987908,0.18444623,0.16305658,0.16848756,0.060641572,0.08740072,0.06646353,0.08222816,0.062738605,0.08874929,0.070160635,0.0849393,0.056553546,0.08681334,0.06558077,0.081887074,0.0,0.026491238,0.0,0.02092394,0.0,0.013692855
R_STSdp_ROI,Right,129,0.04871363,0.009259619,0.006624823,0.0,0.039239578,0.0,0.030424388,0.0,0.014416279,0.0,0.04519075,0.025668763,0.029676279,0.0,0.0150714265,0.0,0.048393823,0.0,0.032361794,0.0,0.016857699,0.0,0.0488596,0.0,0.03229035,0.0,0.023753498,0.29125693,0.14420983,0.2766752,0.22413205,0.16601096,0.08634685,0.16128878,0.12373808,0.24416615,0.23768513,0.28265542,0.29505703,0.246007,0.23750871,0.28904155,0.2981796,0.21835998,0.22945482,0.2540291,0.27964377,0.14269757,0.13126925,0.17487694,0.1809505,0.14056538,0.12733449,0.17548832,0.17794642,0.11954867,0.12319576,0.1480329,0.15885237,0.24789621,0.14732955,0.22778456,0.18551709,0.10976562,0.0556886,0.09446857,0.064741395,,0.22383024,0.215719,0.2335894,0.23471634,0.19717275,0.21679038,0.20997924,0.22019576,0.124226846,0.097526744,0.12160006,0.11403678,0.113327734,0.0976317,0.11410331,0.10839907,0.08937599,0.09534744,0.092605636,0.09885324,0.21831916,0.1203498,0.21188737,0.17431435,0.0831971,0.023853647,0.0737245,0.055511255,0.19463852,0.18678878,0.21464425,0.23439553,0.19511887,0.18877243,0.21931075,0.23698491,0.17308827,0.18077591,0.1948139,0.22274306,0.07977821,0.056197707,0.080870375,0.09149431,0.080868736,0.055818815,0.08522365,0.096632615,0.06780655,0.054661613,0.07258648,0.09151626,0.19189128,0.1297541,0.18566224,0.15805724,0.08157908,0.03603357,0.075298384,0.054837678,0.20192695,0.18637177,0.2144196,0.21002677,0.18148193,0.18266235,0.1945463,0.19901773,0.10264238,0.07774408,0.10275993,0.09964298,0.09614252,0.078923106,0.09968181,0.0979886,0.0785651,0.077215604,0.0837714,0.0918063,0.13235973,0.079107866,0.12966537,0.11066156,0.022440415,-0.0062717195,0.02037883,0.011579892,0.10406953,0.11785699,0.11121484,0.120834194,0.10186729,0.117972456,0.11092389,0.11986911,0.09318995,0.111179315,0.1028653,0.11102227,0.028957536,0.012177632,0.029983368,0.022104692,0.02709066,0.010679363,0.029682275,0.024488764,0.021859856,0.00845818,0.024134729,0.02265435,0.12985131,0.104431026,0.13070498,0.12285401,0.034883942,0.033310086,0.035927247,0.034697887,0.117369406,0.15013579,0.1256243,0.13508555,0.11100987,0.14656578,0.12174555,0.13424516,0.035426714,0.04664765,0.037904657,0.04262265,0.034284003,0.051460687,0.03897819,0.045747783,0.030487891,0.05299073,0.035087913,0.045496028,0.0,0.045200404,0.0,0.029937647,0.0,0.017115567
R_STSva_ROI,Right,176,0.01169716,0.0027851444,0.0028236394,0.0,0.008524248,0.0,0.008817923,0.0,0.009350815,0.0,0.008948901,0.0058946204,0.00766621,0.0,0.010522547,0.0,0.008364069,0.0,0.0074624345,0.0,0.010689173,0.0,0.007955181,0.0,0.006881756,0.0,0.011181213,0.16913055,0.10962664,0.18665242,0.17562376,0.044305332,0.029836254,0.049432285,0.042627424,0.10105969,0.12448808,0.13060679,0.14303832,0.10966999,0.12648092,0.1364883,0.15094827,0.10643719,0.12929164,0.13438031,0.1511184,0.025460603,0.0381734,0.037874453,0.039098617,0.029207636,0.04138625,0.04145544,0.04296059,0.029993538,0.0451003,0.03933961,0.043664757,0.15992881,0.13943087,0.1805173,0.1687356,0.034836598,0.045346174,0.04496184,0.047023907,,0.109005824,0.16491748,0.14108948,0.1610266,0.109229736,0.16340627,0.14137529,0.16055538,0.025362004,0.054253347,0.038176984,0.04740232,0.027787289,0.057314377,0.042871624,0.0512422,0.028643638,0.057228025,0.04308847,0.052540474,0.15670812,0.087312095,0.16521108,0.13860174,0.051581353,0.025942342,0.056746807,0.039952677,0.09778458,0.10372103,0.117243834,0.12266837,0.10254668,0.10424344,0.12510763,0.12640394,0.099912114,0.1067767,0.12066348,0.12300576,0.025998954,0.03672116,0.035464276,0.03699305,0.028662514,0.039318327,0.040500544,0.040612165,0.028560014,0.041063104,0.039029896,0.040802922,0.15710711,0.14260602,0.17334473,0.15833923,0.04282267,0.045802105,0.05274778,0.048773322,0.1380918,0.16032648,0.16694215,0.17457536,0.135318,0.16197456,0.16382667,0.17119154,0.041118864,0.067419745,0.053960983,0.06823847,0.043642666,0.0713824,0.060821023,0.07202315,0.041003533,0.07219451,0.057231586,0.070780165,0.124106534,0.040723566,0.12200297,0.09732594,0.045007583,0.01703942,0.044209074,0.03569467,0.06417954,0.0599462,0.072417356,0.07469838,0.06570394,0.060790733,0.07657577,0.07674407,0.062645055,0.06425351,0.07342909,0.073235534,0.015695527,0.0333184,0.022243643,0.030867217,0.014003171,0.0337366,0.022535283,0.032317735,0.011859082,0.034993894,0.019237595,0.031208236,0.13663791,0.1106121,0.14426158,0.13223898,0.03592282,0.045976635,0.040751394,0.041484658,0.12425863,0.13915214,0.1428528,0.14947866,0.11970396,0.14060226,0.1396663,0.14995717,0.03772572,0.06627519,0.044874992,0.057812862,0.038815495,0.06600513,0.048290998,0.05947732,0.035066362,0.06375445,0.044169907,0.05735302,0.0,0.009322815,0.0,0.0075677345,0.0,0.008621397
R_STSvp_ROI,Right,130,0.013858407,0.0043814206,0.0038675775,0.0,0.019642012,0.0,0.01751638,0.0,0.01012565,0.0,0.023079144,0.015432106,0.017970033,0.0,0.013238802,0.0,0.020095043,0.0,0.015767869,0.0,0.011809686,0.0,0.021774516,0.0,0.017414017,0.0,0.01402651,0.20336637,0.14255837,0.21107747,0.20458254,0.063004754,0.061419316,0.07099984,0.06602684,0.1166754,0.18268171,0.142446,0.1798924,0.124321714,0.18904342,0.15395881,0.19187926,0.12358442,0.18280767,0.15238263,0.19237028,0.03503135,0.07880882,0.049159497,0.06716205,0.041412406,0.08279477,0.05785596,0.07283884,0.042920496,0.081837595,0.057361122,0.07271592,0.1961243,0.14316973,0.20635411,0.19440874,0.050665017,0.067463286,0.05976767,0.05834058,,0.14242554,0.17573522,0.1718971,0.2035067,0.14318979,0.17259833,0.17145902,0.20105971,0.034178443,0.07006131,0.04369498,0.05921311,0.03893347,0.070275255,0.051581237,0.06323035,0.03894438,0.068018906,0.050273426,0.06149886,0.21413018,0.12597136,0.21856129,0.18418291,0.064947434,0.041619167,0.0696535,0.05813754,0.15339628,0.17566001,0.17172834,0.18501791,0.15974542,0.17589678,0.18228996,0.19377372,0.15507352,0.16611053,0.17704308,0.19056302,0.049369752,0.071289554,0.05766112,0.070871994,0.055820573,0.07419565,0.065914094,0.07729381,0.055156138,0.07183379,0.06442542,0.07624581,0.19768775,0.13571814,0.2071682,0.1822798,0.0661467,0.05097104,0.073352836,0.06261873,0.17866792,0.18068872,0.20622747,0.21707982,0.17532758,0.1764861,0.20088007,0.20960127,0.054495458,0.072285645,0.0646304,0.07338862,0.05962502,0.0731607,0.072730385,0.07770883,0.05751873,0.07035608,0.06956212,0.07445014,0.1834214,0.10215615,0.18048453,0.15038472,0.059555355,0.03414631,0.05998258,0.047627922,0.13102806,0.13971731,0.14172824,0.1440693,0.13454695,0.14331904,0.14763239,0.14926764,0.12892133,0.1379562,0.14262211,0.14434613,0.05177706,0.056645095,0.057192605,0.05958125,0.055788033,0.059288803,0.063214615,0.063535124,0.054562394,0.059482966,0.061588086,0.062189404,0.17272544,0.11758237,0.17240801,0.1527398,0.06128044,0.045974016,0.061591823,0.04873589,0.15377843,0.15308942,0.16691735,0.1702936,0.14595371,0.14924552,0.15859805,0.16367741,0.051923998,0.059271976,0.056604605,0.058967147,0.054422352,0.059947375,0.060844567,0.06126403,0.05100515,0.05823321,0.05621996,0.057240684,0.0,0.020505637,0.0,0.018336365,0.0,0.011204633
R_STV_ROI,Right,28,0.022985812,0.0034237946,0.0024705061,0.0,0.015070239,0.0,0.016682534,0.0,0.011777893,0.0,0.017267028,0.014976881,0.016805036,0.0,0.012662648,0.0,0.018207733,0.0,0.015903378,0.0,0.013284383,0.0,0.019216074,0.0,0.017664788,0.0,0.015675468,0.1611919,0.0930454,0.15133432,0.14050709,0.04076913,0.033366546,0.03633854,0.040391233,0.100748666,0.1254129,0.10932242,0.12412919,0.09936331,0.119166784,0.10689856,0.123837575,0.0923315,0.11143663,0.0978269,0.11850414,0.01637679,0.037108105,0.02805184,0.035907906,0.015357636,0.040898353,0.024716018,0.038849328,0.01129063,0.040842,0.017987013,0.038703077,0.17390181,0.14566791,0.17023826,0.15986888,0.030900272,0.036587447,0.029134614,0.030170264,,0.13352826,0.168233,0.14799206,0.15763877,0.12268488,0.16815665,0.13496612,0.15443327,0.0361005,0.039219536,0.03644811,0.03527697,0.032990698,0.04056981,0.03416084,0.035817668,0.026409745,0.040707644,0.027370369,0.032426115,0.14810053,0.06429125,0.13832475,0.11604657,0.03773891,0.0065925797,0.027738959,0.019060375,0.10556203,0.11751933,0.11488702,0.12348639,0.106152795,0.10970149,0.1160053,0.12078275,0.09850495,0.0970192,0.10598266,0.108605795,0.012571558,0.015407785,0.014424817,0.018717324,0.012216813,0.01783083,0.014431378,0.020144103,0.009548495,0.016816104,0.011033675,0.016920114,0.18001142,0.1498468,0.17768596,0.16127215,0.04424879,0.03198877,0.04416814,0.036311306,0.17249724,0.18602529,0.18848573,0.19811726,0.16197908,0.18413815,0.17406675,0.1867148,0.057852827,0.06216865,0.06335292,0.06602834,0.05488089,0.06206463,0.061701838,0.06659763,0.046053205,0.059029806,0.051266134,0.05758792,0.11216093,0.012963013,0.09956117,0.068397455,0.026413186,-0.013916939,0.019808168,0.004496674,0.06394134,0.06546264,0.068211325,0.070014596,0.06347189,0.059180986,0.067610435,0.06725647,0.05746143,0.04817906,0.061053805,0.057016037,0.0022714233,0.007487872,0.008128306,0.0069667455,0.0026004345,0.008844971,0.007889313,0.007138643,0.0025963618,0.008068848,0.006755679,0.004649246,0.16384889,0.13060538,0.1601398,0.14154202,0.035980377,0.03698129,0.03682523,0.03241518,0.15386501,0.18224443,0.16733444,0.18173288,0.14623857,0.17788495,0.15637529,0.17348371,0.04589572,0.05868199,0.051033493,0.054301508,0.044191506,0.059526004,0.05099335,0.057100832,0.038662404,0.057904366,0.044179883,0.05291837,0.0,0.020724626,0.0,0.016480446,0.0,0.011640173
R_TA2_ROI,Right,107,0.047094323,0.0078433165,0.0049466486,0.0,0.030147765,0.0,0.020606184,0.0,0.011023144,0.0,0.03424725,0.018041149,0.019838138,0.0,0.011073104,0.0,0.031413473,0.0,0.025059193,0.0,0.010802073,0.0,0.032704566,0.0,0.024259696,0.0,0.011405236,0.3272974,0.19120741,0.32101446,0.26978326,0.1916677,0.12131672,0.18972473,0.15895687,0.32297403,0.2989753,0.3734027,0.36538735,0.30076686,0.29472536,0.34502864,0.36021173,0.24307376,0.28061762,0.28357974,0.3228046,0.19437297,0.17734462,0.23221962,0.2248645,0.17708813,0.16793983,0.21115172,0.22168349,0.13733502,0.15827605,0.1676327,0.19606735,0.32248166,0.22017539,0.31726772,0.254943,0.20777008,0.13510884,0.19159004,0.15622824,,0.31134665,0.29629987,0.35384464,0.35650182,0.2612835,0.28550804,0.30199295,0.33278313,0.1986506,0.18912491,0.21566221,0.21958666,0.19464147,0.18409395,0.2121785,0.2175483,0.15648158,0.17228708,0.17372279,0.19959134,0.23253486,0.12774947,0.23103379,0.18632314,0.106314145,0.054418657,0.10022805,0.08454626,0.22500736,0.2074392,0.25282484,0.2559963,0.2119069,0.2044559,0.23759125,0.24844912,0.17470418,0.19126736,0.20066072,0.22135074,0.11357523,0.09493363,0.118638806,0.12992157,0.107729614,0.0906251,0.11412906,0.1286832,0.08533035,0.08427826,0.09278265,0.11645771,0.24879006,0.16364123,0.25249165,0.19917424,0.14486405,0.08436365,0.14677358,0.11798165,0.26103696,0.24654937,0.29521823,0.2908429,0.22536807,0.2336403,0.25801283,0.26537853,0.15921561,0.1425703,0.17847675,0.18402715,0.15513273,0.13550504,0.17605555,0.17964578,0.1257036,0.12420714,0.14674833,0.16338055,0.11331866,0.030436335,0.10714317,0.07945323,0.027215565,0.006618672,0.025623713,0.020372769,0.07645712,0.05179264,0.07949274,0.074227646,0.073914036,0.048606142,0.07614714,0.07349766,0.066422634,0.044625502,0.071043976,0.06485293,0.021787655,0.021617131,0.024655972,0.02709487,0.02041798,0.017852439,0.023106284,0.027382558,0.017203437,0.015767282,0.02027367,0.0219134,0.1370485,0.108172856,0.13652577,0.11832883,0.041331884,0.0427349,0.042960588,0.044848952,0.12427677,0.13879465,0.1321653,0.13645959,0.115143366,0.13527142,0.12460217,0.12728341,0.045533273,0.063051604,0.04983024,0.064147115,0.04298626,0.05918074,0.04785221,0.061478514,0.036521584,0.05496724,0.041310508,0.05354264,0.0,0.028978426,0.0,0.02549174,0.0,0.012328231
R_TE1a_ROI,Right,132,0.014240939,0.003079332,0.0028995948,0.0,0.0075179567,0.0,0.0077907136,0.0,0.009550623,0.0,0.008712666,0.004370154,0.008074783,0.0,0.0124748,0.0,0.007192329,0.0,0.0076745595,0.0,0.011921616,0.0,0.007251941,0.0,0.009162998,0.0,0.015108557,0.15792158,0.106676854,0.16986774,0.17437615,0.043291472,0.03215528,0.045589324,0.04789119,0.08018606,0.12703802,0.10460091,0.113512866,0.08135762,0.12418701,0.10578994,0.12259735,0.082651004,0.123231135,0.1037259,0.12804393,0.010330381,0.04458683,0.022052411,0.02975578,0.011070185,0.046513386,0.022510063,0.032645706,0.0128633985,0.046514444,0.019923223,0.034000933,0.14649221,0.12817784,0.16363825,0.16282281,0.018963188,0.04670664,0.026706101,0.03271124,,0.09646891,0.15538193,0.1214341,0.13958609,0.095769644,0.15692924,0.12081386,0.14357367,0.01567268,0.04639801,0.023469957,0.0312142,0.016239183,0.047752712,0.025695458,0.033838037,0.016824694,0.045872994,0.024226295,0.034290858,0.17034616,0.09621269,0.17691754,0.1565104,0.055545587,0.020675067,0.053019304,0.042020585,0.09346556,0.12129136,0.11294404,0.11972271,0.09634231,0.11930679,0.11870268,0.1285918,0.09545458,0.11750758,0.11609972,0.13375188,0.017153751,0.04263581,0.021257196,0.02865278,0.01718678,0.04376092,0.022749469,0.03252625,0.017495751,0.04168737,0.021878453,0.03429263,0.15987048,0.12891816,0.17300902,0.16169563,0.038058605,0.034139566,0.0433616,0.04001066,0.13586974,0.15803708,0.16118705,0.16883972,0.13350125,0.16070902,0.1582993,0.16863717,0.035698086,0.05354995,0.04409998,0.051052388,0.03691869,0.056135006,0.048920937,0.055564817,0.03524634,0.053842958,0.045847658,0.054646857,0.16800283,0.093727246,0.16991523,0.14829983,0.07642489,0.039750148,0.07549071,0.063145176,0.08940248,0.10458445,0.1049,0.1133828,0.092320904,0.10343257,0.11056348,0.1191249,0.08946751,0.10537277,0.10651108,0.120741524,0.04011571,0.055766754,0.04905998,0.055235155,0.039146002,0.0560497,0.05090558,0.058311358,0.036315087,0.05574505,0.04706753,0.05774736,0.15592507,0.11506471,0.16224357,0.15005861,0.047858357,0.045774993,0.052555222,0.049965236,0.1325295,0.14090656,0.15213001,0.16236196,0.12958132,0.14138474,0.14964783,0.16091828,0.040340036,0.061229125,0.047377814,0.055044215,0.041229248,0.06302948,0.05127162,0.059654254,0.03874259,0.060822085,0.048140384,0.05897134,0.0,0.008666398,0.0,0.007425339,0.0,0.010382534
R_TE1m_ROI,Right,177,0.0047728913,0.0015530718,0.0016609454,0.0,0.0069872267,0.0,0.0031767641,0.0,-0.0010212186,0.0,0.0072433725,0.0030841432,0.0030476826,0.0,-5.784305e-05,0.0,0.0067795157,0.0,0.0040874886,0.0,-0.00035324696,0.0,0.0073621776,0.0,0.0036518718,0.0,-0.0012417518,0.14731339,0.13683152,0.16757928,0.17208144,0.025849214,0.020231556,0.031755205,0.02777076,0.08207204,0.13934925,0.104003064,0.11584721,0.08584391,0.13993427,0.109085426,0.12981772,0.09150374,0.13869408,0.114822276,0.1357458,0.014005278,0.03305563,0.021879228,0.02661008,0.017210247,0.03326145,0.024808027,0.027936276,0.01983336,0.03374978,0.026447298,0.03030365,0.13906279,0.15268998,0.16473308,0.17728065,0.027163897,0.046687234,0.038457803,0.047472384,,0.09315005,0.15955882,0.12052492,0.15157661,0.09976968,0.1591771,0.1292151,0.1609913,0.017422553,0.049393754,0.025896931,0.035766486,0.0207438,0.049130995,0.029687086,0.04105962,0.02322849,0.048819598,0.033559464,0.04473383,0.14707659,0.10763599,0.16763893,0.15594783,0.028007505,0.008938066,0.03100893,0.020944197,0.08972768,0.1151071,0.11214329,0.122385986,0.09717319,0.11908153,0.11922278,0.13141407,0.10080741,0.12216652,0.12527391,0.13378598,0.015930204,0.018899264,0.019356968,0.020190176,0.019417001,0.020415468,0.02424385,0.021566901,0.02187625,0.022510706,0.025898132,0.023601638,0.1466439,0.13329081,0.17402396,0.16996124,0.034288492,0.037977718,0.04570895,0.046452124,0.12588657,0.1600505,0.15426026,0.17352524,0.12834476,0.16378686,0.16146038,0.1817055,0.025537819,0.040760033,0.034839664,0.03865955,0.030301936,0.040007714,0.04157094,0.04427441,0.032210737,0.041162606,0.04487008,0.04713581,0.12613046,0.06879717,0.13774773,0.12742925,0.027043875,0.020106675,0.030369528,0.028200151,0.06781797,0.081068285,0.083316036,0.09106083,0.07382774,0.08631814,0.08864223,0.09751557,0.07416983,0.09346489,0.09026356,0.10009994,0.014728467,0.028812135,0.019999202,0.024572697,0.015929641,0.028456304,0.021459142,0.025685454,0.016360179,0.030112455,0.022620024,0.02737176,0.13699353,0.112694055,0.15584557,0.1535683,0.028806742,0.040197007,0.036339276,0.040102895,0.11775004,0.14777447,0.13962486,0.15756668,0.11577274,0.15077616,0.14171587,0.16533385,0.022753883,0.04312896,0.028224107,0.03561426,0.025675591,0.04051819,0.031660024,0.038835358,0.025545122,0.040575482,0.033013515,0.03882247,0.0,0.005228398,0.0,0.0031386253,0.0,-0.0006552925
R_TE1p_ROI,Right,133,0.013196007,0.0035006618,0.003492955,0.0,0.01188209,0.0,0.011390154,0.0,0.005841903,0.0,0.012724727,0.007852329,0.011696444,0.0,0.006849848,0.0,0.012757645,0.0,0.012852745,0.0,0.005298144,0.0,0.014404492,0.0,0.012749822,0.0,0.007960535,0.21258308,0.15010858,0.21659753,0.21186231,0.045894746,0.033290677,0.048764225,0.048433952,0.12903512,0.16436897,0.14454484,0.15424845,0.13457741,0.17077063,0.15086004,0.16503833,0.13800204,0.16853525,0.15567885,0.1745045,0.02110793,0.034934435,0.030987168,0.040411863,0.024247954,0.037076,0.03318003,0.04411721,0.024969747,0.038969226,0.033614874,0.046065625,0.20682476,0.15499306,0.21415852,0.20531937,0.037650492,0.045826517,0.037279066,0.039474074,,0.13952422,0.17178793,0.15575959,0.17050935,0.14385761,0.17132148,0.1620041,0.17911722,0.026153926,0.038288794,0.027556153,0.03424915,0.029393433,0.03987259,0.030499192,0.037125897,0.029766588,0.041292824,0.03103102,0.037638124,0.22343868,0.13975249,0.22799657,0.20838898,0.051282767,0.03111586,0.050268214,0.044463955,0.15130082,0.1734552,0.1633588,0.17423162,0.16189384,0.17942587,0.17480983,0.18231943,0.16215576,0.17624499,0.17644738,0.18459426,0.03309554,0.038571008,0.034323283,0.040177654,0.03883054,0.04292648,0.03987243,0.046147514,0.03941097,0.04518391,0.040364232,0.049160298,0.22184561,0.15618488,0.22634108,0.20860976,0.05982292,0.052864928,0.0638817,0.060630757,0.18775804,0.20451538,0.2016914,0.20680922,0.18727247,0.20060016,0.20348953,0.21102907,0.046633784,0.057672977,0.052433494,0.058862917,0.052339595,0.060383674,0.058956463,0.06359516,0.051975194,0.060791854,0.05834907,0.06545184,0.19403473,0.0875731,0.19063172,0.163061,0.046958067,0.02108137,0.046232127,0.033900976,0.12793635,0.119914256,0.13553703,0.13471878,0.1371531,0.12649742,0.14622508,0.14168218,0.13498613,0.12674342,0.14415495,0.14214757,0.036461264,0.0314112,0.03894427,0.0360961,0.04119465,0.034538925,0.04397611,0.040501956,0.04058326,0.03535142,0.043477196,0.042888813,0.21392158,0.14100564,0.21244256,0.19209549,0.05973361,0.051786777,0.061080832,0.05677952,0.17887779,0.19348708,0.192687,0.19603881,0.17479995,0.1895732,0.18830256,0.19757234,0.045733906,0.05282193,0.049387578,0.05353183,0.050273225,0.05438493,0.054374676,0.0564862,0.04846141,0.05436415,0.05170514,0.05739176,0.0,0.012798505,0.0,0.010728056,0.0,0.004753366
R_TE2a_ROI,Right,134,0.008755735,0.0013834734,0.0011919934,0.0,0.007727416,0.0,0.007510833,0.0,0.0038262529,0.0,0.008114115,0.0045384755,0.0076262797,0.0,0.0065173507,0.0,0.0072877374,0.0,0.0076886388,0.0,0.005691313,0.0,0.007823451,0.0,0.008196928,0.0,0.008371406,0.14842875,0.14357853,0.17381212,0.19123504,0.02480026,0.044600252,0.033645842,0.041328274,0.08583419,0.14729404,0.10922717,0.12617381,0.08997268,0.15150028,0.11335419,0.13076061,0.09113366,0.15416908,0.114111,0.13293433,0.017167602,0.038736995,0.02673535,0.030508684,0.021232817,0.03997007,0.028614966,0.035272613,0.02376251,0.041711424,0.030893018,0.039903414,0.153482,0.19788134,0.1890121,0.22111629,0.026854249,0.056527343,0.0377594,0.05298739,,0.09987026,0.21065572,0.1359854,0.17930426,0.10048093,0.20957159,0.1355708,0.18123354,0.014702151,0.0540809,0.024825845,0.03646506,0.018126298,0.05435884,0.028185993,0.042649224,0.019744156,0.052780215,0.029835815,0.04598514,0.14711212,0.11048181,0.16814066,0.16693003,0.038345832,0.04957413,0.04645517,0.045955364,0.085075915,0.12125107,0.10679828,0.12121402,0.09358226,0.12439448,0.11473543,0.12807816,0.0961249,0.12653524,0.11807024,0.12848735,0.022475878,0.044893034,0.030958353,0.033740982,0.02858207,0.0474379,0.037992314,0.04173741,0.032685716,0.050065693,0.04197719,0.048124738,0.16393346,0.17949377,0.1973849,0.21538737,0.04154984,0.06166968,0.054360803,0.05991063,0.13273333,0.2128068,0.16723679,0.19878316,0.13562018,0.21070436,0.17016211,0.20154932,0.028227594,0.0638689,0.038853265,0.050597135,0.03392586,0.06518359,0.046321798,0.05869447,0.03758979,0.06452566,0.050691392,0.06225169,0.12033278,0.048135526,0.12845042,0.11542112,0.030720698,0.021065312,0.032744896,0.030884055,0.05939366,0.053542785,0.06880789,0.0704287,0.06572707,0.05574038,0.0773661,0.078164734,0.06854744,0.059015006,0.08028115,0.07990216,0.012261621,0.023377238,0.015207119,0.019331934,0.01574356,0.024808526,0.020743774,0.026386814,0.018549636,0.027021723,0.022753973,0.03276428,0.15731342,0.1504861,0.17844786,0.18856609,0.041034378,0.059727672,0.05039266,0.05707475,0.12890217,0.17707871,0.15504672,0.1766326,0.1315696,0.17328715,0.15861331,0.17854102,0.0295426,0.0583348,0.03693336,0.049081158,0.03454937,0.060325418,0.043231037,0.055542998,0.03714928,0.05844873,0.045739695,0.05895318,0.0,0.008125953,0.0,0.006853458,0.0,0.0046951473
R_TE2p_ROI,Right,136,0.0058209626,0.010179166,0.010289097,0.0,0.00626317,0.0,0.008164932,0.0,0.0075793043,0.0,0.0056810374,0.006936616,0.006712935,0.0,0.0075013647,0.0,0.005689055,0.0,0.009356129,0.0,0.0075782347,0.0,0.0057344846,0.0,0.009867174,0.0,0.007721775,0.17378902,0.10315074,0.16842288,0.14474659,0.058774527,0.040437877,0.054432336,0.044999592,0.10210985,0.14628701,0.11759502,0.13508652,0.10371459,0.13744164,0.116620265,0.14124985,0.09938163,0.12960486,0.113390274,0.14699005,0.024322324,0.0677371,0.029174332,0.04578298,0.026104007,0.06712098,0.028911741,0.047244217,0.025291206,0.06491359,0.027731804,0.046004348,0.18039364,0.14170335,0.18938804,0.17293206,0.040456478,0.06710459,0.04790837,0.0591729,,0.13412975,0.18166706,0.16003692,0.18475284,0.12703575,0.1769178,0.15112938,0.18615994,0.029739682,0.086890675,0.037582114,0.060681928,0.031749222,0.08549985,0.040000647,0.06491501,0.029454408,0.07920614,0.03771079,0.059279475,0.21259664,0.10974859,0.19915482,0.14859329,0.093310654,0.03573552,0.08499158,0.053439077,0.18516573,0.15671684,0.19266511,0.17758048,0.1821873,0.14351785,0.19001947,0.17640454,0.15662557,0.13259137,0.16870318,0.16730176,0.08222896,0.08205069,0.0844885,0.07974904,0.07971356,0.07677305,0.082770765,0.07744944,0.06459033,0.068856575,0.06844955,0.07051744,0.2065573,0.12245252,0.2027663,0.16262232,0.08201754,0.0545674,0.08262463,0.064403616,0.21847472,0.20225097,0.23315357,0.22669762,0.18984784,0.18564394,0.20705007,0.22000276,0.0888002,0.09386039,0.095837966,0.0947051,0.08764359,0.09379303,0.095618494,0.095523596,0.070280485,0.085704446,0.0799126,0.086503334,0.20990004,0.08354761,0.1907315,0.13398625,0.11393942,0.046543665,0.10318893,0.069751345,0.19003886,0.13357176,0.19123913,0.16866335,0.18521023,0.12447949,0.18868148,0.16584049,0.1538698,0.1166876,0.16126756,0.15057297,0.106511585,0.08716525,0.1102485,0.09735714,0.10350345,0.083320685,0.11020952,0.09672611,0.08634283,0.07796931,0.09352184,0.091474354,0.19864559,0.10491514,0.1846753,0.13712339,0.08504939,0.052659396,0.08000792,0.057081576,0.22029427,0.17253861,0.22654438,0.20073579,0.18520235,0.1512724,0.19276036,0.18685597,0.09717048,0.08064241,0.09930248,0.092328794,0.09360587,0.0789404,0.097375266,0.09162917,0.0748988,0.07202289,0.07974988,0.083277695,0.0,0.0056255725,0.0,0.0086997645,0.0,0.006610256
R_TF_ROI,Right,135,0.008682654,0.012505166,0.012376146,0.0,0.008305118,0.0,0.010657691,0.0,0.009970391,0.0,0.0087353205,0.0097843865,0.010326571,0.0,0.010258347,0.0,0.008032493,0.0,0.012548701,0.0,0.010748449,0.0,0.007659318,0.0,0.012989523,0.0,0.011388777,0.15542836,0.105026,0.15415296,0.13978684,0.05815461,0.04104066,0.05333332,0.046406418,0.08975482,0.15052973,0.107378535,0.1284465,0.08702148,0.14101483,0.10692002,0.13186121,0.0819771,0.12907134,0.09905476,0.13274905,0.021606075,0.06304366,0.025008876,0.040957112,0.023098158,0.063724615,0.026512401,0.040305793,0.021326752,0.06338513,0.02336508,0.037433464,0.14785132,0.15950741,0.1689546,0.16847575,0.037088316,0.06700272,0.04582307,0.053984217,,0.10536223,0.1932774,0.13998197,0.17436135,0.10126777,0.18517171,0.13347328,0.17544456,0.028538685,0.08183239,0.03937917,0.061275695,0.029741062,0.08248026,0.04368487,0.06422309,0.027947243,0.076910205,0.04031055,0.062008597,0.21349372,0.120879225,0.20602073,0.16115688,0.09995609,0.04071186,0.09290231,0.06340062,0.18395545,0.19197668,0.20010008,0.19729277,0.17436028,0.17895688,0.19631033,0.19670545,0.14822476,0.1617452,0.16944884,0.18682456,0.07560427,0.09328499,0.08258534,0.0825016,0.071849644,0.09005243,0.08085924,0.08085213,0.05758322,0.08360551,0.0654134,0.07324444,0.2002851,0.1658609,0.20861687,0.18876341,0.08026826,0.06838429,0.08439468,0.07129796,0.20570734,0.23215067,0.23611055,0.24801019,0.18138431,0.21654388,0.21170239,0.2385311,0.08596093,0.10206793,0.098109186,0.101319864,0.08354176,0.103899226,0.10089539,0.104420915,0.06908461,0.09770692,0.08533311,0.099099874,0.22385979,0.112127855,0.21334863,0.16164422,0.123339646,0.051930632,0.11513103,0.07783292,0.19581126,0.17669536,0.20916465,0.1982888,0.18587433,0.16443725,0.20342983,0.19670054,0.15352418,0.1487603,0.17184433,0.18411365,0.10094239,0.09270573,0.11193016,0.10456534,0.095009856,0.09223317,0.10883736,0.105200306,0.07847748,0.08843636,0.09233255,0.09930009,0.20912531,0.15014812,0.210014,0.1777787,0.090999186,0.06990328,0.092374384,0.07557821,0.22405665,0.21475147,0.24788578,0.24437596,0.19067551,0.19819856,0.21461448,0.22926867,0.09862393,0.097533815,0.105843544,0.103579864,0.09380066,0.096313976,0.105148606,0.105468266,0.0768429,0.08815985,0.08753393,0.098569214,0.0,0.008443459,0.0,0.01112597,0.0,0.009204062
R_TGd_ROI,Right,131,0.017984925,0.005632135,0.00490025,0.0,0.01915415,0.0,0.018108247,0.0,0.011132802,0.0,0.022759082,0.015090794,0.017329097,0.0,0.013914387,0.0,0.019041954,0.0,0.018148454,0.0,0.01390039,0.0,0.020759074,0.0,0.018533157,0.0,0.018182727,0.24367659,0.1893808,0.2611427,0.25000924,0.09412446,0.083654635,0.105522834,0.09987901,0.15389445,0.21464086,0.18789577,0.21970451,0.16466214,0.22489826,0.20257647,0.23824246,0.16239718,0.22597192,0.2022291,0.23741814,0.06528489,0.100866206,0.08593018,0.100948095,0.0726844,0.10435247,0.09606448,0.11229359,0.068950556,0.10534283,0.09254381,0.111992486,0.24948828,0.2190294,0.2751332,0.26093778,0.07548895,0.06595332,0.077494204,0.06650565,,0.19599786,0.2847934,0.24374817,0.27649733,0.18905844,0.27781105,0.23723358,0.27538994,0.06264448,0.080183245,0.072804764,0.08028509,0.0686409,0.08008611,0.08033898,0.08506269,0.06095052,0.07553007,0.07400523,0.07957404,0.23552445,0.1429276,0.24598242,0.21325447,0.0904988,0.06845138,0.0983721,0.0873155,0.16539998,0.18140937,0.18887243,0.19896755,0.17371687,0.18624268,0.20099351,0.2112641,0.16734233,0.18612029,0.19695297,0.2084528,0.06619203,0.095276885,0.08014542,0.09202742,0.07363718,0.100211896,0.089347236,0.10261763,0.070273235,0.10165044,0.08759903,0.10439551,0.2319753,0.19646885,0.25171778,0.23360856,0.074159816,0.050093252,0.0791763,0.06781292,0.2128825,0.27421832,0.25449985,0.27521855,0.20372488,0.26865774,0.24475218,0.27144074,0.06929802,0.079385296,0.08076371,0.0863262,0.07550729,0.07925428,0.08934735,0.09210936,0.06683385,0.075660944,0.083258525,0.0900889,0.17792727,0.07399928,0.17543122,0.14984562,0.06382108,0.04002417,0.063322715,0.058200546,0.113719545,0.10923718,0.12161116,0.1221646,0.11717058,0.11212159,0.12690267,0.12774897,0.111945875,0.11171998,0.12360537,0.12375451,0.043026593,0.065506,0.04929929,0.059094533,0.04558075,0.06866145,0.052659433,0.0649391,0.04375166,0.06969832,0.051225416,0.065646954,0.18700466,0.15547226,0.19370343,0.18375489,0.048175696,0.04082796,0.048177835,0.04510409,0.16229449,0.21286057,0.18290773,0.19851586,0.1550014,0.20863985,0.17513311,0.19780542,0.04328413,0.052766517,0.046103857,0.049213447,0.044152252,0.05310517,0.048410356,0.051769547,0.040910754,0.052868564,0.04460136,0.052601937,0.0,0.01998206,0.0,0.015980884,0.0,0.011999481
R_TGv_ROI,Right,172,0.014077786,0.00677022,0.0063185696,0.0,0.013322397,0.0,0.014216261,0.0,0.008927985,0.0,0.01585758,0.0113229,0.013971304,0.0,0.011931052,0.0,0.014083938,0.0,0.01496272,0.0,0.013900443,0.0,0.0148699675,0.0,0.015123827,0.0,0.018877974,0.19007601,0.17775734,0.22268815,0.22159651,0.0638168,0.06543304,0.07957088,0.07055461,0.12383938,0.19462039,0.16822173,0.20299773,0.13468623,0.19925804,0.18626076,0.2153409,0.1338638,0.2003148,0.18160675,0.21755834,0.049373142,0.08224026,0.07161943,0.0845572,0.05489098,0.084442094,0.08165571,0.09326648,0.052944914,0.08505672,0.076024465,0.09083943,0.1667469,0.17312348,0.20537038,0.2036078,0.05178983,0.051014286,0.06123716,0.052359834,,0.1315373,0.2120851,0.18692733,0.216276,0.12765417,0.20902397,0.17674613,0.20805211,0.045122623,0.07256313,0.06382972,0.07764156,0.047043305,0.07146961,0.067219555,0.07827081,0.042515326,0.06741384,0.05825562,0.06940118,0.17430611,0.124217674,0.19718033,0.17272033,0.06384867,0.048625518,0.07847432,0.06264831,0.13212562,0.15099019,0.16316979,0.1787061,0.14116275,0.14969066,0.17812693,0.18260744,0.13545431,0.14873761,0.17076287,0.17834371,0.055340305,0.076855734,0.07499058,0.084628224,0.061567266,0.080935866,0.08556275,0.09069645,0.058343675,0.08136279,0.08014363,0.08689236,0.15600415,0.15453483,0.18629767,0.17892802,0.05534834,0.03431025,0.065582216,0.047593936,0.15205675,0.19597866,0.19906214,0.21605544,0.14483576,0.19092645,0.18717004,0.2051438,0.056784473,0.076106064,0.07765827,0.08659145,0.06022251,0.076168165,0.08355237,0.08810821,0.053488716,0.07071901,0.073293455,0.07910633,0.12449753,0.056898,0.13194409,0.10705238,0.043965723,0.017621713,0.04637979,0.035253152,0.092670016,0.08144172,0.10617797,0.104439855,0.097834595,0.07808184,0.11438499,0.104187846,0.08991641,0.07570082,0.10772624,0.10258537,0.038561124,0.045138896,0.045954447,0.049232308,0.040156767,0.045496356,0.05018171,0.049660314,0.035505492,0.044898357,0.04401956,0.04645967,0.12180225,0.117150925,0.13662721,0.13336855,0.03696604,0.030008132,0.038641557,0.02922967,0.11644817,0.1388753,0.13785979,0.14710999,0.107888214,0.13404329,0.13017534,0.14398873,0.040047,0.052071776,0.046632275,0.051127326,0.041485198,0.051888768,0.04854736,0.051812377,0.035049964,0.048792727,0.041639637,0.045752473,0.0,0.016440716,0.0,0.013146892,0.0,0.009598254
R_TPOJ1_ROI,Right,139,0.037221547,0.01053448,0.00873147,0.0,0.02894237,0.0,0.022392783,0.0,0.009866673,0.0,0.032355763,0.020802276,0.022195084,0.0,0.010537162,0.0,0.034852263,0.0,0.024965746,0.0,0.011261782,0.0,0.034655627,0.0,0.024628399,0.0,0.015477103,0.28800622,0.17049022,0.27724865,0.22038649,0.16492824,0.09785925,0.15946808,0.1189409,0.2341858,0.23703398,0.27297744,0.2880574,0.23594686,0.23508109,0.27622387,0.2920879,0.2122152,0.22686921,0.24680413,0.27967048,0.13744809,0.14495564,0.16662727,0.17100324,0.13757972,0.14119232,0.16755448,0.17362252,0.11893774,0.13273461,0.14354159,0.16392581,0.2870933,0.19885863,0.2724895,0.21175899,0.13793172,0.077108264,0.12194326,0.08546704,,0.2562613,0.2516403,0.28279427,0.28509018,0.22728992,0.25470737,0.253809,0.27237678,0.1417746,0.12724392,0.14859904,0.1451704,0.13650179,0.12472754,0.14619595,0.1449184,0.112723954,0.11733865,0.12157843,0.13188782,0.24301204,0.13999109,0.23179542,0.17264608,0.11675261,0.0344533,0.10624164,0.066969454,0.21640351,0.19867553,0.23821685,0.24384023,0.21709502,0.19657993,0.24081172,0.24194439,0.19203754,0.18416095,0.21426235,0.22920631,0.10972439,0.07742241,0.11679388,0.11302804,0.11236774,0.0750696,0.12111479,0.115859754,0.09543154,0.068552874,0.10391976,0.109302625,0.2523756,0.1795206,0.24495032,0.19197822,0.12230243,0.05635523,0.11794805,0.08028553,0.26290587,0.2504519,0.28843993,0.2844861,0.23413277,0.24114306,0.2588128,0.26925892,0.14201562,0.12967181,0.15527202,0.15787485,0.138774,0.12677658,0.15729643,0.15948679,0.11511702,0.11800397,0.13180044,0.14615166,0.16441041,0.078941606,0.15198807,0.10810982,0.049833633,0.004239157,0.04140145,0.022576587,0.13186894,0.13550435,0.13739128,0.13930176,0.12858689,0.1299731,0.13523805,0.13510923,0.114071496,0.114583656,0.12242103,0.1269735,0.042068187,0.03408352,0.04566184,0.042573243,0.04069528,0.031246424,0.04502884,0.04388828,0.03312018,0.027874503,0.037196044,0.04115176,0.18703379,0.14009069,0.18168905,0.14981683,0.05298352,0.041564465,0.053307362,0.044687644,0.18169464,0.21800756,0.19391033,0.19942144,0.1660981,0.20417105,0.17956054,0.1918877,0.065001115,0.08600546,0.070251144,0.07880932,0.062267926,0.08681136,0.07071831,0.08099878,0.0523966,0.08383418,0.06066332,0.0767655,0.0,0.03275096,0.0,0.023258466,0.0,0.012197391
R_TPOJ2_ROI,Right,140,0.009062066,0.010397449,0.010499378,0.0,0.007960266,0.0,0.009769737,0.0,0.004557655,0.0,0.00871832,0.008688861,0.009497516,0.0,0.005415228,0.0,0.012562585,0.0,0.009446474,0.0,0.0057918173,0.0,0.013327316,0.0,0.009828659,0.0,0.0067477077,0.15377702,0.06813235,0.14264052,0.11976404,0.044419028,0.030740315,0.03836727,0.031140694,0.08454348,0.11309928,0.089324534,0.111749314,0.08454244,0.10694323,0.09043056,0.11317162,0.08006648,0.096439965,0.087179504,0.105299994,0.012422338,0.04714088,0.013825788,0.028757049,0.013690708,0.046193156,0.015447348,0.030305803,0.012477187,0.042560373,0.0142947715,0.026912708,0.17454924,0.11694037,0.1759406,0.15227935,0.032202456,0.034662485,0.034579765,0.03658694,,0.13128993,0.1558393,0.14530684,0.16763231,0.12269508,0.15811937,0.13808353,0.16159263,0.0269497,0.044430558,0.030021094,0.038666066,0.027822042,0.04412068,0.030510595,0.03993758,0.024727462,0.04071156,0.028483361,0.03700575,0.19481169,0.08664908,0.18313998,0.13535535,0.06733066,0.023518983,0.06087336,0.043622546,0.17224364,0.14052364,0.17829801,0.16568828,0.16686651,0.13028672,0.17328238,0.16360204,0.14607671,0.11428053,0.15414114,0.15099561,0.060553823,0.057818,0.06194198,0.06560574,0.057458144,0.056519374,0.05932057,0.06601947,0.045309804,0.052837666,0.046984278,0.057464708,0.19720587,0.11110938,0.19451654,0.14920598,0.06332972,0.031382356,0.06186774,0.04630814,0.19426428,0.17724821,0.20656948,0.20148847,0.17303975,0.16613017,0.18777701,0.18983003,0.069446616,0.06720462,0.074416064,0.07802539,0.06665833,0.06775057,0.07202614,0.07728459,0.054225136,0.06315405,0.060458682,0.06763633,0.19412076,0.08263414,0.18001154,0.11874255,0.07863404,0.041545387,0.07335884,0.05161378,0.1861521,0.13771711,0.1924328,0.16589484,0.17751269,0.12637194,0.1837622,0.15994959,0.14920497,0.11282522,0.1584048,0.14688441,0.08570691,0.063918896,0.08950573,0.07900279,0.080608726,0.0642128,0.08503463,0.07801135,0.065100625,0.06465216,0.07000469,0.06920396,0.1803578,0.0960199,0.17293322,0.12240195,0.049639065,0.03222036,0.048572354,0.03448645,0.18612859,0.17103808,0.19543892,0.17554285,0.16038841,0.15521038,0.17360899,0.16426529,0.06317786,0.056273,0.06768667,0.06529391,0.05925704,0.058746245,0.064774185,0.064395085,0.04739534,0.057250176,0.053014867,0.056021865,0.0,0.010956339,0.0,0.008218928,0.0,0.0047178185
R_TPOJ3_ROI,Right,141,0.0047550523,0.010023871,0.010358815,0.0,0.0068992274,0.0,0.012812361,0.0,0.010365234,0.0,0.009368294,0.011047691,0.011980111,0.0,0.010751739,0.0,0.00905782,0.0,0.011896664,0.0,0.008563898,0.0,0.010169165,0.0,0.012469923,0.0,0.009075832,0.1490313,0.110687695,0.14446321,0.13125548,0.03592446,0.02639059,0.037071932,0.031076938,0.09624256,0.14736524,0.10487927,0.121786125,0.094291806,0.13952571,0.10560124,0.12602605,0.087316506,0.1312009,0.09812367,0.12962353,0.02437193,0.049229097,0.026671834,0.034125887,0.025523981,0.047115773,0.028359726,0.037557416,0.025141716,0.04359621,0.029720254,0.039709907,0.15191911,0.12893988,0.15716742,0.14220197,0.044716008,0.04796073,0.048410315,0.043952294,,0.10790623,0.1365663,0.12662782,0.13660185,0.09977098,0.13542175,0.11806265,0.13671629,0.031302027,0.0542896,0.034826543,0.043548517,0.03143183,0.047725502,0.034859147,0.043334395,0.029057126,0.0417384,0.033464912,0.041657653,0.19257995,0.113746874,0.18493259,0.14704737,0.062131073,0.033969883,0.061162587,0.042427514,0.17226566,0.18437119,0.18102802,0.17933255,0.17292409,0.17376068,0.1822015,0.17765367,0.15283734,0.16055724,0.16279675,0.17297149,0.070244275,0.07023828,0.07280277,0.07236428,0.07195709,0.06737333,0.07502549,0.07308877,0.06063907,0.06180444,0.06436284,0.06940164,0.196834,0.11660327,0.1917201,0.15586895,0.090151064,0.05202558,0.08680338,0.06209753,0.19321094,0.17210948,0.2073704,0.20159905,0.17173049,0.16320018,0.18602096,0.19042586,0.08516798,0.08947467,0.08985872,0.094864525,0.087108664,0.083847515,0.09280896,0.093035415,0.07449176,0.075281784,0.08128792,0.084905684,0.1793095,0.061235268,0.165438,0.11279964,0.059768476,0.03302198,0.057841796,0.042396788,0.1625481,0.15185812,0.16321816,0.15581101,0.16305849,0.14066063,0.16255324,0.14848514,0.14272201,0.12418083,0.14593722,0.13595434,0.07060482,0.061689302,0.07144731,0.06638564,0.07477378,0.060337182,0.07471513,0.066585906,0.06560727,0.05719608,0.06672817,0.06167338,0.20209686,0.09089738,0.18794003,0.13361527,0.08291075,0.057823677,0.077899344,0.056827705,0.20497875,0.172395,0.21026525,0.19685704,0.17850454,0.15761237,0.18681559,0.17859493,0.08655303,0.08031759,0.08712894,0.085512385,0.08838773,0.07479256,0.089227274,0.083999425,0.07453769,0.06599193,0.077233784,0.077106416,0.0,0.009564214,0.0,0.012012194,0.0,0.008767543
R_V1_ROI,Right,1,0.009287194,0.00022909566,0.0017309107,0.0,-5.7860278e-05,0.0,0.00065964356,0.0,0.0038357945,0.0,0.0007272889,-0.00010862573,0.0015495678,0.0,0.00496015,0.0,-0.00082864234,0.0,0.0020712928,0.0,0.0046178815,0.0,0.00042628215,0.0,0.0024648122,0.0,0.005543441,0.14998496,0.05746742,0.1341915,0.09125124,0.02628218,0.0035432351,0.016670587,0.0025962486,0.09527497,0.0408339,0.09635346,0.08169073,0.09583576,0.034502354,0.09697466,0.080234885,0.09138952,0.029810248,0.09139783,0.07499538,0.015347104,0.0046190536,0.011014769,0.0013095919,0.015557189,0.0037103964,0.010846069,0.0008899617,0.016462207,0.0044961213,0.012803509,0.0019102984,0.11841394,0.044559266,0.11025437,0.07049603,0.018877061,0.009009703,0.01893178,0.012960925,,0.08452314,0.024381327,0.09208859,0.066319585,0.07823723,0.025626447,0.084360264,0.06618266,0.01173201,0.004312201,0.013131533,0.009360151,0.011683739,0.007109316,0.01331826,0.010581793,0.01098218,0.010796708,0.012071595,0.01114896,0.16153404,0.023845376,0.1392796,0.06583899,0.055667818,0.013864904,0.051826708,0.020150851,0.1425041,0.044110533,0.14101437,0.09722293,0.13432865,0.033787254,0.13410936,0.08767677,0.116256036,0.022951059,0.11453794,0.07626606,0.033870697,0.02141827,0.037352197,0.015328811,0.032830864,0.017719284,0.035630796,0.015561461,0.029138882,0.014275522,0.031718608,0.014708176,0.14048193,0.045794107,0.12505817,0.07372815,0.036525454,0.017954577,0.034154326,0.021904055,0.13970585,0.048206203,0.14291954,0.109380566,0.1219207,0.047558866,0.12363926,0.09803859,0.032544464,0.016913382,0.032921445,0.02657437,0.032092273,0.020248765,0.03332181,0.028650993,0.028155055,0.023244224,0.029970516,0.027834954,0.13412355,-0.042178094,0.10859673,0.036067378,0.039899684,-0.025490442,0.032200754,0.004330397,0.104585096,0.0061704516,0.09977203,0.07077777,0.095998526,0.00059777225,0.092066824,0.060966007,0.076665275,-0.0034028518,0.073224604,0.050373916,0.008903684,-0.009441173,0.007431903,-0.0013922554,0.008570018,-0.009762721,0.007338084,-0.00020706552,0.00299358,-0.008539831,0.0036921026,-0.0014157366,0.13845058,0.033508126,0.119545534,0.07064754,0.032566074,0.025687885,0.030862035,0.02503046,0.14294648,0.05790145,0.1422658,0.12273633,0.12130907,0.05275132,0.12067569,0.108680956,0.032676514,0.029751863,0.033493426,0.030915102,0.033034477,0.031960584,0.03516522,0.032760054,0.028565733,0.033376582,0.03147418,0.033434745,0.0,0.00012530081,0.0,0.0016603929,0.0,0.0029572172
R_V2_ROI,Right,4,0.011822283,-0.0008040588,2.4228271e-05,0.0,0.00242994,0.0,0.003987838,0.0,0.008282161,0.0,0.0032800792,0.002237293,0.0048832665,0.0,0.009339503,0.0,0.00096317515,0.0,0.005563754,0.0,0.007918196,0.0,0.00094397075,0.0,0.005755197,0.0,0.008154505,0.14815636,0.040209685,0.12982227,0.08557225,0.035766307,-0.0002044783,0.021701368,0.0032014267,0.0946241,0.031790372,0.09296661,0.07347343,0.09356619,0.025437104,0.09044958,0.072767235,0.08939797,0.02059883,0.08516122,0.067487486,0.020881014,0.0056202565,0.012392127,-0.0030618568,0.02027214,0.0047762063,0.009580389,-0.0022821014,0.02014999,0.006156449,0.01039689,-0.0012995075,0.119550124,0.049110062,0.112820365,0.07703424,0.023038777,0.028661417,0.023621732,0.020055072,,0.08354941,0.05947647,0.09321518,0.073999405,0.07937644,0.06703851,0.08523388,0.07322576,0.01579906,0.018665416,0.019343114,0.017035428,0.01568658,0.022903424,0.019710138,0.017830133,0.014914202,0.026455179,0.017945373,0.01925146,0.16049565,0.013403581,0.13803099,0.061567817,0.06824482,0.016041,0.061976735,0.022702461,0.13407667,0.040564645,0.13179606,0.08766325,0.12647404,0.03145456,0.12466916,0.081119835,0.10911549,0.021981748,0.10748536,0.07120702,0.037145153,0.030869978,0.040650252,0.016476462,0.03620963,0.024382325,0.03809506,0.014227184,0.03128687,0.018363276,0.03294629,0.011735702,0.14044629,0.039507326,0.12414073,0.072741635,0.039132517,0.025902601,0.035827637,0.024353532,0.1378874,0.06988017,0.14127956,0.10995267,0.12131755,0.07062254,0.12266766,0.099794336,0.039595097,0.031551037,0.040695492,0.035598274,0.03869086,0.034216914,0.040933166,0.037445873,0.033080664,0.035247713,0.035542533,0.035760164,0.13149029,-0.049332794,0.10488152,0.031786088,0.052234467,-0.01927176,0.042268187,0.008120711,0.0886646,0.0009945882,0.08399731,0.05814651,0.08192862,0.0013660082,0.07722478,0.054514322,0.06438673,0.0037480483,0.061600212,0.04680085,0.00490223,-0.0061288746,0.005261849,-0.0015623627,0.005144027,-0.0050755576,0.0051053306,0.0011321643,0.0010646376,-0.002195594,0.0024180037,0.00027806684,0.13977516,0.03302011,0.1199534,0.07154637,0.03850054,0.03566033,0.03664522,0.030648138,0.14348486,0.0809881,0.1421032,0.12773316,0.121969275,0.07865385,0.120784245,0.11598485,0.040641945,0.047541257,0.041497666,0.043899868,0.04115153,0.05007699,0.043256514,0.046777,0.03544682,0.051725212,0.038041722,0.046852123,0.0,0.002225084,0.0,0.004784714,0.0,0.006889694
R_V3A_ROI,Right,13,0.009042808,0.0020669317,0.002342218,0.0,0.0014377029,0.0,0.0049961945,0.0,0.007915458,0.0,0.0022142993,0.004053295,0.00616856,0.0,0.008687691,0.0,0.00066707033,0.0,0.0063887127,0.0,0.007611077,0.0,-1.1970659e-05,0.0,0.005976691,0.0,0.007751304,0.14228377,0.04354478,0.12381667,0.08499679,0.03642854,0.020040408,0.018847242,0.012391609,0.098542675,0.041918788,0.09478939,0.08146768,0.09393113,0.036874168,0.08949625,0.07481348,0.08927121,0.030061796,0.08318295,0.06759581,0.026712388,0.023526087,0.013577329,0.005236215,0.023954239,0.026785012,0.008740188,0.0055107996,0.021734802,0.029409464,0.0073216246,0.005933155,0.11818849,0.051169183,0.11252393,0.08479106,0.019987317,0.033405647,0.01893991,0.021955088,,0.08365112,0.07972658,0.09532496,0.08560055,0.07745295,0.08566242,0.08722291,0.08214963,0.01602365,0.026988236,0.019628538,0.022974407,0.014475344,0.033040915,0.017864319,0.023781808,0.012330578,0.037292868,0.015511511,0.021646932,0.1556553,0.02357407,0.13368203,0.07053305,0.07681343,0.03097952,0.06932427,0.03595942,0.13728927,0.052998036,0.13826393,0.101479635,0.12329646,0.04473489,0.1258232,0.09063953,0.10329323,0.032578293,0.10501228,0.072862744,0.05279654,0.047626525,0.057919834,0.03209317,0.049181826,0.04473743,0.052721564,0.031256642,0.041194394,0.039928373,0.04374656,0.029877102,0.14239246,0.044584364,0.12907147,0.08694934,0.038071223,0.02746245,0.03395623,0.024180429,0.14119856,0.09634762,0.14693606,0.12539764,0.11936844,0.09474456,0.12440127,0.11009001,0.04397392,0.039500825,0.04573914,0.040235016,0.03978377,0.042490304,0.041820083,0.040290184,0.030925011,0.043080434,0.03370738,0.036465608,0.12447937,-0.036739044,0.09698254,0.03266466,0.050014887,-0.010962565,0.03757925,0.008638746,0.089045696,0.012369458,0.08561112,0.06685208,0.07612365,0.009738587,0.075268336,0.05943971,0.056314506,0.008458469,0.055827614,0.04152992,0.01150603,0.001372624,0.012232664,0.008633111,0.0073116054,0.0036944912,0.009092661,0.008367689,0.0012346787,0.0056099813,0.0031777998,0.004383415,0.14257151,0.044172164,0.1257508,0.08477529,0.033771936,0.027842775,0.030976828,0.027647076,0.14729974,0.11816996,0.14913118,0.1427496,0.1222226,0.11558683,0.123904765,0.12505613,0.04526245,0.040409677,0.04541963,0.046070125,0.04143532,0.042928323,0.042299297,0.0469619,0.03234141,0.044310033,0.0338631,0.042851057,0.0,0.002747151,0.0,0.0071868263,0.0,0.007160119
R_V3B_ROI,Right,19,0.003469413,0.008661941,0.009189942,0.0,0.007741667,0.0,0.006699431,0.0,0.0033767184,0.0,0.007469476,0.0062111984,0.0060638404,0.0,0.003752034,0.0,0.005660456,0.0,0.0060176477,0.0,0.004369155,0.0,0.0066135074,0.0,0.005422185,0.0,0.00366742,0.13748254,0.116655126,0.13683234,0.120229185,0.024445552,0.021178128,0.027891112,0.020754196,0.0923041,0.10822923,0.10393817,0.112647824,0.08886525,0.10454261,0.102899775,0.11279909,0.0861907,0.09973773,0.098198,0.113398686,0.016149549,0.018868295,0.020208646,0.026783751,0.017459042,0.020774687,0.021779956,0.025900187,0.018278565,0.020786054,0.021782015,0.02446961,0.113628976,0.07177252,0.10942464,0.08815163,0.011867635,0.009483927,0.012582934,0.009668467,,0.078415304,0.09705668,0.087431796,0.08357468,0.07151503,0.091758125,0.07908367,0.081597574,0.0075443992,0.006601074,0.009846506,0.009749758,0.007879316,0.007865363,0.010258142,0.009975999,0.008812907,0.008686653,0.009573019,0.008699613,0.1827493,0.09894245,0.17154913,0.12525405,0.046754237,0.031162808,0.04624882,0.03164919,0.18361136,0.14371322,0.18619049,0.16501084,0.1732303,0.13782795,0.18009935,0.15852426,0.14672138,0.12654464,0.15427907,0.14915484,0.059874386,0.048339073,0.06251007,0.057788365,0.05662598,0.048663907,0.060739048,0.05744017,0.045993574,0.0470292,0.04965335,0.05352762,0.15492338,0.088363,0.14456238,0.10928445,0.045491662,0.038261738,0.041570395,0.029473564,0.15560918,0.13251533,0.16414583,0.15005375,0.13163914,0.124989614,0.13992395,0.13570726,0.051376376,0.04501781,0.054078728,0.051038854,0.04655642,0.044612728,0.0503538,0.04988698,0.037015174,0.0426318,0.040032055,0.045625452,0.17217658,0.05573752,0.15656349,0.10285784,0.04236366,0.019355027,0.039450854,0.025140222,0.18135953,0.12658708,0.17964421,0.15088747,0.17060232,0.119958654,0.1711861,0.14492993,0.13955368,0.10833395,0.14178175,0.13212012,0.06008657,0.034165185,0.059480138,0.047456954,0.056285165,0.03557318,0.057119224,0.04660278,0.044251975,0.03570269,0.044932477,0.043708213,0.1629697,0.07914509,0.1477481,0.102424674,0.04821789,0.028839692,0.042831924,0.02787053,0.17424417,0.13942522,0.18034221,0.16071719,0.14457104,0.12933421,0.15064491,0.14448835,0.06424046,0.03981671,0.06503148,0.05404878,0.05684218,0.038016703,0.05890665,0.051038776,0.04389262,0.03617465,0.045301583,0.046334837,0.0,0.00704497,0.0,0.006354313,0.0,0.004107937
R_V3CD_ROI,Right,158,0.0049810116,0.005421556,0.005480104,0.0,0.008719624,0.0,0.0073579084,0.0,0.0017258051,0.0,0.009514903,0.0065774955,0.0074350163,0.0,0.0023990576,0.0,0.008931498,0.0,0.005722927,0.0,0.0032639243,0.0,0.010947302,0.0,0.0055641746,0.0,0.0029537824,0.117871016,0.08687088,0.11339982,0.09732695,0.012345447,0.014821551,0.012325043,0.0153494,0.06583253,0.083330646,0.067731485,0.07323721,0.06537298,0.082113095,0.067591466,0.06959354,0.064998195,0.07944029,0.0684485,0.069039896,0.007257721,0.016030988,0.008193334,0.010827688,0.0068620895,0.014337335,0.007769267,0.011955189,0.007235324,0.013184661,0.007750471,0.01172846,0.103774115,0.058951862,0.09757602,0.07932334,0.007544143,0.0065156086,0.006778559,0.008355572,,0.065670356,0.06895558,0.064464696,0.06870647,0.062558375,0.07236032,0.0640896,0.059651397,0.0046564126,0.0118534,0.0040290533,0.0064854585,0.0048163505,0.010627098,0.0040802867,0.0065057203,0.0056880517,0.009671992,0.004713694,0.006114026,0.15674566,0.07572454,0.14632697,0.108339466,0.03294272,0.022174768,0.03167445,0.028563242,0.13989678,0.11094103,0.14197391,0.13489726,0.13674171,0.10936169,0.14054109,0.1264137,0.120913714,0.10579475,0.12477943,0.115768686,0.03903588,0.0387275,0.039030466,0.04040764,0.038116764,0.038655322,0.03906552,0.040929027,0.032218747,0.038291957,0.033045527,0.039312273,0.13932714,0.068299815,0.12902528,0.09708075,0.040111613,0.024107454,0.037148166,0.027528485,0.13493404,0.10476651,0.13897404,0.12869538,0.12001699,0.102261,0.12454489,0.11268298,0.04267306,0.03934214,0.0431686,0.045727283,0.041662924,0.039578203,0.04361198,0.04590803,0.035631396,0.039048355,0.037488442,0.042786594,0.15064251,0.034783844,0.13840619,0.085600205,0.02808405,0.009825011,0.02732996,0.014964051,0.14219452,0.096027754,0.14398925,0.1310052,0.13873217,0.089761265,0.14313993,0.12315768,0.11882898,0.080164224,0.12419901,0.1106873,0.03820589,0.026566414,0.038876668,0.03101366,0.03789137,0.025149269,0.039942984,0.03033274,0.031089056,0.023434611,0.03345581,0.029584968,0.14800304,0.052271016,0.13609695,0.08909416,0.035016194,0.017705353,0.032678813,0.01858943,0.15461633,0.11458387,0.16180402,0.14463416,0.13506167,0.10409752,0.14149128,0.13086215,0.043980826,0.035111815,0.04527792,0.04227837,0.042173617,0.03322761,0.045147616,0.042236008,0.03451138,0.03212523,0.03750896,0.040200155,0.0,0.009576271,0.0,0.0059801005,0.0,0.0028279857
R_V3_ROI,Right,5,0.009482199,0.0015249455,0.0019834894,0.0,0.0035792592,0.0,0.0050853305,0.0,0.008931968,0.0,0.004290386,0.0030193536,0.005785689,0.0,0.009913745,0.0,0.0018576973,0.0,0.0072254776,0.0,0.008266023,0.0,0.0012591159,0.0,0.006976665,0.0,0.008065688,0.14016704,0.047149576,0.12242333,0.08058172,0.033738915,0.007727887,0.02006598,0.005141944,0.09203534,0.042893257,0.09281606,0.075779855,0.091320485,0.035430122,0.08910177,0.07328649,0.08642776,0.031590108,0.08298039,0.069754474,0.02556416,0.0070948987,0.017465081,-0.00040625109,0.025675507,0.008506574,0.014423021,0.0023406055,0.025472796,0.011239924,0.014577048,0.00411789,0.12229591,0.045220252,0.11431567,0.074867845,0.029617893,0.023469508,0.029551644,0.022246337,,0.083368294,0.06348843,0.09071261,0.0751682,0.07935689,0.069639266,0.08429818,0.07452189,0.019052025,0.025319071,0.023990633,0.02308026,0.0195643,0.030592786,0.024025364,0.023730857,0.018893695,0.03512093,0.02279046,0.023932735,0.14611171,0.02428238,0.12557256,0.05735507,0.063887365,0.024116816,0.057299785,0.02192278,0.12769823,0.055913523,0.1260227,0.08673382,0.1212926,0.043284208,0.119041555,0.079236396,0.10297044,0.03149521,0.1015877,0.07121908,0.038977873,0.031763826,0.043844696,0.020244328,0.03781732,0.029824484,0.04105235,0.01931964,0.032918215,0.027425695,0.035161432,0.017197115,0.13745178,0.03599425,0.12207829,0.069530584,0.041604158,0.027873844,0.0390803,0.025232542,0.13738751,0.07188392,0.13866974,0.10432924,0.12038385,0.06734459,0.12182085,0.09426341,0.04197687,0.03771641,0.045594074,0.041033413,0.04102835,0.0420109,0.044769693,0.041614465,0.035322726,0.043855786,0.03955775,0.0387961,0.11633264,-0.043073926,0.09154163,0.02275397,0.04552862,-0.011806777,0.035624415,0.006627376,0.08168917,0.009989129,0.07689666,0.051673464,0.07663365,0.0035559423,0.07183068,0.049078904,0.05853533,-0.0014015192,0.05657063,0.04265939,0.0020763718,-0.0012926824,0.0036815114,-0.0004028482,0.0022078652,0.0015319716,0.0041274084,0.0032240574,-0.0010299791,0.003379606,0.0017560052,0.004242696,0.13622709,0.035035465,0.11835223,0.06941086,0.039160907,0.037073683,0.03754979,0.030145975,0.14495409,0.087631464,0.142699,0.124614306,0.12288359,0.07995701,0.12284504,0.1130899,0.0445706,0.04874915,0.046098527,0.049399544,0.044834584,0.05226687,0.046947148,0.049744785,0.038561225,0.054686718,0.041684754,0.047905035,0.0,0.0037910664,0.0,0.006482009,0.0,0.008108714
R_V4_ROI,Right,6,0.0052834456,0.0067814277,0.0073916046,0.0,0.005165586,0.0,0.007586814,0.0,0.0063114427,0.0,0.0062911105,0.0065033683,0.0072311275,0.0,0.006996996,0.0,0.0056948946,0.0,0.01023915,0.0,0.0073384955,0.0,0.0070156497,0.0,0.009935119,0.0,0.007755763,0.1404912,0.08745782,0.13215111,0.104677565,0.036317207,0.021777498,0.032247875,0.028470358,0.0930615,0.07292145,0.10662745,0.11242677,0.093067355,0.0789156,0.10400111,0.11360186,0.08649387,0.07865341,0.09860748,0.109205246,0.026085166,0.026456311,0.028046338,0.028424952,0.026485516,0.024633614,0.027960466,0.032702867,0.024739113,0.023474004,0.02716549,0.03299981,0.12444784,0.066308476,0.12029074,0.0834307,0.03652876,0.017953243,0.037670173,0.02441679,,0.08793117,0.049905334,0.097507335,0.094532974,0.080422096,0.056671258,0.0891055,0.09136246,0.02188179,0.014718323,0.02556571,0.023740858,0.022480024,0.012758657,0.025278281,0.025852473,0.020351527,0.012865758,0.023130603,0.024249643,0.17564343,0.06835523,0.1571321,0.10044038,0.06337928,0.023335932,0.057660505,0.037088253,0.16600354,0.097574,0.16810228,0.14132962,0.15848918,0.09489059,0.16147763,0.13598852,0.13477772,0.089108,0.13807559,0.124439135,0.062681146,0.049918447,0.06554531,0.055819284,0.059026387,0.04751792,0.061692186,0.057012,0.047948178,0.04330951,0.050840143,0.052297227,0.17166983,0.06343158,0.15517558,0.0974953,0.06667072,0.032033358,0.062381953,0.040419683,0.17631127,0.093617976,0.18188027,0.14708096,0.14781009,0.088297255,0.15387726,0.13189068,0.068677254,0.045940395,0.072654866,0.061088942,0.06378306,0.046062585,0.06875932,0.060558084,0.05000085,0.045298647,0.055282123,0.053796563,0.16349876,0.042507865,0.14342761,0.082740314,0.05585843,0.023235274,0.049084656,0.030128408,0.15848257,0.09760637,0.1569605,0.12964036,0.15036617,0.091794424,0.15091993,0.12426808,0.12507035,0.08319188,0.12621048,0.111654,0.054963533,0.0450158,0.05712953,0.052005567,0.05301437,0.045017667,0.056169067,0.05404854,0.0434358,0.042904127,0.04708371,0.051310576,0.17938437,0.05176813,0.1586243,0.09559953,0.06917816,0.041869596,0.06199356,0.039879207,0.19459918,0.116761334,0.19573738,0.15897523,0.15882601,0.100393526,0.16176762,0.14311029,0.08172852,0.05945122,0.082327,0.072180405,0.07547607,0.058761533,0.077837296,0.069744214,0.05858595,0.056133907,0.061801128,0.06284292,0.0,0.005256203,0.0,0.009754238,0.0,0.008050504
R_V4t_ROI,Right,156,0.0017315752,0.0074170786,0.007468562,0.0,0.0017351261,0.0,0.0024066302,0.0,-0.0003342283,0.0,0.0016767352,0.001508367,0.0009973156,0.0,0.00013021754,0.0,0.0022397714,0.0,0.0031537921,0.0,-0.0005910652,0.0,0.0023089184,0.0,0.0024288427,0.0,-0.0006368734,0.12891999,0.056282543,0.11643935,0.09158958,0.019897949,0.0129735945,0.016941892,0.011715318,0.06344684,0.074416846,0.066296175,0.07626512,0.0639271,0.073657356,0.06688005,0.07945434,0.06119472,0.07086421,0.0641577,0.07957509,0.0019567152,0.026934372,0.0024075746,0.013373208,0.0017559245,0.029489756,0.0020475355,0.014520314,0.0014641053,0.029537477,0.002346024,0.013894539,0.11133944,0.043234143,0.108475804,0.08819312,0.016904706,0.010637821,0.016979495,0.015781362,,0.072863586,0.047320053,0.07714468,0.07854144,0.06998443,0.04965506,0.07362392,0.07460527,0.008957566,0.015060127,0.010626698,0.015727088,0.0099402405,0.015559844,0.011631373,0.016410306,0.009919409,0.014368233,0.011554946,0.015196213,0.17471424,0.06273914,0.15953389,0.12154456,0.04194199,0.010840417,0.040301837,0.026597053,0.15481873,0.11253221,0.15772712,0.15133439,0.15296546,0.107271,0.15648217,0.1557006,0.13392548,0.10261267,0.13829935,0.14436436,0.045357663,0.03885588,0.048758302,0.046182718,0.042740185,0.0435414,0.045575894,0.04826029,0.032990735,0.042486113,0.03602629,0.044978697,0.16385499,0.051293988,0.1533671,0.10941934,0.051459517,0.023412373,0.04896955,0.03169987,0.16531107,0.09395198,0.1726995,0.16492777,0.14601216,0.08789881,0.15493883,0.15208504,0.05312474,0.045221727,0.057269726,0.056775272,0.05259529,0.04602588,0.05741725,0.05881889,0.043841477,0.044193372,0.049564123,0.054301754,0.18086755,0.061998107,0.167425,0.12043734,0.04730626,0.028622584,0.048027374,0.03573525,0.16723634,0.11476061,0.17330186,0.16142142,0.16465178,0.10683546,0.17132504,0.16399208,0.14276285,0.10467618,0.14980112,0.14682339,0.05482794,0.042607654,0.059109244,0.053870525,0.054623615,0.04935191,0.058086947,0.054864887,0.045588795,0.05235224,0.050926927,0.052964352,0.16739568,0.039665557,0.15646078,0.09815229,0.042462703,0.022930248,0.04069626,0.02707257,0.18165444,0.10948532,0.19393574,0.18202648,0.15622313,0.09836491,0.1687894,0.16703276,0.05437825,0.0478385,0.05994383,0.05784641,0.053427286,0.048429128,0.058741856,0.05981418,0.04288337,0.046208616,0.048503723,0.054607917,0.0,0.004130821,0.0,0.002709432,0.0,0.00053484127
R_V6A_ROI,Right,152,0.0025793382,0.010748805,0.011691217,0.0,0.004446637,0.0,0.009105645,0.0,0.0078465305,0.0,0.004226642,0.0085362,0.008494385,0.0,0.008073273,0.0,0.0068657785,0.0,0.0082688825,0.0,0.0073133386,0.0,0.006100562,0.0,0.007537523,0.0,0.006412035,0.121169984,0.08207656,0.11544043,0.09597722,0.02432052,0.02016163,0.023737628,0.019974766,0.083379105,0.08469366,0.092444025,0.08687216,0.077792875,0.08078358,0.08503678,0.08477507,0.07215836,0.07607698,0.07746509,0.08536724,0.02343207,0.031684797,0.026182221,0.029701015,0.02211674,0.03132056,0.023389468,0.029228497,0.019345349,0.02970631,0.021035017,0.027089605,0.11298851,0.06293981,0.11014473,0.088521704,0.026864419,0.018940873,0.026856175,0.022288155,,0.07982437,0.06978106,0.092443965,0.08687931,0.071501814,0.072679915,0.080745004,0.08693801,0.01885561,0.030898003,0.022341436,0.025643991,0.017851466,0.032859538,0.020088647,0.025855562,0.015948778,0.03344074,0.018105466,0.024043102,0.1701103,0.08130279,0.15699367,0.1181044,0.04682697,0.023215517,0.044704363,0.031987667,0.18037419,0.13381734,0.18414201,0.15867582,0.16466537,0.12789592,0.169664,0.15244864,0.1343234,0.12031407,0.13968563,0.13492742,0.06392914,0.05276313,0.06788206,0.064557336,0.05777259,0.052632753,0.061342392,0.061674904,0.04446982,0.050384708,0.04807345,0.053711195,0.15946832,0.066385455,0.14400004,0.10707891,0.060629927,0.031931482,0.05295539,0.037534457,0.17485754,0.12129498,0.18242975,0.15685621,0.14028987,0.11931697,0.14546193,0.13999495,0.07355142,0.05402519,0.07428876,0.06706527,0.0665474,0.056668445,0.068965964,0.06489772,0.05062984,0.058155637,0.053451303,0.05678651,0.1626109,0.06139062,0.1460923,0.1030575,0.03697693,0.017656546,0.034548055,0.022894844,0.17854029,0.13356628,0.17921609,0.1534939,0.16296658,0.12653254,0.1646319,0.14894062,0.12963004,0.11802065,0.13254863,0.12888035,0.054317057,0.040602155,0.055787567,0.04843035,0.049968775,0.041099813,0.052079707,0.045817267,0.038734328,0.039761547,0.040982448,0.041797068,0.17004399,0.067393705,0.14967172,0.103954025,0.0631453,0.040064227,0.056298483,0.040983394,0.19792736,0.13838834,0.2028612,0.17454259,0.15553296,0.1338787,0.1583651,0.15293482,0.08083549,0.05136631,0.08081667,0.06834469,0.0727623,0.053152025,0.07529571,0.066763066,0.05562774,0.05379543,0.057798292,0.060432166,0.0,0.005673584,0.0,0.007939429,0.0,0.0067686155
R_V6_ROI,Right,3,0.0044625364,0.0054841265,0.005707116,0.0,0.0049162963,0.0,0.0064375927,0.0,0.007746034,0.0,0.0049463357,0.0052804127,0.0064980313,0.0,0.007450952,0.0,0.004007001,0.0,0.006621783,0.0,0.0060595726,0.0,0.0033557406,0.0,0.0059014177,0.0,0.0052957106,0.11907008,0.03214261,0.10319626,0.06507207,0.024163151,0.018906971,0.010709376,-0.0006040966,0.08487243,0.05069237,0.08382284,0.07234895,0.08037335,0.049707532,0.0753598,0.06929112,0.07238579,0.04817718,0.068225995,0.06378709,0.022276592,0.026407273,0.011977581,0.00818061,0.018956704,0.03022335,0.0072636283,0.0073199486,0.013929216,0.03128576,0.0048939106,0.0058707045,0.11174289,0.052565444,0.100465044,0.07384229,0.02087126,0.032583006,0.018126216,0.023374315,,0.07773978,0.07990665,0.08565889,0.08111466,0.07186633,0.08147931,0.07571315,0.076030284,0.021874065,0.030283105,0.025695741,0.027256282,0.018506905,0.03401846,0.022482365,0.025631333,0.014281208,0.036054812,0.016772043,0.021072932,0.14790161,0.049720816,0.12574147,0.07894726,0.05470016,0.01564762,0.046843704,0.016003205,0.14885041,0.080938384,0.14765355,0.120275624,0.13264467,0.07221203,0.13269617,0.10564544,0.108753726,0.06506575,0.10616687,0.0917321,0.055323772,0.032810096,0.0610994,0.03956259,0.04768514,0.031421307,0.052176956,0.036109976,0.035657402,0.029847382,0.03892857,0.03019225,0.14800636,0.066266,0.12756847,0.09399187,0.052311778,0.02924651,0.045088705,0.03223926,0.15212438,0.1070522,0.15279165,0.13735701,0.1267768,0.10084488,0.12535849,0.1241194,0.0709625,0.056536257,0.07436806,0.073107325,0.061047304,0.056588184,0.06598361,0.06886623,0.045688722,0.053981464,0.049697284,0.058337733,0.13014606,0.037738126,0.10961724,0.071326144,0.036792584,0.0068671256,0.030475834,0.014551696,0.12460602,0.08321565,0.12659933,0.11806939,0.10748878,0.07386261,0.111450106,0.10236211,0.08301347,0.068332225,0.08402782,0.085642174,0.02287658,0.028215522,0.028349105,0.028388241,0.01847235,0.028741902,0.023867685,0.027478088,0.011127953,0.028899878,0.01602067,0.024980247,0.15336792,0.07221071,0.13607717,0.10209501,0.05294949,0.04262316,0.050448474,0.04403824,0.17117415,0.14234091,0.17576537,0.17072415,0.1395416,0.1328299,0.14198066,0.1516857,0.07380121,0.067015864,0.07777753,0.0759157,0.06562282,0.069713,0.07060752,0.07498309,0.0502808,0.07009028,0.05535044,0.06854618,0.0,0.005103378,0.0,0.005623884,0.0,0.0049599074
R_V7_ROI,Right,16,0.00078074384,0.0047380473,0.005309399,0.0,0.0014716069,0.0,0.0061942954,0.0,0.005178268,0.0,0.0015437278,0.0068623614,0.006180431,0.0,0.0052446625,0.0,0.0010817087,0.0,0.0071451785,0.0,0.0054653897,0.0,0.0013228462,0.0,0.0056235236,0.0,0.004540992,0.122322634,0.072561435,0.11867777,0.09950219,0.016854234,0.015973533,0.014647857,0.014022566,0.08643728,0.08658586,0.09675585,0.097324416,0.08418343,0.08577209,0.09154476,0.102688655,0.07739075,0.08638734,0.08422638,0.10173496,0.019626854,0.017402625,0.019864695,0.023068925,0.017945722,0.01993616,0.017909346,0.020489452,0.014859874,0.02153657,0.01423876,0.018368788,0.11294564,0.056679692,0.11018007,0.08279398,0.020854415,0.021480003,0.021869574,0.018488785,,0.08515669,0.08025926,0.09621703,0.094797164,0.07697198,0.07461129,0.087874405,0.09370717,0.016934754,0.022574188,0.021676965,0.025065508,0.016339947,0.02425436,0.019106766,0.024149017,0.014385417,0.024988223,0.01743767,0.024042476,0.1476507,0.06762471,0.13901137,0.09700431,0.0361721,0.023625853,0.032780882,0.022693416,0.1513061,0.10918682,0.15806548,0.13176686,0.13992462,0.105012916,0.14848216,0.13231394,0.11729102,0.100292236,0.12529194,0.1236064,0.048090197,0.03564909,0.05051595,0.0479359,0.043171633,0.037961293,0.045919497,0.04498291,0.0329466,0.037031796,0.035426583,0.039584193,0.13993613,0.05061126,0.12994052,0.088075,0.03761592,0.03287225,0.033629533,0.024518855,0.1545674,0.10485473,0.16450098,0.14269464,0.12723891,0.09333335,0.13694435,0.13124265,0.048774485,0.033365868,0.051135782,0.045808267,0.044293746,0.03404062,0.047129672,0.04400551,0.033634238,0.032589927,0.036731996,0.040747073,0.13350868,0.033468094,0.11856929,0.07012482,0.025645835,0.0125855245,0.021558085,0.012915921,0.13801755,0.088666394,0.13798094,0.1068128,0.12678881,0.077904806,0.12881999,0.105536856,0.103696465,0.066700414,0.10590033,0.094757505,0.03517213,0.02686786,0.034578107,0.02989711,0.031395357,0.026270272,0.032737453,0.029515732,0.02330836,0.02384463,0.024565225,0.026705239,0.13998125,0.03960841,0.12377894,0.07467572,0.036691863,0.02924454,0.0328547,0.023855014,0.16388142,0.09580628,0.16846286,0.13992462,0.13114554,0.079953514,0.1354294,0.12170684,0.05279895,0.025711844,0.051344067,0.042474985,0.047845453,0.02379445,0.048011746,0.041864008,0.03590013,0.021721985,0.03703984,0.037441954,0.0,0.0028173525,0.0,0.0056974855,0.0,0.005182847
R_V8_ROI,Right,7,0.0045697396,0.0085668005,0.008736401,0.0,0.0069183256,0.0,0.009881188,0.0,0.008963481,0.0,0.0072557437,0.008184315,0.009325087,0.0,0.0089704245,0.0,0.00748809,0.0,0.010545071,0.0,0.0095361015,0.0,0.008780428,0.0,0.01063787,0.0,0.010582023,0.10435509,0.07657052,0.100430354,0.08255427,0.039043013,0.024430765,0.038447652,0.03381564,0.068330176,0.06331187,0.0813467,0.09911314,0.066888206,0.057209663,0.07751841,0.093833566,0.062302,0.056036897,0.07151944,0.081925444,0.022351831,0.032321338,0.026941035,0.037787702,0.022652717,0.028193487,0.028929029,0.03655299,0.02116722,0.025287196,0.025689634,0.033063564,0.09312426,0.06426024,0.09808509,0.07893164,0.030243738,0.021543605,0.032309685,0.025721852,,0.06593508,0.062045105,0.07811305,0.089573175,0.06271734,0.06694958,0.07249605,0.08047374,0.01897286,0.024299521,0.020586481,0.026761454,0.017943442,0.02313026,0.02033733,0.023066578,0.015895838,0.019209012,0.017323537,0.019056207,0.15031303,0.055641524,0.13520819,0.08568767,0.059219837,0.022293448,0.051499423,0.03390713,0.16099733,0.09546972,0.1618704,0.14305337,0.14472349,0.08769155,0.14699282,0.12707184,0.11491788,0.08417678,0.11846631,0.106336005,0.06835314,0.049231883,0.067277305,0.06321124,0.06054261,0.042995986,0.060198877,0.058240615,0.04399952,0.03936145,0.044224057,0.04825513,0.14089264,0.052521024,0.12866825,0.08517598,0.06542328,0.027219921,0.05842399,0.0391628,0.15486409,0.10191118,0.15971339,0.1398264,0.12294347,0.09545029,0.1290295,0.11691301,0.078867964,0.05752773,0.07840582,0.06909966,0.06755067,0.05387703,0.06931389,0.061637666,0.04762358,0.048573524,0.05118456,0.050994508,0.15435545,0.039954487,0.13643856,0.078291446,0.062374704,0.027172666,0.05461127,0.03300719,0.17742544,0.11658724,0.1754092,0.1475723,0.15683772,0.1041721,0.15678917,0.13232331,0.11905013,0.09314232,0.12134434,0.11341514,0.08265716,0.051580224,0.08252314,0.069408126,0.072787575,0.046835497,0.07406774,0.064362966,0.054340072,0.044005446,0.05664342,0.0571816,0.1542698,0.039625216,0.13573892,0.08153518,0.07525924,0.038739804,0.06520247,0.03992717,0.18218826,0.10929204,0.18222657,0.15341194,0.13412602,0.09198895,0.13849138,0.12701035,0.09668077,0.05887803,0.09369986,0.07970155,0.08084396,0.053810004,0.0805066,0.069425315,0.055387996,0.04812413,0.057422973,0.05569715,0.0,0.0071048355,0.0,0.010262619,0.0,0.008518466
R_VIP_ROI,Right,49,0.002907902,0.00874196,0.008914901,0.0,0.005355134,0.0,0.0040441393,0.0,-0.0003227127,0.0,0.0065058107,0.0032731888,0.0033870302,0.0,-0.00079531217,0.0,0.0071988427,0.0,0.0035231747,0.0,-0.00057851657,0.0,0.0071982797,0.0,0.002553447,0.0,-0.0011166476,0.11783715,0.06987078,0.116456345,0.10016622,0.02297086,0.024271507,0.025056178,0.025027368,0.08349611,0.0688666,0.09501014,0.082043886,0.082740225,0.06743543,0.09211563,0.083412275,0.075952634,0.06367821,0.08454239,0.08539487,0.021704746,0.022234512,0.026062196,0.028124645,0.021712404,0.026867542,0.024753792,0.030547831,0.019802947,0.029754227,0.022920523,0.03033968,0.09312904,0.032968998,0.09025668,0.070924155,0.013135837,0.020099092,0.014987716,0.016571958,,0.06967195,0.059999414,0.07500257,0.06398881,0.061886355,0.058756847,0.06649154,0.06009905,0.0105676735,0.019844335,0.01262906,0.017283408,0.010842346,0.021212988,0.012590066,0.018308753,0.00972867,0.023113681,0.01203546,0.01784649,0.14668296,0.069680855,0.14167932,0.109510206,0.039336424,0.029543823,0.039632257,0.0311804,0.14410949,0.09779677,0.14824522,0.12556301,0.13705975,0.095042855,0.14198823,0.12051548,0.115400895,0.09039431,0.12444416,0.10984204,0.05085485,0.044053018,0.05502179,0.049991127,0.048571706,0.047110166,0.052639026,0.04969181,0.03883037,0.045961246,0.043819368,0.046622645,0.12149195,0.04432473,0.1133388,0.079784945,0.038202364,0.024359098,0.035105884,0.022208203,0.13044584,0.0843235,0.13241039,0.1102117,0.1073528,0.07936836,0.11365956,0.0957975,0.048214417,0.033159737,0.048558127,0.04353439,0.044700027,0.034164295,0.046343785,0.042952374,0.034396805,0.03294888,0.037553165,0.038497638,0.13113129,0.03755113,0.122471675,0.08307154,0.027504446,0.0061189416,0.025500344,0.014138459,0.12916863,0.08028867,0.13028793,0.10575507,0.12039066,0.07491088,0.12339508,0.10204044,0.09834154,0.067621544,0.104681626,0.09078857,0.036152255,0.027124137,0.037321292,0.029787237,0.03385115,0.029552735,0.036048803,0.029674465,0.027117617,0.026458418,0.029713219,0.028289823,0.12595801,0.0535595,0.116196446,0.07779098,0.036375772,0.022470279,0.032422457,0.021154,0.13917446,0.103154965,0.14009665,0.12307079,0.11198384,0.0939519,0.117242694,0.10748363,0.05307493,0.039187405,0.0520642,0.043842427,0.047616366,0.03795492,0.04856042,0.043342285,0.036401898,0.033154096,0.038316313,0.038820006,0.0,0.0055501736,0.0,0.0030094946,0.0,-0.00029915507
R_VMV1_ROI,Right,153,0.003885649,0.010954028,0.01162817,0.0,0.004730157,0.0,0.009812223,0.0,0.011137993,0.0,0.004916945,0.008755228,0.00983627,0.0,0.010853256,0.0,0.0039296513,0.0,0.008869162,0.0,0.008419693,0.0,0.0029362664,0.0,0.008643427,0.0,0.007770815,0.13730344,0.09371898,0.12900925,0.10364948,0.03220338,0.022940189,0.023078803,0.012409108,0.09922754,0.09373672,0.1036892,0.09855882,0.098352924,0.09613267,0.10186776,0.092411384,0.090352334,0.0936077,0.09433211,0.08797093,0.030129137,0.032249294,0.02346674,0.0212775,0.027520867,0.03522276,0.019910825,0.018332375,0.022354694,0.036763616,0.016790448,0.015658066,0.116225004,0.07838946,0.11183559,0.08765526,0.025592217,0.03597098,0.022810718,0.026724644,,0.084783986,0.07696035,0.09998898,0.08769082,0.077019416,0.084170125,0.08960502,0.081827745,0.02221615,0.030870322,0.026256194,0.028301116,0.01897493,0.034388307,0.02234775,0.026966868,0.014754225,0.037553634,0.017737713,0.02590853,0.18483916,0.089848444,0.16940229,0.12675275,0.067568965,0.023200562,0.06171488,0.03400994,0.1853303,0.15151559,0.19253327,0.16149129,0.17293915,0.15316154,0.17839856,0.15172668,0.14350095,0.14419463,0.15060832,0.13415542,0.0687716,0.058470972,0.07683367,0.06327528,0.06196368,0.057746347,0.06861936,0.058892533,0.04768574,0.055423673,0.05423874,0.05113619,0.16174112,0.09340195,0.1475686,0.1129886,0.06279875,0.041276563,0.0574889,0.042754527,0.16698597,0.12869643,0.17379811,0.14705442,0.14067805,0.1269649,0.14733315,0.1331948,0.08121879,0.062262896,0.08584534,0.08215453,0.07042808,0.0653525,0.07617367,0.07695134,0.053317007,0.06519192,0.059315424,0.068336725,0.17175575,0.067672975,0.15451047,0.11720249,0.046813987,0.011890883,0.038326856,0.020777537,0.16560946,0.15086792,0.17150043,0.16076651,0.14996625,0.15148033,0.15518485,0.1530539,0.12057292,0.1419544,0.12519719,0.13134381,0.035381075,0.04142915,0.040814187,0.039924327,0.031059619,0.04280396,0.035612706,0.040124003,0.02189594,0.042243596,0.02593094,0.03755727,0.17326382,0.09980951,0.1570488,0.12103271,0.0639559,0.051568687,0.059831616,0.05011082,0.19429144,0.17375478,0.20007657,0.1839517,0.1591351,0.16499898,0.16264974,0.16663668,0.09003054,0.07651083,0.09309296,0.088301264,0.08010768,0.079248264,0.08325083,0.0840133,0.06066144,0.07861214,0.06445778,0.07544308,0.0,0.0053150943,0.0,0.009151222,0.0,0.007610453
R_VMV2_ROI,Right,160,0.0027507988,0.015523656,0.016251128,0.0,0.004502274,0.0,0.0091442615,0.0,0.0062895208,0.0,0.004996799,0.008603487,0.0089332005,0.0,0.005264996,0.0,0.004426469,0.0,0.006740406,0.0,0.0048607327,0.0,0.004697614,0.0,0.0070051104,0.0,0.0041131135,0.14063369,0.10056668,0.1399144,0.12359664,0.02845477,0.02577243,0.028046004,0.024102895,0.10315347,0.1101759,0.117678404,0.12208186,0.09912585,0.107304335,0.11007392,0.1123867,0.08820231,0.1060698,0.100399956,0.102047876,0.028086822,0.027165482,0.028960658,0.02854123,0.027860587,0.029001616,0.027789915,0.029158412,0.023166927,0.029879034,0.024837784,0.027264968,0.110390596,0.07022276,0.11010596,0.08861558,0.01698411,0.01717546,0.016001083,0.013844699,,0.07950053,0.07063625,0.09179378,0.08417231,0.06876117,0.072127596,0.08250223,0.078005426,0.011686161,0.018834323,0.014183368,0.01485005,0.011463352,0.022507308,0.012652406,0.014161335,0.009102069,0.024987347,0.011201069,0.014370584,0.19433522,0.10286,0.186163,0.1452894,0.05488665,0.04158917,0.0555121,0.044183098,0.21108198,0.16609658,0.2201758,0.19327508,0.19517861,0.1637138,0.20380804,0.17935717,0.15635037,0.15909246,0.16978422,0.15659322,0.073188744,0.067483045,0.07857121,0.07124259,0.0663615,0.06869478,0.07162896,0.06856865,0.050112844,0.06762142,0.057715725,0.06381442,0.15908018,0.10359023,0.15074202,0.11572348,0.051045425,0.039479695,0.04739526,0.03505944,0.1757203,0.13517743,0.18320994,0.15500142,0.13919806,0.13116337,0.15085103,0.13628773,0.06404232,0.05234855,0.066456735,0.05601521,0.05644237,0.056323856,0.058201812,0.052671064,0.041113626,0.05812072,0.045109533,0.048552163,0.18388759,0.079885446,0.17101575,0.13272987,0.04029671,0.020259859,0.036478024,0.024213972,0.20182075,0.15501592,0.20576856,0.18282595,0.18577339,0.15320148,0.1900849,0.17504682,0.14483821,0.15043919,0.15356667,0.15118684,0.05726173,0.042914383,0.058697093,0.04796613,0.05041983,0.044582956,0.052119724,0.046526667,0.036033627,0.043909464,0.03872477,0.04252418,0.17549144,0.10566987,0.16180357,0.11814556,0.053511452,0.035461694,0.048786525,0.03141184,0.20903319,0.16992718,0.2156933,0.19130814,0.16295218,0.15978,0.17230925,0.16793121,0.07823247,0.0595723,0.08221652,0.06857575,0.06835753,0.058857694,0.07227434,0.0638634,0.050530825,0.05638398,0.054227997,0.05718773,0.0,0.0057220226,0.0,0.0070097,0.0,0.0045174873
R_VMV3_ROI,Right,154,0.004433095,0.008033448,0.008336447,0.0,0.007607307,0.0,0.010000502,0.0,0.0023543187,0.0,0.0077755316,0.00756383,0.008775641,0.0,0.001830982,0.0,0.007825076,0.0,0.0075555667,0.0,0.002061827,0.0,0.008194416,0.0,0.0074529685,0.0,0.0018616545,0.107968494,0.09484197,0.110040784,0.100294895,0.022843761,0.026725145,0.021541769,0.023131818,0.08059471,0.09665364,0.08850193,0.0913782,0.08111304,0.07907312,0.087430656,0.091982,0.07396109,0.06945585,0.08301255,0.08571479,0.024286943,0.030070597,0.024377655,0.024628269,0.022360792,0.028841248,0.022625597,0.024260256,0.01902938,0.028111666,0.021147186,0.022845732,0.09218596,0.06884557,0.09742845,0.091880746,0.004795136,0.0042639277,0.0056177685,0.006736751,,0.06652745,0.08898793,0.07418197,0.08798132,0.057533216,0.090222545,0.06813055,0.0793287,0.002565845,0.0053929696,0.002243924,0.0028319005,0.0022495054,0.0044904393,0.0017387198,0.0017417698,0.002138001,0.005288008,0.0019377422,0.0010705945,0.14156401,0.09198277,0.14106326,0.10997575,0.05189689,0.03743503,0.05039557,0.03447043,0.14393981,0.13522422,0.16114677,0.14719555,0.13423115,0.120046824,0.15066056,0.1386401,0.11060514,0.106993295,0.12735261,0.11920214,0.054116514,0.05488974,0.06187064,0.055140153,0.048926644,0.04961313,0.05593163,0.05221738,0.039628893,0.04635611,0.0462862,0.04668506,0.12558538,0.091583796,0.13082986,0.10849915,0.02693722,0.025437562,0.02589512,0.025255637,0.12960774,0.124613225,0.14684418,0.15367639,0.10828971,0.12047178,0.12854622,0.13318174,0.031838898,0.030370487,0.032948587,0.033172816,0.028276471,0.029908698,0.031017486,0.03280324,0.022877859,0.030911922,0.024133068,0.029835192,0.12546618,0.0375841,0.11977778,0.084401004,0.035910316,0.019214747,0.03191319,0.021002797,0.12120194,0.12247104,0.1338519,0.13361837,0.10957203,0.11446222,0.12087018,0.12467355,0.0845552,0.10025203,0.09713528,0.104271315,0.026376111,0.03654859,0.031313304,0.03668656,0.023536008,0.035249095,0.029066201,0.03667458,0.017685575,0.03372465,0.0219811,0.03435615,0.13165487,0.080852,0.13609993,0.10074965,0.028599882,0.019653939,0.028041631,0.018501403,0.14368545,0.13477796,0.16403791,0.17030028,0.12056139,0.124861814,0.14298469,0.15011887,0.036864784,0.033260267,0.040661547,0.037060846,0.033129185,0.033432562,0.038185917,0.036424126,0.025666289,0.031611193,0.028984109,0.03160226,0.0,0.00786732,0.0,0.007955283,0.0,0.002433521
R_VVC_ROI,Right,163,0.0076416186,0.012093469,0.01208738,0.0,0.008691513,0.0,0.014187026,0.0,0.011605035,0.0,0.008208273,0.010905881,0.012821122,0.0,0.010714918,0.0,0.0077930405,0.0,0.015444459,0.0,0.011934409,0.0,0.008120923,0.0,0.01610966,0.0,0.013655882,0.1307449,0.07712481,0.12348869,0.09766984,0.046912592,0.031370673,0.04026535,0.034146253,0.09507782,0.08188986,0.10566879,0.10446105,0.088468745,0.07337395,0.09709446,0.10677876,0.07695024,0.06782985,0.08472657,0.098846935,0.030590117,0.0366119,0.028718105,0.0298477,0.028537357,0.03434989,0.027706472,0.029917447,0.023200272,0.03297403,0.02194785,0.027302716,0.12186349,0.10051338,0.13213098,0.11589017,0.018009745,0.022518313,0.022835396,0.020309582,,0.09256231,0.11016103,0.11251476,0.1325827,0.082768165,0.10698985,0.102394834,0.12463509,0.012049704,0.022802649,0.0154984025,0.019307451,0.01133229,0.020791765,0.015366391,0.018225504,0.010030842,0.019280039,0.013103615,0.015180243,0.17086084,0.08252758,0.15307781,0.10327462,0.08415111,0.036843248,0.07291197,0.042590138,0.17263739,0.1235229,0.1797369,0.15283144,0.1527381,0.10920695,0.16222782,0.14702417,0.11990928,0.09923249,0.12822376,0.12522805,0.07442154,0.07436517,0.07774467,0.06351306,0.06589657,0.066912755,0.070596755,0.05998786,0.04914097,0.059673917,0.05303566,0.052592333,0.17245775,0.11445893,0.16548942,0.13185228,0.06126415,0.034143593,0.058219377,0.04122238,0.18180457,0.16376533,0.19644614,0.19541137,0.1493428,0.14761588,0.1645112,0.16892578,0.06993233,0.06134777,0.07307405,0.06401365,0.061388895,0.057335544,0.066800214,0.060900137,0.046014145,0.05344958,0.051848046,0.05223341,0.1608094,0.05240105,0.14016543,0.08787979,0.08402462,0.028620875,0.07037836,0.041109193,0.1586634,0.11563919,0.16319063,0.14504482,0.1376691,0.09854699,0.14565776,0.13780592,0.10308934,0.088940956,0.11145314,0.11293208,0.06934851,0.06478037,0.074870646,0.07006045,0.060211286,0.06125482,0.068683,0.06637096,0.04469442,0.05571975,0.051966626,0.057830334,0.18405871,0.1061506,0.17116861,0.12778732,0.0759711,0.048403457,0.070548,0.048184086,0.20089751,0.17295036,0.2102363,0.20090432,0.15864274,0.14781938,0.17014551,0.16977625,0.09419945,0.07794709,0.09649238,0.08394314,0.080192104,0.07073706,0.085823625,0.07745664,0.058621086,0.063271634,0.06469601,0.06517191,0.0,0.0072969324,0.0,0.013667613,0.0,0.0110855345
R_a10p_ROI,Right,89,0.011862776,0.0054289103,0.0050383853,0.0,0.0071430835,0.0,0.0046764975,0.0,0.0035937778,0.0,0.008073008,0.0051091933,0.0056218514,0.0,0.0039715176,0.0,0.008575562,0.0,0.0072142053,0.0,0.0044330955,0.0,0.008612741,0.0,0.0075253174,0.0,0.003318166,0.13056907,0.074441865,0.13801834,0.13702863,0.021790886,-0.0023520465,0.016690955,0.009750476,0.063437544,0.09799691,0.07233488,0.087958366,0.06335202,0.08788613,0.07559667,0.08561229,0.06383466,0.07998709,0.07483006,0.0918446,0.004290348,0.0062106056,0.0014933298,-0.00091463065,0.0036617026,0.005394277,0.0029484117,0.00046038863,0.003267717,0.0048054527,0.0015966521,-0.000649665,0.124042496,0.11252737,0.13983954,0.14588746,0.006849813,0.008417245,0.0075346753,0.0047394536,,0.077819176,0.12621655,0.0980396,0.11841261,0.076311976,0.12640683,0.0969921,0.12699327,0.0065318355,0.00742817,0.0077858297,0.008452389,0.007074488,0.006129944,0.009240571,0.008767388,0.005945916,0.0058174855,0.0073463707,0.007951965,0.14076306,0.08800038,0.15233436,0.13933441,0.020448638,0.0010436261,0.01894498,0.009194758,0.08793296,0.10391034,0.1029252,0.11530555,0.08887131,0.097608276,0.1056208,0.11262454,0.08905884,0.091095336,0.10062134,0.11532228,0.008949776,0.013164831,0.007972531,0.009344803,0.007815221,0.013167221,0.007856263,0.01017332,0.0059272586,0.012895035,0.0059017874,0.008946382,0.13094206,0.12647428,0.14998043,0.15425605,0.01518298,0.012342326,0.018245025,0.018120416,0.103176855,0.13440679,0.12870711,0.14147463,0.10386256,0.13472164,0.1255692,0.1512005,0.012228012,0.019770768,0.016027067,0.019828675,0.0140443565,0.019779854,0.018473582,0.019906655,0.013262708,0.01977559,0.017342553,0.01921393,0.12929417,0.06735161,0.13829581,0.12295613,0.034835417,0.010886247,0.035697293,0.0232642,0.08092684,0.08604706,0.09450098,0.100330815,0.0826585,0.08552739,0.09848108,0.099616416,0.08275574,0.08099795,0.093960874,0.099492595,0.023858024,0.023019142,0.028127167,0.02755086,0.023881601,0.023246638,0.028888268,0.026844729,0.022132533,0.023587313,0.02635029,0.025762586,0.12081243,0.11461268,0.13539316,0.14181623,0.016946089,0.023327097,0.018794408,0.020594267,0.09272453,0.12480678,0.11555539,0.13112639,0.094980836,0.12273465,0.11344968,0.13737097,0.015019472,0.020626226,0.01710485,0.021723706,0.014753873,0.02196392,0.018379297,0.02247384,0.0140114045,0.023406385,0.016717128,0.022127194,0.0,0.0065564616,0.0,0.0066328836,0.0,0.002309667
R_a24_ROI,Right,61,0.014396802,0.0075696264,0.007562098,0.0,0.006725107,0.0,0.008381121,0.0,0.009172246,0.0,0.008978763,0.007963843,0.008567296,0.0,0.011928859,0.0,0.0051907892,0.0,0.011628523,0.0,0.011343465,0.0,0.006161063,0.0,0.011344985,0.0,0.01254004,0.13042274,0.14159586,0.14940625,0.1696075,0.035059035,0.0013656085,0.030726032,0.025277603,0.0625499,0.14801326,0.07795177,0.10410077,0.06290882,0.14323448,0.07627443,0.11112572,0.063722156,0.14232562,0.08123739,0.11552261,0.0021694265,0.03195959,-0.00061320694,-0.0014735421,0.0029010852,0.03094795,-0.0011490696,0.0016481287,0.0032336642,0.027602656,-0.0007543215,0.0012293177,0.1092468,0.12378604,0.1343723,0.15542601,0.01661882,0.05190626,0.024215424,0.043264475,,0.06701391,0.11774097,0.08903515,0.11903166,0.068554886,0.118288085,0.09448248,0.12580468,0.009568214,0.03680645,0.014501396,0.02426101,0.01175741,0.037014406,0.01574398,0.027332757,0.010504397,0.035137672,0.014687515,0.0295513,0.15243885,0.15969501,0.1822319,0.19089054,0.040263325,0.016047403,0.04454288,0.034509648,0.09502892,0.17497659,0.12082732,0.15305795,0.09446646,0.16644605,0.12086701,0.1522635,0.08904053,0.15956123,0.11905206,0.15443791,0.011114211,0.04016017,0.015510603,0.023969263,0.007751517,0.038301773,0.012256205,0.02592629,0.0045023635,0.035236273,0.009138375,0.023926087,0.13175453,0.13593909,0.15811719,0.17498934,0.035301123,0.057730086,0.047151625,0.06529038,0.10890444,0.15732227,0.13713647,0.16281751,0.1071316,0.15381269,0.13894069,0.16889763,0.02707171,0.052600715,0.03709139,0.047903717,0.028497012,0.05114657,0.03872074,0.0514442,0.025080975,0.049312737,0.037076954,0.05189792,0.16560304,0.16233136,0.19325112,0.19599856,0.07183271,0.04980388,0.08316899,0.07816733,0.10564389,0.1913485,0.13720128,0.1708393,0.104633026,0.18408181,0.13717724,0.16890857,0.09720594,0.17580682,0.1302221,0.16751547,0.04127878,0.06619299,0.05652262,0.06654356,0.040138755,0.066329904,0.055341743,0.07170824,0.036128845,0.06323469,0.051138815,0.071436875,0.14488548,0.1403669,0.16860032,0.1802342,0.04972113,0.06530512,0.061283868,0.07248051,0.11792222,0.17220424,0.14499202,0.17147432,0.112203985,0.16477405,0.14259788,0.17251576,0.03425938,0.048091162,0.04355487,0.04943386,0.034957018,0.047298465,0.045095786,0.053220596,0.030936677,0.046188056,0.04188729,0.054239813,0.0,0.0073304707,0.0,0.010370405,0.0,0.007418075
R_a24pr_ROI,Right,59,0.009211477,0.0025125442,0.002366821,0.0,0.00559945,0.0,0.0055268737,0.0,0.0026051307,0.0,0.006387469,0.0043032733,0.0062120357,0.0,0.003181559,0.0,0.005602885,0.0,0.0049559805,0.0,0.003397072,0.0,0.006237272,0.0,0.0049289516,0.0,0.0044223764,0.09154623,0.10225955,0.11452277,0.13313287,0.014446035,0.015952943,0.018782843,0.016628074,0.053371344,0.1420312,0.08009778,0.1248697,0.05445899,0.14809716,0.08253328,0.12051027,0.052286964,0.14491014,0.07646613,0.119604975,0.011306239,0.029572152,0.016727082,0.01846299,0.009849413,0.030870218,0.016337989,0.016947938,0.00895294,0.030848373,0.0124435965,0.01620588,0.07996759,0.09016303,0.0961773,0.105170995,0.012244616,0.025283698,0.014251694,0.017550819,,0.056183767,0.12501347,0.083903626,0.112821,0.05491183,0.12592778,0.07661619,0.10827007,0.012506962,0.034419447,0.017047532,0.02635491,0.010610588,0.036050398,0.018736104,0.02368448,0.01026604,0.037223086,0.015228187,0.021437429,0.09722254,0.11485836,0.12295436,0.13566063,0.018746946,0.02250446,0.02471528,0.019823052,0.072403334,0.13460447,0.09955367,0.13621798,0.073550016,0.14642619,0.10384317,0.13124678,0.067289695,0.14980571,0.09305179,0.12751521,0.018414175,0.026661823,0.027007254,0.028401516,0.016227636,0.026570389,0.02503669,0.02754939,0.013884152,0.02748806,0.020198233,0.024428353,0.090339616,0.09348632,0.11113873,0.11670246,0.020641802,0.037198413,0.027042577,0.029355777,0.088806055,0.14108123,0.12221632,0.13965675,0.080584146,0.14024961,0.10844036,0.13376905,0.026892459,0.045518696,0.037254926,0.047009278,0.024465775,0.046168864,0.037428644,0.044883355,0.020903273,0.045880333,0.03085111,0.04047031,0.08786153,0.086930335,0.11006987,0.11521884,0.019906031,0.01908895,0.02389802,0.024160052,0.063886195,0.108368665,0.08843773,0.1040874,0.06518584,0.11213285,0.08977165,0.10511796,0.057299957,0.112676345,0.08145958,0.099977136,0.0153425075,0.0246781,0.020655014,0.024646139,0.015257649,0.024438392,0.021878826,0.02613328,0.013638919,0.024085486,0.01931562,0.024226662,0.08895396,0.084582366,0.10887004,0.10955823,0.022873865,0.033954807,0.028397422,0.032006104,0.08858719,0.13483275,0.12084144,0.13564713,0.07800384,0.12560357,0.10677434,0.12438537,0.024956927,0.037743937,0.032750104,0.04121097,0.025165277,0.037964597,0.034093883,0.04138167,0.02074272,0.037623737,0.02792633,0.037953157,0.0,0.0072343624,0.0,0.0045756944,0.0,0.0041010887
R_a32pr_ROI,Right,179,0.0051876702,0.0011390827,0.0011718709,0.0,0.0063657695,0.0,0.000911368,0.0,-0.0012698136,0.0,0.006615595,-0.00044567793,0.0007482162,0.0,-0.0007061379,0.0,0.004247252,0.0,0.0002884017,0.0,-0.0008166996,0.0,0.0049224366,0.0,-2.2638687e-05,0.0,-0.0010298499,0.08829334,0.07886888,0.101272926,0.111439586,0.014065767,0.0150437625,0.01742907,0.022536542,0.05408018,0.084868774,0.07729798,0.085974,0.054429546,0.07999379,0.068933204,0.0916817,0.04654842,0.074550405,0.06009207,0.08726776,0.006983969,0.02346566,0.012937283,0.018471941,0.0057424563,0.021991024,0.010530115,0.018600546,0.005551181,0.019772472,0.007866023,0.01759968,0.09181742,0.11854805,0.11459601,0.12520961,0.009317302,0.02833038,0.015844302,0.018973742,,0.069378644,0.117241025,0.096735545,0.13415302,0.05943866,0.1148899,0.08653869,0.1274687,0.008196283,0.025210828,0.016538914,0.02139658,0.007709614,0.024943905,0.015448837,0.02185273,0.0077477815,0.025070898,0.013775202,0.019804474,0.10115972,0.06412871,0.11545837,0.10631867,0.021717729,0.011166724,0.02258539,0.017538754,0.07049572,0.090043284,0.09450757,0.10063204,0.071678154,0.080246806,0.09140987,0.10125286,0.06351067,0.07370445,0.0810405,0.0942143,0.010050366,0.023989879,0.013704415,0.017705465,0.011414726,0.022331163,0.015063254,0.017729132,0.010325122,0.020408686,0.013071583,0.01691403,0.09711445,0.094581306,0.12018715,0.1202701,0.01492277,0.023580609,0.02031838,0.019417591,0.090389356,0.11849917,0.12000253,0.14433847,0.08151367,0.11248849,0.10921668,0.1361022,0.013996125,0.025545731,0.022975415,0.02740979,0.015339838,0.02553216,0.023761962,0.029213477,0.013976293,0.026198754,0.020501511,0.027220476,0.09626926,0.055802032,0.10721383,0.10101994,0.023911605,0.008021392,0.02439931,0.016892824,0.061820026,0.09527946,0.08066594,0.09345257,0.059637435,0.08701093,0.077508636,0.08870261,0.053790703,0.077683955,0.06879385,0.08218163,0.0115379,0.023337208,0.02010968,0.023898417,0.011774586,0.022532115,0.01886867,0.022132423,0.011037464,0.020078663,0.016436111,0.019692183,0.098117426,0.09087166,0.11748432,0.119564794,0.015720325,0.022708995,0.020522943,0.021669628,0.087400846,0.12032326,0.11424469,0.1342946,0.08155925,0.11251413,0.10639881,0.13101487,0.016183896,0.025247728,0.025444688,0.0267422,0.016675541,0.024039432,0.025187252,0.02822908,0.01486786,0.025060445,0.020558149,0.028315939,0.0,0.004389278,0.0,0.0017378664,0.0,-0.00015735492
R_a47r_ROI,Right,77,0.010549857,0.004170258,0.004091104,0.0,0.008723633,0.0,0.010041021,0.0,0.008997607,0.0,0.008453742,0.007889166,0.009697576,0.0,0.011206253,0.0,0.0062342663,0.0,0.008704595,0.0,0.0106726745,0.0,0.0062333937,0.0,0.009436866,0.0,0.010042869,0.15891443,0.07713582,0.16441587,0.14335468,0.026398445,0.018442592,0.029412748,0.02266598,0.09148847,0.097239316,0.10536857,0.09854238,0.0946008,0.102176115,0.108728275,0.10220021,0.09392076,0.09956477,0.10568553,0.09996498,0.015358447,0.020862686,0.023208927,0.017746404,0.017436896,0.024052888,0.023458218,0.019501047,0.018747209,0.024966914,0.021616086,0.020422218,0.16272591,0.118664734,0.17371117,0.16152395,0.02361725,0.03317057,0.029613534,0.029400682,,0.10313085,0.16119412,0.12566352,0.13417454,0.10397265,0.15690981,0.12517177,0.13749672,0.018639382,0.039256178,0.026726596,0.027964296,0.019849095,0.038156938,0.02857815,0.0314894,0.01851025,0.03579307,0.02777499,0.034542926,0.15481126,0.07188135,0.1589208,0.119938925,0.043625724,0.012690727,0.044147875,0.019933539,0.09463399,0.06434679,0.10761887,0.09109558,0.10131352,0.06993273,0.11610191,0.09549174,0.10031531,0.073692575,0.115671046,0.09507429,0.022512324,0.02953595,0.030086918,0.019607691,0.025087077,0.03298217,0.033218708,0.021624254,0.02442922,0.032001648,0.03163611,0.022902036,0.16823992,0.10382819,0.17270243,0.14624953,0.031697094,0.021610186,0.035116605,0.027618676,0.14341547,0.14657673,0.15913808,0.15344656,0.14567564,0.14675793,0.1604185,0.15412162,0.029526414,0.04531732,0.037236717,0.03931013,0.032436606,0.044812,0.04165088,0.04277092,0.031964567,0.042510483,0.04052144,0.04394007,0.12523948,0.041297637,0.11987737,0.09006589,0.037870295,-0.0013575852,0.033735543,0.014225073,0.056970373,0.01460521,0.06072262,0.050915625,0.06257659,0.017999696,0.06707961,0.05512049,0.06281052,0.02478625,0.06839476,0.054259222,0.0040922198,0.011526873,0.007516928,0.007687705,0.004965701,0.011828487,0.008935837,0.007734435,0.0049933037,0.010464594,0.009503551,0.008220343,0.16137333,0.10232551,0.16117309,0.13932894,0.032273885,0.032226764,0.034863845,0.032934934,0.14247566,0.13716471,0.15358508,0.14620866,0.1441052,0.14087668,0.15479161,0.15064147,0.029084923,0.049328662,0.033476774,0.037597805,0.03206085,0.048384864,0.037225258,0.041229136,0.031130001,0.046741705,0.036249645,0.043125063,0.0,0.007566474,0.0,0.010214172,0.0,0.009813032
R_a9-46v_ROI,Right,85,0.0069213742,0.0064833295,0.006792465,0.0,0.007478654,0.0,0.00779446,0.0,0.0037314077,0.0,0.008094455,0.006902045,0.008147233,0.0,0.0055563776,0.0,0.0071143257,0.0,0.010069952,0.0,0.0044123763,0.0,0.006801327,0.0,0.010040203,0.0,0.005149358,0.12357217,0.07281841,0.12168902,0.11734495,0.0215777,0.0059485305,0.019635536,0.021390809,0.062147733,0.07386386,0.063299544,0.07949621,0.062517,0.07192028,0.06755629,0.0861767,0.06629229,0.07125394,0.06912534,0.087503485,0.0050326255,0.022175346,0.0031339112,0.009590132,0.0038611393,0.01968716,0.0020785418,0.009783996,0.003909211,0.017324753,0.001829406,0.009297975,0.14053598,0.10788239,0.14708412,0.1409987,0.010879615,0.0145533485,0.0137438085,0.015473434,,0.09523897,0.124837264,0.1099581,0.13560157,0.10011705,0.12764563,0.11486403,0.14008869,0.0075721415,0.023138229,0.010767817,0.014460539,0.007917622,0.021247985,0.009947815,0.014516307,0.00811816,0.019469604,0.009765017,0.014395768,0.14539495,0.076213844,0.14635552,0.12641154,0.034838494,0.007755596,0.031962145,0.022423115,0.09138359,0.08974581,0.099289574,0.110158294,0.0949742,0.08810728,0.10556593,0.10987123,0.095194474,0.086987786,0.103871666,0.10558547,0.0165098,0.023922812,0.017274596,0.018102193,0.014924078,0.023539882,0.015340902,0.017846016,0.014113785,0.020305194,0.013490055,0.019062808,0.14185354,0.09382933,0.146189,0.13500232,0.021212814,0.008972817,0.0199939,0.020593418,0.11878906,0.12573403,0.13137044,0.14815858,0.12046135,0.12587367,0.13362588,0.1494738,0.01693283,0.023742285,0.019135986,0.022819446,0.017584749,0.022220835,0.019575492,0.023479896,0.017305942,0.018303253,0.017992968,0.021992892,0.14134277,0.055611223,0.1378672,0.12130082,0.043957483,0.019126866,0.04219893,0.032645114,0.08125252,0.08269066,0.08923212,0.09422381,0.08545425,0.08156469,0.09621901,0.09211563,0.08382882,0.080404244,0.0928808,0.08898168,0.021867484,0.03092609,0.027044615,0.030997884,0.020374332,0.03158349,0.02634891,0.032082107,0.019152336,0.030431723,0.023363873,0.033246275,0.13080417,0.07556402,0.13089754,0.118224666,0.01892604,0.017645996,0.019324923,0.021633342,0.10831071,0.09771772,0.11891331,0.11932913,0.107515104,0.10008739,0.117653415,0.122203924,0.016361067,0.01600961,0.018119957,0.01891099,0.017080458,0.016080592,0.019484375,0.020830581,0.016990148,0.016060192,0.017659651,0.020958172,0.0,0.0029923918,0.0,0.0074446886,0.0,0.004084773
R_d23ab_ROI,Right,34,0.004364697,0.0046350374,0.0045814514,0.0,0.003543091,0.0,0.006536878,0.0,0.006665409,0.0,0.0038853167,0.0050802436,0.0061372607,0.0,0.0069197016,0.0,0.0019005524,0.0,0.0060483124,0.0,0.005438735,0.0,0.0019583006,0.0,0.0060300254,0.0,0.006348938,0.12641796,0.124966025,0.13961945,0.13876183,0.030651072,0.047500707,0.038106725,0.038287744,0.07110097,0.116452865,0.09376237,0.103119254,0.07541161,0.11868813,0.0969962,0.1059866,0.07186391,0.11514364,0.093185954,0.10743192,0.021205733,0.0425208,0.03044955,0.030092312,0.021753976,0.045278642,0.032399166,0.032567527,0.023484133,0.049689755,0.03292774,0.034366343,0.12940103,0.15361397,0.14698265,0.14325194,0.030559586,0.0719319,0.044066794,0.056646544,,0.08524937,0.14704265,0.1142158,0.123162694,0.08357596,0.14545576,0.11078512,0.13054731,0.021864014,0.059690718,0.036033522,0.048961896,0.023053836,0.06384985,0.039261222,0.05461097,0.023759633,0.064677864,0.04037289,0.057183515,0.14270039,0.094862655,0.15008628,0.12657958,0.051920187,0.051853597,0.05749846,0.049791165,0.094396695,0.10200733,0.10994111,0.11151808,0.10146416,0.09936218,0.11561909,0.10708237,0.09616857,0.09086411,0.110957086,0.1019041,0.03667164,0.062960595,0.04748662,0.04873892,0.039811715,0.063202,0.050513566,0.05163374,0.03797547,0.0646988,0.04927286,0.051998872,0.15355502,0.12834316,0.1644119,0.14547677,0.05392694,0.06654793,0.063845634,0.06105288,0.13847129,0.15354544,0.15716043,0.15355773,0.13328071,0.14693102,0.15252061,0.15410985,0.045939658,0.07642665,0.059136827,0.065824114,0.050656643,0.07875397,0.06443082,0.07122006,0.047952738,0.075962365,0.06288888,0.071479484,0.12925424,0.06432391,0.13246791,0.10860827,0.046464708,0.034490135,0.046995867,0.040577415,0.08074458,0.08234992,0.09095463,0.08866659,0.087201394,0.07716648,0.09601384,0.08705322,0.08528665,0.06883973,0.09515924,0.08459991,0.022408688,0.04890993,0.028773759,0.035888802,0.025473336,0.0464029,0.032211408,0.04019392,0.025544055,0.047591403,0.031812187,0.04008881,0.16269362,0.12551309,0.17016602,0.14922228,0.05196223,0.063114546,0.057664867,0.058497474,0.15328075,0.15032354,0.16819675,0.15704031,0.1483994,0.14104654,0.16385618,0.15719679,0.04645161,0.06364121,0.05338401,0.058965176,0.052754737,0.06386511,0.05835551,0.06377984,0.049841195,0.062118534,0.05693555,0.0645008,0.0,0.0042751157,0.0,0.005589212,0.0,0.005338848
R_d32_ROI,Right,62,0.01158865,0.0028442927,0.002739631,0.0,0.0062090824,0.0,0.0041071586,0.0,0.003701147,0.0,0.0076852897,0.0064624664,0.0048205825,0.0,0.0043344316,0.0,0.00958988,0.0,0.0074943886,0.0,0.004221861,0.0,0.0077441474,0.0,0.0066283396,0.0,0.005071669,0.12828466,0.079282574,0.13642468,0.14007878,0.027309332,0.008365348,0.025820198,0.021144276,0.064896405,0.10182788,0.077633865,0.10017707,0.06473399,0.09778603,0.07894992,0.10115432,0.06589054,0.088995405,0.075168446,0.10035491,0.004938023,0.020442858,0.004608281,0.009709328,0.0028955415,0.021977607,0.0024559828,0.010108046,0.0035416675,0.020305233,0.0017813738,0.011000559,0.13507381,0.114484526,0.15278171,0.15900765,0.011069122,0.019584283,0.01568463,0.021506464,,0.0885733,0.13969614,0.11286104,0.13371255,0.08773468,0.13239779,0.10755885,0.13340785,0.0074908007,0.015165299,0.009580864,0.013917406,0.0064596063,0.015170116,0.008591535,0.014436646,0.007958708,0.012998834,0.008619346,0.0149210375,0.14211893,0.09471799,0.15462404,0.15029216,0.034576867,0.017539851,0.035866488,0.029586256,0.08623195,0.114378355,0.10325921,0.11737945,0.0867651,0.11255896,0.10685768,0.12163064,0.086959645,0.1053022,0.10361264,0.12039876,0.015635956,0.037326645,0.019031102,0.024903163,0.012240427,0.036913678,0.017377222,0.025650946,0.012021522,0.03495938,0.014527974,0.026974896,0.13578165,0.11607965,0.15355454,0.15739687,0.024330707,0.02815327,0.02856051,0.03477362,0.10632267,0.14178336,0.13212371,0.14681503,0.105719715,0.1345997,0.12784362,0.14864203,0.01720476,0.029333178,0.022204071,0.025187884,0.016744966,0.028730754,0.02213953,0.027133306,0.017041028,0.026365098,0.021268023,0.027248323,0.1370191,0.078277946,0.14410427,0.13453868,0.045705978,0.036522135,0.048115432,0.044191554,0.0794527,0.09265061,0.09391082,0.10247493,0.08140395,0.09350464,0.09817943,0.10760255,0.07896445,0.09035395,0.09511279,0.10767231,0.028827343,0.047875974,0.036222957,0.042557873,0.026929205,0.04919666,0.03597602,0.044190407,0.026725816,0.049471874,0.033308323,0.044471487,0.124185584,0.097128674,0.13386703,0.13581097,0.027267039,0.039299395,0.032794707,0.043573778,0.096981406,0.11558947,0.114214204,0.123043284,0.09153927,0.108771846,0.1078703,0.12420882,0.019498914,0.037573453,0.025072554,0.029546112,0.019553432,0.03630149,0.025771704,0.032452524,0.018928234,0.033430267,0.023701143,0.03228044,0.0,0.0043374402,0.0,0.004726886,0.0,0.0052758083
R_i6-8_ROI,Right,97,0.014188762,0.0042380476,0.0037510134,0.0,0.014733792,0.0,0.010943323,0.0,0.007284978,0.0,0.01774625,0.00858773,0.0106944665,0.0,0.009027688,0.0,0.016704071,0.0,0.010998348,0.0,0.007324545,0.0,0.015657663,0.0,0.010220818,0.0,0.007857167,0.18256333,0.12535846,0.1867386,0.17599761,0.037057083,0.022548167,0.031989545,0.02642764,0.11659837,0.16574085,0.13245055,0.15134345,0.114940286,0.16283166,0.13100754,0.14991146,0.11235058,0.15736794,0.12815003,0.14664415,0.021738753,0.034242544,0.021235397,0.023876848,0.021307228,0.03376425,0.021264652,0.023257665,0.02023411,0.034784887,0.019196196,0.02178654,0.17026743,0.11659569,0.17605545,0.15856762,0.028945118,0.04056066,0.028737526,0.031897992,,0.12041056,0.16002932,0.14145078,0.16516651,0.114847764,0.15198673,0.13675033,0.15794337,0.026379496,0.04225093,0.030102255,0.035984565,0.025738714,0.041734498,0.029379893,0.03582707,0.02263728,0.040902782,0.027171126,0.033933792,0.19394958,0.12423103,0.20032881,0.18252993,0.047795318,0.0069777104,0.046010554,0.030473338,0.1440712,0.16814297,0.16246508,0.17759158,0.14204784,0.16227019,0.16063915,0.1728659,0.13346948,0.15452111,0.15221784,0.16654362,0.028976697,0.03685257,0.035298917,0.03684538,0.028085316,0.035090983,0.033468697,0.036236227,0.024905274,0.033234272,0.029350255,0.03451473,0.17956042,0.121052586,0.18582204,0.16655396,0.048790853,0.033037186,0.051530957,0.042343702,0.15921547,0.16891551,0.1773335,0.18519212,0.14863701,0.15874733,0.16843225,0.17903955,0.04732752,0.055554196,0.05560059,0.063195646,0.046363883,0.055084907,0.05447296,0.06120481,0.041149594,0.053499777,0.048994113,0.056111872,0.18059877,0.10103851,0.18020755,0.16071998,0.05195475,0.023083325,0.049974535,0.039692372,0.12593797,0.14640117,0.14032438,0.14883043,0.12341805,0.14290881,0.13755432,0.14450361,0.11432456,0.13588162,0.12858932,0.13853048,0.027133647,0.040937122,0.034513,0.038651865,0.025599843,0.041859116,0.034363396,0.042240225,0.023741847,0.041883286,0.030995646,0.042499248,0.17278929,0.1231263,0.1756399,0.16079511,0.045294844,0.04764711,0.049884517,0.049388707,0.15356219,0.15496275,0.16700605,0.16839266,0.14024723,0.14825664,0.15654805,0.16614103,0.04568832,0.052610494,0.053128205,0.056427613,0.04466407,0.05400759,0.05302868,0.058962837,0.03949398,0.05461971,0.047432642,0.057808444,0.0,0.014431891,0.0,0.011256295,0.0,0.007969757
R_p10p_ROI,Right,170,0.0078001902,0.004466788,0.004507959,0.0,0.009047778,0.0,0.0065039443,0.0,0.0035717555,0.0,0.010271644,0.0069959243,0.0068518445,0.0,0.004843436,0.0,0.0085682785,0.0,0.009413803,0.0,0.003721819,0.0,0.008425398,0.0,0.008291605,0.0,0.0039247884,0.14655519,0.064886786,0.1465551,0.1392019,0.02703619,0.02251776,0.027943628,0.026506618,0.07935363,0.111830354,0.08280586,0.09795258,0.08111329,0.101710424,0.08777158,0.099747665,0.08125788,0.09473338,0.0884228,0.10197656,0.008456457,0.031022495,0.011611022,0.019200131,0.009476094,0.029818747,0.012803665,0.019845897,0.01017364,0.028784765,0.012674049,0.019333437,0.15498425,0.10300434,0.1612457,0.15446855,0.019407898,0.03976613,0.026329787,0.034588758,,0.09929055,0.13269162,0.11736112,0.12968473,0.10023869,0.13089529,0.117394574,0.13520658,0.011427961,0.036230754,0.017641423,0.025120169,0.012292161,0.035283353,0.018842107,0.02599433,0.01369337,0.03372265,0.019287188,0.026463836,0.16531925,0.0751856,0.16760288,0.14706863,0.033943735,0.021178989,0.03313485,0.025573555,0.10779344,0.12163794,0.11752616,0.1269449,0.10888718,0.11672486,0.12110025,0.12821536,0.106013,0.111404255,0.11849845,0.130275,0.017006349,0.03040962,0.01961401,0.02723996,0.016279902,0.029617423,0.018494636,0.02737829,0.015261482,0.029101426,0.017932802,0.027504785,0.15705338,0.08640938,0.16139399,0.14892831,0.033757105,0.03391928,0.03727997,0.041331165,0.12562057,0.1364211,0.14122485,0.14882836,0.124407224,0.1343267,0.13961738,0.15478583,0.024917947,0.041390315,0.031024104,0.039794773,0.025420934,0.041046202,0.031915843,0.03996001,0.024963789,0.04023391,0.030922474,0.03954803,0.15773316,0.07447751,0.15429388,0.13517329,0.052198555,0.03421396,0.0519673,0.042556345,0.09955682,0.10367542,0.10902875,0.11000993,0.09962273,0.10340166,0.11032784,0.11130202,0.09622013,0.10122157,0.105142064,0.11191064,0.03353492,0.037455402,0.03934216,0.044043742,0.03366372,0.03741995,0.039836705,0.045442447,0.03253067,0.038686562,0.03924991,0.046598665,0.14485116,0.07541997,0.14211628,0.12924725,0.039965395,0.041882172,0.043967426,0.047192518,0.116055734,0.12540062,0.12608214,0.12943813,0.11156667,0.12097802,0.11987155,0.13046463,0.030420033,0.035353363,0.035276584,0.04244533,0.030586822,0.03495255,0.036154836,0.042741902,0.029453723,0.035071682,0.03449952,0.042751037,0.0,0.0052758316,0.0,0.0074943337,0.0,0.002704597
R_p24_ROI,Right,180,0.011178718,0.002963992,0.0024565833,0.0,0.005278856,0.0,0.003361411,0.0,0.004449773,0.0,0.0063360487,0.003480805,0.0033623206,0.0,0.004597941,0.0,0.0071186507,0.0,0.0043518315,0.0,0.0059066946,0.0,0.0068541085,0.0,0.005033367,0.0,0.007282581,0.111246996,0.07756683,0.12564005,0.13063465,0.018738953,-0.009867983,0.013818973,-0.00077514205,0.0566228,0.13577889,0.069457345,0.09206467,0.05875308,0.12998475,0.07598196,0.09250063,0.0597721,0.120302044,0.07257195,0.094609335,0.0021028924,0.018203197,-0.003461981,-0.0062451987,0.002482554,0.017514402,-0.0030290375,-0.007439311,0.0035617086,0.01476741,-0.00072767545,-0.0067308987,0.09478123,0.08783962,0.117633455,0.13257323,0.008354993,0.014048101,0.009673,0.015589131,,0.06169359,0.122562096,0.09163546,0.113162495,0.062418606,0.11767559,0.08619704,0.11528633,0.005136886,0.014164736,0.007244986,0.012101578,0.0055341404,0.012001267,0.007512727,0.012305505,0.006416037,0.008228565,0.00820002,0.012318876,0.12202885,0.09925881,0.14744174,0.15118666,0.020837111,-0.004089528,0.02412842,0.010617044,0.082773395,0.1659485,0.10782744,0.14201273,0.084034935,0.16055833,0.110725105,0.13971905,0.08119068,0.1514227,0.10396624,0.13729717,0.008807073,0.025902402,0.011513605,0.015679164,0.0070116716,0.027145859,0.011478783,0.016343059,0.003947496,0.023645885,0.0072976733,0.013848238,0.10390926,0.09835125,0.1276386,0.13429634,0.01854326,0.024155002,0.022185205,0.028106954,0.090322405,0.14678602,0.12164282,0.13715638,0.08674154,0.14130713,0.11521447,0.1344732,0.018557655,0.026625995,0.02275108,0.029122796,0.018812673,0.02737011,0.02428596,0.02971161,0.016243799,0.024452,0.021041172,0.027825031,0.12374333,0.10124438,0.1493774,0.1556752,0.043167435,0.016537443,0.051097546,0.04781646,0.08496541,0.16406608,0.11611321,0.14331053,0.0846604,0.16160585,0.113032706,0.1473372,0.07983721,0.15735318,0.10646332,0.14425163,0.029272947,0.041864008,0.038142536,0.046703193,0.02858514,0.042950574,0.038419213,0.04831073,0.023660313,0.041874833,0.0320771,0.044910196,0.10235882,0.10804711,0.12245589,0.13465512,0.02608365,0.03669776,0.02996491,0.037077304,0.08534413,0.14582954,0.11079967,0.13588758,0.08138544,0.14292683,0.10532613,0.13263227,0.020459158,0.025012879,0.024863439,0.02961121,0.021270977,0.025230808,0.026776463,0.031233683,0.018344067,0.023983227,0.02314052,0.030542817,0.0,0.0058975485,0.0,0.0036041015,0.0,0.0055749314
R_p24pr_ROI,Right,57,0.009298398,0.0024159735,0.002512149,0.0,0.006284136,0.0,0.0058308025,0.0,0.006349168,0.0,0.006128596,0.0037544922,0.0064478875,0.0,0.0066601424,0.0,0.007975644,0.0,0.006473627,0.0,0.006481659,0.0,0.007895987,0.0,0.006333874,0.0,0.007706482,0.15439638,0.11186889,0.16772759,0.16872407,0.02417889,0.027958872,0.027303936,0.024869429,0.098782726,0.14155708,0.12302375,0.14810058,0.09834273,0.15068053,0.12633441,0.15508902,0.0962663,0.14749102,0.11992413,0.15446258,0.023637872,0.033199966,0.028582184,0.027869018,0.02353188,0.03647812,0.030424945,0.030887319,0.023185603,0.037759546,0.028547551,0.032338727,0.13997395,0.10851449,0.14936928,0.13996528,0.027292462,0.031177104,0.029621156,0.029859647,,0.093669884,0.13983841,0.11925354,0.1387413,0.09418356,0.1388279,0.11495423,0.1353641,0.022103848,0.047871564,0.027592296,0.03763498,0.02163771,0.051228445,0.030793851,0.038566444,0.021416228,0.052063197,0.02809212,0.03793401,0.16968718,0.13326594,0.18081619,0.1737808,0.036572658,0.038322773,0.040857285,0.032782488,0.14256445,0.17256114,0.16633031,0.18419133,0.13938823,0.17560112,0.16442396,0.18230405,0.12498101,0.1705814,0.14773524,0.16991413,0.042584952,0.048538286,0.05050031,0.050927494,0.040684458,0.050411582,0.051446687,0.05170769,0.03514025,0.05062407,0.04343697,0.049749203,0.1647947,0.12948191,0.174024,0.1613902,0.046159107,0.04897937,0.051190313,0.043693606,0.16020861,0.18800771,0.18805444,0.19892322,0.14366485,0.1807439,0.16844107,0.18188578,0.05160892,0.072845764,0.06272506,0.068422854,0.050174236,0.073285446,0.06417563,0.06863637,0.041776955,0.07285382,0.053966332,0.06424045,0.14673923,0.08695852,0.15356041,0.14371154,0.02999788,0.02082707,0.030882599,0.025976334,0.120317616,0.13573433,0.14069368,0.14604482,0.11813939,0.1328037,0.13695371,0.14575599,0.10243129,0.12771119,0.12172791,0.13347965,0.028076926,0.035163723,0.034224775,0.037026227,0.028796108,0.033866484,0.03553,0.03794902,0.02465613,0.032853905,0.030566797,0.0372026,0.1651547,0.123450965,0.1723893,0.15685965,0.047774512,0.052583255,0.052445795,0.04924679,0.16856374,0.19044155,0.19486438,0.20382872,0.1457989,0.179086,0.17184816,0.1866053,0.05079088,0.06854413,0.06110851,0.06837904,0.05157713,0.068077505,0.06206019,0.06855812,0.041976802,0.066944174,0.05178973,0.06541061,0.0,0.0071479413,0.0,0.005479525,0.0,0.007287852
R_p32_ROI,Right,64,0.015438516,0.0073108305,0.006816514,0.0,0.0051954277,0.0,0.007700786,0.0,0.008237111,0.0,0.006778841,0.0057161315,0.008044694,0.0,0.0108300885,0.0,0.0047713546,0.0,0.0077690743,0.0,0.010590945,0.0,0.0046994165,0.0,0.008146274,0.0,0.012355596,0.17724845,0.15033527,0.20099258,0.20282935,0.031382162,0.015158984,0.037039787,0.0327886,0.09893839,0.15376991,0.12399493,0.14751232,0.10048897,0.15820433,0.13098271,0.15493463,0.10295754,0.154171,0.13427047,0.1624751,0.008813069,0.026421642,0.018037062,0.022533892,0.010963708,0.029906254,0.019430982,0.022212833,0.013159729,0.031869233,0.019301085,0.023266315,0.17234373,0.17381917,0.20343915,0.21037853,0.026974058,0.056931492,0.038228884,0.053758956,,0.10904969,0.1854017,0.1490895,0.18075229,0.11045339,0.1831359,0.14776357,0.1847453,0.01634759,0.043391902,0.024222517,0.03719145,0.018636195,0.0457426,0.028372977,0.041057978,0.01969895,0.04757901,0.028862685,0.04259671,0.18834504,0.1371074,0.20767595,0.18935762,0.048213363,0.035088502,0.054653365,0.04764997,0.121207684,0.14955904,0.1456206,0.16173138,0.1257607,0.1486616,0.15109845,0.1622627,0.12384486,0.14390121,0.1500773,0.16553639,0.021319292,0.049039837,0.028777149,0.039800137,0.023160301,0.05136168,0.031023828,0.04356564,0.02297727,0.05096375,0.03084777,0.045950074,0.18765493,0.17511897,0.21384364,0.2127911,0.046514153,0.06999004,0.05807068,0.06867707,0.15409246,0.19910175,0.18736254,0.20318323,0.1543114,0.19744812,0.18705964,0.20424873,0.035597626,0.06394062,0.04437049,0.05655825,0.039404925,0.0649847,0.050009087,0.061509628,0.038715813,0.064593375,0.04971094,0.06307942,0.17217068,0.09501343,0.18057002,0.15908264,0.06822227,0.039309658,0.0728357,0.064978585,0.108002655,0.12897311,0.12658915,0.13620272,0.11184276,0.12560603,0.13143711,0.13376541,0.110615835,0.121171445,0.1284139,0.13426778,0.039457977,0.05939636,0.048939317,0.060468882,0.04165116,0.061603986,0.05227512,0.062380537,0.041494906,0.061648577,0.050647683,0.06305965,0.17807938,0.1627475,0.19591096,0.1991943,0.05538801,0.08233602,0.065513834,0.078000665,0.14776398,0.19981363,0.17380376,0.19106832,0.14689744,0.19258577,0.1713181,0.19025768,0.041357834,0.07275783,0.05041863,0.06475914,0.0448552,0.071390554,0.054130778,0.06960261,0.044011105,0.069831945,0.05391569,0.0709459,0.0,0.006040409,0.0,0.00912209,0.0,0.008996719
R_p32pr_ROI,Right,60,0.013477742,0.0021126305,0.0013789022,0.0,0.011251849,0.0,0.0072741183,0.0,0.0033622305,0.0,0.0120576555,0.004156261,0.0073929913,0.0,0.0041029695,0.0,0.0137394285,0.0,0.007450737,0.0,0.0053581707,0.0,0.01462321,0.0,0.007535188,0.0,0.0072419927,0.1019805,0.083092496,0.11767179,0.115250036,0.017505096,0.013556346,0.022912296,0.02106648,0.07404859,0.108658016,0.10055352,0.11818756,0.070366666,0.110529974,0.09709966,0.12332304,0.066364236,0.10146056,0.08993007,0.109956495,0.01715602,0.02556916,0.025559217,0.03542445,0.017546844,0.02488893,0.026363894,0.035376724,0.015279509,0.025966076,0.023115339,0.032454,0.1033953,0.10163678,0.11816442,0.11577113,0.020492688,0.025612889,0.02638473,0.026630374,,0.07771854,0.11032617,0.106104836,0.12885998,0.07349667,0.10350336,0.09708773,0.112645134,0.019524205,0.03703705,0.029048719,0.040203806,0.020084055,0.035023753,0.029315358,0.038912777,0.017362466,0.033596903,0.025775041,0.034377076,0.09538382,0.07530454,0.11038349,0.10267035,0.019302469,0.009677338,0.02263569,0.015864886,0.08197754,0.09579675,0.10454039,0.11503674,0.07662718,0.095787935,0.098253496,0.11173804,0.067438,0.0912876,0.087027594,0.096955866,0.023857553,0.022748288,0.032183718,0.030932741,0.023691503,0.021071624,0.03083992,0.028632237,0.019927992,0.020127669,0.025031995,0.026233258,0.09878505,0.08988677,0.115489714,0.11066431,0.02531242,0.027799113,0.03181596,0.027002824,0.09508939,0.106361866,0.12290662,0.1344714,0.08341651,0.10325312,0.1076269,0.118165724,0.030912848,0.035885766,0.04318255,0.047997236,0.028420877,0.033790857,0.03994732,0.0446468,0.023089644,0.032754775,0.032391,0.03986388,0.08122939,0.04302939,0.0899309,0.0780292,0.01129546,0.0061049243,0.012460516,0.008904956,0.06520313,0.06736498,0.08001405,0.08171546,0.060229033,0.06856852,0.07251621,0.07468384,0.05056048,0.06873501,0.06249255,0.063813455,0.012366659,0.0070781773,0.016404873,0.013755493,0.011379311,0.0060446826,0.015722,0.013187865,0.009831023,0.0060386164,0.0124547025,0.012735932,0.088355534,0.078223355,0.100268,0.094301745,0.020479592,0.031279046,0.024859505,0.023860462,0.08724567,0.08633106,0.10686963,0.11027301,0.07296456,0.08524232,0.091276236,0.0996291,0.024244428,0.024580149,0.032158975,0.03141779,0.02169878,0.023596916,0.030005079,0.030277528,0.018018201,0.022798048,0.023874534,0.029476656,0.0,0.012289163,0.0,0.007899303,0.0,0.0061312164
R_p47r_ROI,Right,171,0.009494112,0.0060339593,0.0062810397,0.0,0.010629944,0.0,0.009105024,0.0,0.008673382,0.0,0.012226598,0.008614077,0.009127073,0.0,0.00910785,0.0,0.017144486,0.0,0.013086065,0.0,0.007760808,0.0,0.01538143,0.0,0.01138708,0.0,0.0077872737,0.1656107,0.1021683,0.16835429,0.15865935,0.03192603,0.01932807,0.03226232,0.027400281,0.10126567,0.13232212,0.11170092,0.12973426,0.097836345,0.13186464,0.11129234,0.13094816,0.09469999,0.1242836,0.10701244,0.13043627,0.020137828,0.029513657,0.022121854,0.02286485,0.01734286,0.029155124,0.02033308,0.021495625,0.0153544275,0.027882574,0.01742304,0.019930763,0.16514583,0.10971345,0.16657327,0.14364731,0.021290593,0.03164757,0.019389138,0.019968456,,0.11839172,0.14574017,0.13480403,0.14280593,0.11616326,0.14603771,0.13359392,0.14743604,0.021673158,0.03641211,0.023387996,0.02603055,0.0192385,0.035966076,0.02286126,0.026523644,0.016904458,0.03381011,0.020202024,0.025231881,0.18354274,0.09411111,0.18645646,0.15657924,0.041757,0.024991961,0.041527357,0.03423521,0.123798974,0.1309671,0.13613914,0.1456282,0.12560543,0.13523483,0.13956842,0.14839259,0.12265155,0.13121127,0.13675082,0.14792453,0.032560214,0.037459377,0.034953624,0.035687294,0.031422265,0.038298972,0.035370693,0.037124693,0.028839825,0.037849378,0.032415412,0.03753678,0.16417883,0.0947407,0.1667233,0.14058682,0.041145407,0.036266502,0.04269773,0.04162395,0.13937916,0.13750924,0.15326034,0.15691684,0.13679183,0.13951638,0.15150046,0.16161789,0.03239283,0.042223793,0.037445456,0.045880947,0.032065354,0.04340759,0.0393085,0.046311263,0.0304763,0.042835172,0.036557864,0.04426059,0.15802075,0.062139608,0.15563953,0.1279794,0.04681469,0.031821672,0.046307024,0.038049705,0.091619626,0.08766208,0.09945756,0.09319615,0.096915424,0.092278674,0.10530376,0.10010372,0.09652032,0.09531398,0.10586361,0.10601006,0.029116023,0.036151778,0.033641785,0.037274443,0.03062543,0.036706496,0.03630746,0.03885248,0.030863822,0.03776932,0.035468604,0.038870722,0.14860217,0.081333086,0.14893654,0.127123,0.043382086,0.04878909,0.047637515,0.04734659,0.11864077,0.11337972,0.12838389,0.122178085,0.11765279,0.11578525,0.12855719,0.13251269,0.03189265,0.044981066,0.036313664,0.04348157,0.033733197,0.048211757,0.039719198,0.046003345,0.033336915,0.049793158,0.038916245,0.04719145,0.0,0.006439058,0.0,0.0095628835,0.0,0.0067836363
R_p9-46v_ROI,Right,83,0.005031757,0.0044996776,0.0042093694,0.0,0.0069512282,0.0,0.008267233,0.0,0.0068714553,0.0,0.0064539,0.006318158,0.008143418,0.0,0.006931467,0.0,0.0036589506,0.0,0.009128602,0.0,0.0055437996,0.0,0.0035147157,0.0,0.009132452,0.0,0.0050132205,0.14336196,0.06642098,0.14594778,0.13394184,0.0236126,0.023123665,0.025807528,0.029928392,0.08625184,0.09063925,0.0969217,0.09452898,0.08856677,0.098431475,0.09870057,0.09952022,0.09025187,0.09638978,0.10011538,0.104340255,0.010729386,0.022797495,0.013411614,0.01479338,0.012022466,0.023848565,0.013387725,0.015216612,0.012805745,0.02637826,0.013856065,0.017239613,0.1394236,0.09344375,0.13929135,0.118401185,0.011482112,0.033879038,0.015051884,0.020092474,,0.099615455,0.13404843,0.1092834,0.11864965,0.10225459,0.13100055,0.11014641,0.12345619,0.008167832,0.024497312,0.0106060505,0.010329329,0.008887774,0.025097309,0.011726649,0.013178618,0.009622151,0.025044652,0.012608739,0.015974708,0.15353917,0.052762773,0.15068313,0.115897544,0.039074272,0.016004238,0.03729501,0.026554214,0.110864036,0.07670295,0.11853996,0.1057692,0.11408004,0.082158946,0.12202672,0.1093115,0.11006189,0.08069641,0.118029475,0.10767173,0.022411115,0.0320851,0.025311539,0.019533873,0.022991195,0.03222879,0.025903407,0.020037653,0.021783799,0.032365113,0.024606196,0.020557629,0.14825156,0.06743814,0.142524,0.11032822,0.023420196,0.01955834,0.025502697,0.022094471,0.14339447,0.12828472,0.14853184,0.14314446,0.1394958,0.12303035,0.14391506,0.14190842,0.02386061,0.03188367,0.027048022,0.026742946,0.024343522,0.029690463,0.028297652,0.028803425,0.022369709,0.027037257,0.026601017,0.029370723,0.13524266,0.036038242,0.12732767,0.09535263,0.034704216,0.01200206,0.03201806,0.0220501,0.089598365,0.04491184,0.092220314,0.07932524,0.091774955,0.053447165,0.09580192,0.082138285,0.08581839,0.05693428,0.0911281,0.08119863,0.0137746325,0.02894211,0.018227786,0.021094233,0.01320345,0.02912267,0.01860836,0.022672908,0.012404515,0.028685037,0.018088842,0.023374684,0.14664257,0.06864934,0.140036,0.107836224,0.027400212,0.02826634,0.030255802,0.027523363,0.1437447,0.11676293,0.15087223,0.13415718,0.13735417,0.11442054,0.14430332,0.13633001,0.029984226,0.037363503,0.033747606,0.033014864,0.030045606,0.03554076,0.03501868,0.03533881,0.026533514,0.03348261,0.03151825,0.03596837,0.0,0.005239598,0.0,0.0078389915,0.0,0.005983588
R_pOFC_ROI,Right,166,0.012791366,0.0044709933,0.0038280198,0.0,0.007821985,0.0,0.0057894387,0.0,0.0024609156,0.0,0.009108082,0.005469155,0.005917145,0.0,0.0033425274,0.0,0.008310542,0.0,0.0070099453,0.0,0.0040813484,0.0,0.009217109,0.0,0.0075664287,0.0,0.004764339,0.10429024,0.13259496,0.13027328,0.15864994,0.025857553,0.0334163,0.033333067,0.04244246,0.046612453,0.16424955,0.07765382,0.12014938,0.048214182,0.16635917,0.07944371,0.12722577,0.048256986,0.16161707,0.079929896,0.1317942,0.0066269706,0.04816784,0.01484758,0.035450105,0.006894849,0.046313122,0.01569377,0.037088446,0.0074765887,0.04614432,0.016804306,0.03502322,0.10056115,0.14556752,0.13277628,0.16036764,0.017540546,0.041509483,0.025435926,0.03799455,,0.07552103,0.17710386,0.1121507,0.14641109,0.07563402,0.17506957,0.112566926,0.15129144,0.012817035,0.046134412,0.021264022,0.034881227,0.014018507,0.043348417,0.022376837,0.035298795,0.014502087,0.041051168,0.022502203,0.032398988,0.10785869,0.09848144,0.13515101,0.14176257,0.017337099,0.009232638,0.01822306,0.018281007,0.060066696,0.14385831,0.087705255,0.12986648,0.06457073,0.14159988,0.09286371,0.13189891,0.06367021,0.13859057,0.09165013,0.13097298,0.0065695834,0.026503174,0.008089933,0.021585159,0.006479819,0.02143129,0.007984154,0.020609297,0.005497495,0.019025134,0.0069039245,0.017686268,0.10753559,0.13541436,0.1418364,0.15862973,0.020537568,0.034411993,0.029128782,0.037016213,0.099741906,0.19950174,0.14364019,0.17802213,0.099276364,0.19676167,0.14257553,0.17763539,0.019386727,0.050020847,0.02956029,0.045335807,0.021672236,0.049021453,0.032238398,0.045486342,0.020231552,0.045927107,0.03108751,0.042336557,0.096772425,0.06297562,0.12046635,0.11385704,0.023246853,0.010785335,0.028829668,0.023037724,0.059002236,0.09865156,0.08418823,0.101891965,0.06418234,0.098291814,0.08945865,0.10172618,0.062108457,0.09771803,0.087639086,0.100242764,0.016814154,0.029648095,0.02541357,0.03535318,0.018067405,0.025851756,0.028018579,0.03321955,0.017317934,0.023619263,0.025632191,0.030958679,0.095632255,0.114384435,0.12266319,0.13038002,0.0206014,0.028987989,0.026197499,0.030667173,0.0863171,0.15447424,0.118380666,0.13741899,0.08456691,0.1545067,0.116232134,0.13692597,0.018785032,0.037425295,0.025935171,0.037720673,0.019778393,0.03661088,0.027450744,0.03775759,0.01780309,0.035142086,0.025137234,0.035078283,0.0,0.008962449,0.0,0.0072671105,0.0,0.0036137798
R_s32_ROI,Right,165,0.0054096477,0.00069438986,0.00063369045,0.0,0.003961597,0.0,0.003917207,0.0,0.005202721,0.0,0.00446173,0.0029274793,0.0038481227,0.0,0.0056489115,0.0,0.0017082973,0.0,0.0027258869,0.0,0.00581098,0.0,0.0014582928,0.0,0.004499187,0.0,0.0061110263,0.06606618,0.056484424,0.0905863,0.10191815,0.019217378,0.0262481,0.029208187,0.03187578,0.033259753,0.074455984,0.055994503,0.08027558,0.033533163,0.07427623,0.05328425,0.079267494,0.03393145,0.07497892,0.052338917,0.08209145,0.0061024684,0.025418757,0.015780585,0.025057038,0.00588617,0.030405281,0.013730704,0.0277902,0.0070281895,0.032215413,0.014509465,0.031033395,0.065157406,0.09658476,0.09093316,0.10553877,0.012891775,0.050680712,0.023775581,0.031470682,,0.04147718,0.09034245,0.065863766,0.09615669,0.0416019,0.08878712,0.064502046,0.09988255,0.007225191,0.0360675,0.015629448,0.02298852,0.008199334,0.037895117,0.015829617,0.026029417,0.008235217,0.038248066,0.014577318,0.029819282,0.0710822,0.058081705,0.09168919,0.08983305,0.01950895,0.013870928,0.023733731,0.02057311,0.042556055,0.084766574,0.06269651,0.08646425,0.04260775,0.08213675,0.061332814,0.08121595,0.038727537,0.084351346,0.058314346,0.08333603,0.0076943557,0.023069127,0.012199463,0.01571065,0.008096063,0.02844731,0.0110362265,0.01751839,0.005721313,0.02979851,0.009100417,0.020216985,0.080071226,0.110035114,0.107722715,0.118347995,0.021830626,0.041206393,0.031060237,0.038016863,0.066642284,0.12157144,0.095664546,0.124269366,0.06454687,0.119589515,0.09488665,0.12849902,0.017881824,0.049214285,0.028148662,0.036819514,0.018249886,0.05178409,0.028069427,0.038192183,0.016254235,0.05139548,0.025577318,0.039354462,0.06917183,0.039363597,0.089044064,0.08520705,0.018071905,-0.0033748837,0.019071313,0.00965181,0.03863647,0.07252489,0.057419952,0.076183796,0.039798662,0.06896013,0.058064673,0.06939188,0.037731286,0.068110615,0.057926927,0.0678302,0.0073672775,0.009147889,0.012614026,0.013762463,0.0075152735,0.011862801,0.012068889,0.012608494,0.005476472,0.012200711,0.008431382,0.012761899,0.0827471,0.1111484,0.112527,0.12630633,0.022117296,0.041437708,0.029819153,0.03568443,0.06927337,0.13034269,0.10036152,0.12368599,0.067594424,0.12822601,0.100155726,0.12764929,0.020105552,0.048693694,0.02936058,0.04083284,0.019571282,0.050250314,0.029887388,0.039918166,0.017775165,0.047376294,0.025618318,0.03997248,0.0,0.0034528833,0.0,0.0039641876,0.0,0.0061314898
R_s6-8_ROI,Right,98,0.012341767,0.00537107,0.005101856,0.0,0.011833593,0.0,0.009186897,0.0,0.004770985,0.0,0.013553599,0.008095803,0.00914612,0.0,0.005501277,0.0,0.011352221,0.0,0.008859581,0.0,0.0035765958,0.0,0.01172062,0.0,0.0080585545,0.0,0.004026153,0.16867673,0.14261118,0.17781457,0.17638512,0.028994389,0.019865207,0.03222125,0.02836974,0.102158666,0.15785483,0.12834421,0.15035164,0.10263713,0.15413485,0.13020991,0.15475643,0.10010573,0.14498013,0.12469769,0.15149115,0.01895739,0.035302937,0.025535148,0.028006872,0.0181598,0.034418136,0.025131011,0.02812892,0.016520923,0.03261811,0.022979483,0.025236465,0.1609837,0.13442442,0.17078242,0.15717448,0.023523888,0.04144764,0.030332563,0.03704995,,0.10900016,0.15659927,0.13883549,0.16140673,0.10634023,0.15031198,0.13225818,0.15394358,0.017517157,0.04711932,0.023925513,0.03511847,0.017035153,0.045052335,0.024407346,0.03567995,0.01545492,0.0410329,0.022618398,0.03107532,0.17163743,0.13009483,0.18015265,0.16688918,0.03674611,0.019381326,0.040055573,0.030077782,0.12724008,0.14179952,0.14707567,0.15547964,0.125872,0.1359395,0.14626133,0.15677331,0.1188984,0.12714386,0.13771339,0.14822294,0.026732497,0.038731024,0.032939065,0.03640289,0.02610805,0.0377567,0.03241626,0.03660874,0.02281411,0.034136802,0.029567134,0.033588223,0.1632633,0.11750912,0.17367426,0.15488486,0.04317981,0.03431596,0.050210636,0.046014152,0.1444063,0.1477466,0.16916643,0.17197968,0.13773462,0.13920747,0.15818988,0.16423978,0.03771209,0.06036769,0.04665279,0.05476612,0.03821577,0.05842631,0.048279274,0.05534808,0.034297705,0.05268248,0.04501984,0.050872266,0.15578194,0.10777895,0.15955386,0.14774662,0.039479945,0.01973854,0.040555213,0.03357747,0.11499387,0.12167629,0.1289828,0.13472366,0.11330292,0.11871583,0.12675834,0.13294092,0.10546343,0.11329556,0.119504884,0.124975726,0.027270261,0.03309891,0.032107316,0.03607615,0.027720729,0.033293806,0.032770608,0.037188686,0.025004664,0.031509157,0.030557651,0.036087837,0.15676644,0.10616988,0.15951803,0.14208291,0.047700487,0.04186683,0.051077023,0.046115432,0.14184794,0.13392526,0.15655096,0.15503055,0.13372318,0.12795818,0.14698863,0.14961898,0.04150168,0.045646194,0.046823174,0.04970077,0.04221535,0.046269596,0.047923043,0.050635062,0.03876597,0.044990826,0.044930886,0.049539387,0.0,0.012775374,0.0,0.0080089895,0.0,0.0025683304
R_v23ab_ROI,Right,33,0.0042405548,0.005883865,0.006230887,0.0,0.0059436304,0.0,0.0083269,0.0,0.009190127,0.0,0.0061386926,0.0066025336,0.0078235855,0.0,0.009411963,0.0,0.004340132,0.0,0.0066556507,0.0,0.0074753608,0.0,0.0038471334,0.0,0.0072796796,0.0,0.009159245,0.13369508,0.09217022,0.13991028,0.12512326,0.036290586,0.03738399,0.04541659,0.047005527,0.07520372,0.09779049,0.08861155,0.10412417,0.07675049,0.093303315,0.09557554,0.115479425,0.08005466,0.09198981,0.09710611,0.11552728,0.020454269,0.04743481,0.029541265,0.040591646,0.02363993,0.050858695,0.035257928,0.042451534,0.0263453,0.054633565,0.037326425,0.043588765,0.13094334,0.09712278,0.14260983,0.124618515,0.03112802,0.057811283,0.043746743,0.05212217,,0.08464776,0.10851259,0.11121742,0.1319674,0.08876754,0.1077308,0.11084293,0.12864973,0.018791985,0.0554516,0.029197127,0.046752606,0.021657541,0.0599101,0.035312474,0.05002588,0.023898937,0.060872998,0.03759864,0.05072716,0.17638803,0.09727603,0.17877592,0.1444752,0.06471604,0.0434826,0.069403194,0.06198687,0.1345773,0.12733577,0.14999813,0.14704852,0.13461675,0.11823196,0.15125862,0.1520835,0.12689547,0.109673806,0.14279592,0.14582826,0.052909914,0.076569736,0.062361468,0.075171545,0.054770272,0.0770023,0.06570256,0.07699889,0.050373014,0.07463486,0.06111449,0.07230461,0.1684593,0.09855092,0.17210653,0.1451488,0.07100451,0.06591679,0.07690418,0.07236111,0.15823856,0.134474,0.17921172,0.17910694,0.15252659,0.12487007,0.17023154,0.17272268,0.0661124,0.09080517,0.07740553,0.08877934,0.06881047,0.09305959,0.08179325,0.09388524,0.06318306,0.090597734,0.077086836,0.09107471,0.17387165,0.09599601,0.17370392,0.14535509,0.06613597,0.04059102,0.064834476,0.056378953,0.1340287,0.14675434,0.14530873,0.14506704,0.13342224,0.13554741,0.1447439,0.14787447,0.1224142,0.12460696,0.13419409,0.13864541,0.055870432,0.06509621,0.06223204,0.069034554,0.05547335,0.06366334,0.062412675,0.07068518,0.04933974,0.06304487,0.055494446,0.06456231,0.17715706,0.09882025,0.17652398,0.14462553,0.07656263,0.07201356,0.077318266,0.069597155,0.17705332,0.14830841,0.19222525,0.18275884,0.16383009,0.13678882,0.17696251,0.17396732,0.07626468,0.083861016,0.082471505,0.087181866,0.07801565,0.083071716,0.0841642,0.08939743,0.070516415,0.0802635,0.07662962,0.08484834,0.0,0.0065505244,0.0,0.008622759,0.0,0.007870018
